PID,B,L,H,Bx,Ly,ReF,MCODE1,MCODE2,MCODE3
1,0,0,-1.02,55.47,-7.41,0,0,0,0
2,0,0,-1.02,54.5,-7.67,0,0,0,0
3,0,0,-1.02,53.53,-7.92,0,0,0,0
4,0,0,-1.02,52.57,-8.18,0,0,0,0
5,0,0,-1.02,51.6,-8.43,0,0,0,0
6,0,0,-1.02,50.63,-8.68,0,0,0,0
7,0,0,-1.02,49.66,-8.94,0,0,0,0
8,0,0,-1.02,48.7,-9.19,0,0,0,0
9,0,0,-1.02,47.73,-9.45,0,0,0,0
10,0,0,-1.02,46.76,-9.7,0,0,0,0
11,0,0,-1.02,45.79,-9.95,0,0,0,0
12,0,0,-1.02,44.83,-10.21,0,0,0,0
13,0,0,-1.02,43.86,-10.46,0,0,0,0
14,0,0,-1.02,42.89,-10.71,0,0,0,0
15,0,0,-1.02,41.93,-10.97,0,0,0,0
16,0,0,-1.02,40.96,-11.22,0,0,0,0
17,0,0,-1.02,39.99,-11.48,0,0,0,0
18,0,0,-1.02,39.02,-11.73,0,0,0,0
19,0,0,-1.02,38.06,-11.98,0,0,0,0
20,0,0,-1.02,37.09,-12.24,0,0,0,0
21,0,0,-1.02,36.12,-12.49,0,0,0,0
22,0,0,-1.02,35.15,-12.75,0,0,0,0
23,0,0,-1.02,34.19,-13,0,0,0,0
24,0,0,-1.02,33.22,-13.25,0,0,0,0
25,0,0,-1.02,32.25,-13.51,0,0,0,0
26,0,0,-1.02,31.29,-13.76,0,0,0,0
27,0,0,-1.02,30.32,-14.01,0,0,0,0
28,0,0,-1.02,29.35,-14.27,0,0,0,0
29,0,0,-1.02,28.38,-14.52,0,0,0,0
30,0,0,-1.02,27.42,-14.78,0,0,0,0
31,0,0,-1.02,26.45,-15.03,0,0,0,0
32,0,0,-1.02,25.48,-15.28,0,0,0,0
33,0,0,-1.02,24.52,-15.54,0,0,0,0
34,0,0,-1.02,23.55,-15.79,0,0,0,0
35,0,0,-1.02,22.58,-16.05,0,0,0,0
36,0,0,-1.02,21.61,-16.3,0,0,0,0
37,0,0,-1.02,20.65,-16.55,0,0,0,0
38,0,0,-1.02,19.68,-16.81,0,0,0,0
39,0,0,-1.02,18.71,-17.06,0,0,0,0
40,0,0,-1.02,17.74,-17.31,0,0,0,0
41,0,0,-1.02,16.78,-17.57,0,0,0,0
42,0,0,-1.02,15.81,-17.82,0,0,0,0
43,0,0,-1.02,14.84,-18.08,0,0,0,0
44,0,0,-1.02,13.88,-18.33,0,0,0,0
45,0,0,-1.02,12.91,-18.58,0,0,0,0
46,0,0,-1.02,11.94,-18.84,0,0,0,0
47,0,0,-1.02,10.97,-19.09,0,0,0,0
48,0,0,-1.02,10.01,-19.35,0,0,0,0
49,0,0,-1.02,9.04,-19.6,0,0,0,0
50,0,0,-1.02,8.07,-19.85,0,0,0,0
51,0,0,-1.02,7.13,-20.1,0,0,0,0
52,0,0,-1.02,-21.5,-28.89,0,0,0,0
53,0,0,-1.02,-22.48,-29.08,0,0,0,0
54,0,0,-1.02,-23.46,-29.3,0,0,0,0
55,0,0,-1.02,-24.43,-29.53,0,0,0,0
56,0,0,-1.02,-25.4,-29.77,0,0,0,0
57,0,0,-1.02,-26.37,-30.01,0,0,0,0
58,0,0,-1.02,-27.34,-30.25,0,0,0,0
59,0,0,-1.03,-28.31,-30.5,0,0,0,0
60,0,0,-1.03,-29.28,-30.74,0,0,0,0
61,0,0,-1.03,-30.25,-30.98,0,0,0,0
62,0,0,-1.03,-31.22,-31.22,0,0,0,0
63,0,0,-1.03,-32.2,-31.46,0,0,0,0
64,0,0,-1.03,-33.17,-31.69,0,0,0,0
65,0,0,-1.03,-34.14,-31.91,0,0,0,0
66,0,0,-1.03,-35.12,-32.13,0,0,0,0
67,0,0,-1.03,-36.1,-32.33,0,0,0,0
68,0,0,-1.03,-37.08,-32.53,0,0,0,0
69,0,0,-1.03,-38.06,-32.72,0,0,0,0
70,0,0,-1.03,-39.05,-32.9,0,0,0,0
71,0,0,-1.03,-40.03,-33.06,0,0,0,0
72,0,0,-1.04,-41.02,-33.21,0,0,0,0
73,0,0,-1.04,-42.01,-33.34,0,0,0,0
74,0,0,-1.04,-43.01,-33.45,0,0,0,0
75,0,0,-1.04,-44,-33.54,0,0,0,0
76,0,0,-1.04,-45,-33.6,0,0,0,0
77,0,0,-1.04,-46,-33.64,0,0,0,0
78,0,0,-1.04,-47,-33.64,0,0,0,0
79,0,0,-1.04,-48,-33.6,0,0,0,0
80,0,0,-1.04,-49,-33.52,0,0,0,0
81,0,0,-1.04,-49.99,-33.37,0,0,0,0
82,0,0,-1.04,-50.66,-33.24,0,0,0,0
83,0,0,-1.06,-51.63,-33.5,0,0,0,0
84,0,0,-1.09,-52.59,-33.75,0,0,0,0
85,0,0,-1.11,-53.56,-34.01,0,0,0,0
86,0,0,-1.13,-54.53,-34.26,0,0,0,0
87,0,0,-1.15,-55.49,-34.51,0,0,0,0
88,0,0,-1.18,-56.46,-34.77,0,0,0,0
89,0,0,-1.2,-57.43,-35.02,0,0,0,0
90,0,0,-1.22,-58.39,-35.28,0,0,0,0
91,0,0,-1.24,-59.36,-35.53,0,0,0,0
92,0,0,-1.27,-60.33,-35.79,0,0,0,0
93,0,0,-1.29,-61.3,-36.04,0,0,0,0
94,0,0,-1.31,-62.26,-36.29,0,0,0,0
95,0,0,-1.33,-63.23,-36.55,0,0,0,0
96,0,0,-1.35,-64.2,-36.8,0,0,0,0
97,0,0,-1.38,-65.16,-37.06,0,0,0,0
98,0,0,-1.4,-66.13,-37.31,0,0,0,0
99,0,0,-1.42,-67.1,-37.56,0,0,0,0
100,0,0,-1.44,-68.06,-37.82,0,0,0,0
101,0,0,-1.47,-69.03,-38.07,0,0,0,0
102,0,0,-1.49,-70,-38.33,0,0,0,0
103,0,0,-1.51,-70.96,-38.58,0,0,0,0
104,0,0,-1.53,-71.93,-38.84,0,0,0,0
105,0,0,-1.56,-72.9,-39.09,0,0,0,0
106,0,0,-1.58,-73.86,-39.34,0,0,0,0
107,0,0,-1.6,-74.83,-39.6,0,0,0,0
108,0,0,-1.62,-75.8,-39.85,0,0,0,0
109,0,0,-1.65,-76.77,-40.11,0,0,0,0
110,0,0,-1.67,-77.73,-40.36,0,0,0,0
111,0,0,-1.69,-78.7,-40.62,0,0,0,0
112,0,0,-1.71,-79.67,-40.87,0,0,0,0
113,0,0,-1.73,-80.63,-41.12,0,0,0,0
114,0,0,-1.76,-81.6,-41.38,0,0,0,0
115,0,0,-1.78,-82.57,-41.63,0,0,0,0
116,0,0,-1.8,-83.53,-41.89,0,0,0,0
117,0,0,-1.82,-84.5,-42.14,0,0,0,0
118,0,0,-1.85,-85.47,-42.4,0,0,0,0
119,0,0,-1.87,-86.43,-42.65,0,0,0,0
120,0,0,-1.89,-87.4,-42.9,0,0,0,0
121,0,0,-1.91,-88.37,-43.16,0,0,0,0
122,0,0,-1.94,-89.33,-43.41,0,0,0,0
123,0,0,-1.96,-90.3,-43.67,0,0,0,0
124,0,0,-1.98,-91.27,-43.92,0,0,0,0
125,0,0,-2,-92.23,-44.18,0,0,0,0
126,0,0,-2.02,-93.2,-44.43,0,0,0,0
127,0,0,-2.05,-94.17,-44.68,0,0,0,0
128,0,0,-2.07,-95.14,-44.94,0,0,0,0
129,0,0,-2.09,-96.1,-45.19,0,0,0,0
130,0,0,-2.11,-97.07,-45.45,0,0,0,0
131,0,0,-2.14,-98.04,-45.7,0,0,0,0
132,0,0,-2.16,-99,-45.96,0,0,0,0
133,0,0,-2.18,-99.97,-46.21,0,0,0,0
134,0,0,-2.2,-100.94,-46.46,0,0,0,0
135,0,0,-2.23,-101.9,-46.72,0,0,0,0
136,0,0,-2.25,-102.87,-46.97,0,0,0,0
137,0,0,-2.27,-103.84,-47.23,0,0,0,0
138,0,0,-2.29,-104.8,-47.48,0,0,0,0
139,0,0,-2.32,-105.77,-47.74,0,0,0,0
140,0,0,-2.34,-106.74,-47.99,0,0,0,0
141,0,0,-2.36,-107.7,-48.24,0,0,0,0
142,0,0,-2.38,-108.67,-48.5,0,0,0,0
143,0,0,-2.4,-109.64,-48.75,0,0,0,0
144,0,0,-2.43,-110.61,-49.01,0,0,0,0
145,0,0,-2.45,-111.57,-49.26,0,0,0,0
146,0,0,-2.47,-112.54,-49.52,0,0,0,0
147,0,0,-2.49,-113.51,-49.77,0,0,0,0
148,0,0,-2.52,-114.47,-50.02,0,0,0,0
149,0,0,-2.54,-115.44,-50.28,0,0,0,0
150,0,0,-2.56,-116.41,-50.53,0,0,0,0
151,0,0,-2.58,-117.37,-50.79,0,0,0,0
152,0,0,-2.61,-118.34,-51.04,0,0,0,0
153,0,0,-2.63,-119.31,-51.3,0,0,0,0
154,0,0,-2.65,-120.27,-51.55,0,0,0,0
155,0,0,-2.67,-121.24,-51.8,0,0,0,0
156,0,0,-2.69,-122.21,-52.06,0,0,0,0
157,0,0,-2.72,-123.17,-52.31,0,0,0,0
158,0,0,-2.74,-124.14,-52.57,0,0,0,0
159,0,0,-2.76,-125.11,-52.82,0,0,0,0
160,0,0,-2.78,-126.08,-53.08,0,0,0,0
161,0,0,-2.81,-127.04,-53.33,0,0,0,0
162,0,0,-2.83,-128.01,-53.58,0,0,0,0
163,0,0,-2.85,-128.98,-53.84,0,0,0,0
164,0,0,-2.87,-129.94,-54.09,0,0,0,0
165,0,0,-2.9,-130.91,-54.35,0,0,0,0
166,0,0,-2.92,-131.88,-54.6,0,0,0,0
167,0,0,-2.94,-132.84,-54.86,0,0,0,0
168,0,0,-2.96,-133.81,-55.11,0,0,0,0
169,0,0,-2.98,-134.78,-55.36,0,0,0,0
170,0,0,-3.01,-135.74,-55.62,0,0,0,0
171,0,0,-3.03,-136.71,-55.87,0,0,0,0
172,0,0,-3.05,-137.68,-56.13,0,0,0,0
173,0,0,-3.07,-138.64,-56.38,0,0,0,0
174,0,0,-3.1,-139.61,-56.64,0,0,0,0
175,0,0,-3.12,-140.58,-56.89,0,0,0,0
176,0,0,-3.14,-141.55,-57.14,0,0,0,0
177,0,0,-3.16,-142.51,-57.4,0,0,0,0
178,0,0,-3.19,-143.48,-57.65,0,0,0,0
179,0,0,-3.21,-144.45,-57.91,0,0,0,0
180,0,0,-3.23,-145.41,-58.16,0,0,0,0
181,0,0,-3.25,-146.38,-58.42,0,0,0,0
182,0,0,-3.28,-147.35,-58.67,0,0,0,0
183,0,0,-3.3,-148.31,-58.92,0,0,0,0
184,0,0,-3.32,-149.28,-59.18,0,0,0,0
185,0,0,-3.34,-150.25,-59.43,0,0,0,0
186,0,0,-3.36,-151.21,-59.69,0,0,0,0
187,0,0,-3.39,-152.18,-59.94,0,0,0,0
188,0,0,-3.41,-153.15,-60.2,0,0,0,0
189,0,0,-3.43,-154.11,-60.45,0,0,0,0
190,0,0,-3.45,-155.08,-60.7,0,0,0,0
191,0,0,-3.48,-156.05,-60.96,0,0,0,0
192,0,0,-3.5,-157.02,-61.21,0,0,0,0
193,0,0,-3.52,-157.98,-61.47,0,0,0,0
194,0,0,-3.54,-158.95,-61.72,0,0,0,0
195,0,0,-3.57,-159.92,-61.98,0,0,0,0
196,0,0,-3.59,-160.88,-62.23,0,0,0,0
197,0,0,-3.61,-161.85,-62.48,0,0,0,0
198,0,0,-3.63,-162.82,-62.74,0,0,0,0
199,0,0,-3.65,-163.78,-62.99,0,0,0,0
200,0,0,-3.68,-164.75,-63.25,0,0,0,0
201,0,0,-3.7,-165.72,-63.5,0,0,0,0
202,0,0,-3.72,-166.68,-63.76,0,0,0,0
203,0,0,-3.74,-167.65,-64.01,0,0,0,0
204,0,0,-3.77,-168.62,-64.26,0,0,0,0
205,0,0,-3.79,-169.58,-64.52,0,0,0,0
206,0,0,-3.81,-170.55,-64.77,0,0,0,0
207,0,0,-3.83,-171.52,-65.03,0,0,0,0
208,0,0,-3.86,-172.49,-65.28,0,0,0,0
209,0,0,-3.88,-173.45,-65.54,0,0,0,0
210,0,0,-3.9,-174.42,-65.79,0,0,0,0
211,0,0,-3.92,-175.39,-66.04,0,0,0,0
212,0,0,-3.95,-176.35,-66.3,0,0,0,0
213,0,0,-3.97,-177.32,-66.55,0,0,0,0
214,0,0,-3.99,-178.29,-66.81,0,0,0,0
215,0,0,-4.01,-179.25,-67.06,0,0,0,0
216,0,0,-4.03,-180.22,-67.32,0,0,0,0
217,0,0,-4.06,-181.19,-67.57,0,0,0,0
218,0,0,-4.08,-182.15,-67.82,0,0,0,0
219,0,0,-4.1,-183.12,-68.08,0,0,0,0
220,0,0,-4.12,-184.09,-68.33,0,0,0,0
221,0,0,-4.15,-185.05,-68.59,0,0,0,0
222,0,0,-4.17,-186.02,-68.84,0,0,0,0
223,0,0,-4.19,-186.99,-69.09,0,0,0,0
224,0,0,-4.21,-187.96,-69.35,0,0,0,0
225,0,0,-4.24,-188.92,-69.6,0,0,0,0
226,0,0,-4.26,-189.89,-69.86,0,0,0,0
227,0,0,-4.28,-190.86,-70.11,0,0,0,0
228,0,0,-4.3,-191.82,-70.37,0,0,0,0
229,0,0,-4.32,-192.79,-70.62,0,0,0,0
230,0,0,-4.35,-193.76,-70.87,0,0,0,0
231,0,0,-4.37,-194.72,-71.13,0,0,0,0
232,0,0,-4.39,-195.69,-71.38,0,0,0,0
233,0,0,-4.41,-196.66,-71.64,0,0,0,0
234,0,0,-4.44,-197.62,-71.89,0,0,0,0
235,0,0,-4.46,-198.59,-72.15,0,0,0,0
236,0,0,-4.48,-199.56,-72.4,0,0,0,0
237,0,0,-4.5,-200.52,-72.65,0,0,0,0
238,0,0,-4.53,-201.49,-72.91,0,0,0,0
239,0,0,-4.55,-202.46,-73.16,0,0,0,0
240,0,0,-4.57,-203.43,-73.42,0,0,0,0
241,0,0,-4.59,-204.39,-73.67,0,0,0,0
242,0,0,-4.61,-205.36,-73.93,0,0,0,0
243,0,0,-4.64,-206.33,-74.18,0,0,0,0
244,0,0,-4.66,-207.29,-74.43,0,0,0,0
245,0,0,-4.68,-208.26,-74.69,0,0,0,0
246,0,0,-4.7,-209.23,-74.94,0,0,0,0
247,0,0,-4.73,-210.19,-75.2,0,0,0,0
248,0,0,-4.75,-211.16,-75.45,0,0,0,0
249,0,0,-4.77,-212.13,-75.71,0,0,0,0
250,0,0,-4.79,-213.09,-75.96,0,0,0,0
251,0,0,-4.82,-214.06,-76.21,0,0,0,0
252,0,0,-4.84,-215.03,-76.47,0,0,0,0
253,0,0,-4.86,-215.99,-76.72,0,0,0,0
254,0,0,-4.88,-216.96,-76.98,0,0,0,0
255,0,0,-4.91,-217.93,-77.23,0,0,0,0
256,0,0,-4.93,-218.9,-77.49,0,0,0,0
257,0,0,-4.95,-219.86,-77.74,0,0,0,0
258,0,0,-4.97,-220.83,-77.99,0,0,0,0
259,0,0,-4.99,-221.8,-78.25,0,0,0,0
260,0,0,-5.02,-222.76,-78.5,0,0,0,0
261,0,0,-5.04,-223.73,-78.76,0,0,0,0
262,0,0,-5.06,-224.7,-79.01,0,0,0,0
263,0,0,-5.08,-225.66,-79.27,0,0,0,0
264,0,0,-5.11,-226.63,-79.52,0,0,0,0
265,0,0,-5.13,-227.6,-79.77,0,0,0,0
266,0,0,-5.15,-228.56,-80.03,0,0,0,0
267,0,0,-5.17,-229.53,-80.28,0,0,0,0
268,0,0,-5.2,-230.5,-80.54,0,0,0,0
269,0,0,-5.22,-231.46,-80.79,0,0,0,0
270,0,0,-5.24,-232.43,-81.05,0,0,0,0
271,0,0,-5.26,-233.4,-81.3,0,0,0,0
272,0,0,-5.28,-234.37,-81.55,0,0,0,0
273,0,0,-5.31,-235.33,-81.81,0,0,0,0
274,0,0,-5.33,-236.3,-82.06,0,0,0,0
275,0,0,-5.35,-237.27,-82.32,0,0,0,0
276,0,0,-5.37,-238.23,-82.57,0,0,0,0
277,0,0,-5.4,-239.2,-82.83,0,0,0,0
278,0,0,-5.42,-240.17,-83.08,0,0,0,0
279,0,0,-5.44,-241.13,-83.33,0,0,0,0
280,0,0,-5.46,-242.1,-83.59,0,0,0,0
281,0,0,-5.49,-243.07,-83.84,0,0,0,0
282,0,0,-5.51,-244.03,-84.1,0,0,0,0
283,0,0,-5.53,-245,-84.35,0,0,0,0
284,0,0,-5.55,-245.97,-84.61,0,0,0,0
285,0,0,-5.58,-246.93,-84.86,0,0,0,0
286,0,0,-5.6,-247.9,-85.11,0,0,0,0
287,0,0,-5.62,-248.87,-85.37,0,0,0,0
288,0,0,-5.64,-249.84,-85.62,0,0,0,0
289,0,0,-5.66,-250.8,-85.88,0,0,0,0
290,0,0,-5.69,-251.77,-86.13,0,0,0,0
291,0,0,-5.71,-252.74,-86.39,0,0,0,0
292,0,0,-5.73,-253.7,-86.64,0,0,0,0
293,0,0,-5.75,-254.67,-86.89,0,0,0,0
294,0,0,-5.78,-255.64,-87.15,0,0,0,0
295,0,0,-5.8,-256.6,-87.4,0,0,0,0
296,0,0,-5.82,-257.57,-87.66,0,0,0,0
297,0,0,-5.84,-258.54,-87.91,0,0,0,0
298,0,0,-5.87,-259.5,-88.17,0,0,0,0
299,0,0,-5.89,-260.47,-88.42,0,0,0,0
300,0,0,-5.91,-261.44,-88.67,0,0,0,0
301,0,0,-5.93,-262.4,-88.93,0,0,0,0
302,0,0,-5.95,-263.37,-89.18,0,0,0,0
303,0,0,-5.96,-263.61,-89.24,0,0,0,0
304,0,0,-5.98,-264.56,-89.56,0,0,0,0
305,0,0,-6,-265.51,-89.86,0,0,0,0
306,0,0,-6.02,-266.46,-90.16,0,0,0,0
307,0,0,-6.04,-267.42,-90.46,0,0,0,0
308,0,0,-6.06,-268.37,-90.75,0,0,0,0
309,0,0,-6.08,-269.33,-91.05,0,0,0,0
310,0,0,-6.1,-270.28,-91.34,0,0,0,0
311,0,0,-6.12,-271.24,-91.64,0,0,0,0
312,0,0,-6.14,-272.19,-91.93,0,0,0,0
313,0,0,-6.16,-273.15,-92.23,0,0,0,0
314,0,0,-6.18,-274.1,-92.52,0,0,0,0
315,0,0,-6.2,-275.06,-92.82,0,0,0,0
316,0,0,-6.22,-276.01,-93.12,0,0,0,0
317,0,0,-6.24,-276.96,-93.43,0,0,0,0
318,0,0,-6.26,-277.91,-93.73,0,0,0,0
319,0,0,-6.28,-278.86,-94.05,0,0,0,0
320,0,0,-6.31,-279.81,-94.38,0,0,0,0
321,0,0,-6.33,-280.75,-94.72,0,0,0,0
322,0,0,-6.33,-280.78,-94.73,0,0,0,0
323,0,0,-6.35,-281.74,-94.98,0,0,0,0
324,0,0,-6.38,-282.96,-95.23,0,0,0,0
325,0,0,-6.4,-283.96,-95.33,0,0,0,0
326,0,0,-6.42,-284.95,-95.45,0,0,0,0
327,0,0,-6.43,-285.94,-95.6,0,0,0,0
328,0,0,-6.45,-286.93,-95.76,0,0,0,0
329,0,0,-6.47,-287.91,-95.94,0,0,0,0
330,0,0,-6.49,-288.89,-96.13,0,0,0,0
331,0,0,-6.5,-289.87,-96.33,0,0,0,0
332,0,0,-6.52,-290.85,-96.54,0,0,0,0
333,0,0,-6.54,-291.83,-96.75,0,0,0,0
334,0,0,-6.56,-292.8,-96.98,0,0,0,0
335,0,0,-6.58,-293.77,-97.21,0,0,0,0
336,0,0,-6.59,-294.74,-97.44,0,0,0,0
337,0,0,-6.61,-295.72,-97.68,0,0,0,0
338,0,0,-6.63,-296.68,-97.93,0,0,0,0
339,0,0,-6.65,-297.65,-98.18,0,0,0,0
340,0,0,-6.67,-298.62,-98.43,0,0,0,0
341,0,0,-6.69,-299.59,-98.69,0,0,0,0
342,0,0,-6.71,-300.55,-98.95,0,0,0,0
343,0,0,-6.72,-301.52,-99.21,0,0,0,0
344,0,0,-6.74,-302.48,-99.48,0,0,0,0
345,0,0,-6.76,-303.44,-99.75,0,0,0,0
346,0,0,-6.79,-304.4,-100.02,0,0,0,0
347,0,0,-6.81,-305.36,-100.3,0,0,0,0
348,0,0,-6.83,-306.32,-100.58,0,0,0,0
349,0,0,-6.85,-307.28,-100.86,0,0,0,0
350,0,0,-6.87,-308.24,-101.14,0,0,0,0
351,0,0,-6.9,-309.2,-101.43,0,0,0,0
352,0,0,-6.93,-310.16,-101.71,0,0,0,0
353,0,0,-6.96,-311.12,-102,0,0,0,0
354,0,0,-7,-312.07,-102.28,0,0,0,0
355,0,0,-7,-312.11,-102.29,0,0,0,0
356,0,0,-1.02,7.13,-20.1,0,0,0,0
357,0,0,-1.06,6.13,-20.01,0,0,0,0
358,0,0,-1.12,5.16,-19.8,0,0,0,0
359,0,0,-1.18,4.22,-19.47,0,0,0,0
360,0,0,-1.24,3.33,-19.02,0,0,0,0
361,0,0,-1.31,2.51,-18.45,0,0,0,0
362,0,0,-1.38,1.76,-17.79,0,0,0,0
363,0,0,-1.45,1.1,-17.05,0,0,0,0
364,0,0,-1.52,0.5,-16.25,0,0,0,0
365,0,0,-1.6,-0.03,-15.4,0,0,0,0
366,0,0,-1.67,-0.5,-14.52,0,0,0,0
367,0,0,-1.74,-0.93,-13.62,0,0,0,0
368,0,0,-1.8,-1.32,-12.7,0,0,0,0
369,0,0,-1.87,-1.67,-11.77,0,0,0,0
370,0,0,-1.93,-2,-10.83,0,0,0,0
371,0,0,-2,-2.31,-9.88,0,0,0,0
372,0,0,-2.06,-2.61,-8.93,0,0,0,0
373,0,0,-2.11,-2.9,-7.97,0,0,0,0
374,0,0,-2.17,-3.19,-7.02,0,0,0,0
375,0,0,-2.17,-3.21,-6.97,0,0,0,0
376,0,0,-2.17,-3.46,-6,0,0,0,0
377,0,0,-2.17,-3.71,-5.03,0,0,0,0
378,0,0,-2.17,-3.96,-4.06,0,0,0,0
379,0,0,-2.17,-4.21,-3.1,0,0,0,0
380,0,0,-2.17,-4.47,-2.13,0,0,0,0
381,0,0,-2.17,-4.72,-1.16,0,0,0,0
382,0,0,-2.17,-4.97,-0.19,0,0,0,0
383,0,0,-2.17,-5.22,0.77,0,0,0,0
384,0,0,-2.17,-5.47,1.74,0,0,0,0
385,0,0,-2.17,-5.73,2.71,0,0,0,0
386,0,0,-2.17,-5.98,3.68,0,0,0,0
387,0,0,-2.17,-6.23,4.65,0,0,0,0
388,0,0,-2.17,-6.48,5.61,0,0,0,0
389,0,0,-2.17,-6.73,6.58,0,0,0,0
390,0,0,-2.17,-6.98,7.55,0,0,0,0
391,0,0,-2.17,-7.24,8.52,0,0,0,0
392,0,0,-2.17,-7.49,9.48,0,0,0,0
393,0,0,-2.17,-7.74,10.45,0,0,0,0
394,0,0,-2.17,-7.99,11.42,0,0,0,0
395,0,0,-2.17,-8.24,12.39,0,0,0,0
396,0,0,-2.17,-8.5,13.35,0,0,0,0
397,0,0,-2.17,-8.75,14.32,0,0,0,0
398,0,0,-2.17,-9,15.29,0,0,0,0
399,0,0,-2.17,-9.25,16.26,0,0,0,0
400,0,0,-2.17,-9.5,17.23,0,0,0,0
401,0,0,-2.17,-9.76,18.19,0,0,0,0
402,0,0,-2.17,-10.01,19.16,0,0,0,0
403,0,0,-2.17,-10.26,20.13,0,0,0,0
404,0,0,-2.17,-10.51,21.1,0,0,0,0
405,0,0,-2.17,-10.76,22.06,0,0,0,0
406,0,0,-2.17,-11.01,23.03,0,0,0,0
407,0,0,-2.17,-11.27,24,0,0,0,0
408,0,0,-2.17,-11.52,24.97,0,0,0,0
409,0,0,-2.17,-11.77,25.94,0,0,0,0
410,0,0,-2.17,-12.02,26.9,0,0,0,0
411,0,0,-2.17,-12.27,27.87,0,0,0,0
412,0,0,-2.17,-12.53,28.84,0,0,0,0
413,0,0,-2.17,-12.78,29.81,0,0,0,0
414,0,0,-2.17,-13.03,30.77,0,0,0,0
415,0,0,-2.17,-13.28,31.74,0,0,0,0
416,0,0,-2.17,-13.53,32.71,0,0,0,0
417,0,0,-2.17,-13.78,33.68,0,0,0,0
418,0,0,-2.17,-14.04,34.65,0,0,0,0
419,0,0,-2.17,-14.29,35.61,0,0,0,0
420,0,0,-2.17,-14.54,36.58,0,0,0,0
421,0,0,-2.17,-14.79,37.55,0,0,0,0
422,0,0,-2.17,-15.04,38.52,0,0,0,0
423,0,0,-2.17,-15.3,39.48,0,0,0,0
424,0,0,-2.17,-15.55,40.45,0,0,0,0
425,0,0,-2.17,-15.8,41.42,0,0,0,0
426,0,0,-2.17,-15.92,41.88,0,0,0,0
427,0,0,-1.02,7.13,-20.1,0,0,0,0
428,0,0,-1.05,6.14,-20.23,0,0,0,0
429,0,0,-1.08,5.14,-20.32,0,0,0,0
430,0,0,-1.12,4.14,-20.34,0,0,0,0
431,0,0,-1.17,3.15,-20.29,0,0,0,0
432,0,0,-1.22,2.16,-20.16,0,0,0,0
433,0,0,-1.27,1.18,-19.93,0,0,0,0
434,0,0,-1.33,0.24,-19.61,0,0,0,0
435,0,0,-1.39,-0.66,-19.18,0,0,0,0
436,0,0,-1.46,-1.5,-18.64,0,0,0,0
437,0,0,-1.53,-2.27,-18,0,0,0,0
438,0,0,-1.6,-2.96,-17.29,0,0,0,0
439,0,0,-1.66,-3.57,-16.5,0,0,0,0
440,0,0,-1.73,-4.11,-15.66,0,0,0,0
441,0,0,-1.79,-4.58,-14.78,0,0,0,0
442,0,0,-1.86,-5,-13.87,0,0,0,0
443,0,0,-1.91,-5.36,-12.94,0,0,0,0
444,0,0,-1.97,-5.68,-11.99,0,0,0,0
445,0,0,-2.02,-5.97,-11.04,0,0,0,0
446,0,0,-2.07,-6.23,-10.07,0,0,0,0
447,0,0,-2.11,-6.46,-9.1,0,0,0,0
448,0,0,-2.15,-6.68,-8.13,0,0,0,0
449,0,0,-2.17,-6.76,-7.73,0,0,0,0
450,0,0,-2.17,-7.01,-6.76,0,0,0,0
451,0,0,-2.17,-7.25,-5.79,0,0,0,0
452,0,0,-2.17,-7.49,-4.82,0,0,0,0
453,0,0,-2.17,-7.74,-3.85,0,0,0,0
454,0,0,-2.17,-7.98,-2.88,0,0,0,0
455,0,0,-2.17,-8.23,-1.91,0,0,0,0
456,0,0,-2.17,-8.47,-0.94,0,0,0,0
457,0,0,-2.17,-8.72,0.02,0,0,0,0
458,0,0,-2.17,-8.96,0.99,0,0,0,0
459,0,0,-2.17,-9.21,1.96,0,0,0,0
460,0,0,-2.17,-9.45,2.93,0,0,0,0
461,0,0,-2.17,-9.69,3.9,0,0,0,0
462,0,0,-2.17,-9.94,4.87,0,0,0,0
463,0,0,-2.17,-10.18,5.84,0,0,0,0
464,0,0,-2.17,-10.43,6.81,0,0,0,0
465,0,0,-2.17,-10.67,7.78,0,0,0,0
466,0,0,-2.17,-10.92,8.75,0,0,0,0
467,0,0,-2.17,-11.16,9.72,0,0,0,0
468,0,0,-2.17,-11.4,10.69,0,0,0,0
469,0,0,-2.17,-11.65,11.66,0,0,0,0
470,0,0,-2.17,-11.89,12.63,0,0,0,0
471,0,0,-2.17,-12.14,13.6,0,0,0,0
472,0,0,-2.17,-12.38,14.57,0,0,0,0
473,0,0,-2.17,-12.63,15.54,0,0,0,0
474,0,0,-2.17,-12.87,16.51,0,0,0,0
475,0,0,-2.17,-13.12,17.48,0,0,0,0
476,0,0,-2.17,-13.36,18.45,0,0,0,0
477,0,0,-2.17,-13.6,19.42,0,0,0,0
478,0,0,-2.17,-13.85,20.39,0,0,0,0
479,0,0,-2.17,-14.09,21.36,0,0,0,0
480,0,0,-2.17,-14.34,22.33,0,0,0,0
481,0,0,-2.17,-14.58,23.3,0,0,0,0
482,0,0,-2.17,-14.83,24.27,0,0,0,0
483,0,0,-2.17,-15.07,25.24,0,0,0,0
484,0,0,-2.17,-15.32,26.21,0,0,0,0
485,0,0,-2.17,-15.56,27.18,0,0,0,0
486,0,0,-2.17,-15.8,28.15,0,0,0,0
487,0,0,-2.17,-16.05,29.11,0,0,0,0
488,0,0,-2.17,-16.29,30.08,0,0,0,0
489,0,0,-2.17,-16.54,31.05,0,0,0,0
490,0,0,-2.17,-16.78,32.02,0,0,0,0
491,0,0,-2.17,-17.03,32.99,0,0,0,0
492,0,0,-2.17,-17.27,33.96,0,0,0,0
493,0,0,-2.17,-17.52,34.93,0,0,0,0
494,0,0,-2.17,-17.76,35.9,0,0,0,0
495,0,0,-2.17,-18,36.87,0,0,0,0
496,0,0,-2.17,-18.25,37.84,0,0,0,0
497,0,0,-2.17,-18.49,38.81,0,0,0,0
498,0,0,-2.17,-18.74,39.78,0,0,0,0
499,0,0,-2.17,-18.98,40.75,0,0,0,0
500,0,0,-2.17,-19,40.83,0,0,0,0
501,0,0,-2.17,-10.65,-6.66,0,0,0,0
502,0,0,-2.17,-10.88,-5.69,0,0,0,0
503,0,0,-2.17,-11.11,-4.71,0,0,0,0
504,0,0,-2.17,-11.35,-3.74,0,0,0,0
505,0,0,-2.17,-11.58,-2.77,0,0,0,0
506,0,0,-2.17,-11.81,-1.8,0,0,0,0
507,0,0,-2.17,-12.04,-0.82,0,0,0,0
508,0,0,-2.17,-12.28,0.15,0,0,0,0
509,0,0,-2.17,-12.51,1.12,0,0,0,0
510,0,0,-2.17,-12.74,2.09,0,0,0,0
511,0,0,-2.17,-12.97,3.07,0,0,0,0
512,0,0,-2.17,-13.2,4.04,0,0,0,0
513,0,0,-2.17,-13.44,5.01,0,0,0,0
514,0,0,-2.17,-13.67,5.98,0,0,0,0
515,0,0,-2.17,-13.9,6.96,0,0,0,0
516,0,0,-2.17,-14.13,7.93,0,0,0,0
517,0,0,-2.17,-14.37,8.9,0,0,0,0
518,0,0,-2.17,-14.6,9.88,0,0,0,0
519,0,0,-2.17,-14.83,10.85,0,0,0,0
520,0,0,-2.17,-15.06,11.82,0,0,0,0
521,0,0,-2.17,-15.3,12.79,0,0,0,0
522,0,0,-2.17,-15.53,13.77,0,0,0,0
523,0,0,-2.17,-15.76,14.74,0,0,0,0
524,0,0,-2.17,-15.99,15.71,0,0,0,0
525,0,0,-2.17,-16.22,16.68,0,0,0,0
526,0,0,-2.17,-16.46,17.66,0,0,0,0
527,0,0,-2.17,-16.69,18.63,0,0,0,0
528,0,0,-2.17,-16.92,19.6,0,0,0,0
529,0,0,-2.17,-17.15,20.57,0,0,0,0
530,0,0,-2.17,-17.39,21.55,0,0,0,0
531,0,0,-2.17,-17.62,22.52,0,0,0,0
532,0,0,-2.17,-17.85,23.49,0,0,0,0
533,0,0,-2.17,-18.08,24.46,0,0,0,0
534,0,0,-2.17,-18.31,25.44,0,0,0,0
535,0,0,-2.17,-18.55,26.41,0,0,0,0
536,0,0,-2.17,-18.78,27.38,0,0,0,0
537,0,0,-2.17,-19.01,28.36,0,0,0,0
538,0,0,-2.17,-19.24,29.33,0,0,0,0
539,0,0,-2.17,-19.48,30.3,0,0,0,0
540,0,0,-2.17,-19.71,31.27,0,0,0,0
541,0,0,-2.17,-19.94,32.25,0,0,0,0
542,0,0,-2.17,-20.17,33.22,0,0,0,0
543,0,0,-2.17,-20.4,34.19,0,0,0,0
544,0,0,-2.17,-20.64,35.16,0,0,0,0
545,0,0,-2.17,-20.87,36.14,0,0,0,0
546,0,0,-2.17,-21.1,37.11,0,0,0,0
547,0,0,-2.17,-21.33,38.08,0,0,0,0
548,0,0,-2.17,-21.57,39.05,0,0,0,0
549,0,0,-2.17,-21.78,39.95,0,0,0,0
550,0,0,-1.02,56.25,-11.62,0,0,0,0
551,0,0,-1.02,55.28,-11.89,0,0,0,0
552,0,0,-1.02,54.32,-12.15,0,0,0,0
553,0,0,-1.02,53.36,-12.42,0,0,0,0
554,0,0,-1.02,52.39,-12.68,0,0,0,0
555,0,0,-1.02,51.43,-12.94,0,0,0,0
556,0,0,-1.02,50.46,-13.21,0,0,0,0
557,0,0,-1.02,49.5,-13.47,0,0,0,0
558,0,0,-1.02,48.53,-13.74,0,0,0,0
559,0,0,-1.02,47.57,-14,0,0,0,0
560,0,0,-1.02,46.6,-14.26,0,0,0,0
561,0,0,-1.02,45.64,-14.53,0,0,0,0
562,0,0,-1.02,44.67,-14.79,0,0,0,0
563,0,0,-1.02,43.71,-15.06,0,0,0,0
564,0,0,-1.02,42.75,-15.32,0,0,0,0
565,0,0,-1.02,41.78,-15.59,0,0,0,0
566,0,0,-1.02,40.82,-15.85,0,0,0,0
567,0,0,-1.02,39.85,-16.11,0,0,0,0
568,0,0,-1.02,38.89,-16.38,0,0,0,0
569,0,0,-1.02,37.92,-16.64,0,0,0,0
570,0,0,-1.02,36.96,-16.91,0,0,0,0
571,0,0,-1.02,35.99,-17.17,0,0,0,0
572,0,0,-1.02,35.03,-17.44,0,0,0,0
573,0,0,-1.02,34.07,-17.7,0,0,0,0
574,0,0,-1.02,33.1,-17.96,0,0,0,0
575,0,0,-1.02,32.14,-18.23,0,0,0,0
576,0,0,-1.02,31.17,-18.49,0,0,0,0
577,0,0,-1.02,30.21,-18.76,0,0,0,0
578,0,0,-1.02,29.24,-19.02,0,0,0,0
579,0,0,-1.02,28.28,-19.28,0,0,0,0
580,0,0,-1.02,27.31,-19.55,0,0,0,0
581,0,0,-1.02,26.51,-19.79,0,0,0,0
582,0,0,-1.02,26.51,-19.79,0,0,0,0
583,0,0,-1.06,25.61,-20.21,0,0,0,0
584,0,0,-1.11,24.76,-20.74,0,0,0,0
585,0,0,-1.16,23.98,-21.36,0,0,0,0
586,0,0,-1.21,23.27,-22.06,0,0,0,0
587,0,0,-1.27,22.61,-22.81,0,0,0,0
588,0,0,-1.32,22.02,-23.62,0,0,0,0
589,0,0,-1.37,21.49,-24.46,0,0,0,0
590,0,0,-1.42,21.02,-25.34,0,0,0,0
591,0,0,-1.47,20.61,-26.26,0,0,0,0
592,0,0,-1.52,20.26,-27.19,0,0,0,0
593,0,0,-1.57,19.99,-28.15,0,0,0,0
594,0,0,-1.62,19.78,-29.13,0,0,0,0
595,0,0,-1.67,19.64,-30.12,0,0,0,0
596,0,0,-1.71,19.58,-31.12,0,0,0,0
597,0,0,-1.75,19.6,-32.11,0,0,0,0
598,0,0,-1.79,19.7,-33.11,0,0,0,0
599,0,0,-1.81,19.82,-33.77,0,0,0,0
600,0,0,-1.81,20.07,-34.74,0,0,0,0
601,0,0,-1.81,20.33,-35.71,0,0,0,0
602,0,0,-1.81,20.58,-36.67,0,0,0,0
603,0,0,-1.81,20.84,-37.64,0,0,0,0
604,0,0,-1.81,21.09,-38.61,0,0,0,0
605,0,0,-1.81,21.35,-39.58,0,0,0,0
606,0,0,-1.81,21.6,-40.54,0,0,0,0
607,0,0,-1.81,21.86,-41.51,0,0,0,0
608,0,0,-1.81,22.11,-42.48,0,0,0,0
609,0,0,-1.81,22.36,-43.44,0,0,0,0
610,0,0,-1.81,22.62,-44.41,0,0,0,0
611,0,0,-1.81,22.87,-45.38,0,0,0,0
612,0,0,-1.81,23.13,-46.34,0,0,0,0
613,0,0,-1.81,23.38,-47.31,0,0,0,0
614,0,0,-1.81,23.64,-48.28,0,0,0,0
615,0,0,-1.81,23.89,-49.25,0,0,0,0
616,0,0,-1.81,24.15,-50.21,0,0,0,0
617,0,0,-1.81,24.4,-51.18,0,0,0,0
618,0,0,-1.81,24.66,-52.15,0,0,0,0
619,0,0,-1.81,24.91,-53.11,0,0,0,0
620,0,0,-1.81,25.17,-54.08,0,0,0,0
621,0,0,-1.81,25.42,-55.05,0,0,0,0
622,0,0,-1.81,25.67,-56.01,0,0,0,0
623,0,0,-1.81,25.93,-56.98,0,0,0,0
624,0,0,-1.81,26.18,-57.95,0,0,0,0
625,0,0,-1.81,26.44,-58.92,0,0,0,0
626,0,0,-1.81,26.69,-59.88,0,0,0,0
627,0,0,-1.81,26.95,-60.85,0,0,0,0
628,0,0,-1.81,27.2,-61.82,0,0,0,0
629,0,0,-1.81,27.46,-62.78,0,0,0,0
630,0,0,-1.81,27.71,-63.75,0,0,0,0
631,0,0,-1.81,27.81,-64.14,0,0,0,0
632,0,0,-7,-312.98,-98.46,0,0,0,0
633,0,0,-6.98,-312.02,-98.21,0,0,0,0
634,0,0,-6.96,-311.05,-97.95,0,0,0,0
635,0,0,-6.94,-310.08,-97.7,0,0,0,0
636,0,0,-6.92,-309.12,-97.44,0,0,0,0
637,0,0,-6.9,-308.15,-97.19,0,0,0,0
638,0,0,-6.88,-307.18,-96.93,0,0,0,0
639,0,0,-6.85,-306.22,-96.68,0,0,0,0
640,0,0,-6.83,-305.25,-96.42,0,0,0,0
641,0,0,-6.81,-304.28,-96.17,0,0,0,0
642,0,0,-6.79,-303.32,-95.91,0,0,0,0
643,0,0,-6.77,-302.35,-95.66,0,0,0,0
644,0,0,-6.75,-301.38,-95.4,0,0,0,0
645,0,0,-6.73,-300.42,-95.14,0,0,0,0
646,0,0,-6.71,-299.45,-94.89,0,0,0,0
647,0,0,-6.69,-298.48,-94.63,0,0,0,0
648,0,0,-6.67,-297.52,-94.38,0,0,0,0
649,0,0,-6.65,-296.55,-94.12,0,0,0,0
650,0,0,-6.63,-295.58,-93.87,0,0,0,0
651,0,0,-6.6,-294.62,-93.61,0,0,0,0
652,0,0,-6.58,-293.65,-93.36,0,0,0,0
653,0,0,-6.56,-292.68,-93.1,0,0,0,0
654,0,0,-6.54,-291.72,-92.85,0,0,0,0
655,0,0,-6.52,-290.75,-92.59,0,0,0,0
656,0,0,-6.5,-289.78,-92.34,0,0,0,0
657,0,0,-6.48,-288.82,-92.08,0,0,0,0
658,0,0,-6.46,-287.85,-91.83,0,0,0,0
659,0,0,-6.44,-286.88,-91.57,0,0,0,0
660,0,0,-6.42,-285.92,-91.32,0,0,0,0
661,0,0,-6.4,-284.95,-91.06,0,0,0,0
662,0,0,-6.38,-283.98,-90.81,0,0,0,0
663,0,0,-6.35,-283.02,-90.55,0,0,0,0
664,0,0,-6.33,-282.05,-90.3,0,0,0,0
665,0,0,-6.31,-281.08,-90.04,0,0,0,0
666,0,0,-6.29,-280.12,-89.79,0,0,0,0
667,0,0,-6.27,-279.15,-89.53,0,0,0,0
668,0,0,-6.25,-278.18,-89.28,0,0,0,0
669,0,0,-6.23,-277.22,-89.02,0,0,0,0
670,0,0,-6.21,-276.25,-88.77,0,0,0,0
671,0,0,-6.19,-275.28,-88.51,0,0,0,0
672,0,0,-6.17,-274.32,-88.26,0,0,0,0
673,0,0,-6.15,-273.35,-88,0,0,0,0
674,0,0,-6.13,-272.38,-87.75,0,0,0,0
675,0,0,-6.1,-271.42,-87.49,0,0,0,0
676,0,0,-6.08,-270.45,-87.24,0,0,0,0
677,0,0,-6.06,-269.48,-86.98,0,0,0,0
678,0,0,-6.04,-268.52,-86.73,0,0,0,0
679,0,0,-6.02,-267.55,-86.47,0,0,0,0
680,0,0,-6,-266.58,-86.21,0,0,0,0
681,0,0,-5.98,-265.62,-85.96,0,0,0,0
682,0,0,-5.96,-264.65,-85.7,0,0,0,0
683,0,0,-5.94,-263.68,-85.45,0,0,0,0
684,0,0,-5.92,-262.72,-85.19,0,0,0,0
685,0,0,-5.9,-261.75,-84.94,0,0,0,0
686,0,0,-5.88,-260.78,-84.68,0,0,0,0
687,0,0,-5.85,-259.82,-84.43,0,0,0,0
688,0,0,-5.83,-258.85,-84.17,0,0,0,0
689,0,0,-5.81,-257.88,-83.92,0,0,0,0
690,0,0,-5.79,-256.92,-83.66,0,0,0,0
691,0,0,-5.77,-255.95,-83.41,0,0,0,0
692,0,0,-5.75,-254.98,-83.15,0,0,0,0
693,0,0,-5.73,-254.02,-82.9,0,0,0,0
694,0,0,-5.71,-253.05,-82.64,0,0,0,0
695,0,0,-5.69,-252.08,-82.39,0,0,0,0
696,0,0,-5.67,-251.12,-82.13,0,0,0,0
697,0,0,-5.65,-250.15,-81.88,0,0,0,0
698,0,0,-5.63,-249.18,-81.62,0,0,0,0
699,0,0,-5.6,-248.22,-81.37,0,0,0,0
700,0,0,-5.58,-247.25,-81.11,0,0,0,0
701,0,0,-5.56,-246.28,-80.86,0,0,0,0
702,0,0,-5.54,-245.32,-80.6,0,0,0,0
703,0,0,-5.52,-244.35,-80.35,0,0,0,0
704,0,0,-5.5,-243.38,-80.09,0,0,0,0
705,0,0,-5.48,-242.42,-79.84,0,0,0,0
706,0,0,-5.46,-241.45,-79.58,0,0,0,0
707,0,0,-5.44,-240.48,-79.33,0,0,0,0
708,0,0,-5.42,-239.52,-79.07,0,0,0,0
709,0,0,-5.4,-238.55,-78.82,0,0,0,0
710,0,0,-5.38,-237.58,-78.56,0,0,0,0
711,0,0,-5.35,-236.62,-78.31,0,0,0,0
712,0,0,-5.33,-235.65,-78.05,0,0,0,0
713,0,0,-5.31,-234.68,-77.8,0,0,0,0
714,0,0,-5.29,-233.72,-77.54,0,0,0,0
715,0,0,-5.27,-232.75,-77.28,0,0,0,0
716,0,0,-5.25,-231.78,-77.03,0,0,0,0
717,0,0,-5.23,-230.82,-76.77,0,0,0,0
718,0,0,-5.21,-229.85,-76.52,0,0,0,0
719,0,0,-5.19,-228.88,-76.26,0,0,0,0
720,0,0,-5.17,-227.92,-76.01,0,0,0,0
721,0,0,-5.15,-226.95,-75.75,0,0,0,0
722,0,0,-5.13,-225.98,-75.5,0,0,0,0
723,0,0,-5.1,-225.02,-75.24,0,0,0,0
724,0,0,-5.08,-224.05,-74.99,0,0,0,0
725,0,0,-5.06,-223.08,-74.73,0,0,0,0
726,0,0,-5.04,-222.12,-74.48,0,0,0,0
727,0,0,-5.02,-221.15,-74.22,0,0,0,0
728,0,0,-5,-220.18,-73.97,0,0,0,0
729,0,0,-4.98,-219.22,-73.71,0,0,0,0
730,0,0,-4.96,-218.25,-73.46,0,0,0,0
731,0,0,-4.94,-217.28,-73.2,0,0,0,0
732,0,0,-4.92,-216.32,-72.95,0,0,0,0
733,0,0,-4.9,-215.35,-72.69,0,0,0,0
734,0,0,-4.88,-214.38,-72.44,0,0,0,0
735,0,0,-4.86,-213.42,-72.18,0,0,0,0
736,0,0,-4.83,-212.45,-71.93,0,0,0,0
737,0,0,-4.81,-211.48,-71.67,0,0,0,0
738,0,0,-4.79,-210.52,-71.42,0,0,0,0
739,0,0,-4.77,-209.55,-71.16,0,0,0,0
740,0,0,-4.75,-208.58,-70.91,0,0,0,0
741,0,0,-4.73,-207.62,-70.65,0,0,0,0
742,0,0,-4.71,-206.65,-70.4,0,0,0,0
743,0,0,-4.69,-205.68,-70.14,0,0,0,0
744,0,0,-4.67,-204.72,-69.89,0,0,0,0
745,0,0,-4.65,-203.75,-69.63,0,0,0,0
746,0,0,-4.63,-202.78,-69.38,0,0,0,0
747,0,0,-4.61,-201.82,-69.12,0,0,0,0
748,0,0,-4.58,-200.85,-68.87,0,0,0,0
749,0,0,-4.56,-199.88,-68.61,0,0,0,0
750,0,0,-4.54,-198.92,-68.35,0,0,0,0
751,0,0,-4.52,-197.95,-68.1,0,0,0,0
752,0,0,-4.5,-196.98,-67.84,0,0,0,0
753,0,0,-4.48,-196.02,-67.59,0,0,0,0
754,0,0,-4.46,-195.05,-67.33,0,0,0,0
755,0,0,-4.44,-194.08,-67.08,0,0,0,0
756,0,0,-4.42,-193.12,-66.82,0,0,0,0
757,0,0,-4.4,-192.15,-66.57,0,0,0,0
758,0,0,-4.38,-191.18,-66.31,0,0,0,0
759,0,0,-4.36,-190.22,-66.06,0,0,0,0
760,0,0,-4.33,-189.25,-65.8,0,0,0,0
761,0,0,-4.31,-188.28,-65.55,0,0,0,0
762,0,0,-4.29,-187.32,-65.29,0,0,0,0
763,0,0,-4.27,-186.35,-65.04,0,0,0,0
764,0,0,-4.25,-185.38,-64.78,0,0,0,0
765,0,0,-4.23,-184.42,-64.53,0,0,0,0
766,0,0,-4.21,-183.45,-64.27,0,0,0,0
767,0,0,-4.19,-182.48,-64.02,0,0,0,0
768,0,0,-4.17,-181.52,-63.76,0,0,0,0
769,0,0,-4.15,-180.55,-63.51,0,0,0,0
770,0,0,-4.13,-179.58,-63.25,0,0,0,0
771,0,0,-4.11,-178.62,-63,0,0,0,0
772,0,0,-4.08,-177.65,-62.74,0,0,0,0
773,0,0,-4.06,-176.68,-62.49,0,0,0,0
774,0,0,-4.04,-175.72,-62.23,0,0,0,0
775,0,0,-4.02,-174.75,-61.98,0,0,0,0
776,0,0,-4,-173.78,-61.72,0,0,0,0
777,0,0,-3.98,-172.82,-61.47,0,0,0,0
778,0,0,-3.96,-171.85,-61.21,0,0,0,0
779,0,0,-3.94,-170.88,-60.96,0,0,0,0
780,0,0,-3.92,-169.92,-60.7,0,0,0,0
781,0,0,-3.9,-168.95,-60.45,0,0,0,0
782,0,0,-3.88,-167.98,-60.19,0,0,0,0
783,0,0,-3.86,-167.02,-59.94,0,0,0,0
784,0,0,-3.83,-166.05,-59.68,0,0,0,0
785,0,0,-3.81,-165.08,-59.43,0,0,0,0
786,0,0,-3.79,-164.12,-59.17,0,0,0,0
787,0,0,-3.77,-163.15,-58.91,0,0,0,0
788,0,0,-3.75,-162.18,-58.66,0,0,0,0
789,0,0,-3.73,-161.22,-58.4,0,0,0,0
790,0,0,-3.71,-160.25,-58.15,0,0,0,0
791,0,0,-3.69,-159.28,-57.89,0,0,0,0
792,0,0,-3.67,-158.32,-57.64,0,0,0,0
793,0,0,-3.65,-157.35,-57.38,0,0,0,0
794,0,0,-3.63,-156.38,-57.13,0,0,0,0
795,0,0,-3.61,-155.42,-56.87,0,0,0,0
796,0,0,-3.58,-154.45,-56.62,0,0,0,0
797,0,0,-3.56,-153.48,-56.36,0,0,0,0
798,0,0,-3.54,-152.52,-56.11,0,0,0,0
799,0,0,-3.52,-151.55,-55.85,0,0,0,0
800,0,0,-3.5,-150.58,-55.6,0,0,0,0
801,0,0,-3.48,-149.62,-55.34,0,0,0,0
802,0,0,-3.46,-148.65,-55.09,0,0,0,0
803,0,0,-3.44,-147.68,-54.83,0,0,0,0
804,0,0,-3.42,-146.72,-54.58,0,0,0,0
805,0,0,-3.4,-145.75,-54.32,0,0,0,0
806,0,0,-3.38,-144.78,-54.07,0,0,0,0
807,0,0,-3.36,-143.82,-53.81,0,0,0,0
808,0,0,-3.33,-142.85,-53.56,0,0,0,0
809,0,0,-3.31,-141.88,-53.3,0,0,0,0
810,0,0,-3.29,-140.92,-53.05,0,0,0,0
811,0,0,-3.27,-139.95,-52.79,0,0,0,0
812,0,0,-3.25,-138.98,-52.54,0,0,0,0
813,0,0,-3.23,-138.02,-52.28,0,0,0,0
814,0,0,-3.21,-137.05,-52.03,0,0,0,0
815,0,0,-3.19,-136.08,-51.77,0,0,0,0
816,0,0,-3.17,-135.12,-51.52,0,0,0,0
817,0,0,-3.15,-134.15,-51.26,0,0,0,0
818,0,0,-3.13,-133.18,-51.01,0,0,0,0
819,0,0,-3.11,-132.22,-50.75,0,0,0,0
820,0,0,-3.08,-131.25,-50.5,0,0,0,0
821,0,0,-3.06,-130.28,-50.24,0,0,0,0
822,0,0,-3.04,-129.32,-49.98,0,0,0,0
823,0,0,-3.02,-128.35,-49.73,0,0,0,0
824,0,0,-3,-127.38,-49.47,0,0,0,0
825,0,0,-2.98,-126.42,-49.22,0,0,0,0
826,0,0,-2.96,-125.45,-48.96,0,0,0,0
827,0,0,-2.94,-124.48,-48.71,0,0,0,0
828,0,0,-2.92,-123.52,-48.45,0,0,0,0
829,0,0,-2.9,-122.55,-48.2,0,0,0,0
830,0,0,-2.88,-121.58,-47.94,0,0,0,0
831,0,0,-2.86,-120.62,-47.69,0,0,0,0
832,0,0,-2.83,-119.65,-47.43,0,0,0,0
833,0,0,-2.81,-118.68,-47.18,0,0,0,0
834,0,0,-2.79,-117.72,-46.92,0,0,0,0
835,0,0,-2.77,-116.75,-46.67,0,0,0,0
836,0,0,-2.75,-115.78,-46.41,0,0,0,0
837,0,0,-2.73,-114.82,-46.16,0,0,0,0
838,0,0,-2.71,-113.85,-45.9,0,0,0,0
839,0,0,-2.69,-112.88,-45.65,0,0,0,0
840,0,0,-2.67,-111.92,-45.39,0,0,0,0
841,0,0,-2.65,-110.95,-45.14,0,0,0,0
842,0,0,-2.63,-109.98,-44.88,0,0,0,0
843,0,0,-2.61,-109.02,-44.63,0,0,0,0
844,0,0,-2.59,-108.05,-44.37,0,0,0,0
845,0,0,-2.56,-107.08,-44.12,0,0,0,0
846,0,0,-2.54,-106.12,-43.86,0,0,0,0
847,0,0,-2.52,-105.15,-43.61,0,0,0,0
848,0,0,-2.5,-104.18,-43.35,0,0,0,0
849,0,0,-2.48,-103.22,-43.1,0,0,0,0
850,0,0,-2.46,-102.25,-42.84,0,0,0,0
851,0,0,-2.44,-101.28,-42.59,0,0,0,0
852,0,0,-2.42,-100.32,-42.33,0,0,0,0
853,0,0,-2.4,-99.35,-42.08,0,0,0,0
854,0,0,-2.38,-98.38,-41.82,0,0,0,0
855,0,0,-2.36,-97.42,-41.57,0,0,0,0
856,0,0,-2.34,-96.45,-41.31,0,0,0,0
857,0,0,-2.31,-95.48,-41.05,0,0,0,0
858,0,0,-2.29,-94.52,-40.8,0,0,0,0
859,0,0,-2.27,-93.55,-40.54,0,0,0,0
860,0,0,-2.25,-92.58,-40.29,0,0,0,0
861,0,0,-2.23,-91.62,-40.03,0,0,0,0
862,0,0,-2.21,-90.65,-39.78,0,0,0,0
863,0,0,-2.19,-89.68,-39.52,0,0,0,0
864,0,0,-2.17,-88.72,-39.27,0,0,0,0
865,0,0,-2.15,-87.75,-39.01,0,0,0,0
866,0,0,-2.13,-86.78,-38.76,0,0,0,0
867,0,0,-2.11,-85.82,-38.5,0,0,0,0
868,0,0,-2.09,-84.85,-38.25,0,0,0,0
869,0,0,-2.06,-83.88,-37.99,0,0,0,0
870,0,0,-2.04,-82.92,-37.74,0,0,0,0
871,0,0,-2.02,-81.95,-37.48,0,0,0,0
872,0,0,-2,-80.98,-37.23,0,0,0,0
873,0,0,-1.98,-80.02,-36.97,0,0,0,0
874,0,0,-1.96,-79.05,-36.72,0,0,0,0
875,0,0,-1.94,-78.08,-36.46,0,0,0,0
876,0,0,-1.92,-77.12,-36.21,0,0,0,0
877,0,0,-1.9,-76.15,-35.95,0,0,0,0
878,0,0,-1.88,-75.18,-35.7,0,0,0,0
879,0,0,-1.86,-74.22,-35.44,0,0,0,0
880,0,0,-1.84,-73.25,-35.19,0,0,0,0
881,0,0,-1.81,-72.28,-34.93,0,0,0,0
882,0,0,-1.79,-71.32,-34.68,0,0,0,0
883,0,0,-1.77,-70.35,-34.42,0,0,0,0
884,0,0,-1.75,-69.38,-34.17,0,0,0,0
885,0,0,-1.73,-68.42,-33.91,0,0,0,0
886,0,0,-1.71,-67.45,-33.66,0,0,0,0
887,0,0,-1.69,-66.48,-33.4,0,0,0,0
888,0,0,-1.67,-65.52,-33.15,0,0,0,0
889,0,0,-1.65,-64.55,-32.89,0,0,0,0
890,0,0,-1.63,-63.58,-32.64,0,0,0,0
891,0,0,-1.61,-62.61,-32.38,0,0,0,0
892,0,0,-1.59,-61.65,-32.12,0,0,0,0
893,0,0,-1.56,-60.68,-31.87,0,0,0,0
894,0,0,-1.54,-59.71,-31.61,0,0,0,0
895,0,0,-1.52,-58.75,-31.36,0,0,0,0
896,0,0,-1.5,-57.78,-31.1,0,0,0,0
897,0,0,-1.48,-56.81,-30.85,0,0,0,0
898,0,0,-1.46,-55.85,-30.59,0,0,0,0
899,0,0,-1.44,-54.88,-30.34,0,0,0,0
900,0,0,-1.42,-53.91,-30.08,0,0,0,0
901,0,0,-1.4,-52.95,-29.83,0,0,0,0
902,0,0,-1.38,-51.98,-29.57,0,0,0,0
903,0,0,-1.36,-51.01,-29.32,0,0,0,0
904,0,0,-1.34,-50.05,-29.06,0,0,0,0
905,0,0,-1.31,-49.08,-28.81,0,0,0,0
906,0,0,-1.29,-48.11,-28.55,0,0,0,0
907,0,0,-1.27,-47.15,-28.3,0,0,0,0
908,0,0,-1.25,-46.18,-28.04,0,0,0,0
909,0,0,-1.23,-45.21,-27.79,0,0,0,0
910,0,0,-1.21,-44.25,-27.53,0,0,0,0
911,0,0,-1.19,-43.28,-27.28,0,0,0,0
912,0,0,-1.17,-42.31,-27.02,0,0,0,0
913,0,0,-1.15,-41.35,-26.77,0,0,0,0
914,0,0,-1.13,-40.38,-26.51,0,0,0,0
915,0,0,-1.11,-39.41,-26.26,0,0,0,0
916,0,0,-1.09,-38.45,-26,0,0,0,0
917,0,0,-1.06,-37.48,-25.75,0,0,0,0
918,0,0,-1.04,-36.51,-25.49,0,0,0,0
919,0,0,-1.02,-35.55,-25.24,0,0,0,0
920,0,0,-1,-34.58,-24.98,0,0,0,0
921,0,0,-1,-34.47,-24.95,0,0,0,0
922,0,0,-1,-34.47,-24.95,0,0,0,0
923,0,0,-1.02,-33.5,-24.71,0,0,0,0
924,0,0,-1.05,-32.54,-24.45,0,0,0,0
925,0,0,-1.07,-31.57,-24.19,0,0,0,0
926,0,0,-1.1,-30.61,-23.92,0,0,0,0
927,0,0,-1.13,-29.65,-23.63,0,0,0,0
928,0,0,-1.16,-28.7,-23.33,0,0,0,0
929,0,0,-1.19,-27.75,-23.02,0,0,0,0
930,0,0,-1.22,-26.81,-22.69,0,0,0,0
931,0,0,-1.25,-25.87,-22.35,0,0,0,0
932,0,0,-1.29,-24.94,-21.99,0,0,0,0
933,0,0,-1.32,-24.01,-21.61,0,0,0,0
934,0,0,-1.36,-23.09,-21.21,0,0,0,0
935,0,0,-1.4,-22.19,-20.79,0,0,0,0
936,0,0,-1.43,-21.29,-20.35,0,0,0,0
937,0,0,-1.47,-20.4,-19.89,0,0,0,0
938,0,0,-1.51,-19.53,-19.4,0,0,0,0
939,0,0,-1.55,-18.68,-18.88,0,0,0,0
940,0,0,-1.59,-17.84,-18.34,0,0,0,0
941,0,0,-1.64,-17.03,-17.76,0,0,0,0
942,0,0,-1.68,-16.24,-17.14,0,0,0,0
943,0,0,-1.72,-15.48,-16.49,0,0,0,0
944,0,0,-1.77,-14.76,-15.81,0,0,0,0
945,0,0,-1.81,-14.07,-15.08,0,0,0,0
946,0,0,-1.85,-13.43,-14.31,0,0,0,0
947,0,0,-1.9,-12.84,-13.5,0,0,0,0
948,0,0,-1.94,-12.32,-12.65,0,0,0,0
949,0,0,-1.98,-11.85,-11.77,0,0,0,0
950,0,0,-2.02,-11.46,-10.85,0,0,0,0
951,0,0,-2.06,-11.15,-9.9,0,0,0,0
952,0,0,-2.1,-10.91,-8.93,0,0,0,0
953,0,0,-2.13,-10.75,-7.94,0,0,0,0
954,0,0,-2.16,-10.66,-6.95,0,0,0,0
955,0,0,-2.17,-10.65,-6.66,0,0,0,0
956,0,0,-1,-34.47,-24.95,0,0,0,0
957,0,0,-1,-33.5,-24.73,0,0,0,0
958,0,0,-1,-32.53,-24.5,0,0,0,0
959,0,0,-1,-31.55,-24.27,0,0,0,0
960,0,0,-1,-30.58,-24.03,0,0,0,0
961,0,0,-1,-29.61,-23.8,0,0,0,0
962,0,0,-1,-28.64,-23.56,0,0,0,0
963,0,0,-1,-27.67,-23.32,0,0,0,0
964,0,0,-1,-26.69,-23.08,0,0,0,0
965,0,0,-1,-25.72,-22.84,0,0,0,0
966,0,0,-1,-24.75,-22.6,0,0,0,0
967,0,0,-1,-23.78,-22.36,0,0,0,0
968,0,0,-1,-22.81,-22.11,0,0,0,0
969,0,0,-1,-21.84,-21.87,0,0,0,0
970,0,0,-1,-20.87,-21.62,0,0,0,0
971,0,0,-1,-19.91,-21.38,0,0,0,0
972,0,0,-1,-18.94,-21.13,0,0,0,0
973,0,0,-1,-17.97,-20.88,0,0,0,0
974,0,0,-1,-17,-20.63,0,0,0,0
975,0,0,-1,-16.03,-20.38,0,0,0,0
976,0,0,-1,-15.06,-20.13,0,0,0,0
977,0,0,-1,-14.1,-19.88,0,0,0,0
978,0,0,-1,-13.13,-19.63,0,0,0,0
979,0,0,-1,-12.16,-19.37,0,0,0,0
980,0,0,-1.01,-11.19,-19.12,0,0,0,0
981,0,0,-1.01,-10.23,-18.87,0,0,0,0
982,0,0,-1.01,-9.26,-18.61,0,0,0,0
983,0,0,-1.01,-8.29,-18.36,0,0,0,0
984,0,0,-1.01,-7.32,-18.1,0,0,0,0
985,0,0,-1.01,-6.36,-17.85,0,0,0,0
986,0,0,-1.01,-5.39,-17.59,0,0,0,0
987,0,0,-1.01,-4.42,-17.33,0,0,0,0
988,0,0,-1.01,-3.46,-17.08,0,0,0,0
989,0,0,-1.01,-2.49,-16.82,0,0,0,0
990,0,0,-1.01,-1.53,-16.56,0,0,0,0
991,0,0,-1.01,-0.56,-16.3,0,0,0,0
992,0,0,-1.01,0.41,-16.05,0,0,0,0
993,0,0,-1.01,1.37,-15.79,0,0,0,0
994,0,0,-1.01,2.34,-15.53,0,0,0,0
995,0,0,-1.01,3.3,-15.27,0,0,0,0
996,0,0,-1.01,4.27,-15.01,0,0,0,0
997,0,0,-1.01,5.23,-14.75,0,0,0,0
998,0,0,-1.01,6.2,-14.49,0,0,0,0
999,0,0,-1.01,7.17,-14.22,0,0,0,0
1000,0,0,-1.01,8.13,-13.96,0,0,0,0
1001,0,0,-1.01,9.1,-13.7,0,0,0,0
1002,0,0,-1.01,10.06,-13.44,0,0,0,0
1003,0,0,-1.01,11.03,-13.18,0,0,0,0
1004,0,0,-1.01,11.99,-12.91,0,0,0,0
1005,0,0,-1.01,12.96,-12.65,0,0,0,0
1006,0,0,-1.01,13.92,-12.39,0,0,0,0
1007,0,0,-1.01,14.88,-12.12,0,0,0,0
1008,0,0,-1.01,15.85,-11.86,0,0,0,0
1009,0,0,-1.01,16.81,-11.6,0,0,0,0
1010,0,0,-1.01,17.78,-11.33,0,0,0,0
1011,0,0,-1.01,18.74,-11.07,0,0,0,0
1012,0,0,-1.01,19.71,-10.8,0,0,0,0
1013,0,0,-1.01,20.67,-10.54,0,0,0,0
1014,0,0,-1.01,21.64,-10.27,0,0,0,0
1015,0,0,-1.01,22.6,-10.01,0,0,0,0
1016,0,0,-1.01,23.56,-9.74,0,0,0,0
1017,0,0,-1.01,24.53,-9.48,0,0,0,0
1018,0,0,-1.01,25.49,-9.21,0,0,0,0
1019,0,0,-1.01,26.46,-8.95,0,0,0,0
1020,0,0,-1.01,27.42,-8.68,0,0,0,0
1021,0,0,-1.01,28.38,-8.41,0,0,0,0
1022,0,0,-1.01,29.35,-8.15,0,0,0,0
1023,0,0,-1.01,30.31,-7.88,0,0,0,0
1024,0,0,-1.01,31.28,-7.61,0,0,0,0
1025,0,0,-1.01,32.24,-7.35,0,0,0,0
1026,0,0,-1.02,33.2,-7.08,0,0,0,0
1027,0,0,-1.02,34.17,-6.81,0,0,0,0
1028,0,0,-1.02,35.13,-6.54,0,0,0,0
1029,0,0,-1.02,36.09,-6.28,0,0,0,0
1030,0,0,-1.02,37.06,-6.01,0,0,0,0
1031,0,0,-1.02,38.02,-5.74,0,0,0,0
1032,0,0,-1.02,38.98,-5.47,0,0,0,0
1033,0,0,-1.02,39.95,-5.21,0,0,0,0
1034,0,0,-1.02,40.91,-4.94,0,0,0,0
1035,0,0,-1.02,41.87,-4.67,0,0,0,0
1036,0,0,-1.02,42.84,-4.4,0,0,0,0
1037,0,0,-1.02,43.8,-4.13,0,0,0,0
1038,0,0,-1.02,44.76,-3.86,0,0,0,0
1039,0,0,-1.02,45.73,-3.59,0,0,0,0
1040,0,0,-1.02,46.69,-3.32,0,0,0,0
1041,0,0,-1.02,47.65,-3.05,0,0,0,0
1042,0,0,-1.02,48.62,-2.79,0,0,0,0
1043,0,0,-1.02,49.58,-2.52,0,0,0,0
1044,0,0,-1.02,50.54,-2.25,0,0,0,0
1045,0,0,-1.02,51.5,-1.98,0,0,0,0
1046,0,0,-1.02,52.47,-1.71,0,0,0,0
1047,0,0,-1.02,53.43,-1.44,0,0,0,0
1048,0,0,-1.02,54.39,-1.17,0,0,0,0
1049,0,0,-1.02,55.35,-0.9,0,0,0,0
1050,0,0,-1.81,9.57,-66.76,0,0,0,0
1051,0,0,-1.81,9.29,-65.8,0,0,0,0
1052,0,0,-1.82,9.01,-64.85,0,0,0,0
1053,0,0,-1.82,8.72,-63.89,0,0,0,0
1054,0,0,-1.83,8.44,-62.93,0,0,0,0
1055,0,0,-1.83,8.16,-61.97,0,0,0,0
1056,0,0,-1.83,7.88,-61.01,0,0,0,0
1057,0,0,-1.84,7.59,-60.05,0,0,0,0
1058,0,0,-1.84,7.31,-59.09,0,0,0,0
1059,0,0,-1.85,7.03,-58.13,0,0,0,0
1060,0,0,-1.85,6.75,-57.17,0,0,0,0
1061,0,0,-1.85,6.46,-56.21,0,0,0,0
1062,0,0,-1.86,6.18,-55.25,0,0,0,0
1063,0,0,-1.86,5.9,-54.29,0,0,0,0
1064,0,0,-1.86,5.62,-53.33,0,0,0,0
1065,0,0,-1.87,5.33,-52.37,0,0,0,0
1066,0,0,-1.87,5.05,-51.42,0,0,0,0
1067,0,0,-1.87,4.77,-50.46,0,0,0,0
1068,0,0,-1.88,4.49,-49.5,0,0,0,0
1069,0,0,-1.88,4.21,-48.54,0,0,0,0
1070,0,0,-1.89,3.93,-47.58,0,0,0,0
1071,0,0,-1.89,3.65,-46.62,0,0,0,0
1072,0,0,-1.89,3.37,-45.66,0,0,0,0
1073,0,0,-1.9,3.09,-44.7,0,0,0,0
1074,0,0,-1.9,2.81,-43.74,0,0,0,0
1075,0,0,-1.9,2.53,-42.77,0,0,0,0
1076,0,0,-1.91,2.26,-41.81,0,0,0,0
1077,0,0,-1.91,1.98,-40.85,0,0,0,0
1078,0,0,-1.91,1.7,-39.89,0,0,0,0
1079,0,0,-1.92,1.43,-38.93,0,0,0,0
1080,0,0,-1.92,1.15,-37.97,0,0,0,0
1081,0,0,-1.93,0.88,-37.01,0,0,0,0
1082,0,0,-1.93,0.61,-36.05,0,0,0,0
1083,0,0,-1.93,0.33,-35.08,0,0,0,0
1084,0,0,-1.94,0.06,-34.12,0,0,0,0
1085,0,0,-1.94,-0.21,-33.16,0,0,0,0
1086,0,0,-1.94,-0.48,-32.2,0,0,0,0
1087,0,0,-1.95,-0.75,-31.23,0,0,0,0
1088,0,0,-1.95,-1.02,-30.27,0,0,0,0
1089,0,0,-1.95,-1.28,-29.31,0,0,0,0
1090,0,0,-1.96,-1.55,-28.34,0,0,0,0
1091,0,0,-1.96,-1.82,-27.38,0,0,0,0
1092,0,0,-1.96,-2.08,-26.41,0,0,0,0
1093,0,0,-1.97,-2.34,-25.45,0,0,0,0
1094,0,0,-1.97,-2.6,-24.48,0,0,0,0
1095,0,0,-1.97,-2.86,-23.52,0,0,0,0
1096,0,0,-1.98,-3.12,-22.55,0,0,0,0
1097,0,0,-1.98,-3.37,-21.58,0,0,0,0
1098,0,0,-1.99,-3.63,-20.62,0,0,0,0
1099,0,0,-1.99,-3.88,-19.65,0,0,0,0
1100,0,0,-1.99,-4.13,-18.68,0,0,0,0
1101,0,0,-2,-4.38,-17.71,0,0,0,0
1102,0,0,-2,-4.62,-16.74,0,0,0,0
1103,0,0,-2,-4.86,-15.77,0,0,0,0
1104,0,0,-2.01,-5.1,-14.8,0,0,0,0
1105,0,0,-2.01,-5.33,-13.83,0,0,0,0
1106,0,0,-2.01,-5.56,-12.85,0,0,0,0
1107,0,0,-2.02,-5.78,-11.88,0,0,0,0
1108,0,0,-2.02,-5.97,-11.04,0,0,0,0
1109,0,0,-1.81,13.34,-67.15,0,0,0,0
1110,0,0,-1.82,13.03,-66.2,0,0,0,0
1111,0,0,-1.82,12.73,-65.24,0,0,0,0
1112,0,0,-1.83,12.42,-64.29,0,0,0,0
1113,0,0,-1.83,12.12,-63.34,0,0,0,0
1114,0,0,-1.84,11.82,-62.39,0,0,0,0
1115,0,0,-1.84,11.52,-61.43,0,0,0,0
1116,0,0,-1.85,11.21,-60.48,0,0,0,0
1117,0,0,-1.86,10.91,-59.52,0,0,0,0
1118,0,0,-1.86,10.61,-58.57,0,0,0,0
1119,0,0,-1.87,10.32,-57.62,0,0,0,0
1120,0,0,-1.87,10.02,-56.66,0,0,0,0
1121,0,0,-1.88,9.72,-55.71,0,0,0,0
1122,0,0,-1.89,9.43,-54.75,0,0,0,0
1123,0,0,-1.89,9.13,-53.8,0,0,0,0
1124,0,0,-1.9,8.84,-52.84,0,0,0,0
1125,0,0,-1.9,8.54,-51.88,0,0,0,0
1126,0,0,-1.91,8.25,-50.93,0,0,0,0
1127,0,0,-1.91,7.96,-49.97,0,0,0,0
1128,0,0,-1.92,7.67,-49.01,0,0,0,0
1129,0,0,-1.93,7.38,-48.06,0,0,0,0
1130,0,0,-1.93,7.09,-47.1,0,0,0,0
1131,0,0,-1.94,6.8,-46.14,0,0,0,0
1132,0,0,-1.94,6.52,-45.18,0,0,0,0
1133,0,0,-1.95,6.23,-44.22,0,0,0,0
1134,0,0,-1.96,5.95,-43.27,0,0,0,0
1135,0,0,-1.96,5.67,-42.31,0,0,0,0
1136,0,0,-1.97,5.39,-41.35,0,0,0,0
1137,0,0,-1.97,5.11,-40.39,0,0,0,0
1138,0,0,-1.98,4.83,-39.43,0,0,0,0
1139,0,0,-1.98,4.55,-38.47,0,0,0,0
1140,0,0,-1.99,4.28,-37.5,0,0,0,0
1141,0,0,-2,4,-36.54,0,0,0,0
1142,0,0,-2,3.73,-35.58,0,0,0,0
1143,0,0,-2.01,3.46,-34.62,0,0,0,0
1144,0,0,-2.01,3.19,-33.66,0,0,0,0
1145,0,0,-2.02,2.92,-32.69,0,0,0,0
1146,0,0,-2.03,2.65,-31.73,0,0,0,0
1147,0,0,-2.03,2.39,-30.76,0,0,0,0
1148,0,0,-2.04,2.13,-29.8,0,0,0,0
1149,0,0,-2.04,1.86,-28.83,0,0,0,0
1150,0,0,-2.05,1.61,-27.87,0,0,0,0
1151,0,0,-2.05,1.35,-26.9,0,0,0,0
1152,0,0,-2.06,1.09,-25.93,0,0,0,0
1153,0,0,-2.07,0.84,-24.97,0,0,0,0
1154,0,0,-2.07,0.59,-24,0,0,0,0
1155,0,0,-2.08,0.34,-23.03,0,0,0,0
1156,0,0,-2.08,0.1,-22.06,0,0,0,0
1157,0,0,-2.09,-0.14,-21.09,0,0,0,0
1158,0,0,-2.09,-0.38,-20.12,0,0,0,0
1159,0,0,-2.1,-0.62,-19.15,0,0,0,0
1160,0,0,-2.11,-0.85,-18.18,0,0,0,0
1161,0,0,-2.11,-1.08,-17.2,0,0,0,0
1162,0,0,-2.12,-1.31,-16.23,0,0,0,0
1163,0,0,-2.12,-1.53,-15.25,0,0,0,0
1164,0,0,-2.13,-1.75,-14.28,0,0,0,0
1165,0,0,-2.13,-1.96,-13.3,0,0,0,0
1166,0,0,-2.14,-2.17,-12.32,0,0,0,0
1167,0,0,-2.14,-2.37,-11.34,0,0,0,0
1168,0,0,-2.15,-2.57,-10.36,0,0,0,0
1169,0,0,-2.15,-2.76,-9.38,0,0,0,0
1170,0,0,-2.16,-2.95,-8.4,0,0,0,0
1171,0,0,-2.17,-3.12,-7.41,0,0,0,0
1172,0,0,-2.17,-3.19,-7.02,0,0,0,0
1173,0,0,-1.81,16.35,-66.01,0,0,0,0
1174,0,0,-1.82,16.05,-65.06,0,0,0,0
1175,0,0,-1.82,15.76,-64.1,0,0,0,0
1176,0,0,-1.83,15.47,-63.14,0,0,0,0
1177,0,0,-1.83,15.18,-62.19,0,0,0,0
1178,0,0,-1.84,14.89,-61.23,0,0,0,0
1179,0,0,-1.84,14.61,-60.27,0,0,0,0
1180,0,0,-1.85,14.33,-59.31,0,0,0,0
1181,0,0,-1.85,14.05,-58.35,0,0,0,0
1182,0,0,-1.86,13.77,-57.39,0,0,0,0
1183,0,0,-1.87,13.49,-56.43,0,0,0,0
1184,0,0,-1.87,13.21,-55.47,0,0,0,0
1185,0,0,-1.88,12.93,-54.51,0,0,0,0
1186,0,0,-1.88,12.65,-53.55,0,0,0,0
1187,0,0,-1.89,12.37,-52.59,0,0,0,0
1188,0,0,-1.89,12.1,-51.63,0,0,0,0
1189,0,0,-1.9,11.82,-50.67,0,0,0,0
1190,0,0,-1.9,11.54,-49.7,0,0,0,0
1191,0,0,-1.91,11.27,-48.74,0,0,0,0
1192,0,0,-1.92,10.99,-47.78,0,0,0,0
1193,0,0,-1.92,10.71,-46.82,0,0,0,0
1194,0,0,-1.93,10.43,-45.86,0,0,0,0
1195,0,0,-1.93,10.15,-44.9,0,0,0,0
1196,0,0,-1.94,9.87,-43.94,0,0,0,0
1197,0,0,-1.94,9.59,-42.98,0,0,0,0
1198,0,0,-1.95,9.31,-42.02,0,0,0,0
1199,0,0,-1.95,9.03,-41.06,0,0,0,0
1200,0,0,-1.96,8.75,-40.1,0,0,0,0
1201,0,0,-1.96,8.46,-39.15,0,0,0,0
1202,0,0,-1.97,8.18,-38.19,0,0,0,0
1203,0,0,-1.98,7.89,-37.23,0,0,0,0
1204,0,0,-1.98,7.6,-36.27,0,0,0,0
1205,0,0,-1.99,7.31,-35.31,0,0,0,0
1206,0,0,-1.99,7.02,-34.36,0,0,0,0
1207,0,0,-2,6.73,-33.4,0,0,0,0
1208,0,0,-2,6.44,-32.44,0,0,0,0
1209,0,0,-2.01,6.14,-31.49,0,0,0,0
1210,0,0,-2.02,5.84,-30.53,0,0,0,0
1211,0,0,-2.02,5.54,-29.58,0,0,0,0
1212,0,0,-2.03,5.24,-28.63,0,0,0,0
1213,0,0,-2.03,4.94,-27.68,0,0,0,0
1214,0,0,-2.04,4.63,-26.72,0,0,0,0
1215,0,0,-2.04,4.32,-25.77,0,0,0,0
1216,0,0,-2.05,4.01,-24.82,0,0,0,0
1217,0,0,-2.05,3.69,-23.87,0,0,0,0
1218,0,0,-2.06,3.37,-22.93,0,0,0,0
1219,0,0,-2.07,3.05,-21.98,0,0,0,0
1220,0,0,-2.07,2.72,-21.04,0,0,0,0
1221,0,0,-2.08,2.39,-20.09,0,0,0,0
1222,0,0,-2.08,2.05,-19.15,0,0,0,0
1223,0,0,-2.09,1.71,-18.21,0,0,0,0
1224,0,0,-2.1,1.36,-17.27,0,0,0,0
1225,0,0,-2.1,1.01,-16.34,0,0,0,0
1226,0,0,-2.11,0.65,-15.4,0,0,0,0
1227,0,0,-2.11,0.29,-14.47,0,0,0,0
1228,0,0,-2.12,-0.09,-13.55,0,0,0,0
1229,0,0,-2.13,-0.47,-12.62,0,0,0,0
1230,0,0,-2.13,-0.87,-11.7,0,0,0,0
1231,0,0,-2.14,-1.28,-10.79,0,0,0,0
1232,0,0,-2.15,-1.7,-9.88,0,0,0,0
1233,0,0,-2.15,-2.14,-8.99,0,0,0,0
1234,0,0,-2.16,-2.59,-8.1,0,0,0,0
1235,0,0,-2.17,-3.08,-7.22,0,0,0,0
1236,0,0,-2.17,-3.19,-7.02,0,0,0,0
1237,0,0,-2.17,-1.67,48.34,0,0,0,0
1238,0,0,-2.17,-1.42,47.37,0,0,0,0
1239,0,0,-2.17,-1.17,46.4,0,0,0,0
1240,0,0,-2.17,-0.91,45.44,0,0,0,0
1241,0,0,-2.17,-0.66,44.47,0,0,0,0
1242,0,0,-2.17,-0.41,43.5,0,0,0,0
1243,0,0,-2.17,-0.16,42.53,0,0,0,0
1244,0,0,-2.17,0.09,41.57,0,0,0,0
1245,0,0,-2.17,0.35,40.6,0,0,0,0
1246,0,0,-2.17,0.6,39.63,0,0,0,0
1247,0,0,-2.17,0.85,38.66,0,0,0,0
1248,0,0,-2.17,1.1,37.69,0,0,0,0
1249,0,0,-2.17,1.35,36.73,0,0,0,0
1250,0,0,-2.17,1.61,35.76,0,0,0,0
1251,0,0,-2.17,1.86,34.79,0,0,0,0
1252,0,0,-2.17,2.11,33.82,0,0,0,0
1253,0,0,-2.17,2.36,32.86,0,0,0,0
1254,0,0,-2.17,2.61,31.89,0,0,0,0
1255,0,0,-2.17,2.87,30.92,0,0,0,0
1256,0,0,-2.17,3.12,29.95,0,0,0,0
1257,0,0,-2.17,3.37,28.98,0,0,0,0
1258,0,0,-2.17,3.62,28.02,0,0,0,0
1259,0,0,-2.17,3.87,27.05,0,0,0,0
1260,0,0,-2.17,4.13,26.08,0,0,0,0
1261,0,0,-2.17,4.38,25.11,0,0,0,0
1262,0,0,-2.17,4.63,24.15,0,0,0,0
1263,0,0,-2.17,4.88,23.18,0,0,0,0
1264,0,0,-2.17,5.13,22.21,0,0,0,0
1265,0,0,-2.17,5.39,21.24,0,0,0,0
1266,0,0,-2.17,5.64,20.28,0,0,0,0
1267,0,0,-2.17,5.89,19.31,0,0,0,0
1268,0,0,-2.17,6.14,18.34,0,0,0,0
1269,0,0,-2.17,6.39,17.37,0,0,0,0
1270,0,0,-2.17,6.65,16.4,0,0,0,0
1271,0,0,-2.17,6.9,15.44,0,0,0,0
1272,0,0,-2.17,7.15,14.47,0,0,0,0
1273,0,0,-2.17,7.4,13.5,0,0,0,0
1274,0,0,-2.17,7.65,12.53,0,0,0,0
1275,0,0,-2.17,7.91,11.57,0,0,0,0
1276,0,0,-2.17,8.16,10.6,0,0,0,0
1277,0,0,-2.17,8.41,9.63,0,0,0,0
1278,0,0,-2.17,8.66,8.66,0,0,0,0
1279,0,0,-2.17,8.91,7.69,0,0,0,0
1280,0,0,-2.17,9.17,6.73,0,0,0,0
1281,0,0,-2.17,9.42,5.76,0,0,0,0
1282,0,0,-2.17,9.67,4.79,0,0,0,0
1283,0,0,-2.17,9.92,3.82,0,0,0,0
1284,0,0,-2.17,10.18,2.86,0,0,0,0
1285,0,0,-2.17,10.43,1.89,0,0,0,0
1286,0,0,-2.17,10.68,0.92,0,0,0,0
1287,0,0,-2.17,10.86,0.22,0,0,0,0
1288,0,0,-1.02,24.47,-5.58,0,0,0,0
1289,0,0,-1.02,25.43,-5.3,0,0,0,0
1290,0,0,-1.02,26.39,-5.03,0,0,0,0
1291,0,0,-1.02,27.35,-4.75,0,0,0,0
1292,0,0,-1.02,28.31,-4.48,0,0,0,0
1293,0,0,-1.02,29.28,-4.2,0,0,0,0
1294,0,0,-1.02,30.24,-3.92,0,0,0,0
1295,0,0,-1.02,31.2,-3.65,0,0,0,0
1296,0,0,-1.02,32.16,-3.37,0,0,0,0
1297,0,0,-1.02,33.12,-3.1,0,0,0,0
1298,0,0,-1.02,34.08,-2.82,0,0,0,0
1299,0,0,-1.02,35.04,-2.54,0,0,0,0
1300,0,0,-1.02,36,-2.27,0,0,0,0
1301,0,0,-1.02,36.97,-1.99,0,0,0,0
1302,0,0,-1.02,37.93,-1.72,0,0,0,0
1303,0,0,-1.02,38.89,-1.44,0,0,0,0
1304,0,0,-1.02,39.85,-1.16,0,0,0,0
1305,0,0,-1.02,40.81,-0.89,0,0,0,0
1306,0,0,-1.02,41.77,-0.61,0,0,0,0
1307,0,0,-1.02,42.73,-0.34,0,0,0,0
1308,0,0,-1.02,43.69,-0.06,0,0,0,0
1309,0,0,-1.02,44.65,0.22,0,0,0,0
1310,0,0,-1.02,45.62,0.49,0,0,0,0
1311,0,0,-1.02,46.58,0.77,0,0,0,0
1312,0,0,-1.02,47.54,1.04,0,0,0,0
1313,0,0,-1.02,48.5,1.32,0,0,0,0
1314,0,0,-1.02,49.46,1.6,0,0,0,0
1315,0,0,-1.02,50.42,1.87,0,0,0,0
1316,0,0,-1.02,51.38,2.15,0,0,0,0
1317,0,0,-1.02,52.34,2.42,0,0,0,0
1318,0,0,-1.02,52.82,2.56,0,0,0,0
1319,0,0,-2.17,10.86,0.22,0,0,0,0
1320,0,0,-2.13,11.17,-0.73,0,0,0,0
1321,0,0,-2.08,11.54,-1.66,0,0,0,0
1322,0,0,-2.03,12,-2.55,0,0,0,0
1323,0,0,-1.97,12.54,-3.39,0,0,0,0
1324,0,0,-1.89,13.17,-4.16,0,0,0,0
1325,0,0,-1.82,13.91,-4.83,0,0,0,0
1326,0,0,-1.73,14.74,-5.38,0,0,0,0
1327,0,0,-1.64,15.64,-5.8,0,0,0,0
1328,0,0,-1.56,16.59,-6.09,0,0,0,0
1329,0,0,-1.47,17.58,-6.26,0,0,0,0
1330,0,0,-1.39,18.57,-6.33,0,0,0,0
1331,0,0,-1.32,19.57,-6.32,0,0,0,0
1332,0,0,-1.24,20.56,-6.25,0,0,0,0
1333,0,0,-1.18,21.55,-6.12,0,0,0,0
1334,0,0,-1.12,22.54,-5.97,0,0,0,0
1335,0,0,-1.07,23.52,-5.78,0,0,0,0
1336,0,0,-1.02,24.47,-5.58,0,0,0,0
1337,0,0,-1.01,3.3,-15.27,0,0,0,0
1338,0,0,-1.01,4.25,-14.94,0,0,0,0
1339,0,0,-1.01,5.19,-14.59,0,0,0,0
1340,0,0,-1.01,6.11,-14.21,0,0,0,0
1341,0,0,-1.01,7.03,-13.81,0,0,0,0
1342,0,0,-1.01,7.94,-13.4,0,0,0,0
1343,0,0,-1.01,8.84,-12.97,0,0,0,0
1344,0,0,-1.01,9.74,-12.53,0,0,0,0
1345,0,0,-1.01,10.63,-12.08,0,0,0,0
1346,0,0,-1.01,11.53,-11.63,0,0,0,0
1347,0,0,-1.01,12.42,-11.17,0,0,0,0
1348,0,0,-1.01,13.3,-10.71,0,0,0,0
1349,0,0,-1.01,14.19,-10.25,0,0,0,0
1350,0,0,-1.01,15.08,-9.79,0,0,0,0
1351,0,0,-1.02,15.97,-9.33,0,0,0,0
1352,0,0,-1.02,16.86,-8.88,0,0,0,0
1353,0,0,-1.02,17.75,-8.43,0,0,0,0
1354,0,0,-1.02,18.65,-7.98,0,0,0,0
1355,0,0,-1.02,19.55,-7.55,0,0,0,0
1356,0,0,-1.02,20.45,-7.13,0,0,0,0
1357,0,0,-1.02,21.37,-6.72,0,0,0,0
1358,0,0,-1.02,22.29,-6.34,0,0,0,0
1359,0,0,-1.02,23.23,-5.98,0,0,0,0
1360,0,0,-1.02,24.18,-5.67,0,0,0,0
1361,0,0,-1.02,24.47,-5.58,0,0,0,0
1362,0,0,-2.17,-5.44,46.25,0,0,0,0
1363,0,0,-2.17,-5.19,45.29,0,0,0,0
1364,0,0,-2.17,-4.94,44.32,0,0,0,0
1365,0,0,-2.16,-4.7,43.35,0,0,0,0
1366,0,0,-2.16,-4.45,42.38,0,0,0,0
1367,0,0,-2.16,-4.2,41.41,0,0,0,0
1368,0,0,-2.16,-3.95,40.44,0,0,0,0
1369,0,0,-2.16,-3.7,39.47,0,0,0,0
1370,0,0,-2.16,-3.46,38.5,0,0,0,0
1371,0,0,-2.15,-3.21,37.54,0,0,0,0
1372,0,0,-2.15,-2.96,36.57,0,0,0,0
1373,0,0,-2.15,-2.71,35.6,0,0,0,0
1374,0,0,-2.15,-2.46,34.63,0,0,0,0
1375,0,0,-2.14,-2.2,33.66,0,0,0,0
1376,0,0,-2.14,-1.95,32.69,0,0,0,0
1377,0,0,-2.14,-1.7,31.73,0,0,0,0
1378,0,0,-2.14,-1.45,30.76,0,0,0,0
1379,0,0,-2.14,-1.2,29.79,0,0,0,0
1380,0,0,-2.13,-0.94,28.82,0,0,0,0
1381,0,0,-2.13,-0.69,27.86,0,0,0,0
1382,0,0,-2.13,-0.43,26.89,0,0,0,0
1383,0,0,-2.13,-0.18,25.92,0,0,0,0
1384,0,0,-2.12,0.08,24.96,0,0,0,0
1385,0,0,-2.12,0.33,23.99,0,0,0,0
1386,0,0,-2.12,0.59,23.02,0,0,0,0
1387,0,0,-2.12,0.84,22.06,0,0,0,0
1388,0,0,-2.11,1.1,21.09,0,0,0,0
1389,0,0,-2.11,1.36,20.12,0,0,0,0
1390,0,0,-2.11,1.61,19.16,0,0,0,0
1391,0,0,-2.11,1.87,18.19,0,0,0,0
1392,0,0,-2.1,2.13,17.22,0,0,0,0
1393,0,0,-2.1,2.39,16.26,0,0,0,0
1394,0,0,-2.1,2.65,15.29,0,0,0,0
1395,0,0,-2.1,2.91,14.33,0,0,0,0
1396,0,0,-2.09,3.17,13.36,0,0,0,0
1397,0,0,-2.09,3.43,12.4,0,0,0,0
1398,0,0,-2.09,3.69,11.43,0,0,0,0
1399,0,0,-2.08,3.95,10.46,0,0,0,0
1400,0,0,-2.08,4.21,9.5,0,0,0,0
1401,0,0,-2.08,4.47,8.53,0,0,0,0
1402,0,0,-2.08,4.73,7.57,0,0,0,0
1403,0,0,-2.07,5,6.6,0,0,0,0
1404,0,0,-2.07,5.26,5.64,0,0,0,0
1405,0,0,-2.07,5.52,4.67,0,0,0,0
1406,0,0,-2.06,5.79,3.71,0,0,0,0
1407,0,0,-2.06,6.05,2.75,0,0,0,0
1408,0,0,-2.06,6.31,1.78,0,0,0,0
1409,0,0,-2.05,6.58,0.82,0,0,0,0
1410,0,0,-2.05,6.84,-0.15,0,0,0,0
1411,0,0,-2.05,7.11,-1.11,0,0,0,0
1412,0,0,-2.04,7.37,-2.08,0,0,0,0
1413,0,0,-2.04,7.64,-3.04,0,0,0,0
1414,0,0,-2.04,7.9,-4,0,0,0,0
1415,0,0,-2.03,8.17,-4.97,0,0,0,0
1416,0,0,-2.03,8.44,-5.93,0,0,0,0
1417,0,0,-2.03,8.7,-6.9,0,0,0,0
1418,0,0,-2.02,8.97,-7.86,0,0,0,0
1419,0,0,-2.02,9.24,-8.82,0,0,0,0
1420,0,0,-2.02,9.5,-9.79,0,0,0,0
1421,0,0,-2.01,9.77,-10.75,0,0,0,0
1422,0,0,-2.01,10.04,-11.71,0,0,0,0
1423,0,0,-2.01,10.31,-12.68,0,0,0,0
1424,0,0,-2,10.58,-13.64,0,0,0,0
1425,0,0,-2,10.84,-14.6,0,0,0,0
1426,0,0,-2,11.11,-15.57,0,0,0,0
1427,0,0,-1.99,11.38,-16.53,0,0,0,0
1428,0,0,-1.99,11.65,-17.49,0,0,0,0
1429,0,0,-1.99,11.92,-18.46,0,0,0,0
1430,0,0,-1.98,12.19,-19.42,0,0,0,0
1431,0,0,-1.98,12.46,-20.38,0,0,0,0
1432,0,0,-1.97,12.73,-21.35,0,0,0,0
1433,0,0,-1.97,13,-22.31,0,0,0,0
1434,0,0,-1.97,13.27,-23.27,0,0,0,0
1435,0,0,-1.96,13.54,-24.23,0,0,0,0
1436,0,0,-1.96,13.8,-25.2,0,0,0,0
1437,0,0,-1.96,14.07,-26.16,0,0,0,0
1438,0,0,-1.95,14.34,-27.12,0,0,0,0
1439,0,0,-1.95,14.61,-28.09,0,0,0,0
1440,0,0,-1.94,14.88,-29.05,0,0,0,0
1441,0,0,-1.94,15.15,-30.01,0,0,0,0
1442,0,0,-1.94,15.42,-30.98,0,0,0,0
1443,0,0,-1.93,15.69,-31.94,0,0,0,0
1444,0,0,-1.93,15.96,-32.9,0,0,0,0
1445,0,0,-1.93,16.23,-33.87,0,0,0,0
1446,0,0,-1.92,16.5,-34.83,0,0,0,0
1447,0,0,-1.92,16.76,-35.79,0,0,0,0
1448,0,0,-1.91,17.03,-36.76,0,0,0,0
1449,0,0,-1.91,17.3,-37.72,0,0,0,0
1450,0,0,-1.91,17.57,-38.68,0,0,0,0
1451,0,0,-1.9,17.83,-39.65,0,0,0,0
1452,0,0,-1.9,18.1,-40.61,0,0,0,0
1453,0,0,-1.89,18.37,-41.57,0,0,0,0
1454,0,0,-1.89,18.63,-42.54,0,0,0,0
1455,0,0,-1.89,18.9,-43.5,0,0,0,0
1456,0,0,-1.88,19.16,-44.47,0,0,0,0
1457,0,0,-1.88,19.43,-45.43,0,0,0,0
1458,0,0,-1.88,19.69,-46.39,0,0,0,0
1459,0,0,-1.87,19.96,-47.36,0,0,0,0
1460,0,0,-1.87,20.22,-48.32,0,0,0,0
1461,0,0,-1.86,20.48,-49.29,0,0,0,0
1462,0,0,-1.86,20.74,-50.25,0,0,0,0
1463,0,0,-1.86,21,-51.22,0,0,0,0
1464,0,0,-1.85,21.26,-52.19,0,0,0,0
1465,0,0,-1.85,21.52,-53.15,0,0,0,0
1466,0,0,-1.85,21.78,-54.12,0,0,0,0
1467,0,0,-1.84,22.04,-55.08,0,0,0,0
1468,0,0,-1.84,22.3,-56.05,0,0,0,0
1469,0,0,-1.83,22.55,-57.02,0,0,0,0
1470,0,0,-1.83,22.81,-57.98,0,0,0,0
1471,0,0,-1.83,23.06,-58.95,0,0,0,0
1472,0,0,-1.82,23.31,-59.92,0,0,0,0
1473,0,0,-1.82,23.56,-60.89,0,0,0,0
1474,0,0,-1.82,23.81,-61.86,0,0,0,0
1475,0,0,-1.81,24.06,-62.82,0,0,0,0
1476,0,0,-1.81,24.31,-63.79,0,0,0,0
1477,0,0,-1.81,24.39,-64.1,0,0,0,0
1478,0,0,-2.17,-9.15,46.33,0,0,0,0
1479,0,0,-2.17,-8.9,45.37,0,0,0,0
1480,0,0,-2.17,-8.64,44.4,0,0,0,0
1481,0,0,-2.17,-8.39,43.43,0,0,0,0
1482,0,0,-2.16,-8.13,42.46,0,0,0,0
1483,0,0,-2.16,-7.88,41.5,0,0,0,0
1484,0,0,-2.16,-7.62,40.53,0,0,0,0
1485,0,0,-2.16,-7.37,39.56,0,0,0,0
1486,0,0,-2.16,-7.11,38.6,0,0,0,0
1487,0,0,-2.15,-6.85,37.63,0,0,0,0
1488,0,0,-2.15,-6.6,36.66,0,0,0,0
1489,0,0,-2.15,-6.34,35.7,0,0,0,0
1490,0,0,-2.15,-6.08,34.73,0,0,0,0
1491,0,0,-2.15,-5.83,33.77,0,0,0,0
1492,0,0,-2.15,-5.57,32.8,0,0,0,0
1493,0,0,-2.14,-5.31,31.83,0,0,0,0
1494,0,0,-2.14,-5.05,30.87,0,0,0,0
1495,0,0,-2.14,-4.8,29.9,0,0,0,0
1496,0,0,-2.14,-4.54,28.93,0,0,0,0
1497,0,0,-2.14,-4.28,27.97,0,0,0,0
1498,0,0,-2.13,-4.02,27,0,0,0,0
1499,0,0,-2.13,-3.76,26.04,0,0,0,0
1500,0,0,-2.13,-3.5,25.07,0,0,0,0
1501,0,0,-2.13,-3.25,24.1,0,0,0,0
1502,0,0,-2.12,-2.99,23.14,0,0,0,0
1503,0,0,-2.12,-2.73,22.17,0,0,0,0
1504,0,0,-2.12,-2.47,21.21,0,0,0,0
1505,0,0,-2.12,-2.21,20.24,0,0,0,0
1506,0,0,-2.11,-1.95,19.28,0,0,0,0
1507,0,0,-2.11,-1.69,18.31,0,0,0,0
1508,0,0,-2.11,-1.43,17.35,0,0,0,0
1509,0,0,-2.11,-1.17,16.38,0,0,0,0
1510,0,0,-2.1,-0.9,15.41,0,0,0,0
1511,0,0,-2.1,-0.64,14.45,0,0,0,0
1512,0,0,-2.1,-0.38,13.48,0,0,0,0
1513,0,0,-2.1,-0.12,12.52,0,0,0,0
1514,0,0,-2.09,0.14,11.55,0,0,0,0
1515,0,0,-2.09,0.4,10.59,0,0,0,0
1516,0,0,-2.09,0.67,9.62,0,0,0,0
1517,0,0,-2.09,0.93,8.66,0,0,0,0
1518,0,0,-2.08,1.19,7.69,0,0,0,0
1519,0,0,-2.08,1.45,6.73,0,0,0,0
1520,0,0,-2.08,1.72,5.76,0,0,0,0
1521,0,0,-2.07,1.98,4.8,0,0,0,0
1522,0,0,-2.07,2.24,3.83,0,0,0,0
1523,0,0,-2.07,2.51,2.87,0,0,0,0
1524,0,0,-2.07,2.77,1.91,0,0,0,0
1525,0,0,-2.06,3.03,0.94,0,0,0,0
1526,0,0,-2.06,3.3,-0.02,0,0,0,0
1527,0,0,-2.06,3.56,-0.99,0,0,0,0
1528,0,0,-2.05,3.83,-1.95,0,0,0,0
1529,0,0,-2.05,4.09,-2.92,0,0,0,0
1530,0,0,-2.05,4.36,-3.88,0,0,0,0
1531,0,0,-2.04,4.62,-4.85,0,0,0,0
1532,0,0,-2.04,4.89,-5.81,0,0,0,0
1533,0,0,-2.04,5.15,-6.77,0,0,0,0
1534,0,0,-2.03,5.42,-7.74,0,0,0,0
1535,0,0,-2.03,5.68,-8.7,0,0,0,0
1536,0,0,-2.03,5.95,-9.67,0,0,0,0
1537,0,0,-2.02,6.22,-10.63,0,0,0,0
1538,0,0,-2.02,6.48,-11.59,0,0,0,0
1539,0,0,-2.02,6.75,-12.56,0,0,0,0
1540,0,0,-2.01,7.02,-13.52,0,0,0,0
1541,0,0,-2.01,7.28,-14.49,0,0,0,0
1542,0,0,-2.01,7.55,-15.45,0,0,0,0
1543,0,0,-2,7.82,-16.41,0,0,0,0
1544,0,0,-2,8.08,-17.38,0,0,0,0
1545,0,0,-1.99,8.35,-18.34,0,0,0,0
1546,0,0,-1.99,8.62,-19.3,0,0,0,0
1547,0,0,-1.99,8.88,-20.27,0,0,0,0
1548,0,0,-1.98,9.15,-21.23,0,0,0,0
1549,0,0,-1.98,9.42,-22.19,0,0,0,0
1550,0,0,-1.97,9.68,-23.16,0,0,0,0
1551,0,0,-1.97,9.95,-24.12,0,0,0,0
1552,0,0,-1.97,10.22,-25.09,0,0,0,0
1553,0,0,-1.96,10.49,-26.05,0,0,0,0
1554,0,0,-1.96,10.75,-27.01,0,0,0,0
1555,0,0,-1.96,11.02,-27.98,0,0,0,0
1556,0,0,-1.95,11.29,-28.94,0,0,0,0
1557,0,0,-1.95,11.56,-29.9,0,0,0,0
1558,0,0,-1.94,11.82,-30.87,0,0,0,0
1559,0,0,-1.94,12.09,-31.83,0,0,0,0
1560,0,0,-1.94,12.36,-32.79,0,0,0,0
1561,0,0,-1.93,12.62,-33.76,0,0,0,0
1562,0,0,-1.93,12.89,-34.72,0,0,0,0
1563,0,0,-1.92,13.16,-35.69,0,0,0,0
1564,0,0,-1.92,13.42,-36.65,0,0,0,0
1565,0,0,-1.91,13.69,-37.61,0,0,0,0
1566,0,0,-1.91,13.96,-38.58,0,0,0,0
1567,0,0,-1.91,14.22,-39.54,0,0,0,0
1568,0,0,-1.9,14.49,-40.51,0,0,0,0
1569,0,0,-1.9,14.75,-41.47,0,0,0,0
1570,0,0,-1.89,15.02,-42.43,0,0,0,0
1571,0,0,-1.89,15.28,-43.4,0,0,0,0
1572,0,0,-1.89,15.55,-44.36,0,0,0,0
1573,0,0,-1.88,15.81,-45.33,0,0,0,0
1574,0,0,-1.88,16.07,-46.29,0,0,0,0
1575,0,0,-1.87,16.34,-47.26,0,0,0,0
1576,0,0,-1.87,16.6,-48.22,0,0,0,0
1577,0,0,-1.87,16.86,-49.19,0,0,0,0
1578,0,0,-1.86,17.12,-50.15,0,0,0,0
1579,0,0,-1.86,17.38,-51.12,0,0,0,0
1580,0,0,-1.85,17.64,-52.08,0,0,0,0
1581,0,0,-1.85,17.9,-53.05,0,0,0,0
1582,0,0,-1.85,18.16,-54.01,0,0,0,0
1583,0,0,-1.84,18.42,-54.98,0,0,0,0
1584,0,0,-1.84,18.68,-55.95,0,0,0,0
1585,0,0,-1.84,18.94,-56.91,0,0,0,0
1586,0,0,-1.83,19.2,-57.88,0,0,0,0
1587,0,0,-1.83,19.45,-58.85,0,0,0,0
1588,0,0,-1.82,19.71,-59.81,0,0,0,0
1589,0,0,-1.82,19.96,-60.78,0,0,0,0
1590,0,0,-1.82,20.22,-61.75,0,0,0,0
1591,0,0,-1.81,20.47,-62.71,0,0,0,0
1592,0,0,-1.81,20.72,-63.68,0,0,0,0
1593,0,0,-1.95,20.85,-64.18,0,0,0,0
1594,0,0,-2.17,-11.98,44.12,0,0,0,0
1595,0,0,-2.17,-11.71,43.15,0,0,0,0
1596,0,0,-2.17,-11.45,42.19,0,0,0,0
1597,0,0,-2.17,-11.18,41.22,0,0,0,0
1598,0,0,-2.16,-10.92,40.26,0,0,0,0
1599,0,0,-2.16,-10.66,39.3,0,0,0,0
1600,0,0,-2.16,-10.39,38.33,0,0,0,0
1601,0,0,-2.16,-10.13,37.36,0,0,0,0
1602,0,0,-2.16,-9.87,36.4,0,0,0,0
1603,0,0,-2.15,-9.61,35.43,0,0,0,0
1604,0,0,-2.15,-9.36,34.47,0,0,0,0
1605,0,0,-2.15,-9.1,33.5,0,0,0,0
1606,0,0,-2.15,-8.84,32.53,0,0,0,0
1607,0,0,-2.15,-8.58,31.57,0,0,0,0
1608,0,0,-2.14,-8.33,30.6,0,0,0,0
1609,0,0,-2.14,-8.07,29.63,0,0,0,0
1610,0,0,-2.14,-7.82,28.67,0,0,0,0
1611,0,0,-2.14,-7.56,27.7,0,0,0,0
1612,0,0,-2.14,-7.31,26.73,0,0,0,0
1613,0,0,-2.13,-7.06,25.77,0,0,0,0
1614,0,0,-2.13,-6.8,24.8,0,0,0,0
1615,0,0,-2.13,-6.55,23.83,0,0,0,0
1616,0,0,-2.13,-6.3,22.86,0,0,0,0
1617,0,0,-2.12,-6.04,21.9,0,0,0,0
1618,0,0,-2.12,-5.79,20.93,0,0,0,0
1619,0,0,-2.12,-5.53,19.96,0,0,0,0
1620,0,0,-2.12,-5.28,18.99,0,0,0,0
1621,0,0,-2.11,-5.03,18.03,0,0,0,0
1622,0,0,-2.11,-4.77,17.06,0,0,0,0
1623,0,0,-2.11,-4.52,16.09,0,0,0,0
1624,0,0,-2.1,-4.26,15.13,0,0,0,0
1625,0,0,-2.1,-4.01,14.16,0,0,0,0
1626,0,0,-2.1,-3.75,13.19,0,0,0,0
1627,0,0,-2.1,-3.49,12.23,0,0,0,0
1628,0,0,-2.09,-3.24,11.26,0,0,0,0
1629,0,0,-2.09,-2.98,10.29,0,0,0,0
1630,0,0,-2.09,-2.72,9.33,0,0,0,0
1631,0,0,-2.08,-2.46,8.36,0,0,0,0
1632,0,0,-2.08,-2.19,7.4,0,0,0,0
1633,0,0,-2.08,-1.93,6.43,0,0,0,0
1634,0,0,-2.08,-1.66,5.47,0,0,0,0
1635,0,0,-2.07,-1.39,4.51,0,0,0,0
1636,0,0,-2.07,-1.12,3.54,0,0,0,0
1637,0,0,-2.07,-0.85,2.58,0,0,0,0
1638,0,0,-2.06,-0.58,1.62,0,0,0,0
1639,0,0,-2.06,-0.3,0.66,0,0,0,0
1640,0,0,-2.06,-0.02,-0.3,0,0,0,0
1641,0,0,-2.05,0.26,-1.26,0,0,0,0
1642,0,0,-2.05,0.54,-2.22,0,0,0,0
1643,0,0,-2.05,0.83,-3.18,0,0,0,0
1644,0,0,-2.04,1.12,-4.13,0,0,0,0
1645,0,0,-2.04,1.42,-5.09,0,0,0,0
1646,0,0,-2.04,1.72,-6.04,0,0,0,0
1647,0,0,-2.03,2.02,-7,0,0,0,0
1648,0,0,-2.03,2.33,-7.95,0,0,0,0
1649,0,0,-2.03,2.64,-8.9,0,0,0,0
1650,0,0,-2.02,2.96,-9.85,0,0,0,0
1651,0,0,-2.02,3.28,-10.79,0,0,0,0
1652,0,0,-2.01,3.61,-11.74,0,0,0,0
1653,0,0,-2.01,3.94,-12.68,0,0,0,0
1654,0,0,-2.01,4.28,-13.62,0,0,0,0
1655,0,0,-2,4.62,-14.56,0,0,0,0
1656,0,0,-2,4.98,-15.5,0,0,0,0
1657,0,0,-2,5.34,-16.43,0,0,0,0
1658,0,0,-1.99,5.7,-17.36,0,0,0,0
1659,0,0,-1.99,6.08,-18.29,0,0,0,0
1660,0,0,-1.99,6.46,-19.21,0,0,0,0
1661,0,0,-1.98,6.85,-20.13,0,0,0,0
1662,0,0,-1.98,7.26,-21.04,0,0,0,0
1663,0,0,-1.98,7.67,-21.96,0,0,0,0
1664,0,0,-1.97,8.09,-22.86,0,0,0,0
1665,0,0,-1.97,8.52,-23.77,0,0,0,0
1666,0,0,-1.97,8.96,-24.66,0,0,0,0
1667,0,0,-1.96,9.42,-25.55,0,0,0,0
1668,0,0,-1.96,9.88,-26.44,0,0,0,0
1669,0,0,-1.96,10.36,-27.32,0,0,0,0
1670,0,0,-1.95,10.85,-28.19,0,0,0,0
1671,0,0,-1.95,11.29,-28.94,0,0,0,0
1672,0,0,-7.01,-311.15,-105.58,0,0,0,0
1673,0,0,-7.02,-312.12,-105.8,0,0,0,0
1674,0,0,-7.03,-313.09,-106.07,0,0,0,0
1675,0,0,-7.05,-314.03,-106.4,0,0,0,0
1676,0,0,-7.06,-314.96,-106.76,0,0,0,0
1677,0,0,-7.08,-315.87,-107.19,0,0,0,0
1678,0,0,-7.09,-316.75,-107.66,0,0,0,0
1679,0,0,-7.11,-317.6,-108.19,0,0,0,0
1680,0,0,-7.13,-318.42,-108.76,0,0,0,0
1681,0,0,-7.15,-319.2,-109.39,0,0,0,0
1682,0,0,-7.17,-319.94,-110.06,0,0,0,0
1683,0,0,-7.19,-320.63,-110.78,0,0,0,0
1684,0,0,-7.21,-321.29,-111.54,0,0,0,0
1685,0,0,-7.23,-321.89,-112.33,0,0,0,0
1686,0,0,-7.25,-322.45,-113.16,0,0,0,0
1687,0,0,-7.28,-322.96,-114.02,0,0,0,0
1688,0,0,-7.3,-323.43,-114.9,0,0,0,0
1689,0,0,-7.32,-323.85,-115.81,0,0,0,0
1690,0,0,-7.34,-324.23,-116.74,0,0,0,0
1691,0,0,-7.36,-324.56,-117.68,0,0,0,0
1692,0,0,-7.38,-324.85,-118.64,0,0,0,0
1693,0,0,-7.41,-325.09,-119.61,0,0,0,0
1694,0,0,-7.43,-325.3,-120.59,0,0,0,0
1695,0,0,-7.45,-325.46,-121.57,0,0,0,0
1696,0,0,-7.47,-325.58,-122.56,0,0,0,0
1697,0,0,-7.48,-325.65,-123.37,0,0,0,0
1698,0,0,-7.48,-332.91,-118.18,0,0,0,0
1699,0,0,-7.47,-332.92,-117.56,0,0,0,0
1700,0,0,-7.46,-332.92,-116.56,0,0,0,0
1701,0,0,-7.45,-332.87,-115.56,0,0,0,0
1702,0,0,-7.43,-332.76,-114.57,0,0,0,0
1703,0,0,-7.42,-332.58,-113.58,0,0,0,0
1704,0,0,-7.41,-332.35,-112.61,0,0,0,0
1705,0,0,-7.39,-332.04,-111.66,0,0,0,0
1706,0,0,-7.37,-331.68,-110.73,0,0,0,0
1707,0,0,-7.36,-331.25,-109.83,0,0,0,0
1708,0,0,-7.34,-330.76,-108.95,0,0,0,0
1709,0,0,-7.32,-330.21,-108.12,0,0,0,0
1710,0,0,-7.3,-329.61,-107.32,0,0,0,0
1711,0,0,-7.28,-328.96,-106.56,0,0,0,0
1712,0,0,-7.27,-328.26,-105.85,0,0,0,0
1713,0,0,-7.25,-327.52,-105.17,0,0,0,0
1714,0,0,-7.23,-326.75,-104.53,0,0,0,0
1715,0,0,-7.21,-325.95,-103.93,0,0,0,0
1716,0,0,-7.19,-325.13,-103.36,0,0,0,0
1717,0,0,-7.18,-324.28,-102.83,0,0,0,0
1718,0,0,-7.16,-323.41,-102.34,0,0,0,0
1719,0,0,-7.14,-322.53,-101.87,0,0,0,0
1720,0,0,-7.13,-321.63,-101.43,0,0,0,0
1721,0,0,-7.11,-320.72,-101.02,0,0,0,0
1722,0,0,-7.09,-319.8,-100.64,0,0,0,0
1723,0,0,-7.08,-318.87,-100.27,0,0,0,0
1724,0,0,-7.07,-317.93,-99.93,0,0,0,0
1725,0,0,-7.05,-316.98,-99.61,0,0,0,0
1726,0,0,-7.04,-316.03,-99.31,0,0,0,0
1727,0,0,-7.03,-315.07,-99.02,0,0,0,0
1728,0,0,-7.01,-314.1,-98.75,0,0,0,0
1729,0,0,-7,-313.14,-98.5,0,0,0,0
1730,0,0,-7,-312.98,-98.46,0,0,0,0
1731,0,0,-6.35,-281.74,-94.98,0,0,0,0
1732,0,0,-6.37,-282.49,-95.64,0,0,0,0
1733,0,0,-6.39,-283.28,-96.25,0,0,0,0
1734,0,0,-6.41,-284.1,-96.82,0,0,0,0
1735,0,0,-6.43,-284.95,-97.36,0,0,0,0
1736,0,0,-6.45,-285.81,-97.86,0,0,0,0
1737,0,0,-6.47,-286.7,-98.33,0,0,0,0
1738,0,0,-6.49,-287.59,-98.77,0,0,0,0
1739,0,0,-6.51,-288.5,-99.18,0,0,0,0
1740,0,0,-6.53,-289.42,-99.57,0,0,0,0
1741,0,0,-6.55,-290.35,-99.94,0,0,0,0
1742,0,0,-6.57,-291.29,-100.3,0,0,0,0
1743,0,0,-6.59,-292.23,-100.63,0,0,0,0
1744,0,0,-6.61,-293.18,-100.95,0,0,0,0
1745,0,0,-6.63,-294.13,-101.26,0,0,0,0
1746,0,0,-6.66,-295.09,-101.55,0,0,0,0
1747,0,0,-6.68,-296.05,-101.83,0,0,0,0
1748,0,0,-6.7,-297.01,-102.1,0,0,0,0
1749,0,0,-6.72,-297.97,-102.36,0,0,0,0
1750,0,0,-6.74,-298.94,-102.61,0,0,0,0
1751,0,0,-6.76,-299.91,-102.85,0,0,0,0
1752,0,0,-6.78,-300.88,-103.09,0,0,0,0
1753,0,0,-6.81,-301.85,-103.33,0,0,0,0
1754,0,0,-6.83,-302.83,-103.56,0,0,0,0
1755,0,0,-6.85,-303.8,-103.78,0,0,0,0
1756,0,0,-6.87,-304.77,-104.01,0,0,0,0
1757,0,0,-6.89,-305.75,-104.23,0,0,0,0
1758,0,0,-6.91,-306.72,-104.46,0,0,0,0
1759,0,0,-6.93,-307.69,-104.69,0,0,0,0
1760,0,0,-6.96,-308.67,-104.92,0,0,0,0
1761,0,0,-6.98,-309.64,-105.17,0,0,0,0
1762,0,0,-7,-310.6,-105.43,0,0,0,0
1763,0,0,-7.01,-311.15,-105.58,0,0,0,0
1764,0,0,-7.48,-325.65,-123.37,0,0,0,0
1765,0,0,-7.45,-325.4,-124.34,0,0,0,0
1766,0,0,-7.42,-325.15,-125.31,0,0,0,0
1767,0,0,-7.39,-324.9,-126.27,0,0,0,0
1768,0,0,-7.36,-324.65,-127.24,0,0,0,0
1769,0,0,-7.33,-324.4,-128.21,0,0,0,0
1770,0,0,-7.3,-324.15,-129.18,0,0,0,0
1771,0,0,-7.27,-323.91,-130.15,0,0,0,0
1772,0,0,-7.24,-323.66,-131.11,0,0,0,0
1773,0,0,-7.21,-323.41,-132.08,0,0,0,0
1774,0,0,-7.18,-323.16,-133.05,0,0,0,0
1775,0,0,-7.15,-322.91,-134.02,0,0,0,0
1776,0,0,-7.12,-322.66,-134.99,0,0,0,0
1777,0,0,-7.09,-322.41,-135.95,0,0,0,0
1778,0,0,-7.06,-322.16,-136.92,0,0,0,0
1779,0,0,-7.03,-321.91,-137.89,0,0,0,0
1780,0,0,-7.01,-321.75,-138.51,0,0,0,0
1781,0,0,-7.48,-387.15,109.12,0,0,0,0
1782,0,0,-7.48,-386.9,108.15,0,0,0,0
1783,0,0,-7.48,-386.64,107.19,0,0,0,0
1784,0,0,-7.48,-386.39,106.22,0,0,0,0
1785,0,0,-7.48,-386.13,105.25,0,0,0,0
1786,0,0,-7.48,-385.87,104.29,0,0,0,0
1787,0,0,-7.48,-385.62,103.32,0,0,0,0
1788,0,0,-7.48,-385.36,102.35,0,0,0,0
1789,0,0,-7.48,-385.11,101.39,0,0,0,0
1790,0,0,-7.48,-384.85,100.42,0,0,0,0
1791,0,0,-7.48,-384.6,99.45,0,0,0,0
1792,0,0,-7.48,-384.34,98.49,0,0,0,0
1793,0,0,-7.48,-384.08,97.52,0,0,0,0
1794,0,0,-7.48,-383.83,96.55,0,0,0,0
1795,0,0,-7.48,-383.57,95.59,0,0,0,0
1796,0,0,-7.48,-383.32,94.62,0,0,0,0
1797,0,0,-7.48,-383.06,93.65,0,0,0,0
1798,0,0,-7.48,-382.81,92.69,0,0,0,0
1799,0,0,-7.48,-382.55,91.72,0,0,0,0
1800,0,0,-7.48,-382.29,90.75,0,0,0,0
1801,0,0,-7.48,-382.04,89.79,0,0,0,0
1802,0,0,-7.48,-381.78,88.82,0,0,0,0
1803,0,0,-7.48,-381.53,87.85,0,0,0,0
1804,0,0,-7.48,-381.27,86.89,0,0,0,0
1805,0,0,-7.48,-381.02,85.92,0,0,0,0
1806,0,0,-7.48,-380.76,84.95,0,0,0,0
1807,0,0,-7.48,-380.5,83.98,0,0,0,0
1808,0,0,-7.48,-380.25,83.02,0,0,0,0
1809,0,0,-7.48,-379.99,82.05,0,0,0,0
1810,0,0,-7.48,-379.74,81.08,0,0,0,0
1811,0,0,-7.48,-379.48,80.12,0,0,0,0
1812,0,0,-7.48,-379.22,79.15,0,0,0,0
1813,0,0,-7.48,-378.97,78.18,0,0,0,0
1814,0,0,-7.48,-378.71,77.22,0,0,0,0
1815,0,0,-7.48,-378.46,76.25,0,0,0,0
1816,0,0,-7.48,-378.2,75.28,0,0,0,0
1817,0,0,-7.48,-377.95,74.32,0,0,0,0
1818,0,0,-7.48,-377.69,73.35,0,0,0,0
1819,0,0,-7.48,-377.43,72.38,0,0,0,0
1820,0,0,-7.48,-377.18,71.42,0,0,0,0
1821,0,0,-7.48,-376.92,70.45,0,0,0,0
1822,0,0,-7.48,-376.67,69.48,0,0,0,0
1823,0,0,-7.48,-376.41,68.52,0,0,0,0
1824,0,0,-7.48,-376.16,67.55,0,0,0,0
1825,0,0,-7.48,-375.9,66.58,0,0,0,0
1826,0,0,-7.48,-375.64,65.62,0,0,0,0
1827,0,0,-7.48,-375.39,64.65,0,0,0,0
1828,0,0,-7.48,-375.13,63.68,0,0,0,0
1829,0,0,-7.48,-374.88,62.72,0,0,0,0
1830,0,0,-7.48,-374.62,61.75,0,0,0,0
1831,0,0,-7.48,-374.37,60.78,0,0,0,0
1832,0,0,-7.48,-374.11,59.82,0,0,0,0
1833,0,0,-7.48,-373.85,58.85,0,0,0,0
1834,0,0,-7.48,-373.6,57.88,0,0,0,0
1835,0,0,-7.48,-373.34,56.92,0,0,0,0
1836,0,0,-7.48,-373.09,55.95,0,0,0,0
1837,0,0,-7.48,-372.83,54.98,0,0,0,0
1838,0,0,-7.48,-372.58,54.02,0,0,0,0
1839,0,0,-7.48,-372.32,53.05,0,0,0,0
1840,0,0,-7.48,-372.06,52.08,0,0,0,0
1841,0,0,-7.48,-371.81,51.12,0,0,0,0
1842,0,0,-7.48,-371.55,50.15,0,0,0,0
1843,0,0,-7.48,-371.3,49.18,0,0,0,0
1844,0,0,-7.48,-371.04,48.22,0,0,0,0
1845,0,0,-7.48,-370.79,47.25,0,0,0,0
1846,0,0,-7.48,-370.53,46.28,0,0,0,0
1847,0,0,-7.48,-370.27,45.32,0,0,0,0
1848,0,0,-7.48,-370.02,44.35,0,0,0,0
1849,0,0,-7.48,-369.76,43.38,0,0,0,0
1850,0,0,-7.48,-369.51,42.41,0,0,0,0
1851,0,0,-7.48,-369.25,41.45,0,0,0,0
1852,0,0,-7.48,-369,40.48,0,0,0,0
1853,0,0,-7.48,-368.74,39.51,0,0,0,0
1854,0,0,-7.48,-368.48,38.55,0,0,0,0
1855,0,0,-7.48,-368.23,37.58,0,0,0,0
1856,0,0,-7.48,-367.97,36.61,0,0,0,0
1857,0,0,-7.48,-367.72,35.65,0,0,0,0
1858,0,0,-7.48,-367.46,34.68,0,0,0,0
1859,0,0,-7.48,-367.21,33.71,0,0,0,0
1860,0,0,-7.48,-366.95,32.75,0,0,0,0
1861,0,0,-7.48,-366.69,31.78,0,0,0,0
1862,0,0,-7.48,-366.44,30.81,0,0,0,0
1863,0,0,-7.48,-366.18,29.85,0,0,0,0
1864,0,0,-7.48,-365.93,28.88,0,0,0,0
1865,0,0,-7.48,-365.67,27.91,0,0,0,0
1866,0,0,-7.48,-365.41,26.95,0,0,0,0
1867,0,0,-7.48,-365.16,25.98,0,0,0,0
1868,0,0,-7.48,-364.9,25.01,0,0,0,0
1869,0,0,-7.48,-364.65,24.05,0,0,0,0
1870,0,0,-7.48,-364.39,23.08,0,0,0,0
1871,0,0,-7.48,-364.14,22.11,0,0,0,0
1872,0,0,-7.48,-363.88,21.15,0,0,0,0
1873,0,0,-7.48,-363.62,20.18,0,0,0,0
1874,0,0,-7.48,-363.37,19.21,0,0,0,0
1875,0,0,-7.48,-363.11,18.25,0,0,0,0
1876,0,0,-7.48,-362.86,17.28,0,0,0,0
1877,0,0,-7.48,-362.6,16.31,0,0,0,0
1878,0,0,-7.48,-362.35,15.35,0,0,0,0
1879,0,0,-7.48,-362.09,14.38,0,0,0,0
1880,0,0,-7.48,-361.83,13.41,0,0,0,0
1881,0,0,-7.48,-361.58,12.45,0,0,0,0
1882,0,0,-7.48,-361.32,11.48,0,0,0,0
1883,0,0,-7.48,-361.07,10.51,0,0,0,0
1884,0,0,-7.48,-360.81,9.55,0,0,0,0
1885,0,0,-7.48,-360.56,8.58,0,0,0,0
1886,0,0,-7.48,-360.3,7.61,0,0,0,0
1887,0,0,-7.48,-360.04,6.65,0,0,0,0
1888,0,0,-7.48,-359.79,5.68,0,0,0,0
1889,0,0,-7.48,-359.53,4.71,0,0,0,0
1890,0,0,-7.48,-359.28,3.75,0,0,0,0
1891,0,0,-7.48,-359.02,2.78,0,0,0,0
1892,0,0,-7.48,-358.77,1.81,0,0,0,0
1893,0,0,-7.48,-358.51,0.84,0,0,0,0
1894,0,0,-7.48,-358.25,-0.12,0,0,0,0
1895,0,0,-7.48,-358,-1.09,0,0,0,0
1896,0,0,-7.48,-357.74,-2.06,0,0,0,0
1897,0,0,-7.48,-357.49,-3.02,0,0,0,0
1898,0,0,-7.48,-357.23,-3.99,0,0,0,0
1899,0,0,-7.48,-356.98,-4.96,0,0,0,0
1900,0,0,-7.48,-356.72,-5.92,0,0,0,0
1901,0,0,-7.48,-356.46,-6.89,0,0,0,0
1902,0,0,-7.48,-356.21,-7.86,0,0,0,0
1903,0,0,-7.48,-355.95,-8.82,0,0,0,0
1904,0,0,-7.48,-355.7,-9.79,0,0,0,0
1905,0,0,-7.48,-355.44,-10.76,0,0,0,0
1906,0,0,-7.48,-355.19,-11.72,0,0,0,0
1907,0,0,-7.48,-354.93,-12.69,0,0,0,0
1908,0,0,-7.48,-354.67,-13.66,0,0,0,0
1909,0,0,-7.48,-354.42,-14.62,0,0,0,0
1910,0,0,-7.48,-354.16,-15.59,0,0,0,0
1911,0,0,-7.48,-353.91,-16.56,0,0,0,0
1912,0,0,-7.48,-353.65,-17.52,0,0,0,0
1913,0,0,-7.48,-353.39,-18.49,0,0,0,0
1914,0,0,-7.48,-353.14,-19.46,0,0,0,0
1915,0,0,-7.48,-352.88,-20.42,0,0,0,0
1916,0,0,-7.48,-352.63,-21.39,0,0,0,0
1917,0,0,-7.48,-352.37,-22.36,0,0,0,0
1918,0,0,-7.48,-352.12,-23.32,0,0,0,0
1919,0,0,-7.48,-351.86,-24.29,0,0,0,0
1920,0,0,-7.48,-351.6,-25.26,0,0,0,0
1921,0,0,-7.48,-351.35,-26.22,0,0,0,0
1922,0,0,-7.48,-351.09,-27.19,0,0,0,0
1923,0,0,-7.48,-350.84,-28.16,0,0,0,0
1924,0,0,-7.48,-350.58,-29.12,0,0,0,0
1925,0,0,-7.48,-350.33,-30.09,0,0,0,0
1926,0,0,-7.48,-350.07,-31.06,0,0,0,0
1927,0,0,-7.48,-349.81,-32.02,0,0,0,0
1928,0,0,-7.48,-349.56,-32.99,0,0,0,0
1929,0,0,-7.48,-349.3,-33.96,0,0,0,0
1930,0,0,-7.48,-349.05,-34.92,0,0,0,0
1931,0,0,-7.48,-348.79,-35.89,0,0,0,0
1932,0,0,-7.48,-348.54,-36.86,0,0,0,0
1933,0,0,-7.48,-348.28,-37.82,0,0,0,0
1934,0,0,-7.48,-348.02,-38.79,0,0,0,0
1935,0,0,-7.48,-347.77,-39.76,0,0,0,0
1936,0,0,-7.48,-347.51,-40.73,0,0,0,0
1937,0,0,-7.48,-347.26,-41.69,0,0,0,0
1938,0,0,-7.48,-347,-42.66,0,0,0,0
1939,0,0,-7.48,-346.75,-43.63,0,0,0,0
1940,0,0,-7.48,-346.49,-44.59,0,0,0,0
1941,0,0,-7.48,-346.23,-45.56,0,0,0,0
1942,0,0,-7.48,-345.98,-46.53,0,0,0,0
1943,0,0,-7.48,-345.72,-47.49,0,0,0,0
1944,0,0,-7.48,-345.47,-48.46,0,0,0,0
1945,0,0,-7.48,-345.21,-49.43,0,0,0,0
1946,0,0,-7.48,-344.96,-50.39,0,0,0,0
1947,0,0,-7.48,-344.7,-51.36,0,0,0,0
1948,0,0,-7.48,-344.44,-52.33,0,0,0,0
1949,0,0,-7.48,-344.19,-53.29,0,0,0,0
1950,0,0,-7.48,-343.93,-54.26,0,0,0,0
1951,0,0,-7.48,-343.68,-55.23,0,0,0,0
1952,0,0,-7.48,-343.42,-56.19,0,0,0,0
1953,0,0,-7.48,-343.17,-57.16,0,0,0,0
1954,0,0,-7.48,-342.91,-58.13,0,0,0,0
1955,0,0,-7.48,-342.65,-59.09,0,0,0,0
1956,0,0,-7.48,-342.4,-60.06,0,0,0,0
1957,0,0,-7.48,-342.14,-61.03,0,0,0,0
1958,0,0,-7.48,-341.89,-61.99,0,0,0,0
1959,0,0,-7.48,-341.63,-62.96,0,0,0,0
1960,0,0,-7.48,-341.38,-63.93,0,0,0,0
1961,0,0,-7.48,-341.12,-64.89,0,0,0,0
1962,0,0,-7.48,-340.86,-65.86,0,0,0,0
1963,0,0,-7.48,-340.61,-66.83,0,0,0,0
1964,0,0,-7.48,-340.35,-67.79,0,0,0,0
1965,0,0,-7.48,-340.1,-68.76,0,0,0,0
1966,0,0,-7.48,-339.84,-69.73,0,0,0,0
1967,0,0,-7.48,-339.58,-70.69,0,0,0,0
1968,0,0,-7.48,-339.33,-71.66,0,0,0,0
1969,0,0,-7.48,-339.07,-72.63,0,0,0,0
1970,0,0,-7.48,-338.82,-73.59,0,0,0,0
1971,0,0,-7.48,-338.56,-74.56,0,0,0,0
1972,0,0,-7.48,-338.31,-75.53,0,0,0,0
1973,0,0,-7.48,-338.05,-76.49,0,0,0,0
1974,0,0,-7.48,-337.79,-77.46,0,0,0,0
1975,0,0,-7.48,-337.54,-78.43,0,0,0,0
1976,0,0,-7.48,-337.28,-79.39,0,0,0,0
1977,0,0,-7.48,-337.03,-80.36,0,0,0,0
1978,0,0,-7.48,-336.77,-81.33,0,0,0,0
1979,0,0,-7.48,-336.52,-82.3,0,0,0,0
1980,0,0,-7.48,-336.26,-83.26,0,0,0,0
1981,0,0,-7.48,-336,-84.23,0,0,0,0
1982,0,0,-7.48,-335.75,-85.2,0,0,0,0
1983,0,0,-7.48,-335.49,-86.16,0,0,0,0
1984,0,0,-7.48,-335.24,-87.13,0,0,0,0
1985,0,0,-7.48,-334.98,-88.1,0,0,0,0
1986,0,0,-7.48,-334.73,-89.06,0,0,0,0
1987,0,0,-7.48,-334.47,-90.03,0,0,0,0
1988,0,0,-7.48,-334.21,-91,0,0,0,0
1989,0,0,-7.48,-333.96,-91.96,0,0,0,0
1990,0,0,-7.48,-333.7,-92.93,0,0,0,0
1991,0,0,-7.48,-333.45,-93.9,0,0,0,0
1992,0,0,-7.48,-333.19,-94.86,0,0,0,0
1993,0,0,-7.48,-332.94,-95.83,0,0,0,0
1994,0,0,-7.48,-332.68,-96.8,0,0,0,0
1995,0,0,-7.48,-332.42,-97.76,0,0,0,0
1996,0,0,-7.48,-332.17,-98.73,0,0,0,0
1997,0,0,-7.48,-331.91,-99.7,0,0,0,0
1998,0,0,-7.48,-331.66,-100.66,0,0,0,0
1999,0,0,-7.48,-331.4,-101.63,0,0,0,0
2000,0,0,-7.48,-331.15,-102.6,0,0,0,0
2001,0,0,-7.48,-330.89,-103.56,0,0,0,0
2002,0,0,-7.48,-330.63,-104.53,0,0,0,0
2003,0,0,-7.48,-330.38,-105.5,0,0,0,0
2004,0,0,-7.48,-330.12,-106.46,0,0,0,0
2005,0,0,-7.48,-329.87,-107.43,0,0,0,0
2006,0,0,-7.48,-329.61,-108.4,0,0,0,0
2007,0,0,-7.48,-329.36,-109.36,0,0,0,0
2008,0,0,-7.48,-329.1,-110.33,0,0,0,0
2009,0,0,-7.48,-328.84,-111.3,0,0,0,0
2010,0,0,-7.48,-328.59,-112.26,0,0,0,0
2011,0,0,-7.48,-328.33,-113.23,0,0,0,0
2012,0,0,-7.48,-328.08,-114.2,0,0,0,0
2013,0,0,-7.48,-327.82,-115.16,0,0,0,0
2014,0,0,-7.48,-327.56,-116.13,0,0,0,0
2015,0,0,-7.48,-327.31,-117.1,0,0,0,0
2016,0,0,-7.48,-327.05,-118.06,0,0,0,0
2017,0,0,-7.48,-326.8,-119.03,0,0,0,0
2018,0,0,-7.48,-326.54,-120,0,0,0,0
2019,0,0,-7.48,-326.29,-120.97,0,0,0,0
2020,0,0,-7.48,-326.03,-121.93,0,0,0,0
2021,0,0,-7.48,-325.77,-122.9,0,0,0,0
2022,0,0,-7.48,-325.65,-123.37,0,0,0,0
2023,0,0,-7.48,-326.7,-140.91,0,0,0,0
2024,0,0,-7.48,-326.97,-139.95,0,0,0,0
2025,0,0,-7.48,-327.23,-138.99,0,0,0,0
2026,0,0,-7.48,-327.5,-138.02,0,0,0,0
2027,0,0,-7.48,-327.76,-137.06,0,0,0,0
2028,0,0,-7.48,-328.03,-136.09,0,0,0,0
2029,0,0,-7.48,-328.3,-135.13,0,0,0,0
2030,0,0,-7.48,-328.56,-134.17,0,0,0,0
2031,0,0,-7.48,-328.83,-133.2,0,0,0,0
2032,0,0,-7.48,-329.1,-132.24,0,0,0,0
2033,0,0,-7.48,-329.36,-131.27,0,0,0,0
2034,0,0,-7.48,-329.63,-130.31,0,0,0,0
2035,0,0,-7.48,-329.89,-129.35,0,0,0,0
2036,0,0,-7.48,-330.16,-128.38,0,0,0,0
2037,0,0,-7.48,-330.43,-127.42,0,0,0,0
2038,0,0,-7.48,-330.69,-126.45,0,0,0,0
2039,0,0,-7.48,-330.96,-125.49,0,0,0,0
2040,0,0,-7.48,-331.22,-124.53,0,0,0,0
2041,0,0,-7.48,-331.49,-123.56,0,0,0,0
2042,0,0,-7.48,-331.76,-122.6,0,0,0,0
2043,0,0,-7.48,-332.02,-121.63,0,0,0,0
2044,0,0,-7.48,-332.29,-120.67,0,0,0,0
2045,0,0,-7.48,-332.55,-119.71,0,0,0,0
2046,0,0,-7.48,-332.82,-118.74,0,0,0,0
2047,0,0,-7.48,-332.91,-118.18,0,0,0,0
2048,0,0,-7.48,-332.91,-118.18,0,0,0,0
2049,0,0,-7.48,-333.17,-117.22,0,0,0,0
2050,0,0,-7.48,-333.43,-116.25,0,0,0,0
2051,0,0,-7.48,-333.69,-115.28,0,0,0,0
2052,0,0,-7.48,-333.95,-114.32,0,0,0,0
2053,0,0,-7.48,-334.21,-113.35,0,0,0,0
2054,0,0,-7.48,-334.47,-112.39,0,0,0,0
2055,0,0,-7.48,-334.73,-111.42,0,0,0,0
2056,0,0,-7.48,-334.99,-110.46,0,0,0,0
2057,0,0,-7.48,-335.25,-109.49,0,0,0,0
2058,0,0,-7.48,-335.5,-108.52,0,0,0,0
2059,0,0,-7.48,-335.76,-107.56,0,0,0,0
2060,0,0,-7.48,-336.02,-106.59,0,0,0,0
2061,0,0,-7.48,-336.28,-105.63,0,0,0,0
2062,0,0,-7.48,-336.54,-104.66,0,0,0,0
2063,0,0,-7.48,-336.8,-103.7,0,0,0,0
2064,0,0,-7.48,-337.06,-102.73,0,0,0,0
2065,0,0,-7.48,-337.32,-101.76,0,0,0,0
2066,0,0,-7.48,-337.58,-100.8,0,0,0,0
2067,0,0,-7.48,-337.84,-99.83,0,0,0,0
2068,0,0,-7.48,-338.1,-98.87,0,0,0,0
2069,0,0,-7.48,-338.36,-97.9,0,0,0,0
2070,0,0,-7.48,-338.62,-96.94,0,0,0,0
2071,0,0,-7.48,-338.88,-95.97,0,0,0,0
2072,0,0,-7.48,-339.14,-95,0,0,0,0
2073,0,0,-7.48,-339.4,-94.04,0,0,0,0
2074,0,0,-7.48,-339.66,-93.07,0,0,0,0
2075,0,0,-7.48,-339.92,-92.11,0,0,0,0
2076,0,0,-7.48,-340.18,-91.14,0,0,0,0
2077,0,0,-7.48,-340.44,-90.18,0,0,0,0
2078,0,0,-7.48,-340.7,-89.21,0,0,0,0
2079,0,0,-7.48,-340.95,-88.24,0,0,0,0
2080,0,0,-7.48,-341.21,-87.28,0,0,0,0
2081,0,0,-7.48,-341.47,-86.31,0,0,0,0
2082,0,0,-7.48,-341.73,-85.35,0,0,0,0
2083,0,0,-7.48,-341.99,-84.38,0,0,0,0
2084,0,0,-7.48,-342.25,-83.42,0,0,0,0
2085,0,0,-7.48,-342.51,-82.45,0,0,0,0
2086,0,0,-7.48,-342.77,-81.48,0,0,0,0
2087,0,0,-7.48,-343.03,-80.52,0,0,0,0
2088,0,0,-7.48,-343.29,-79.55,0,0,0,0
2089,0,0,-7.48,-343.55,-78.59,0,0,0,0
2090,0,0,-7.48,-343.81,-77.62,0,0,0,0
2091,0,0,-7.48,-344.07,-76.66,0,0,0,0
2092,0,0,-7.48,-344.33,-75.69,0,0,0,0
2093,0,0,-7.48,-344.59,-74.72,0,0,0,0
2094,0,0,-7.48,-344.85,-73.76,0,0,0,0
2095,0,0,-7.48,-345.11,-72.79,0,0,0,0
2096,0,0,-7.48,-345.37,-71.83,0,0,0,0
2097,0,0,-7.48,-345.63,-70.86,0,0,0,0
2098,0,0,-7.48,-345.89,-69.9,0,0,0,0
2099,0,0,-7.48,-346.15,-68.93,0,0,0,0
2100,0,0,-7.48,-346.4,-67.96,0,0,0,0
2101,0,0,-7.48,-346.66,-67,0,0,0,0
2102,0,0,-7.48,-346.92,-66.03,0,0,0,0
2103,0,0,-7.48,-347.18,-65.07,0,0,0,0
2104,0,0,-7.48,-347.44,-64.1,0,0,0,0
2105,0,0,-7.48,-347.7,-63.14,0,0,0,0
2106,0,0,-7.48,-347.96,-62.17,0,0,0,0
2107,0,0,-7.48,-348.22,-61.2,0,0,0,0
2108,0,0,-7.48,-348.48,-60.24,0,0,0,0
2109,0,0,-7.48,-348.74,-59.27,0,0,0,0
2110,0,0,-7.48,-349,-58.31,0,0,0,0
2111,0,0,-7.48,-349.26,-57.34,0,0,0,0
2112,0,0,-7.48,-349.52,-56.37,0,0,0,0
2113,0,0,-7.48,-349.78,-55.41,0,0,0,0
2114,0,0,-7.48,-350.04,-54.44,0,0,0,0
2115,0,0,-7.48,-350.3,-53.48,0,0,0,0
2116,0,0,-7.48,-350.56,-52.51,0,0,0,0
2117,0,0,-7.48,-350.82,-51.55,0,0,0,0
2118,0,0,-7.48,-351.08,-50.58,0,0,0,0
2119,0,0,-7.48,-351.34,-49.61,0,0,0,0
2120,0,0,-7.48,-351.6,-48.65,0,0,0,0
2121,0,0,-7.48,-351.85,-47.68,0,0,0,0
2122,0,0,-7.48,-352.11,-46.72,0,0,0,0
2123,0,0,-7.48,-352.37,-45.75,0,0,0,0
2124,0,0,-7.48,-352.63,-44.79,0,0,0,0
2125,0,0,-7.48,-352.89,-43.82,0,0,0,0
2126,0,0,-7.48,-353.15,-42.85,0,0,0,0
2127,0,0,-7.48,-353.41,-41.89,0,0,0,0
2128,0,0,-7.48,-353.67,-40.92,0,0,0,0
2129,0,0,-7.48,-353.93,-39.96,0,0,0,0
2130,0,0,-7.48,-354.19,-38.99,0,0,0,0
2131,0,0,-7.48,-354.45,-38.03,0,0,0,0
2132,0,0,-7.48,-354.71,-37.06,0,0,0,0
2133,0,0,-7.48,-354.97,-36.09,0,0,0,0
2134,0,0,-7.48,-355.23,-35.13,0,0,0,0
2135,0,0,-7.48,-355.49,-34.16,0,0,0,0
2136,0,0,-7.48,-355.75,-33.2,0,0,0,0
2137,0,0,-7.48,-356.01,-32.23,0,0,0,0
2138,0,0,-7.48,-356.27,-31.27,0,0,0,0
2139,0,0,-7.48,-356.53,-30.3,0,0,0,0
2140,0,0,-7.48,-356.79,-29.33,0,0,0,0
2141,0,0,-7.48,-357.05,-28.37,0,0,0,0
2142,0,0,-7.48,-357.3,-27.4,0,0,0,0
2143,0,0,-7.48,-357.56,-26.44,0,0,0,0
2144,0,0,-7.48,-357.82,-25.47,0,0,0,0
2145,0,0,-7.48,-358.08,-24.51,0,0,0,0
2146,0,0,-7.48,-358.34,-23.54,0,0,0,0
2147,0,0,-7.48,-358.6,-22.57,0,0,0,0
2148,0,0,-7.48,-358.86,-21.61,0,0,0,0
2149,0,0,-7.48,-359.12,-20.64,0,0,0,0
2150,0,0,-7.48,-359.38,-19.68,0,0,0,0
2151,0,0,-7.48,-359.64,-18.71,0,0,0,0
2152,0,0,-7.48,-359.9,-17.75,0,0,0,0
2153,0,0,-7.48,-360.16,-16.78,0,0,0,0
2154,0,0,-7.48,-360.42,-15.81,0,0,0,0
2155,0,0,-7.48,-360.68,-14.85,0,0,0,0
2156,0,0,-7.48,-360.94,-13.88,0,0,0,0
2157,0,0,-7.48,-361.2,-12.92,0,0,0,0
2158,0,0,-7.48,-361.46,-11.95,0,0,0,0
2159,0,0,-7.48,-361.72,-10.99,0,0,0,0
2160,0,0,-7.48,-361.98,-10.02,0,0,0,0
2161,0,0,-7.48,-362.24,-9.05,0,0,0,0
2162,0,0,-7.48,-362.5,-8.09,0,0,0,0
2163,0,0,-7.48,-362.75,-7.12,0,0,0,0
2164,0,0,-7.48,-363.01,-6.16,0,0,0,0
2165,0,0,-7.48,-363.27,-5.19,0,0,0,0
2166,0,0,-7.48,-363.53,-4.23,0,0,0,0
2167,0,0,-7.48,-363.79,-3.26,0,0,0,0
2168,0,0,-7.48,-364.05,-2.29,0,0,0,0
2169,0,0,-7.48,-364.31,-1.33,0,0,0,0
2170,0,0,-7.48,-364.57,-0.36,0,0,0,0
2171,0,0,-7.48,-364.83,0.6,0,0,0,0
2172,0,0,-7.48,-365.09,1.57,0,0,0,0
2173,0,0,-7.48,-365.35,2.54,0,0,0,0
2174,0,0,-7.48,-365.61,3.5,0,0,0,0
2175,0,0,-7.48,-365.87,4.47,0,0,0,0
2176,0,0,-7.48,-366.13,5.43,0,0,0,0
2177,0,0,-7.48,-366.39,6.4,0,0,0,0
2178,0,0,-7.48,-366.65,7.36,0,0,0,0
2179,0,0,-7.48,-366.91,8.33,0,0,0,0
2180,0,0,-7.48,-367.17,9.3,0,0,0,0
2181,0,0,-7.48,-367.43,10.26,0,0,0,0
2182,0,0,-7.48,-367.69,11.23,0,0,0,0
2183,0,0,-7.48,-367.95,12.19,0,0,0,0
2184,0,0,-7.48,-368.2,13.16,0,0,0,0
2185,0,0,-7.48,-368.46,14.12,0,0,0,0
2186,0,0,-7.48,-368.72,15.09,0,0,0,0
2187,0,0,-7.48,-368.98,16.06,0,0,0,0
2188,0,0,-7.48,-369.24,17.02,0,0,0,0
2189,0,0,-7.48,-369.5,17.99,0,0,0,0
2190,0,0,-7.48,-369.76,18.95,0,0,0,0
2191,0,0,-7.48,-370.02,19.92,0,0,0,0
2192,0,0,-7.48,-370.28,20.88,0,0,0,0
2193,0,0,-7.48,-370.54,21.85,0,0,0,0
2194,0,0,-7.48,-370.8,22.82,0,0,0,0
2195,0,0,-7.48,-371.06,23.78,0,0,0,0
2196,0,0,-7.48,-371.32,24.75,0,0,0,0
2197,0,0,-7.48,-371.58,25.71,0,0,0,0
2198,0,0,-7.48,-371.84,26.68,0,0,0,0
2199,0,0,-7.48,-372.1,27.64,0,0,0,0
2200,0,0,-7.48,-372.36,28.61,0,0,0,0
2201,0,0,-7.48,-372.62,29.58,0,0,0,0
2202,0,0,-7.48,-372.88,30.54,0,0,0,0
2203,0,0,-7.48,-373.14,31.51,0,0,0,0
2204,0,0,-7.48,-373.4,32.47,0,0,0,0
2205,0,0,-7.48,-373.65,33.44,0,0,0,0
2206,0,0,-7.48,-373.91,34.4,0,0,0,0
2207,0,0,-7.48,-374.17,35.37,0,0,0,0
2208,0,0,-7.48,-374.43,36.34,0,0,0,0
2209,0,0,-7.48,-374.69,37.3,0,0,0,0
2210,0,0,-7.48,-374.95,38.27,0,0,0,0
2211,0,0,-7.48,-375.21,39.23,0,0,0,0
2212,0,0,-7.48,-375.47,40.2,0,0,0,0
2213,0,0,-7.48,-375.73,41.16,0,0,0,0
2214,0,0,-7.48,-375.99,42.13,0,0,0,0
2215,0,0,-7.48,-376.25,43.1,0,0,0,0
2216,0,0,-7.48,-376.51,44.06,0,0,0,0
2217,0,0,-7.48,-376.77,45.03,0,0,0,0
2218,0,0,-7.48,-377.03,45.99,0,0,0,0
2219,0,0,-7.48,-377.29,46.96,0,0,0,0
2220,0,0,-7.48,-377.55,47.92,0,0,0,0
2221,0,0,-7.48,-377.81,48.89,0,0,0,0
2222,0,0,-7.48,-378.07,49.86,0,0,0,0
2223,0,0,-7.48,-378.33,50.82,0,0,0,0
2224,0,0,-7.48,-378.59,51.79,0,0,0,0
2225,0,0,-7.48,-378.85,52.75,0,0,0,0
2226,0,0,-7.48,-379.1,53.72,0,0,0,0
2227,0,0,-7.48,-379.36,54.68,0,0,0,0
2228,0,0,-7.48,-379.62,55.65,0,0,0,0
2229,0,0,-7.48,-379.88,56.62,0,0,0,0
2230,0,0,-7.48,-380.14,57.58,0,0,0,0
2231,0,0,-7.48,-380.4,58.55,0,0,0,0
2232,0,0,-7.48,-380.66,59.51,0,0,0,0
2233,0,0,-7.48,-380.92,60.48,0,0,0,0
2234,0,0,-7.48,-381.18,61.45,0,0,0,0
2235,0,0,-7.48,-381.44,62.41,0,0,0,0
2236,0,0,-7.48,-381.7,63.38,0,0,0,0
2237,0,0,-7.48,-381.96,64.34,0,0,0,0
2238,0,0,-7.48,-382.22,65.31,0,0,0,0
2239,0,0,-7.48,-382.48,66.27,0,0,0,0
2240,0,0,-7.48,-382.74,67.24,0,0,0,0
2241,0,0,-7.48,-383,68.21,0,0,0,0
2242,0,0,-7.48,-383.26,69.17,0,0,0,0
2243,0,0,-7.48,-383.52,70.14,0,0,0,0
2244,0,0,-7.48,-383.78,71.1,0,0,0,0
2245,0,0,-7.48,-384.04,72.07,0,0,0,0
2246,0,0,-7.48,-384.3,73.03,0,0,0,0
2247,0,0,-7.48,-384.55,74,0,0,0,0
2248,0,0,-7.48,-384.81,74.97,0,0,0,0
2249,0,0,-7.48,-385.07,75.93,0,0,0,0
2250,0,0,-7.48,-385.33,76.9,0,0,0,0
2251,0,0,-7.48,-385.59,77.86,0,0,0,0
2252,0,0,-7.48,-385.85,78.83,0,0,0,0
2253,0,0,-7.48,-386.11,79.79,0,0,0,0
2254,0,0,-7.48,-386.37,80.76,0,0,0,0
2255,0,0,-7.48,-386.63,81.73,0,0,0,0
2256,0,0,-7.48,-386.89,82.69,0,0,0,0
2257,0,0,-7.48,-387.15,83.66,0,0,0,0
2258,0,0,-7.48,-387.41,84.62,0,0,0,0
2259,0,0,-7.48,-387.67,85.59,0,0,0,0
2260,0,0,-7.48,-387.93,86.55,0,0,0,0
2261,0,0,-7.48,-388.19,87.52,0,0,0,0
2262,0,0,-7.48,-388.45,88.49,0,0,0,0
2263,0,0,-7.48,-388.71,89.45,0,0,0,0
2264,0,0,-7.48,-388.97,90.42,0,0,0,0
2265,0,0,-7.48,-389.23,91.38,0,0,0,0
2266,0,0,-7.48,-389.49,92.35,0,0,0,0
2267,0,0,-7.48,-389.75,93.31,0,0,0,0
2268,0,0,-7.48,-390,94.28,0,0,0,0
2269,0,0,-7.48,-390.26,95.25,0,0,0,0
2270,0,0,-7.48,-390.52,96.21,0,0,0,0
2271,0,0,-7.48,-390.78,97.18,0,0,0,0
2272,0,0,-7.48,-391.04,98.14,0,0,0,0
2273,0,0,-7.48,-391.3,99.11,0,0,0,0
2274,0,0,-7.48,-391.56,100.07,0,0,0,0
2275,0,0,-7.48,-391.82,101.04,0,0,0,0
2276,0,0,-7.48,-392.08,102.01,0,0,0,0
2277,0,0,-7.48,-392.34,102.97,0,0,0,0
2278,0,0,-7.48,-392.6,103.94,0,0,0,0
2279,0,0,-7.48,-392.86,104.9,0,0,0,0
2280,0,0,-7.48,-393.12,105.87,0,0,0,0
2281,0,0,-7.48,-393.38,106.83,0,0,0,0
2282,0,0,-7.48,-393.64,107.8,0,0,0,0
2283,0,0,-7.48,-393.74,108.18,0,0,0,0
2284,0,0,-7.48,-378.46,-116.48,0,0,0,0
2285,0,0,-7.47,-377.5,-116.21,0,0,0,0
2286,0,0,-7.47,-376.53,-115.95,0,0,0,0
2287,0,0,-7.46,-375.57,-115.68,0,0,0,0
2288,0,0,-7.45,-374.6,-115.42,0,0,0,0
2289,0,0,-7.44,-373.64,-115.15,0,0,0,0
2290,0,0,-7.44,-372.68,-114.89,0,0,0,0
2291,0,0,-7.43,-371.71,-114.62,0,0,0,0
2292,0,0,-7.42,-370.75,-114.35,0,0,0,0
2293,0,0,-7.42,-369.78,-114.09,0,0,0,0
2294,0,0,-7.41,-368.82,-113.82,0,0,0,0
2295,0,0,-7.4,-367.86,-113.56,0,0,0,0
2296,0,0,-7.4,-366.89,-113.29,0,0,0,0
2297,0,0,-7.39,-365.93,-113.03,0,0,0,0
2298,0,0,-7.38,-364.96,-112.76,0,0,0,0
2299,0,0,-7.37,-364,-112.5,0,0,0,0
2300,0,0,-7.37,-363.04,-112.23,0,0,0,0
2301,0,0,-7.36,-362.07,-111.97,0,0,0,0
2302,0,0,-7.35,-361.11,-111.7,0,0,0,0
2303,0,0,-7.35,-360.14,-111.44,0,0,0,0
2304,0,0,-7.34,-359.18,-111.17,0,0,0,0
2305,0,0,-7.33,-358.21,-110.91,0,0,0,0
2306,0,0,-7.32,-357.25,-110.64,0,0,0,0
2307,0,0,-7.32,-356.29,-110.38,0,0,0,0
2308,0,0,-7.31,-355.32,-110.11,0,0,0,0
2309,0,0,-7.3,-354.36,-109.84,0,0,0,0
2310,0,0,-7.3,-353.39,-109.58,0,0,0,0
2311,0,0,-7.29,-352.43,-109.31,0,0,0,0
2312,0,0,-7.28,-351.47,-109.05,0,0,0,0
2313,0,0,-7.28,-350.5,-108.78,0,0,0,0
2314,0,0,-7.27,-349.54,-108.52,0,0,0,0
2315,0,0,-7.26,-348.57,-108.25,0,0,0,0
2316,0,0,-7.25,-347.61,-107.99,0,0,0,0
2317,0,0,-7.25,-346.64,-107.72,0,0,0,0
2318,0,0,-7.24,-345.68,-107.46,0,0,0,0
2319,0,0,-7.23,-344.72,-107.19,0,0,0,0
2320,0,0,-7.23,-343.75,-106.93,0,0,0,0
2321,0,0,-7.22,-342.79,-106.66,0,0,0,0
2322,0,0,-7.21,-341.82,-106.4,0,0,0,0
2323,0,0,-7.2,-340.86,-106.13,0,0,0,0
2324,0,0,-7.2,-339.9,-105.87,0,0,0,0
2325,0,0,-7.19,-338.93,-105.6,0,0,0,0
2326,0,0,-7.18,-337.97,-105.34,0,0,0,0
2327,0,0,-7.18,-337,-105.07,0,0,0,0
2328,0,0,-7.17,-336.04,-104.8,0,0,0,0
2329,0,0,-7.16,-335.08,-104.54,0,0,0,0
2330,0,0,-7.15,-334.11,-104.27,0,0,0,0
2331,0,0,-7.15,-333.15,-104.01,0,0,0,0
2332,0,0,-7.14,-332.18,-103.74,0,0,0,0
2333,0,0,-7.13,-331.22,-103.48,0,0,0,0
2334,0,0,-7.13,-330.25,-103.21,0,0,0,0
2335,0,0,-7.12,-329.29,-102.95,0,0,0,0
2336,0,0,-7.11,-328.33,-102.68,0,0,0,0
2337,0,0,-7.11,-327.36,-102.42,0,0,0,0
2338,0,0,-7.1,-326.4,-102.15,0,0,0,0
2339,0,0,-7.09,-325.43,-101.89,0,0,0,0
2340,0,0,-7.08,-324.47,-101.62,0,0,0,0
2341,0,0,-7.08,-323.51,-101.36,0,0,0,0
2342,0,0,-7.07,-322.54,-101.09,0,0,0,0
2343,0,0,-7.06,-321.58,-100.83,0,0,0,0
2344,0,0,-7.06,-320.61,-100.56,0,0,0,0
2345,0,0,-7.05,-319.65,-100.29,0,0,0,0
2346,0,0,-7.04,-318.68,-100.03,0,0,0,0
2347,0,0,-7.03,-317.72,-99.76,0,0,0,0
2348,0,0,-7.03,-316.76,-99.5,0,0,0,0
2349,0,0,-7.02,-315.79,-99.23,0,0,0,0
2350,0,0,-7.01,-314.83,-98.97,0,0,0,0
2351,0,0,-7.01,-313.86,-98.7,0,0,0,0
2352,0,0,-7,-312.98,-98.46,0,0,0,0
2353,0,0,-7.3,-354.36,-109.84,0,0,0,0
2354,0,0,-7.31,-353.45,-109.43,0,0,0,0
2355,0,0,-7.32,-352.53,-109.03,0,0,0,0
2356,0,0,-7.32,-351.62,-108.62,0,0,0,0
2357,0,0,-7.33,-350.72,-108.19,0,0,0,0
2358,0,0,-7.34,-349.82,-107.75,0,0,0,0
2359,0,0,-7.34,-348.94,-107.28,0,0,0,0
2360,0,0,-7.35,-348.07,-106.77,0,0,0,0
2361,0,0,-7.36,-347.24,-106.23,0,0,0,0
2362,0,0,-7.37,-346.43,-105.64,0,0,0,0
2363,0,0,-7.37,-345.66,-105,0,0,0,0
2364,0,0,-7.38,-344.93,-104.31,0,0,0,0
2365,0,0,-7.39,-344.27,-103.57,0,0,0,0
2366,0,0,-7.4,-343.65,-102.78,0,0,0,0
2367,0,0,-7.4,-343.11,-101.94,0,0,0,0
2368,0,0,-7.41,-342.63,-101.06,0,0,0,0
2369,0,0,-7.42,-342.22,-100.15,0,0,0,0
2370,0,0,-7.42,-341.87,-99.21,0,0,0,0
2371,0,0,-7.43,-341.59,-98.25,0,0,0,0
2372,0,0,-7.43,-341.37,-97.28,0,0,0,0
2373,0,0,-7.44,-341.19,-96.29,0,0,0,0
2374,0,0,-7.44,-341.08,-95.3,0,0,0,0
2375,0,0,-7.45,-341,-94.3,0,0,0,0
2376,0,0,-7.45,-340.97,-93.3,0,0,0,0
2377,0,0,-7.46,-340.97,-92.3,0,0,0,0
2378,0,0,-7.46,-341.01,-91.3,0,0,0,0
2379,0,0,-7.46,-341.08,-90.3,0,0,0,0
2380,0,0,-7.47,-341.18,-89.31,0,0,0,0
2381,0,0,-7.47,-341.3,-88.32,0,0,0,0
2382,0,0,-7.47,-341.44,-87.33,0,0,0,0
2383,0,0,-7.48,-341.61,-86.34,0,0,0,0
2384,0,0,-7.48,-341.79,-85.36,0,0,0,0
2385,0,0,-7.48,-341.99,-84.38,0,0,0,0
2386,0,0,-7.3,-354.36,-109.84,0,0,0,0
2387,0,0,-7.31,-353.36,-109.73,0,0,0,0
2388,0,0,-7.31,-352.37,-109.6,0,0,0,0
2389,0,0,-7.31,-351.38,-109.47,0,0,0,0
2390,0,0,-7.32,-350.39,-109.33,0,0,0,0
2391,0,0,-7.32,-349.4,-109.2,0,0,0,0
2392,0,0,-7.33,-348.41,-109.06,0,0,0,0
2393,0,0,-7.33,-347.42,-108.92,0,0,0,0
2394,0,0,-7.33,-346.43,-108.79,0,0,0,0
2395,0,0,-7.34,-345.44,-108.67,0,0,0,0
2396,0,0,-7.34,-344.44,-108.56,0,0,0,0
2397,0,0,-7.35,-343.45,-108.47,0,0,0,0
2398,0,0,-7.35,-342.45,-108.4,0,0,0,0
2399,0,0,-7.36,-341.45,-108.35,0,0,0,0
2400,0,0,-7.37,-340.45,-108.34,0,0,0,0
2401,0,0,-7.37,-339.45,-108.37,0,0,0,0
2402,0,0,-7.38,-338.45,-108.45,0,0,0,0
2403,0,0,-7.38,-337.46,-108.58,0,0,0,0
2404,0,0,-7.39,-336.48,-108.78,0,0,0,0
2405,0,0,-7.4,-335.52,-109.05,0,0,0,0
2406,0,0,-7.4,-334.58,-109.4,0,0,0,0
2407,0,0,-7.41,-333.68,-109.84,0,0,0,0
2408,0,0,-7.42,-332.83,-110.35,0,0,0,0
2409,0,0,-7.42,-332.02,-110.95,0,0,0,0
2410,0,0,-7.43,-331.27,-111.61,0,0,0,0
2411,0,0,-7.44,-330.59,-112.34,0,0,0,0
2412,0,0,-7.44,-329.95,-113.11,0,0,0,0
2413,0,0,-7.45,-329.37,-113.93,0,0,0,0
2414,0,0,-7.45,-328.85,-114.78,0,0,0,0
2415,0,0,-7.45,-328.37,-115.65,0,0,0,0
2416,0,0,-7.46,-327.93,-116.55,0,0,0,0
2417,0,0,-7.46,-327.52,-117.47,0,0,0,0
2418,0,0,-7.47,-327.15,-118.4,0,0,0,0
2419,0,0,-7.47,-326.81,-119.34,0,0,0,0
2420,0,0,-7.47,-326.5,-120.29,0,0,0,0
2421,0,0,-7.47,-326.21,-121.24,0,0,0,0
2422,0,0,-7.48,-325.95,-122.21,0,0,0,0
2423,0,0,-7.48,-325.7,-123.18,0,0,0,0
2424,0,0,-7.48,-325.65,-123.37,0,0,0,0
2425,0,0,-7.48,-351.72,-113.23,0,0,0,0
2426,0,0,-7.48,-352.69,-113.49,0,0,0,0
2427,0,0,-7.48,-353.65,-113.76,0,0,0,0
2428,0,0,-7.48,-354.61,-114.03,0,0,0,0
2429,0,0,-7.48,-355.58,-114.29,0,0,0,0
2430,0,0,-7.48,-356.54,-114.56,0,0,0,0
2431,0,0,-7.48,-357.51,-114.82,0,0,0,0
2432,0,0,-7.48,-358.47,-115.09,0,0,0,0
2433,0,0,-7.48,-359.43,-115.36,0,0,0,0
2434,0,0,-7.48,-360.4,-115.62,0,0,0,0
2435,0,0,-7.48,-361.36,-115.89,0,0,0,0
2436,0,0,-7.48,-362.33,-116.15,0,0,0,0
2437,0,0,-7.48,-363.29,-116.42,0,0,0,0
2438,0,0,-7.48,-364.25,-116.69,0,0,0,0
2439,0,0,-7.48,-365.22,-116.95,0,0,0,0
2440,0,0,-7.48,-366.18,-117.22,0,0,0,0
2441,0,0,-7.48,-367.15,-117.48,0,0,0,0
2442,0,0,-7.48,-368.11,-117.75,0,0,0,0
2443,0,0,-7.48,-369.07,-118.02,0,0,0,0
2444,0,0,-7.48,-370.04,-118.28,0,0,0,0
2445,0,0,-7.48,-371,-118.55,0,0,0,0
2446,0,0,-7.48,-371.97,-118.81,0,0,0,0
2447,0,0,-7.48,-372.93,-119.08,0,0,0,0
2448,0,0,-7.48,-373.89,-119.35,0,0,0,0
2449,0,0,-7.48,-374.86,-119.61,0,0,0,0
2450,0,0,-7.48,-375.82,-119.88,0,0,0,0
2451,0,0,-7.48,-376.79,-120.14,0,0,0,0
2452,0,0,-7.48,-377.75,-120.41,0,0,0,0
2453,0,0,-7.48,-378.71,-120.68,0,0,0,0
2454,0,0,-7.48,-379.68,-120.94,0,0,0,0
2455,0,0,-7.48,-380.23,-121.09,0,0,0,0
2456,0,0,-7.48,-334.98,-88.1,0,0,0,0
2457,0,0,-7.48,-334.79,-89.08,0,0,0,0
2458,0,0,-7.48,-334.64,-90.07,0,0,0,0
2459,0,0,-7.48,-334.53,-91.06,0,0,0,0
2460,0,0,-7.48,-334.46,-92.06,0,0,0,0
2461,0,0,-7.48,-334.44,-93.06,0,0,0,0
2462,0,0,-7.48,-334.46,-94.06,0,0,0,0
2463,0,0,-7.48,-334.54,-95.05,0,0,0,0
2464,0,0,-7.48,-334.67,-96.05,0,0,0,0
2465,0,0,-7.48,-334.85,-97.03,0,0,0,0
2466,0,0,-7.48,-335.1,-98,0,0,0,0
2467,0,0,-7.48,-335.39,-98.95,0,0,0,0
2468,0,0,-7.48,-335.74,-99.89,0,0,0,0
2469,0,0,-7.48,-336.14,-100.81,0,0,0,0
2470,0,0,-7.48,-336.6,-101.69,0,0,0,0
2471,0,0,-7.48,-337.11,-102.56,0,0,0,0
2472,0,0,-7.48,-337.66,-103.39,0,0,0,0
2473,0,0,-7.48,-338.26,-104.19,0,0,0,0
2474,0,0,-7.48,-338.89,-104.96,0,0,0,0
2475,0,0,-7.48,-339.57,-105.7,0,0,0,0
2476,0,0,-7.48,-340.27,-106.41,0,0,0,0
2477,0,0,-7.48,-341.01,-107.09,0,0,0,0
2478,0,0,-7.48,-341.77,-107.73,0,0,0,0
2479,0,0,-7.48,-342.56,-108.35,0,0,0,0
2480,0,0,-7.48,-343.37,-108.93,0,0,0,0
2481,0,0,-7.48,-344.2,-109.49,0,0,0,0
2482,0,0,-7.48,-345.05,-110.02,0,0,0,0
2483,0,0,-7.48,-345.91,-110.53,0,0,0,0
2484,0,0,-7.48,-346.79,-111.01,0,0,0,0
2485,0,0,-7.48,-347.68,-111.46,0,0,0,0
2486,0,0,-7.48,-348.58,-111.9,0,0,0,0
2487,0,0,-7.48,-349.49,-112.31,0,0,0,0
2488,0,0,-7.48,-350.41,-112.7,0,0,0,0
2489,0,0,-7.48,-351.34,-113.08,0,0,0,0
2490,0,0,-7.48,-351.72,-113.23,0,0,0,0
2491,0,0,-7.48,-334.98,-88.1,0,0,0,0
2492,0,0,-7.47,-334.62,-89.03,0,0,0,0
2493,0,0,-7.46,-334.23,-89.95,0,0,0,0
2494,0,0,-7.44,-333.79,-90.85,0,0,0,0
2495,0,0,-7.43,-333.32,-91.73,0,0,0,0
2496,0,0,-7.41,-332.8,-92.58,0,0,0,0
2497,0,0,-7.4,-332.24,-93.41,0,0,0,0
2498,0,0,-7.38,-331.62,-94.19,0,0,0,0
2499,0,0,-7.36,-330.95,-94.93,0,0,0,0
2500,0,0,-7.34,-330.22,-95.62,0,0,0,0
2501,0,0,-7.31,-329.44,-96.24,0,0,0,0
2502,0,0,-7.29,-328.61,-96.8,0,0,0,0
2503,0,0,-7.27,-327.73,-97.29,0,0,0,0
2504,0,0,-7.24,-326.82,-97.7,0,0,0,0
2505,0,0,-7.22,-325.89,-98.05,0,0,0,0
2506,0,0,-7.2,-324.93,-98.32,0,0,0,0
2507,0,0,-7.18,-323.95,-98.54,0,0,0,0
2508,0,0,-7.16,-322.96,-98.7,0,0,0,0
2509,0,0,-7.14,-321.97,-98.81,0,0,0,0
2510,0,0,-7.12,-320.97,-98.88,0,0,0,0
2511,0,0,-7.1,-319.97,-98.91,0,0,0,0
2512,0,0,-7.08,-318.97,-98.91,0,0,0,0
2513,0,0,-7.07,-317.97,-98.89,0,0,0,0
2514,0,0,-7.05,-316.97,-98.84,0,0,0,0
2515,0,0,-7.04,-315.98,-98.77,0,0,0,0
2516,0,0,-7.02,-314.98,-98.68,0,0,0,0
2517,0,0,-7.01,-313.99,-98.58,0,0,0,0
2518,0,0,-7,-312.99,-98.46,0,0,0,0
2519,0,0,-7,-312.98,-98.46,0,0,0,0
2520,0,0,-7.48,-332.91,-118.18,0,0,0,0
2521,0,0,-7.48,-333.47,-117.35,0,0,0,0
2522,0,0,-7.48,-334.11,-116.58,0,0,0,0
2523,0,0,-7.48,-334.82,-115.88,0,0,0,0
2524,0,0,-7.48,-335.6,-115.25,0,0,0,0
2525,0,0,-7.48,-336.42,-114.69,0,0,0,0
2526,0,0,-7.48,-337.29,-114.2,0,0,0,0
2527,0,0,-7.48,-338.2,-113.77,0,0,0,0
2528,0,0,-7.48,-339.13,-113.41,0,0,0,0
2529,0,0,-7.48,-340.08,-113.11,0,0,0,0
2530,0,0,-7.48,-341.05,-112.86,0,0,0,0
2531,0,0,-7.48,-342.04,-112.68,0,0,0,0
2532,0,0,-7.48,-343.03,-112.54,0,0,0,0
2533,0,0,-7.48,-344.02,-112.45,0,0,0,0
2534,0,0,-7.48,-345.02,-112.42,0,0,0,0
2535,0,0,-7.48,-346.02,-112.42,0,0,0,0
2536,0,0,-7.48,-347.02,-112.47,0,0,0,0
2537,0,0,-7.48,-348.02,-112.56,0,0,0,0
2538,0,0,-7.48,-349.01,-112.69,0,0,0,0
2539,0,0,-7.48,-350,-112.85,0,0,0,0
2540,0,0,-7.48,-350.98,-113.05,0,0,0,0
2541,0,0,-7.48,-351.72,-113.23,0,0,0,0
2542,0,0,-7,-312.11,-102.29,0,0,0,0
2543,0,0,-7.01,-313.09,-102.48,0,0,0,0
2544,0,0,-7.02,-314.08,-102.64,0,0,0,0
2545,0,0,-7.03,-315.07,-102.78,0,0,0,0
2546,0,0,-7.04,-316.06,-102.89,0,0,0,0
2547,0,0,-7.05,-317.06,-102.98,0,0,0,0
2548,0,0,-7.07,-318.06,-103.03,0,0,0,0
2549,0,0,-7.08,-319.06,-103.06,0,0,0,0
2550,0,0,-7.09,-320.06,-103.05,0,0,0,0
2551,0,0,-7.11,-321.06,-103,0,0,0,0
2552,0,0,-7.12,-322.05,-102.91,0,0,0,0
2553,0,0,-7.14,-323.04,-102.78,0,0,0,0
2554,0,0,-7.15,-324.03,-102.61,0,0,0,0
2555,0,0,-7.17,-325.01,-102.4,0,0,0,0
2556,0,0,-7.18,-325.97,-102.14,0,0,0,0
2557,0,0,-7.2,-326.92,-101.83,0,0,0,0
2558,0,0,-7.21,-327.86,-101.48,0,0,0,0
2559,0,0,-7.23,-328.77,-101.08,0,0,0,0
2560,0,0,-7.25,-329.67,-100.63,0,0,0,0
2561,0,0,-7.26,-330.54,-100.13,0,0,0,0
2562,0,0,-7.28,-331.38,-99.6,0,0,0,0
2563,0,0,-7.29,-332.19,-99.02,0,0,0,0
2564,0,0,-7.31,-332.98,-98.4,0,0,0,0
2565,0,0,-7.32,-333.74,-97.75,0,0,0,0
2566,0,0,-7.33,-334.46,-97.06,0,0,0,0
2567,0,0,-7.35,-335.16,-96.34,0,0,0,0
2568,0,0,-7.36,-335.82,-95.59,0,0,0,0
2569,0,0,-7.37,-336.45,-94.82,0,0,0,0
2570,0,0,-7.38,-337.06,-94.02,0,0,0,0
2571,0,0,-7.4,-337.63,-93.2,0,0,0,0
2572,0,0,-7.41,-338.18,-92.36,0,0,0,0
2573,0,0,-7.42,-338.7,-91.51,0,0,0,0
2574,0,0,-7.43,-339.2,-90.64,0,0,0,0
2575,0,0,-7.43,-339.67,-89.76,0,0,0,0
2576,0,0,-7.44,-340.11,-88.87,0,0,0,0
2577,0,0,-7.45,-340.54,-87.96,0,0,0,0
2578,0,0,-7.46,-340.94,-87.05,0,0,0,0
2579,0,0,-7.47,-341.33,-86.12,0,0,0,0
2580,0,0,-7.47,-341.69,-85.19,0,0,0,0
2581,0,0,-7.48,-341.99,-84.38,0,0,0,0
2582,0,0,-7,-312.11,-102.29,0,0,0,0
2583,0,0,-7.01,-313.01,-102.73,0,0,0,0
2584,0,0,-7.01,-313.91,-103.16,0,0,0,0
2585,0,0,-7.02,-314.82,-103.59,0,0,0,0
2586,0,0,-7.02,-315.73,-104,0,0,0,0
2587,0,0,-7.03,-316.64,-104.41,0,0,0,0
2588,0,0,-7.03,-317.56,-104.81,0,0,0,0
2589,0,0,-7.04,-318.48,-105.19,0,0,0,0
2590,0,0,-7.05,-319.4,-105.57,0,0,0,0
2591,0,0,-7.06,-320.33,-105.94,0,0,0,0
2592,0,0,-7.06,-321.27,-106.3,0,0,0,0
2593,0,0,-7.07,-322.2,-106.65,0,0,0,0
2594,0,0,-7.08,-323.15,-106.98,0,0,0,0
2595,0,0,-7.09,-324.09,-107.3,0,0,0,0
2596,0,0,-7.1,-325.04,-107.61,0,0,0,0
2597,0,0,-7.11,-326,-107.91,0,0,0,0
2598,0,0,-7.12,-326.96,-108.19,0,0,0,0
2599,0,0,-7.13,-327.92,-108.46,0,0,0,0
2600,0,0,-7.14,-328.89,-108.71,0,0,0,0
2601,0,0,-7.16,-329.86,-108.95,0,0,0,0
2602,0,0,-7.17,-330.83,-109.18,0,0,0,0
2603,0,0,-7.18,-331.81,-109.38,0,0,0,0
2604,0,0,-7.19,-332.79,-109.58,0,0,0,0
2605,0,0,-7.21,-333.78,-109.76,0,0,0,0
2606,0,0,-7.22,-334.76,-109.92,0,0,0,0
2607,0,0,-7.24,-335.75,-110.08,0,0,0,0
2608,0,0,-7.25,-336.74,-110.22,0,0,0,0
2609,0,0,-7.27,-337.73,-110.35,0,0,0,0
2610,0,0,-7.28,-338.72,-110.48,0,0,0,0
2611,0,0,-7.3,-339.72,-110.6,0,0,0,0
2612,0,0,-7.32,-340.71,-110.72,0,0,0,0
2613,0,0,-7.33,-341.7,-110.85,0,0,0,0
2614,0,0,-7.35,-342.69,-110.98,0,0,0,0
2615,0,0,-7.37,-343.68,-111.12,0,0,0,0
2616,0,0,-7.38,-344.67,-111.28,0,0,0,0
2617,0,0,-7.4,-345.65,-111.46,0,0,0,0
2618,0,0,-7.41,-346.63,-111.66,0,0,0,0
2619,0,0,-7.43,-347.6,-111.89,0,0,0,0
2620,0,0,-7.44,-348.57,-112.14,0,0,0,0
2621,0,0,-7.45,-349.53,-112.43,0,0,0,0
2622,0,0,-7.47,-350.48,-112.75,0,0,0,0
2623,0,0,-7.48,-351.41,-113.1,0,0,0,0
2624,0,0,-7.48,-351.72,-113.23,0,0,0,0
2625,0,0,-1.02,6.58,-67.2,0,0,0,0
2626,0,0,-1.02,6.26,-66.25,0,0,0,0
2627,0,0,-1.02,5.94,-65.3,0,0,0,0
2628,0,0,-1.02,5.63,-64.35,0,0,0,0
2629,0,0,-1.02,5.32,-63.4,0,0,0,0
2630,0,0,-1.02,5.01,-62.45,0,0,0,0
2631,0,0,-1.02,4.71,-61.5,0,0,0,0
2632,0,0,-1.02,4.41,-60.54,0,0,0,0
2633,0,0,-1.02,4.11,-59.59,0,0,0,0
2634,0,0,-1.02,3.82,-58.63,0,0,0,0
2635,0,0,-1.02,3.53,-57.67,0,0,0,0
2636,0,0,-1.02,3.25,-56.72,0,0,0,0
2637,0,0,-1.02,2.97,-55.76,0,0,0,0
2638,0,0,-1.02,2.69,-54.8,0,0,0,0
2639,0,0,-1.02,2.41,-53.83,0,0,0,0
2640,0,0,-1.02,2.14,-52.87,0,0,0,0
2641,0,0,-1.02,1.87,-51.91,0,0,0,0
2642,0,0,-1.02,1.6,-50.95,0,0,0,0
2643,0,0,-1.02,1.34,-49.98,0,0,0,0
2644,0,0,-1.02,1.07,-49.02,0,0,0,0
2645,0,0,-1.02,0.81,-48.05,0,0,0,0
2646,0,0,-1.02,0.54,-47.09,0,0,0,0
2647,0,0,-1.02,0.28,-46.12,0,0,0,0
2648,0,0,-1.02,0.01,-45.16,0,0,0,0
2649,0,0,-1.02,-0.26,-44.2,0,0,0,0
2650,0,0,-1.02,-0.54,-43.24,0,0,0,0
2651,0,0,-1.02,-0.82,-42.28,0,0,0,0
2652,0,0,-1.02,-1.11,-41.32,0,0,0,0
2653,0,0,-1.02,-1.41,-40.37,0,0,0,0
2654,0,0,-1.02,-1.73,-39.42,0,0,0,0
2655,0,0,-1.02,-2.06,-38.48,0,0,0,0
2656,0,0,-1.02,-2.42,-37.54,0,0,0,0
2657,0,0,-1.02,-2.8,-36.62,0,0,0,0
2658,0,0,-1.02,-3.22,-35.71,0,0,0,0
2659,0,0,-1.02,-3.69,-34.83,0,0,0,0
2660,0,0,-1.02,-4.2,-33.97,0,0,0,0
2661,0,0,-1.02,-4.78,-33.15,0,0,0,0
2662,0,0,-1.02,-5.42,-32.38,0,0,0,0
2663,0,0,-1.02,-6.13,-31.69,0,0,0,0
2664,0,0,-1.02,-6.92,-31.06,0,0,0,0
2665,0,0,-1.02,-7.76,-30.52,0,0,0,0
2666,0,0,-1.02,-8.65,-30.07,0,0,0,0
2667,0,0,-1.02,-9.58,-29.71,0,0,0,0
2668,0,0,-1.02,-10.54,-29.42,0,0,0,0
2669,0,0,-1.02,-11.51,-29.19,0,0,0,0
2670,0,0,-1.02,-12.5,-29.02,0,0,0,0
2671,0,0,-1.02,-13.49,-28.9,0,0,0,0
2672,0,0,-1.02,-14.49,-28.81,0,0,0,0
2673,0,0,-1.02,-15.49,-28.76,0,0,0,0
2674,0,0,-1.02,-16.49,-28.73,0,0,0,0
2675,0,0,-1.02,-17.49,-28.73,0,0,0,0
2676,0,0,-1.02,-18.49,-28.75,0,0,0,0
2677,0,0,-1.02,-19.49,-28.78,0,0,0,0
2678,0,0,-1.02,-20.49,-28.83,0,0,0,0
2679,0,0,-1.02,-21.48,-28.88,0,0,0,0
2680,0,0,-1.02,-21.5,-28.89,0,0,0,0
2681,0,0,-2.07,-0.85,2.58,0,0,0,0
2682,0,0,-2.06,-0.58,1.62,0,0,0,0
2683,0,0,-2.05,-0.32,0.65,0,0,0,0
2684,0,0,-2.04,-0.08,-0.32,0,0,0,0
2685,0,0,-2.03,0.14,-1.29,0,0,0,0
2686,0,0,-2.02,0.34,-2.27,0,0,0,0
2687,0,0,-2,0.52,-3.26,0,0,0,0
2688,0,0,-1.99,0.68,-4.25,0,0,0,0
2689,0,0,-1.98,0.81,-5.24,0,0,0,0
2690,0,0,-1.96,0.92,-6.23,0,0,0,0
2691,0,0,-1.95,0.99,-7.23,0,0,0,0
2692,0,0,-1.93,1.03,-8.23,0,0,0,0
2693,0,0,-1.91,1.04,-9.23,0,0,0,0
2694,0,0,-1.89,1.02,-10.23,0,0,0,0
2695,0,0,-1.87,0.95,-11.22,0,0,0,0
2696,0,0,-1.85,0.84,-12.22,0,0,0,0
2697,0,0,-1.83,0.68,-13.2,0,0,0,0
2698,0,0,-1.81,0.47,-14.18,0,0,0,0
2699,0,0,-1.78,0.21,-15.15,0,0,0,0
2700,0,0,-1.76,-0.11,-16.09,0,0,0,0
2701,0,0,-1.73,-0.49,-17.02,0,0,0,0
2702,0,0,-1.71,-0.92,-17.92,0,0,0,0
2703,0,0,-1.68,-1.41,-18.79,0,0,0,0
2704,0,0,-1.65,-1.96,-19.62,0,0,0,0
2705,0,0,-1.62,-2.57,-20.42,0,0,0,0
2706,0,0,-1.59,-3.23,-21.17,0,0,0,0
2707,0,0,-1.56,-3.94,-21.88,0,0,0,0
2708,0,0,-1.53,-4.69,-22.54,0,0,0,0
2709,0,0,-1.5,-5.48,-23.15,0,0,0,0
2710,0,0,-1.47,-6.3,-23.72,0,0,0,0
2711,0,0,-1.44,-7.14,-24.25,0,0,0,0
2712,0,0,-1.41,-8.02,-24.74,0,0,0,0
2713,0,0,-1.38,-8.91,-25.19,0,0,0,0
2714,0,0,-1.35,-9.82,-25.6,0,0,0,0
2715,0,0,-1.32,-10.75,-25.98,0,0,0,0
2716,0,0,-1.29,-11.68,-26.33,0,0,0,0
2717,0,0,-1.26,-12.63,-26.66,0,0,0,0
2718,0,0,-1.23,-13.58,-26.96,0,0,0,0
2719,0,0,-1.2,-14.54,-27.24,0,0,0,0
2720,0,0,-1.18,-15.5,-27.5,0,0,0,0
2721,0,0,-1.15,-16.47,-27.74,0,0,0,0
2722,0,0,-1.12,-17.45,-27.98,0,0,0,0
2723,0,0,-1.1,-18.42,-28.2,0,0,0,0
2724,0,0,-1.07,-19.4,-28.42,0,0,0,0
2725,0,0,-1.05,-20.37,-28.63,0,0,0,0
2726,0,0,-1.02,-21.35,-28.85,0,0,0,0
2727,0,0,-1.02,-21.5,-28.89,0,0,0,0
2728,0,0,-1.02,7.13,-20.1,0,0,0,0
2729,0,0,-1.03,6.23,-20.53,0,0,0,0
2730,0,0,-1.05,5.31,-20.93,0,0,0,0
2731,0,0,-1.06,4.39,-21.31,0,0,0,0
2732,0,0,-1.08,3.45,-21.67,0,0,0,0
2733,0,0,-1.09,2.52,-22.02,0,0,0,0
2734,0,0,-1.11,1.57,-22.35,0,0,0,0
2735,0,0,-1.13,0.63,-22.68,0,0,0,0
2736,0,0,-1.14,-0.32,-22.99,0,0,0,0
2737,0,0,-1.16,-1.27,-23.29,0,0,0,0
2738,0,0,-1.17,-2.23,-23.59,0,0,0,0
2739,0,0,-1.19,-3.19,-23.88,0,0,0,0
2740,0,0,-1.2,-4.14,-24.17,0,0,0,0
2741,0,0,-1.22,-5.1,-24.45,0,0,0,0
2742,0,0,-1.24,-6.06,-24.72,0,0,0,0
2743,0,0,-1.25,-7.03,-24.99,0,0,0,0
2744,0,0,-1.27,-7.99,-25.26,0,0,0,0
2745,0,0,-1.29,-8.96,-25.52,0,0,0,0
2746,0,0,-1.3,-9.92,-25.77,0,0,0,0
2747,0,0,-1.32,-10.75,-25.98,0,0,0,0
2748,0,0,5.12,-15.55,-23.88,0,0,0,0
2749,0,0,4.72,-15.55,-23.88,0,0,0,0
2750,0,0,4.32,-15.55,-23.88,0,0,0,0
2751,0,0,5.12,26.93,-10.84,0,0,0,0
2752,0,0,4.72,26.93,-10.84,0,0,0,0
2753,0,0,4.32,26.93,-10.84,0,0,0,0
2754,0,0,5.7,16.25,-30.71,0,0,0,0
2755,0,0,5.3,16.25,-30.71,0,0,0,0
2756,0,0,4.9,16.25,-30.71,0,0,0,0
2757,0,0,3.42,9.45,-31.97,0,0,0,0
2758,0,0,3.04,9.42,-32,0,0,0,0
2759,0,0,2.62,9.45,-31.97,0,0,0,0
2760,0,0,5.28,-8.26,0.1,0,0,0,0
2761,0,0,4.88,-8.26,0.1,0,0,0,0
2762,0,0,4.48,-8.26,0.1,0,0,0,0
2763,0,0,3.57,-1.93,-5.07,0,0,0,0
2764,0,0,3.17,-1.93,-5.07,0,0,0,0
2765,0,0,2.77,-1.93,-5.07,0,0,0,0
2766,0,0,2.14,-16.73,-2.17,0,0,0,0
2767,0,0,1.73,-16.73,-2.17,0,0,0,0
2768,0,0,1.32,-16.73,-2.17,0,0,0,0
2769,0,0,2.88,16.54,3.02,0,0,0,0
2770,0,0,6,-77.96,330.78,0,0,0,0
2771,0,0,6,-77.96,330.78,0,0,0,0
2772,0,0,-1.02,30.89,-20.89,0,0,0,0
2773,0,0,-1.02,29.87,-16.53,0,0,0,0
2774,0,0,-1.02,28.85,-12.16,0,0,0,0
2775,0,0,-7.01,-330.71,-116.44,0,0,0,0
2776,0,0,-7.01,-337.49,-118.22,0,0,0,0
2777,0,0,-7.48,-332.7,-88.4,0,0,0,0
2778,0,0,-7.48,-337.93,-89.5,0,0,0,0
2779,0,0,-7.01,-355.38,-106.92,0,0,0,0
2780,0,0,-7.01,-353.99,-111.53,0,0,0,0
2781,0,0,-7,-310.65,-107.38,0,0,0,0
2782,0,0,-7,-311.63,-103.75,0,0,0,0
2783,0,0,-7,-312.78,-100.22,0,0,0,0
2784,0,0,-2.17,11.58,6.92,0,0,0,0
2785,0,0,-2.17,7.67,5.85,0,0,0,0
2786,0,0,-2.17,4.13,4.88,0,0,0,0
2787,0,0,-2.17,0.6,3.91,0,0,0,0
2788,0,0,-2.17,-2.33,3.16,0,0,0,0
2789,0,0,-1.81,-2.58,-43.25,0,0,0,0
2790,0,0,-1.81,2.49,-42.2,0,0,0,0
2791,0,0,-1.81,7.56,-41.14,0,0,0,0
2792,0,0,-1.81,10.84,-40.4,0,0,0,0
2793,0,0,-2,-22.94,-26.56,0,0,0,0
2794,0,0,-2,-24.91,-18.46,0,0,0,0
2795,0,0,-1.02,26.98,-6.9,0,0,0,0
2796,0,0,-1.02,53.33,0.5,0,0,0,0
2797,0,0,-1.02,54.56,-3.31,0,0,0,0
2798,0,0,-1.02,28.12,-10.21,0,0,0,0
2799,0,0,-1.02,55.34,-5.33,0,0,0,0
2800,0,0,-1.02,28.8,-12.14,0,0,0,0
2801,0,0,-1.02,56.22,-9.32,0,0,0,0
2802,0,0,-1.02,29.92,-16.56,0,0,0,0
2803,0,0,-1.81,25.94,-63.75,0,0,0,0
2804,0,0,-1.81,19.28,-37.68,0,0,0,0
2805,0,0,-1.81,22.5,-64.12,0,0,0,0
2806,0,0,-1.81,15.68,-38.29,0,0,0,0
2807,0,0,-1.81,19.32,-65.26,0,0,0,0
2808,0,0,-1.81,12.38,-39.05,0,0,0,0
2809,0,0,-1.81,17.83,-65.73,0,0,0,0
2810,0,0,-1.81,10.37,-39.36,0,0,0,0
2811,0,0,-1.81,14.7,-66.7,0,0,0,0
2812,0,0,-1.81,7.25,-41.06,0,0,0,0
2813,0,0,-1.81,11.38,-67.24,0,0,0,0
2814,0,0,-1.81,3.86,-41.72,0,0,0,0
2815,0,0,-1.81,0.63,-42.41,0,0,0,0
2816,0,0,-1.81,8.23,-67.68,0,0,0,0
2817,0,0,-1.81,5.12,-68.36,0,0,0,0
2818,0,0,-1.81,-4.51,-36.78,0,0,0,0
2819,0,0,-1.81,-5.09,-35.97,0,0,0,0
2820,0,0,-1.81,-5.75,-35.22,0,0,0,0
2821,0,0,-1.81,-6.49,-34.54,0,0,0,0
2822,0,0,-1.81,-7.28,-33.93,0,0,0,0
2823,0,0,-1.81,-8.12,-33.39,0,0,0,0
2824,0,0,-1.81,-9.01,-32.93,0,0,0,0
2825,0,0,-1.81,-9.93,-32.53,0,0,0,0
2826,0,0,-1.81,-10.87,-32.2,0,0,0,0
2827,0,0,-1.81,-11.83,-31.93,0,0,0,0
2828,0,0,-1.81,-12.81,-31.71,0,0,0,0
2829,0,0,-1.81,-13.79,-31.53,0,0,0,0
2830,0,0,-1.81,-14.79,-31.4,0,0,0,0
2831,0,0,-1.81,-15.78,-31.31,0,0,0,0
2832,0,0,-1.81,-16.78,-31.26,0,0,0,0
2833,0,0,-1.81,-17.78,-31.23,0,0,0,0
2834,0,0,-1.81,-18.78,-31.24,0,0,0,0
2835,0,0,-1.81,-19.78,-31.28,0,0,0,0
2836,0,0,-1.81,-20.78,-31.34,0,0,0,0
2837,0,0,-1.81,-21.77,-31.42,0,0,0,0
2838,0,0,-1.81,-22.77,-31.53,0,0,0,0
2839,0,0,-1.81,-23.76,-31.66,0,0,0,0
2840,0,0,-1.81,-24.75,-31.81,0,0,0,0
2841,0,0,-1.81,-25.73,-31.97,0,0,0,0
2842,0,0,-1.81,-26.72,-32.16,0,0,0,0
2843,0,0,-1.81,-27.7,-32.36,0,0,0,0
2844,0,0,-1.81,-28.67,-32.59,0,0,0,0
2845,0,0,-1.81,-29.64,-32.83,0,0,0,0
2846,0,0,-1.81,-30.61,-33.08,0,0,0,0
2847,0,0,-1.85,-31.38,-33.31,0,0,0,0
2848,0,0,-1.84,28.95,-62.84,0,0,0,0
2849,0,0,-1.84,21.43,-33.4,0,0,0,0
2850,0,0,-1.8,21.31,-32.41,0,0,0,0
2851,0,0,-1.76,21.3,-31.41,0,0,0,0
2852,0,0,-1.72,21.41,-30.42,0,0,0,0
2853,0,0,-1.68,21.63,-29.44,0,0,0,0
2854,0,0,-1.63,21.94,-28.49,0,0,0,0
2855,0,0,-1.58,22.33,-27.58,0,0,0,0
2856,0,0,-1.53,22.8,-26.69,0,0,0,0
2857,0,0,-1.48,23.34,-25.85,0,0,0,0
2858,0,0,-1.43,23.94,-25.06,0,0,0,0
2859,0,0,-1.38,24.6,-24.31,0,0,0,0
2860,0,0,-1.34,25.32,-23.61,0,0,0,0
2861,0,0,-1.29,26.07,-22.96,0,0,0,0
2862,0,0,-1.24,26.88,-22.37,0,0,0,0
2863,0,0,-1.19,27.73,-21.84,0,0,0,0
2864,0,0,-1.14,28.62,-21.39,0,0,0,0
2865,0,0,-1.1,29.55,-21.01,0,0,0,0
2866,0,0,-1.06,30.51,-20.74,0,0,0,0
2867,0,0,-1.02,31.38,-20.58,0,0,0,0
2868,0,0,-1.84,55.82,-13.85,0,0,0,0
2869,0,0,-2.17,53.39,4.82,0,0,0,0
2870,0,0,-1.02,24.93,-3.14,0,0,0,0
2871,0,0,-1.02,23.94,-3.28,0,0,0,0
2872,0,0,-1.02,22.96,-3.48,0,0,0,0
2873,0,0,-1.02,21.98,-3.69,0,0,0,0
2874,0,0,-1.02,21,-3.87,0,0,0,0
2875,0,0,-1.02,20.01,-4.01,0,0,0,0
2876,0,0,-1.02,19.01,-4.07,0,0,0,0
2877,0,0,-1.02,18.01,-4.02,0,0,0,0
2878,0,0,-1.02,17.03,-3.84,0,0,0,0
2879,0,0,-1.02,16.09,-3.5,0,0,0,0
2880,0,0,-1.02,15.23,-2.99,0,0,0,0
2881,0,0,-1.02,14.48,-2.33,0,0,0,0
2882,0,0,-1.02,13.84,-1.56,0,0,0,0
2883,0,0,-1.02,13.31,-0.71,0,0,0,0
2884,0,0,-1.02,12.88,0.19,0,0,0,0
2885,0,0,-1.02,12.53,1.13,0,0,0,0
2886,0,0,-1.02,12.24,2.09,0,0,0,0
2887,0,0,-1.02,12.09,2.66,0,0,0,0
2888,0,0,-2.17,0.24,49.44,0,0,0,0
2889,0,0,-2.17,7.53,5.98,0,0,0,0
2890,0,0,-2.17,-3.82,47.37,0,0,0,0
2891,0,0,-2.17,-7.45,47.07,0,0,0,0
2892,0,0,-2.17,3.9,5.09,0,0,0,0
2893,0,0,-2.17,0.47,4.04,0,0,0,0
2894,0,0,-2.17,-10.99,45.76,0,0,0,0
2895,0,0,-2.17,-13.69,45.24,0,0,0,0
2896,0,0,-2.17,-2.18,2.33,0,0,0,0
2897,0,0,-2.17,-15.07,44.35,0,0,0,0
2898,0,0,-2.17,-3.5,1.94,0,0,0,0
2899,0,0,-2.17,-7.01,1.21,0,0,0,0
2900,0,0,-2.17,-17.67,41.69,0,0,0,0
2901,0,0,-2.17,-10.35,0.45,0,0,0,0
2902,0,0,-2.17,-20.65,41.77,0,0,0,0
2903,0,0,-2.56,-23.77,40.46,0,0,0,0
2904,0,0,-2.17,-13,-4.69,0,0,0,0
2905,0,0,-2.17,-13.18,-5.68,0,0,0,0
2906,0,0,-2.18,-13.44,-6.64,0,0,0,0
2907,0,0,-2.19,-13.76,-7.59,0,0,0,0
2908,0,0,-2.19,-14.16,-8.51,0,0,0,0
2909,0,0,-2.2,-14.62,-9.4,0,0,0,0
2910,0,0,-2.21,-15.13,-10.25,0,0,0,0
2911,0,0,-2.22,-15.71,-11.07,0,0,0,0
2912,0,0,-2.22,-16.33,-11.86,0,0,0,0
2913,0,0,-2.23,-16.99,-12.6,0,0,0,0
2914,0,0,-2.24,-17.69,-13.32,0,0,0,0
2915,0,0,-2.25,-18.42,-14,0,0,0,0
2916,0,0,-2.26,-19.19,-14.64,0,0,0,0
2917,0,0,-2.26,-19.97,-15.26,0,0,0,0
2918,0,0,-2.27,-20.78,-15.85,0,0,0,0
2919,0,0,-2.28,-21.61,-16.41,0,0,0,0
2920,0,0,-2.29,-22.45,-16.94,0,0,0,0
2921,0,0,-2.29,-23.31,-17.46,0,0,0,0
2922,0,0,-2.3,-24.19,-17.95,0,0,0,0
2923,0,0,-2.31,-25.07,-18.42,0,0,0,0
2924,0,0,-2.32,-25.96,-18.87,0,0,0,0
2925,0,0,-2.32,-26.86,-19.3,0,0,0,0
2926,0,0,-2.33,-27.77,-19.71,0,0,0,0
2927,0,0,-2.34,-28.69,-20.11,0,0,0,0
2928,0,0,-2.35,-29.61,-20.5,0,0,0,0
2929,0,0,-2.35,-30.54,-20.87,0,0,0,0
2930,0,0,-2.36,-31.48,-21.22,0,0,0,0
2931,0,0,-2.37,-32.41,-21.57,0,0,0,0
2932,0,0,-2.38,-33.36,-21.9,0,0,0,0
2933,0,0,-2.38,-34.3,-22.23,0,0,0,0
2934,0,0,-2.39,-35.25,-22.54,0,0,0,0
2935,0,0,-2.4,-36.2,-22.85,0,0,0,0
2936,0,0,-2.4,-37.16,-23.15,0,0,0,0
2937,0,0,-2.41,-38.12,-23.44,0,0,0,0
2938,0,0,-2.42,-39.07,-23.72,0,0,0,0
2939,0,0,-2.43,-40.04,-23.99,0,0,0,0
2940,0,0,-2.43,-41,-24.26,0,0,0,0
2941,0,0,-2.44,-41.96,-24.53,0,0,0,0
2942,0,0,-2.45,-42.93,-24.79,0,0,0,0
2943,0,0,-2.45,-43.9,-25.04,0,0,0,0
2944,0,0,-2.46,-44.86,-25.29,0,0,0,0
2945,0,0,-2.47,-45.83,-25.54,0,0,0,0
2946,0,0,-2.48,-46.8,-25.78,0,0,0,0
2947,0,0,-2.48,-47.77,-26.03,0,0,0,0
2948,0,0,-2.49,-48.74,-26.27,0,0,0,0
2949,0,0,-2.5,-49.71,-26.51,0,0,0,0
2950,0,0,-2.51,-50.68,-26.75,0,0,0,0
2951,0,0,-2.51,-51.65,-27,0,0,0,0
2952,0,0,-2.52,-52.62,-27.24,0,0,0,0
2953,0,0,-2.53,-53.59,-27.49,0,0,0,0
2954,0,0,-2.53,-54.56,-27.75,0,0,0,0
2955,0,0,-2.54,-55.52,-28.02,0,0,0,0
2956,0,0,-2.55,-56.48,-28.3,0,0,0,0
2957,0,0,-3.76,-181.31,-62.21,0,0,0,0
2958,0,0,-7.4,-314.85,-96.66,0,0,0,0
2959,0,0,-7.41,-315.84,-96.79,0,0,0,0
2960,0,0,-7.41,-316.84,-96.81,0,0,0,0
2961,0,0,-7.41,-317.84,-96.77,0,0,0,0
2962,0,0,-7.42,-318.83,-96.67,0,0,0,0
2963,0,0,-7.42,-319.82,-96.53,0,0,0,0
2964,0,0,-7.43,-320.8,-96.34,0,0,0,0
2965,0,0,-7.43,-321.78,-96.12,0,0,0,0
2966,0,0,-7.44,-322.74,-95.86,0,0,0,0
2967,0,0,-7.44,-323.7,-95.57,0,0,0,0
2968,0,0,-7.45,-324.64,-95.24,0,0,0,0
2969,0,0,-7.45,-325.57,-94.87,0,0,0,0
2970,0,0,-7.45,-326.48,-94.46,0,0,0,0
2971,0,0,-7.46,-327.38,-94,0,0,0,0
2972,0,0,-7.46,-328.24,-93.5,0,0,0,0
2973,0,0,-7.47,-329.08,-92.95,0,0,0,0
2974,0,0,-7.47,-329.87,-92.35,0,0,0,0
2975,0,0,-7.47,-330.62,-91.69,0,0,0,0
2976,0,0,-7.48,-331.31,-90.96,0,0,0,0
2977,0,0,-7.48,-331.93,-90.17,0,0,0,0
2978,0,0,-7.48,-332.3,-89.59,0,0,0,0
2979,0,0,-7.48,-379.34,-114.82,0,0,0,0
2980,0,0,-7.48,-357.66,-108.69,0,0,0,0
2981,0,0,-7.48,-356.69,-108.46,0,0,0,0
2982,0,0,-7.48,-355.74,-108.14,0,0,0,0
2983,0,0,-7.48,-354.82,-107.74,0,0,0,0
2984,0,0,-7.48,-353.93,-107.29,0,0,0,0
2985,0,0,-7.48,-353.06,-106.79,0,0,0,0
2986,0,0,-7.48,-352.22,-106.25,0,0,0,0
2987,0,0,-7.48,-351.41,-105.67,0,0,0,0
2988,0,0,-7.48,-350.62,-105.06,0,0,0,0
2989,0,0,-7.48,-349.85,-104.41,0,0,0,0
2990,0,0,-7.48,-349.12,-103.73,0,0,0,0
2991,0,0,-7.48,-348.41,-103.02,0,0,0,0
2992,0,0,-7.48,-347.74,-102.28,0,0,0,0
2993,0,0,-7.48,-347.1,-101.52,0,0,0,0
2994,0,0,-7.48,-346.49,-100.72,0,0,0,0
2995,0,0,-7.48,-345.93,-99.89,0,0,0,0
2996,0,0,-7.48,-345.41,-99.04,0,0,0,0
2997,0,0,-7.48,-344.94,-98.16,0,0,0,0
2998,0,0,-7.48,-344.52,-97.25,0,0,0,0
2999,0,0,-7.48,-344.16,-96.32,0,0,0,0
3000,0,0,-7.48,-343.86,-95.36,0,0,0,0
3001,0,0,-7.48,-343.63,-94.39,0,0,0,0
3002,0,0,-7.48,-343.48,-93.4,0,0,0,0
3003,0,0,-7.48,-343.41,-92.4,0,0,0,0
3004,0,0,-7.48,-343.41,-91.4,0,0,0,0
3005,0,0,-7.48,-343.5,-90.41,0,0,0,0
3006,0,0,-7.48,-343.67,-89.42,0,0,0,0
3007,0,0,-7.48,-343.78,-88.95,0,0,0,0
3008,0,0,-7.48,-396.85,107.03,0,0,0,0
3009,0,0,-7.48,-390.78,109.33,0,0,0,0
3010,0,0,-7.48,-337.82,-89.39,0,0,0,0
3011,0,0,-7.48,-384.81,111.67,0,0,0,0
3012,0,0,-7.48,-332.3,-89.59,0,0,0,0
3013,0,0,-7.01,-380.36,-118.82,0,0,0,0
3014,0,0,-7.01,-353.82,-111.53,0,0,0,0
3015,0,0,-7.01,-379.14,-123.02,0,0,0,0
3016,0,0,-7.01,-352.29,-115.81,0,0,0,0
3017,0,0,-7.01,-351.36,-115.45,0,0,0,0
3018,0,0,-7.01,-350.41,-115.13,0,0,0,0
3019,0,0,-7.01,-349.45,-114.86,0,0,0,0
3020,0,0,-7.01,-348.47,-114.65,0,0,0,0
3021,0,0,-7.01,-347.48,-114.5,0,0,0,0
3022,0,0,-7.01,-346.48,-114.43,0,0,0,0
3023,0,0,-7.01,-345.48,-114.43,0,0,0,0
3024,0,0,-7.01,-344.49,-114.52,0,0,0,0
3025,0,0,-7.01,-343.5,-114.69,0,0,0,0
3026,0,0,-7.01,-342.54,-114.96,0,0,0,0
3027,0,0,-7.01,-341.6,-115.31,0,0,0,0
3028,0,0,-7.01,-340.7,-115.75,0,0,0,0
3029,0,0,-7.01,-339.85,-116.27,0,0,0,0
3030,0,0,-7.01,-339.04,-116.86,0,0,0,0
3031,0,0,-7.01,-338.29,-117.52,0,0,0,0
3032,0,0,-7.01,-337.59,-118.23,0,0,0,0
3033,0,0,-7.01,-336.94,-118.99,0,0,0,0
3034,0,0,-7.01,-336.34,-119.79,0,0,0,0
3035,0,0,-7.01,-335.79,-120.63,0,0,0,0
3036,0,0,-7.01,-335.28,-121.49,0,0,0,0
3037,0,0,-7.01,-334.81,-122.37,0,0,0,0
3038,0,0,-7.01,-334.39,-123.28,0,0,0,0
3039,0,0,-7.01,-329.17,-140.6,0,0,0,0
3040,0,0,-7.01,-334.27,-123.54,0,0,0,0
3041,0,0,-7.01,-324.33,-140.15,0,0,0,0
3042,0,0,-7.01,-330.77,-116.33,0,0,0,0
3043,0,0,-7.48,-318.65,-138.22,0,0,0,0
3044,0,0,-7.47,-319,-137.28,0,0,0,0
3045,0,0,-7.45,-319.32,-136.33,0,0,0,0
3046,0,0,-7.44,-319.63,-135.38,0,0,0,0
3047,0,0,-7.43,-319.91,-134.42,0,0,0,0
3048,0,0,-7.41,-320.17,-133.46,0,0,0,0
3049,0,0,-7.4,-320.42,-132.49,0,0,0,0
3050,0,0,-7.39,-320.64,-131.51,0,0,0,0
3051,0,0,-7.37,-320.84,-130.53,0,0,0,0
3052,0,0,-7.36,-321.02,-129.55,0,0,0,0
3053,0,0,-7.35,-321.17,-128.56,0,0,0,0
3054,0,0,-7.33,-321.3,-127.57,0,0,0,0
3055,0,0,-7.32,-321.41,-126.58,0,0,0,0
3056,0,0,-7.31,-321.49,-125.58,0,0,0,0
3057,0,0,-7.29,-321.54,-124.58,0,0,0,0
3058,0,0,-7.28,-321.56,-123.58,0,0,0,0
3059,0,0,-7.26,-321.55,-122.58,0,0,0,0
3060,0,0,-7.25,-321.5,-121.58,0,0,0,0
3061,0,0,-7.24,-321.41,-120.59,0,0,0,0
3062,0,0,-7.22,-321.29,-119.6,0,0,0,0
3063,0,0,-7.21,-321.11,-118.61,0,0,0,0
3064,0,0,-7.19,-320.89,-117.64,0,0,0,0
3065,0,0,-7.18,-320.61,-116.68,0,0,0,0
3066,0,0,-7.16,-320.28,-115.73,0,0,0,0
3067,0,0,-7.15,-319.89,-114.81,0,0,0,0
3068,0,0,-7.14,-319.44,-113.92,0,0,0,0
3069,0,0,-7.12,-318.92,-113.06,0,0,0,0
3070,0,0,-7.11,-318.34,-112.25,0,0,0,0
3071,0,0,-7.1,-317.69,-111.49,0,0,0,0
3072,0,0,-7.08,-316.99,-110.78,0,0,0,0
3073,0,0,-7.07,-316.23,-110.13,0,0,0,0
3074,0,0,-7.06,-315.42,-109.54,0,0,0,0
3075,0,0,-7.05,-314.56,-109.02,0,0,0,0
3076,0,0,-7.04,-313.68,-108.56,0,0,0,0
3077,0,0,-7.03,-312.76,-108.17,0,0,0,0
3078,0,0,-7.02,-311.81,-107.84,0,0,0,0
3079,0,0,-7.01,-310.85,-107.56,0,0,0,0
3080,0,0,-7.01,-310.58,-107.49,0,0,0,0
3081,0,0,-2,-79.57,-45.89,0,0,0,0
3082,0,0,-2,-21.97,-26.31,0,0,0,0
3083,0,0,-2,-22.96,-26.49,0,0,0,0
3084,0,0,-2,-23.94,-26.69,0,0,0,0
3085,0,0,-2,-24.91,-26.91,0,0,0,0
3086,0,0,-2,-25.89,-27.14,0,0,0,0
3087,0,0,-2,-26.86,-27.38,0,0,0,0
3088,0,0,-2,-27.82,-27.64,0,0,0,0
3089,0,0,-2,-28.79,-27.89,0,0,0,0
3090,0,0,-2,-29.76,-28.15,0,0,0,0
3091,0,0,-2,-30.72,-28.42,0,0,0,0
3092,0,0,-2,-31.69,-28.68,0,0,0,0
3093,0,0,-2,-32.65,-28.94,0,0,0,0
3094,0,0,-2,-33.62,-29.2,0,0,0,0
3095,0,0,-2,-34.58,-29.45,0,0,0,0
3096,0,0,-2,-35.55,-29.7,0,0,0,0
3097,0,0,-2,-36.53,-29.93,0,0,0,0
3098,0,0,-2,-37.5,-30.16,0,0,0,0
3099,0,0,-2,-38.48,-30.38,0,0,0,0
3100,0,0,-2,-39.45,-30.58,0,0,0,0
3101,0,0,-2,-40.44,-30.77,0,0,0,0
3102,0,0,-2,-41.42,-30.93,0,0,0,0
3103,0,0,-2,-42.41,-31.07,0,0,0,0
3104,0,0,-2,-43.41,-31.19,0,0,0,0
3105,0,0,-2,-44.4,-31.28,0,0,0,0
3106,0,0,-2,-45.4,-31.32,0,0,0,0
3107,0,0,-2,-46.4,-31.33,0,0,0,0
3108,0,0,-2,-47.4,-31.28,0,0,0,0
3109,0,0,-2,-48.39,-31.17,0,0,0,0
3110,0,0,-2,-49.38,-30.99,0,0,0,0
3111,0,0,-2,-49.88,-30.86,0,0,0,0
3112,0,0,-2,-54.79,-32.07,0,0,0,0
3113,0,0,-4,-172.48,-63.26,0,0,0,0
3114,0,0,-7.01,-312.74,-100.41,0,0,0,0
3115,0,0,-1.85,-31.01,-33.11,0,0,0,0
3116,0,0,-2,-79.57,-45.81,0,0,0,0
3117,0,0,0,-329.82,-117.06,0,0,0,0
3118,0,0,0,-329.82,-117.06,0,0,0,0
3119,0,0,-7.01,-288.87,-97.71,0,0,0,0
3120,0,0,-7.01,-311.78,-103.68,0,0,0,0
3121,0,0,-2,-50.88,-35.47,0,0,0,0
3122,0,0,-7.01,-278.9,-95.92,0,0,0,0
3123,0,0,-7.01,-329.37,-140.63,0,0,0,0
3124,0,0,-7.01,-329.73,-139.7,0,0,0,0
3125,0,0,-7.01,-330.07,-138.76,0,0,0,0
3126,0,0,-7.01,-330.37,-137.81,0,0,0,0
3127,0,0,-7.01,-330.66,-136.85,0,0,0,0
3128,0,0,-7.01,-330.93,-135.89,0,0,0,0
3129,0,0,-7.01,-331.19,-134.92,0,0,0,0
3130,0,0,-7.01,-331.44,-133.95,0,0,0,0
3131,0,0,-7.01,-331.69,-132.98,0,0,0,0
3132,0,0,-7.01,-331.94,-132.02,0,0,0,0
3133,0,0,-7.01,-332.19,-131.05,0,0,0,0
3134,0,0,-7.01,-332.45,-130.08,0,0,0,0
3135,0,0,-7.01,-332.72,-129.12,0,0,0,0
3136,0,0,-7.01,-333,-128.16,0,0,0,0
3137,0,0,-7.01,-333.29,-127.2,0,0,0,0
3138,0,0,-7.01,-333.61,-126.25,0,0,0,0
3139,0,0,-7.01,-333.95,-125.31,0,0,0,0
3140,0,0,-7.01,-334.31,-124.38,0,0,0,0
3141,0,0,-7.01,-334.71,-123.46,0,0,0,0
3142,0,0,-7.01,-335.14,-122.56,0,0,0,0
3143,0,0,-7.01,-335.61,-121.68,0,0,0,0
3144,0,0,-7.01,-336.12,-120.82,0,0,0,0
3145,0,0,-7.01,-336.68,-119.99,0,0,0,0
3146,0,0,-7.01,-337.29,-119.2,0,0,0,0
3147,0,0,-7.01,-337.94,-118.44,0,0,0,0
3148,0,0,-7.01,-338.65,-117.74,0,0,0,0
3149,0,0,-7.01,-339.41,-117.09,0,0,0,0
3150,0,0,-7.01,-340.22,-116.5,0,0,0,0
3151,0,0,-7.01,-341.07,-115.97,0,0,0,0
3152,0,0,-7.01,-341.11,-115.95,0,0,0,0
3153,0,0,-7.01,-342.02,-115.52,0,0,0,0
3154,0,0,-7.01,-342.97,-115.2,0,0,0,0
3155,0,0,-7.01,-343.94,-114.98,0,0,0,0
3156,0,0,-7.01,-344.93,-114.85,0,0,0,0
3157,0,0,-7.01,-345.93,-114.82,0,0,0,0
3158,0,0,-7.01,-346.93,-114.86,0,0,0,0
3159,0,0,-7.01,-347.93,-114.97,0,0,0,0
3160,0,0,-7.01,-348.91,-115.12,0,0,0,0
3161,0,0,-7.01,-349.89,-115.32,0,0,0,0
3162,0,0,-7.01,-350.87,-115.56,0,0,0,0
3163,0,0,-7.01,-351.83,-115.82,0,0,0,0
3164,0,0,-7.01,-352.79,-116.1,0,0,0,0
3165,0,0,-7.01,-353.75,-116.4,0,0,0,0
3166,0,0,-7.01,-354.7,-116.71,0,0,0,0
3167,0,0,-7.01,-355.65,-117.02,0,0,0,0
3168,0,0,-7.01,-356.6,-117.31,0,0,0,0
3169,0,0,-7.01,-357.56,-117.61,0,0,0,0
3170,0,0,-7.01,-358.52,-117.89,0,0,0,0
3171,0,0,-7.01,-359.48,-118.17,0,0,0,0
3172,0,0,-7.01,-360.44,-118.45,0,0,0,0
3173,0,0,-7.01,-361.4,-118.73,0,0,0,0
3174,0,0,-7.01,-362.36,-119,0,0,0,0
3175,0,0,-7.01,-363.32,-119.27,0,0,0,0
3176,0,0,-7.01,-364.29,-119.54,0,0,0,0
3177,0,0,-7.01,-365.25,-119.8,0,0,0,0
3178,0,0,-7.01,-366.22,-120.07,0,0,0,0
3179,0,0,-7.01,-367.18,-120.33,0,0,0,0
3180,0,0,-7.01,-368.15,-120.58,0,0,0,0
3181,0,0,-7.01,-369.12,-120.84,0,0,0,0
3182,0,0,-7.01,-370.08,-121.09,0,0,0,0
3183,0,0,-7.01,-371.05,-121.34,0,0,0,0
3184,0,0,-7.01,-372.02,-121.58,0,0,0,0
3185,0,0,-7.01,-372.99,-121.83,0,0,0,0
3186,0,0,-7.01,-373.96,-122.07,0,0,0,0
3187,0,0,-7.01,-374.93,-122.3,0,0,0,0
3188,0,0,-7.01,-375.91,-122.53,0,0,0,0
3189,0,0,-7.01,-376.88,-122.75,0,0,0,0
3190,0,0,-7.01,-377.86,-122.97,0,0,0,0
3191,0,0,-7.01,-378.84,-123.17,0,0,0,0
3192,0,0,-7.01,-378.97,-123.2,0,0,0,0
3193,0,0,-2,4.85,-68.46,0,0,0,0
3194,0,0,-2,4.56,-67.5,0,0,0,0
3195,0,0,-2,4.27,-66.55,0,0,0,0
3196,0,0,-2,3.98,-65.59,0,0,0,0
3197,0,0,-2,3.68,-64.63,0,0,0,0
3198,0,0,-2,3.39,-63.68,0,0,0,0
3199,0,0,-2,3.1,-62.72,0,0,0,0
3200,0,0,-2,2.81,-61.76,0,0,0,0
3201,0,0,-2,2.52,-60.81,0,0,0,0
3202,0,0,-2,2.23,-59.85,0,0,0,0
3203,0,0,-2,1.94,-58.89,0,0,0,0
3204,0,0,-2,1.65,-57.93,0,0,0,0
3205,0,0,-2,1.36,-56.98,0,0,0,0
3206,0,0,-2,1.07,-56.02,0,0,0,0
3207,0,0,-2,0.78,-55.06,0,0,0,0
3208,0,0,-2,0.49,-54.11,0,0,0,0
3209,0,0,-2,0.2,-53.15,0,0,0,0
3210,0,0,-2,-0.09,-52.19,0,0,0,0
3211,0,0,-2,-0.38,-51.24,0,0,0,0
3212,0,0,-2,-0.67,-50.28,0,0,0,0
3213,0,0,-2,-0.97,-49.32,0,0,0,0
3214,0,0,-2,-1.27,-48.37,0,0,0,0
3215,0,0,-2,-1.57,-47.42,0,0,0,0
3216,0,0,-2,-1.87,-46.46,0,0,0,0
3217,0,0,-2,-2.18,-45.51,0,0,0,0
3218,0,0,-2,-2.49,-44.56,0,0,0,0
3219,0,0,-2,-2.67,-43.58,0,0,0,0
3220,0,0,-2,-2.9,-42.6,0,0,0,0
3221,0,0,-2,-3.17,-41.64,0,0,0,0
3222,0,0,-2,-3.49,-40.69,0,0,0,0
3223,0,0,-2.01,-3.87,-39.77,0,0,0,0
3224,0,0,-2.01,-4.17,-38.96,0,0,0,0
3225,0,0,-2.01,-4.49,-37.87,0,0,0,0
3226,0,0,-2.01,-4.94,-36.97,0,0,0,0
3227,0,0,-2.01,-5.48,-36.14,0,0,0,0
3228,0,0,-2.01,-6.12,-35.36,0,0,0,0
3229,0,0,-2.01,-6.83,-34.66,0,0,0,0
3230,0,0,-2.01,-7.63,-34.06,0,0,0,0
3231,0,0,-2.02,-8.48,-33.54,0,0,0,0
3232,0,0,-2.02,-9.38,-33.11,0,0,0,0
3233,0,0,-2.02,-10.32,-32.76,0,0,0,0
3234,0,0,-2.02,-11.29,-32.5,0,0,0,0
3235,0,0,-2.02,-12.27,-32.3,0,0,0,0
3236,0,0,-2.02,-12.66,-32.23,0,0,0,0
3237,0,0,-2.03,-13.63,-32,0,0,0,0
3238,0,0,-2.03,-14.61,-31.81,0,0,0,0
3239,0,0,-2.03,-15.6,-31.68,0,0,0,0
3240,0,0,-2.03,-16.6,-31.59,0,0,0,0
3241,0,0,-2.03,-17.6,-31.55,0,0,0,0
3242,0,0,-2.03,-18.6,-31.54,0,0,0,0
3243,0,0,-2.04,-19.6,-31.56,0,0,0,0
3244,0,0,-2.04,-20.6,-31.62,0,0,0,0
3245,0,0,-2.04,-21.59,-31.7,0,0,0,0
3246,0,0,-2.04,-22.59,-31.81,0,0,0,0
3247,0,0,-2.04,-23.58,-31.94,0,0,0,0
3248,0,0,-2.04,-24.57,-32.1,0,0,0,0
3249,0,0,-2.05,-25.55,-32.27,0,0,0,0
3250,0,0,-2.05,-26.53,-32.46,0,0,0,0
3251,0,0,-2.05,-27.51,-32.67,0,0,0,0
3252,0,0,-2.05,-28.49,-32.89,0,0,0,0
3253,0,0,-2.05,-29.46,-33.12,0,0,0,0
3254,0,0,-2.06,-30.43,-33.37,0,0,0,0
3255,0,0,-2.06,-31.4,-33.62,0,0,0,0
3256,0,0,-2.06,-32.36,-33.87,0,0,0,0
3257,0,0,-2.06,-33.33,-34.12,0,0,0,0
3258,0,0,-2.06,-34.3,-34.36,0,0,0,0
3259,0,0,-2.07,-35.27,-34.62,0,0,0,0
3260,0,0,-2.08,-36.24,-34.87,0,0,0,0
3261,0,0,-2.08,-37.2,-35.12,0,0,0,0
3262,0,0,-2.09,-38.17,-35.38,0,0,0,0
3263,0,0,-2.09,-39.14,-35.63,0,0,0,0
3264,0,0,-2.1,-40.11,-35.88,0,0,0,0
3265,0,0,-2.1,-41.07,-36.14,0,0,0,0
3266,0,0,-2.11,-42.04,-36.39,0,0,0,0
3267,0,0,-2.12,-43.01,-36.64,0,0,0,0
3268,0,0,-2.12,-43.98,-36.9,0,0,0,0
3269,0,0,-2.13,-44.94,-37.15,0,0,0,0
3270,0,0,-2.13,-45.91,-37.4,0,0,0,0
3271,0,0,-2.14,-46.88,-37.65,0,0,0,0
3272,0,0,-2.14,-47.84,-37.91,0,0,0,0
3273,0,0,-2.15,-48.81,-38.16,0,0,0,0
3274,0,0,-2.16,-49.78,-38.41,0,0,0,0
3275,0,0,-2.16,-50.75,-38.67,0,0,0,0
3276,0,0,-2.17,-51.71,-38.92,0,0,0,0
3277,0,0,-2.17,-52.68,-39.17,0,0,0,0
3278,0,0,-2.18,-53.65,-39.43,0,0,0,0
3279,0,0,-2.19,-54.62,-39.68,0,0,0,0
3280,0,0,-2.19,-55.58,-39.93,0,0,0,0
3281,0,0,-2.2,-56.55,-40.19,0,0,0,0
3282,0,0,-2.2,-57.52,-40.44,0,0,0,0
3283,0,0,-2.21,-58.48,-40.7,0,0,0,0
3284,0,0,-2.23,-59.45,-40.97,0,0,0,0
3285,0,0,-2.24,-60.41,-41.23,0,0,0,0
3286,0,0,-2.25,-61.38,-41.49,0,0,0,0
3287,0,0,-2.26,-62.34,-41.75,0,0,0,0
3288,0,0,-2.27,-63.31,-42.01,0,0,0,0
3289,0,0,-2.28,-64.27,-42.27,0,0,0,0
3290,0,0,-2.29,-65.24,-42.53,0,0,0,0
3291,0,0,-2.3,-66.2,-42.79,0,0,0,0
3292,0,0,-2.31,-67.17,-43.05,0,0,0,0
3293,0,0,-2.32,-68.14,-43.31,0,0,0,0
3294,0,0,-2.33,-69.1,-43.57,0,0,0,0
3295,0,0,-2.34,-70.07,-43.83,0,0,0,0
3296,0,0,-2.35,-71.03,-44.09,0,0,0,0
3297,0,0,-2.36,-72,-44.35,0,0,0,0
3298,0,0,-2.37,-72.97,-44.61,0,0,0,0
3299,0,0,-2.38,-73.93,-44.87,0,0,0,0
3300,0,0,-2.39,-74.9,-45.13,0,0,0,0
3301,0,0,-2.4,-75.86,-45.38,0,0,0,0
3302,0,0,-2.41,-76.83,-45.64,0,0,0,0
3303,0,0,-2.42,-77.8,-45.9,0,0,0,0
3304,0,0,-2.43,-78.76,-46.16,0,0,0,0
3305,0,0,-2.44,-79.73,-46.41,0,0,0,0
3306,0,0,-2.45,-80.69,-46.67,0,0,0,0
3307,0,0,-2.46,-81.66,-46.93,0,0,0,0
3308,0,0,-2.47,-82.63,-47.19,0,0,0,0
3309,0,0,-2.48,-83.59,-47.44,0,0,0,0
3310,0,0,-2.49,-84.56,-47.7,0,0,0,0
3311,0,0,-2.5,-85.53,-47.96,0,0,0,0
3312,0,0,-2.51,-86.49,-48.21,0,0,0,0
3313,0,0,-2.52,-87.46,-48.47,0,0,0,0
3314,0,0,-2.53,-88.42,-48.73,0,0,0,0
3315,0,0,-2.54,-89.39,-48.99,0,0,0,0
3316,0,0,-2.55,-90.36,-49.24,0,0,0,0
3317,0,0,-2.56,-91.32,-49.5,0,0,0,0
3318,0,0,-2.57,-92.29,-49.75,0,0,0,0
3319,0,0,-2.58,-93.26,-50.01,0,0,0,0
3320,0,0,-2.59,-94.22,-50.27,0,0,0,0
3321,0,0,-2.6,-95.19,-50.52,0,0,0,0
3322,0,0,-2.61,-96.16,-50.78,0,0,0,0
3323,0,0,-2.62,-97.12,-51.04,0,0,0,0
3324,0,0,-2.63,-98.09,-51.29,0,0,0,0
3325,0,0,-2.64,-99.06,-51.55,0,0,0,0
3326,0,0,-2.65,-100.02,-51.8,0,0,0,0
3327,0,0,-2.66,-100.99,-52.06,0,0,0,0
3328,0,0,-2.67,-101.96,-52.32,0,0,0,0
3329,0,0,-2.68,-102.92,-52.57,0,0,0,0
3330,0,0,-2.68,-103.89,-52.83,0,0,0,0
3331,0,0,-2.69,-104.86,-53.08,0,0,0,0
3332,0,0,-2.7,-105.82,-53.34,0,0,0,0
3333,0,0,-2.71,-106.79,-53.6,0,0,0,0
3334,0,0,-2.72,-107.76,-53.85,0,0,0,0
3335,0,0,-2.73,-108.72,-54.11,0,0,0,0
3336,0,0,-2.74,-109.69,-54.36,0,0,0,0
3337,0,0,-2.75,-110.66,-54.62,0,0,0,0
3338,0,0,-2.76,-111.62,-54.88,0,0,0,0
3339,0,0,-2.77,-112.59,-55.13,0,0,0,0
3340,0,0,-2.78,-113.56,-55.39,0,0,0,0
3341,0,0,-2.79,-114.52,-55.64,0,0,0,0
3342,0,0,-2.8,-115.49,-55.9,0,0,0,0
3343,0,0,-2.81,-116.46,-56.15,0,0,0,0
3344,0,0,-2.82,-117.42,-56.41,0,0,0,0
3345,0,0,-2.83,-118.39,-56.67,0,0,0,0
3346,0,0,-2.84,-119.36,-56.92,0,0,0,0
3347,0,0,-2.85,-120.32,-57.18,0,0,0,0
3348,0,0,-2.85,-121.29,-57.43,0,0,0,0
3349,0,0,-2.86,-122.26,-57.69,0,0,0,0
3350,0,0,-2.87,-123.22,-57.94,0,0,0,0
3351,0,0,-2.88,-124.19,-58.2,0,0,0,0
3352,0,0,-2.89,-125.16,-58.46,0,0,0,0
3353,0,0,-2.9,-126.12,-58.71,0,0,0,0
3354,0,0,-2.91,-127.09,-58.97,0,0,0,0
3355,0,0,-2.92,-128.06,-59.22,0,0,0,0
3356,0,0,-2.93,-129.02,-59.48,0,0,0,0
3357,0,0,-2.94,-129.99,-59.73,0,0,0,0
3358,0,0,-2.95,-130.96,-59.99,0,0,0,0
3359,0,0,-2.96,-131.92,-60.25,0,0,0,0
3360,0,0,-2.97,-132.89,-60.51,0,0,0,0
3361,0,0,-2.98,-133.85,-60.77,0,0,0,0
3362,0,0,-3,-134.82,-61.03,0,0,0,0
3363,0,0,-3.01,-135.78,-61.29,0,0,0,0
3364,0,0,-3.02,-136.75,-61.56,0,0,0,0
3365,0,0,-3.03,-137.71,-61.82,0,0,0,0
3366,0,0,-3.05,-138.68,-62.08,0,0,0,0
3367,0,0,-3.06,-139.64,-62.34,0,0,0,0
3368,0,0,-3.07,-140.61,-62.6,0,0,0,0
3369,0,0,-3.08,-141.57,-62.87,0,0,0,0
3370,0,0,-3.1,-142.54,-63.13,0,0,0,0
3371,0,0,-3.11,-143.5,-63.39,0,0,0,0
3372,0,0,-3.12,-144.47,-63.65,0,0,0,0
3373,0,0,-3.13,-145.43,-63.91,0,0,0,0
3374,0,0,-3.15,-146.4,-64.18,0,0,0,0
3375,0,0,-3.16,-147.36,-64.44,0,0,0,0
3376,0,0,-3.17,-148.33,-64.7,0,0,0,0
3377,0,0,-3.18,-149.29,-64.96,0,0,0,0
3378,0,0,-3.2,-150.26,-65.22,0,0,0,0
3379,0,0,-3.21,-151.22,-65.49,0,0,0,0
3380,0,0,-3.22,-152.19,-65.75,0,0,0,0
3381,0,0,-3.23,-153.15,-66.01,0,0,0,0
3382,0,0,-3.25,-154.12,-66.27,0,0,0,0
3383,0,0,-3.26,-155.08,-66.53,0,0,0,0
3384,0,0,-3.27,-156.05,-66.8,0,0,0,0
3385,0,0,-3.28,-157.01,-67.06,0,0,0,0
3386,0,0,-3.29,-157.98,-67.32,0,0,0,0
3387,0,0,-3.31,-158.94,-67.58,0,0,0,0
3388,0,0,-3.32,-159.91,-67.84,0,0,0,0
3389,0,0,-3.33,-160.87,-68.11,0,0,0,0
3390,0,0,-3.34,-161.84,-68.37,0,0,0,0
3391,0,0,-3.36,-162.8,-68.63,0,0,0,0
3392,0,0,-3.37,-163.77,-68.89,0,0,0,0
3393,0,0,-3.38,-164.73,-69.15,0,0,0,0
3394,0,0,-3.39,-165.7,-69.42,0,0,0,0
3395,0,0,-3.41,-166.66,-69.68,0,0,0,0
3396,0,0,-3.42,-167.63,-69.94,0,0,0,0
3397,0,0,-3.43,-168.59,-70.2,0,0,0,0
3398,0,0,-3.44,-169.56,-70.46,0,0,0,0
3399,0,0,-3.46,-170.52,-70.73,0,0,0,0
3400,0,0,-3.47,-171.49,-70.99,0,0,0,0
3401,0,0,-3.48,-172.45,-71.25,0,0,0,0
3402,0,0,-3.49,-173.42,-71.51,0,0,0,0
3403,0,0,-3.51,-174.38,-71.77,0,0,0,0
3404,0,0,-3.52,-175.35,-72.04,0,0,0,0
3405,0,0,-3.53,-176.31,-72.3,0,0,0,0
3406,0,0,-3.54,-177.28,-72.56,0,0,0,0
3407,0,0,-3.56,-178.24,-72.82,0,0,0,0
3408,0,0,-3.57,-179.21,-73.08,0,0,0,0
3409,0,0,-3.58,-180.17,-73.35,0,0,0,0
3410,0,0,-3.59,-181.14,-73.61,0,0,0,0
3411,0,0,-3.61,-182.1,-73.87,0,0,0,0
3412,0,0,-3.62,-183.07,-74.13,0,0,0,0
3413,0,0,-3.63,-184.03,-74.39,0,0,0,0
3414,0,0,-3.64,-185,-74.66,0,0,0,0
3415,0,0,-3.66,-185.96,-74.92,0,0,0,0
3416,0,0,-3.67,-186.93,-75.18,0,0,0,0
3417,0,0,-3.68,-187.89,-75.44,0,0,0,0
3418,0,0,-3.69,-188.86,-75.71,0,0,0,0
3419,0,0,-3.71,-189.82,-75.97,0,0,0,0
3420,0,0,-3.72,-190.79,-76.23,0,0,0,0
3421,0,0,-3.73,-191.75,-76.49,0,0,0,0
3422,0,0,-3.74,-192.72,-76.75,0,0,0,0
3423,0,0,-3.76,-193.68,-77.02,0,0,0,0
3424,0,0,-3.77,-194.65,-77.28,0,0,0,0
3425,0,0,-3.78,-195.61,-77.54,0,0,0,0
3426,0,0,-3.79,-196.58,-77.8,0,0,0,0
3427,0,0,-3.81,-197.54,-78.06,0,0,0,0
3428,0,0,-3.82,-198.51,-78.33,0,0,0,0
3429,0,0,-3.83,-199.47,-78.59,0,0,0,0
3430,0,0,-3.83,-199.47,-78.59,0,0,0,0
3431,0,0,-3.84,-200.44,-78.85,0,0,0,0
3432,0,0,-3.86,-201.4,-79.11,0,0,0,0
3433,0,0,-3.87,-202.37,-79.37,0,0,0,0
3434,0,0,-3.88,-203.33,-79.64,0,0,0,0
3435,0,0,-3.89,-204.3,-79.9,0,0,0,0
3436,0,0,-3.9,-205.26,-80.16,0,0,0,0
3437,0,0,-3.92,-206.23,-80.42,0,0,0,0
3438,0,0,-3.93,-207.19,-80.68,0,0,0,0
3439,0,0,-3.94,-208.16,-80.95,0,0,0,0
3440,0,0,-3.95,-209.12,-81.21,0,0,0,0
3441,0,0,-3.97,-210.09,-81.47,0,0,0,0
3442,0,0,-3.98,-211.05,-81.73,0,0,0,0
3443,0,0,-3.99,-212.02,-81.99,0,0,0,0
3444,0,0,-4,-212.98,-82.26,0,0,0,0
3445,0,0,-4.02,-213.95,-82.52,0,0,0,0
3446,0,0,-4.03,-214.91,-82.78,0,0,0,0
3447,0,0,-4.04,-215.88,-83.04,0,0,0,0
3448,0,0,-4.05,-216.84,-83.3,0,0,0,0
3449,0,0,-4.07,-217.81,-83.57,0,0,0,0
3450,0,0,-4.08,-218.77,-83.83,0,0,0,0
3451,0,0,-4.09,-219.74,-84.09,0,0,0,0
3452,0,0,-4.1,-220.7,-84.35,0,0,0,0
3453,0,0,-4.12,-221.67,-84.61,0,0,0,0
3454,0,0,-4.13,-222.63,-84.88,0,0,0,0
3455,0,0,-4.14,-223.6,-85.14,0,0,0,0
3456,0,0,-4.15,-224.56,-85.4,0,0,0,0
3457,0,0,-4.17,-225.53,-85.66,0,0,0,0
3458,0,0,-4.18,-226.49,-85.92,0,0,0,0
3459,0,0,-4.19,-227.46,-86.19,0,0,0,0
3460,0,0,-4.2,-228.42,-86.45,0,0,0,0
3461,0,0,-4.22,-229.39,-86.71,0,0,0,0
3462,0,0,-4.23,-230.35,-86.97,0,0,0,0
3463,0,0,-4.24,-231.32,-87.23,0,0,0,0
3464,0,0,-4.25,-232.28,-87.5,0,0,0,0
3465,0,0,-4.27,-233.25,-87.76,0,0,0,0
3466,0,0,-4.28,-234.21,-88.02,0,0,0,0
3467,0,0,-4.29,-235.18,-88.28,0,0,0,0
3468,0,0,-4.3,-236.14,-88.54,0,0,0,0
3469,0,0,-4.32,-237.11,-88.81,0,0,0,0
3470,0,0,-4.33,-238.07,-89.07,0,0,0,0
3471,0,0,-4.34,-239.04,-89.33,0,0,0,0
3472,0,0,-4.35,-240,-89.59,0,0,0,0
3473,0,0,-4.37,-240.97,-89.85,0,0,0,0
3474,0,0,-4.38,-241.93,-90.12,0,0,0,0
3475,0,0,-3.73,-191.75,-76.49,0,0,0,0
3476,0,0,-4.41,-243.84,-90.65,0,0,0,0
3477,0,0,-4.44,-244.81,-90.92,0,0,0,0
3478,0,0,-4.46,-245.77,-91.19,0,0,0,0
3479,0,0,-4.48,-246.73,-91.47,0,0,0,0
3480,0,0,-4.51,-247.69,-91.74,0,0,0,0
3481,0,0,-4.53,-248.66,-92,0,0,0,0
3482,0,0,-4.55,-249.62,-92.27,0,0,0,0
3483,0,0,-4.58,-250.58,-92.54,0,0,0,0
3484,0,0,-4.6,-251.55,-92.8,0,0,0,0
3485,0,0,-4.62,-252.51,-93.07,0,0,0,0
3486,0,0,-4.64,-253.47,-93.33,0,0,0,0
3487,0,0,-4.67,-254.44,-93.6,0,0,0,0
3488,0,0,-4.69,-255.4,-93.86,0,0,0,0
3489,0,0,-4.71,-256.37,-94.12,0,0,0,0
3490,0,0,-4.74,-257.33,-94.38,0,0,0,0
3491,0,0,-4.76,-258.3,-94.64,0,0,0,0
3492,0,0,-4.78,-259.26,-94.9,0,0,0,0
3493,0,0,-4.81,-260.23,-95.16,0,0,0,0
3494,0,0,-4.83,-261.19,-95.42,0,0,0,0
3495,0,0,-4.85,-262.16,-95.68,0,0,0,0
3496,0,0,-4.88,-263.13,-95.94,0,0,0,0
3497,0,0,-4.9,-264.09,-96.19,0,0,0,0
3498,0,0,-4.92,-265.06,-96.45,0,0,0,0
3499,0,0,-4.94,-266.03,-96.71,0,0,0,0
3500,0,0,-4.97,-266.99,-96.96,0,0,0,0
3501,0,0,-4.99,-267.96,-97.22,0,0,0,0
3502,0,0,-5.01,-268.92,-97.47,0,0,0,0
3503,0,0,-5.04,-269.89,-97.73,0,0,0,0
3504,0,0,-5.06,-270.86,-97.98,0,0,0,0
3505,0,0,-5.08,-271.83,-98.24,0,0,0,0
3506,0,0,-5.11,-272.79,-98.49,0,0,0,0
3507,0,0,-5.13,-273.76,-98.74,0,0,0,0
3508,0,0,-5.15,-274.73,-99,0,0,0,0
3509,0,0,-5.17,-275.69,-99.25,0,0,0,0
3510,0,0,-5.2,-276.66,-99.5,0,0,0,0
3511,0,0,-5.22,-277.63,-99.76,0,0,0,0
3512,0,0,-5.24,-278.6,-100.01,0,0,0,0
3513,0,0,-5.27,-279.56,-100.26,0,0,0,0
3514,0,0,-5.29,-280.53,-100.51,0,0,0,0
3515,0,0,-5.31,-281.5,-100.77,0,0,0,0
3516,0,0,-5.33,-282.46,-101.02,0,0,0,0
3517,0,0,-5.36,-283.43,-101.27,0,0,0,0
3518,0,0,-5.38,-284.4,-101.52,0,0,0,0
3519,0,0,-5.4,-285.37,-101.78,0,0,0,0
3520,0,0,-5.43,-286.33,-102.03,0,0,0,0
3521,0,0,-5.45,-287.3,-102.28,0,0,0,0
3522,0,0,-5.47,-288.27,-102.53,0,0,0,0
3523,0,0,-5.49,-289.24,-102.79,0,0,0,0
3524,0,0,-5.52,-290.2,-103.04,0,0,0,0
3525,0,0,-5.54,-291.17,-103.29,0,0,0,0
3526,0,0,-5.56,-292.14,-103.55,0,0,0,0
3527,0,0,-5.58,-293.1,-103.8,0,0,0,0
3528,0,0,-5.61,-294.07,-104.06,0,0,0,0
3529,0,0,-5.63,-295.04,-104.32,0,0,0,0
3530,0,0,-5.65,-295.94,-104.56,0,0,0,0
3531,0,0,-5.68,-296.91,-104.81,0,0,0,0
3532,0,0,-5.72,-297.88,-105.06,0,0,0,0
3533,0,0,-5.75,-298.85,-105.31,0,0,0,0
3534,0,0,-5.78,-299.82,-105.55,0,0,0,0
3535,0,0,-5.82,-300.79,-105.79,0,0,0,0
3536,0,0,-5.85,-301.76,-106.03,0,0,0,0
3537,0,0,-5.88,-302.73,-106.27,0,0,0,0
3538,0,0,-5.92,-303.7,-106.51,0,0,0,0
3539,0,0,-5.95,-304.66,-106.77,0,0,0,0
3540,0,0,-5.98,-305.63,-107.02,0,0,0,0
3541,0,0,-6.02,-306.59,-107.29,0,0,0,0
3542,0,0,-6.05,-307.55,-107.57,0,0,0,0
3543,0,0,-6.09,-308.51,-107.87,0,0,0,0
3544,0,0,-6.12,-309.46,-108.18,0,0,0,0
3545,0,0,-6.16,-310.4,-108.51,0,0,0,0
3546,0,0,-6.19,-311.34,-108.86,0,0,0,0
3547,0,0,-6.23,-312.26,-109.23,0,0,0,0
3548,0,0,-6.26,-313.18,-109.63,0,0,0,0
3549,0,0,-6.3,-314.08,-110.07,0,0,0,0
3550,0,0,-6.34,-314.96,-110.54,0,0,0,0
3551,0,0,-6.37,-315.81,-111.06,0,0,0,0
3552,0,0,-6.41,-316.64,-111.62,0,0,0,0
3553,0,0,-6.45,-317.41,-112.25,0,0,0,0
3554,0,0,-6.49,-318.14,-112.94,0,0,0,0
3555,0,0,-6.53,-318.78,-113.7,0,0,0,0
3556,0,0,-6.57,-319.34,-114.53,0,0,0,0
3557,0,0,-6.6,-319.77,-115.43,0,0,0,0
3558,0,0,-6.64,-320.08,-116.38,0,0,0,0
3559,0,0,-6.66,-320.2,-117.04,0,0,0,0
3560,0,0,-6.71,-320.48,-118,0,0,0,0
3561,0,0,-6.76,-320.7,-118.97,0,0,0,0
3562,0,0,-6.81,-320.86,-119.95,0,0,0,0
3563,0,0,-6.86,-320.98,-120.95,0,0,0,0
3564,0,0,-6.9,-321.05,-121.94,0,0,0,0
3565,0,0,-6.95,-321.08,-122.94,0,0,0,0
3566,0,0,-6.99,-321.08,-123.94,0,0,0,0
3567,0,0,-7.02,-321.1,-124.94,0,0,0,0
3568,0,0,-7.05,-321.08,-125.94,0,0,0,0
3569,0,0,-7.08,-321.01,-126.94,0,0,0,0
3570,0,0,-7.11,-320.9,-127.93,0,0,0,0
3571,0,0,-7.15,-320.77,-128.92,0,0,0,0
3572,0,0,-7.18,-320.61,-129.91,0,0,0,0
3573,0,0,-7.22,-320.43,-130.89,0,0,0,0
3574,0,0,-7.26,-320.22,-131.87,0,0,0,0
3575,0,0,-7.29,-320,-132.84,0,0,0,0
3576,0,0,-7.33,-319.75,-133.81,0,0,0,0
3577,0,0,-7.36,-319.48,-134.77,0,0,0,0
3578,0,0,-7.4,-319.18,-135.73,0,0,0,0
3579,0,0,-7.43,-318.86,-136.67,0,0,0,0
3580,0,0,-7.47,-318.52,-137.61,0,0,0,0
3581,0,0,-7.48,-318.36,-138,0,0,0,0
3582,0,0,-5.48,-285.36,-93.08,0,0,0,0
3583,0,0,-5.47,-284.4,-92.82,0,0,0,0
3584,0,0,-5.46,-283.43,-92.57,0,0,0,0
3585,0,0,-5.45,-282.46,-92.31,0,0,0,0
3586,0,0,-5.43,-281.5,-92.05,0,0,0,0
3587,0,0,-5.42,-280.53,-91.8,0,0,0,0
3588,0,0,-5.41,-279.56,-91.54,0,0,0,0
3589,0,0,-5.39,-278.6,-91.28,0,0,0,0
3590,0,0,-5.38,-277.63,-91.03,0,0,0,0
3591,0,0,-5.37,-276.67,-90.77,0,0,0,0
3592,0,0,-5.36,-275.7,-90.51,0,0,0,0
3593,0,0,-5.34,-274.73,-90.26,0,0,0,0
3594,0,0,-5.33,-273.77,-90,0,0,0,0
3595,0,0,-5.32,-272.8,-89.74,0,0,0,0
3596,0,0,-5.31,-271.83,-89.49,0,0,0,0
3597,0,0,-5.29,-270.87,-89.23,0,0,0,0
3598,0,0,-5.28,-269.9,-88.97,0,0,0,0
3599,0,0,-5.27,-268.93,-88.71,0,0,0,0
3600,0,0,-5.25,-267.97,-88.46,0,0,0,0
3601,0,0,-5.24,-267,-88.2,0,0,0,0
3602,0,0,-5.23,-266.04,-87.94,0,0,0,0
3603,0,0,-5.22,-265.07,-87.69,0,0,0,0
3604,0,0,-5.2,-264.1,-87.43,0,0,0,0
3605,0,0,-5.19,-263.14,-87.17,0,0,0,0
3606,0,0,-5.18,-262.17,-86.92,0,0,0,0
3607,0,0,-5.16,-261.2,-86.66,0,0,0,0
3608,0,0,-5.15,-260.24,-86.4,0,0,0,0
3609,0,0,-5.14,-259.27,-86.15,0,0,0,0
3610,0,0,-5.13,-258.3,-85.89,0,0,0,0
3611,0,0,-5.11,-257.34,-85.63,0,0,0,0
3612,0,0,-5.1,-256.37,-85.38,0,0,0,0
3613,0,0,-5.09,-255.4,-85.12,0,0,0,0
3614,0,0,-5.07,-254.44,-84.86,0,0,0,0
3615,0,0,-5.06,-253.47,-84.61,0,0,0,0
3616,0,0,-5.05,-252.51,-84.35,0,0,0,0
3617,0,0,-5.04,-251.54,-84.09,0,0,0,0
3618,0,0,-5.02,-250.57,-83.83,0,0,0,0
3619,0,0,-5.01,-249.61,-83.58,0,0,0,0
3620,0,0,-5,-248.64,-83.32,0,0,0,0
3621,0,0,-4.98,-247.67,-83.06,0,0,0,0
3622,0,0,-4.97,-246.71,-82.81,0,0,0,0
3623,0,0,-4.96,-245.74,-82.55,0,0,0,0
3624,0,0,-4.95,-244.77,-82.29,0,0,0,0
3625,0,0,-4.93,-243.81,-82.04,0,0,0,0
3626,0,0,-4.92,-242.84,-81.78,0,0,0,0
3627,0,0,-4.91,-241.88,-81.52,0,0,0,0
3628,0,0,-4.89,-240.91,-81.27,0,0,0,0
3629,0,0,-4.88,-239.94,-81.01,0,0,0,0
3630,0,0,-4.87,-238.98,-80.75,0,0,0,0
3631,0,0,-4.86,-238.01,-80.5,0,0,0,0
3632,0,0,-4.84,-237.04,-80.24,0,0,0,0
3633,0,0,-4.83,-236.08,-79.98,0,0,0,0
3634,0,0,-4.82,-235.11,-79.73,0,0,0,0
3635,0,0,-4.8,-234.14,-79.47,0,0,0,0
3636,0,0,-4.79,-233.18,-79.21,0,0,0,0
3637,0,0,-4.78,-232.21,-78.96,0,0,0,0
3638,0,0,-4.77,-231.25,-78.7,0,0,0,0
3639,0,0,-4.75,-230.28,-78.44,0,0,0,0
3640,0,0,-4.74,-229.31,-78.18,0,0,0,0
3641,0,0,-4.73,-228.35,-77.93,0,0,0,0
3642,0,0,-4.71,-227.38,-77.67,0,0,0,0
3643,0,0,-4.7,-226.41,-77.41,0,0,0,0
3644,0,0,-4.69,-225.45,-77.16,0,0,0,0
3645,0,0,-4.68,-224.48,-76.9,0,0,0,0
3646,0,0,-4.66,-223.51,-76.64,0,0,0,0
3647,0,0,-4.65,-222.55,-76.39,0,0,0,0
3648,0,0,-4.64,-221.58,-76.13,0,0,0,0
3649,0,0,-4.62,-220.62,-75.87,0,0,0,0
3650,0,0,-4.61,-219.65,-75.62,0,0,0,0
3651,0,0,-4.6,-218.68,-75.36,0,0,0,0
3652,0,0,-4.59,-217.72,-75.1,0,0,0,0
3653,0,0,-4.57,-216.75,-74.85,0,0,0,0
3654,0,0,-4.56,-215.78,-74.59,0,0,0,0
3655,0,0,-4.55,-214.82,-74.33,0,0,0,0
3656,0,0,-4.53,-213.85,-74.08,0,0,0,0
3657,0,0,-4.52,-212.88,-73.82,0,0,0,0
3658,0,0,-4.51,-211.92,-73.56,0,0,0,0
3659,0,0,-4.5,-210.95,-73.31,0,0,0,0
3660,0,0,-4.48,-209.99,-73.05,0,0,0,0
3661,0,0,-4.47,-209.02,-72.79,0,0,0,0
3662,0,0,-4.46,-208.05,-72.53,0,0,0,0
3663,0,0,-4.44,-207.09,-72.28,0,0,0,0
3664,0,0,-4.43,-206.12,-72.02,0,0,0,0
3665,0,0,-4.42,-205.15,-71.76,0,0,0,0
3666,0,0,-4.41,-204.19,-71.51,0,0,0,0
3667,0,0,-4.39,-203.22,-71.25,0,0,0,0
3668,0,0,-4.38,-202.25,-70.99,0,0,0,0
3669,0,0,-4.37,-201.29,-70.74,0,0,0,0
3670,0,0,-4.35,-200.32,-70.48,0,0,0,0
3671,0,0,-4.34,-199.36,-70.22,0,0,0,0
3672,0,0,-4.33,-198.39,-69.97,0,0,0,0
3673,0,0,-4.32,-197.42,-69.71,0,0,0,0
3674,0,0,-4.3,-196.46,-69.45,0,0,0,0
3675,0,0,-4.29,-195.49,-69.2,0,0,0,0
3676,0,0,-4.28,-194.52,-68.94,0,0,0,0
3677,0,0,-4.26,-193.56,-68.68,0,0,0,0
3678,0,0,-4.25,-192.59,-68.43,0,0,0,0
3679,0,0,-4.24,-191.62,-68.17,0,0,0,0
3680,0,0,-4.23,-190.66,-67.91,0,0,0,0
3681,0,0,-4.21,-189.69,-67.66,0,0,0,0
3682,0,0,-4.2,-188.73,-67.4,0,0,0,0
3683,0,0,-4.19,-187.76,-67.14,0,0,0,0
3684,0,0,-4.17,-186.79,-66.88,0,0,0,0
3685,0,0,-4.16,-185.83,-66.63,0,0,0,0
3686,0,0,-4.15,-184.86,-66.37,0,0,0,0
3687,0,0,-4.14,-183.89,-66.11,0,0,0,0
3688,0,0,-4.12,-182.93,-65.86,0,0,0,0
3689,0,0,-4.11,-181.96,-65.6,0,0,0,0
3690,0,0,-4.1,-180.99,-65.34,0,0,0,0
3691,0,0,-4.08,-180.03,-65.09,0,0,0,0
3692,0,0,-4.07,-179.06,-64.83,0,0,0,0
3693,0,0,-4.06,-178.1,-64.57,0,0,0,0
3694,0,0,-4.05,-177.13,-64.32,0,0,0,0
3695,0,0,-4.03,-176.16,-64.06,0,0,0,0
3696,0,0,-4.02,-175.2,-63.8,0,0,0,0
3697,0,0,-4.01,-174.23,-63.55,0,0,0,0
3698,0,0,-3.99,-173.26,-63.29,0,0,0,0
3699,0,0,-3.98,-172.3,-63.03,0,0,0,0
3700,0,0,-3.97,-171.33,-62.78,0,0,0,0
3701,0,0,-3.96,-170.36,-62.52,0,0,0,0
3702,0,0,-3.94,-169.4,-62.26,0,0,0,0
3703,0,0,-3.93,-168.43,-62,0,0,0,0
3704,0,0,-3.92,-167.47,-61.75,0,0,0,0
3705,0,0,-3.91,-166.5,-61.49,0,0,0,0
3706,0,0,-3.89,-165.53,-61.23,0,0,0,0
3707,0,0,-3.88,-164.57,-60.98,0,0,0,0
3708,0,0,-3.87,-163.6,-60.72,0,0,0,0
3709,0,0,-3.85,-162.63,-60.46,0,0,0,0
3710,0,0,-3.84,-161.67,-60.21,0,0,0,0
3711,0,0,-3.83,-160.7,-59.95,0,0,0,0
3712,0,0,-3.82,-159.73,-59.69,0,0,0,0
3713,0,0,-3.8,-158.77,-59.44,0,0,0,0
3714,0,0,-3.79,-157.8,-59.18,0,0,0,0
3715,0,0,-3.78,-156.84,-58.92,0,0,0,0
3716,0,0,-3.76,-155.87,-58.67,0,0,0,0
3717,0,0,-3.75,-154.9,-58.41,0,0,0,0
3718,0,0,-3.74,-153.94,-58.15,0,0,0,0
3719,0,0,-3.73,-152.97,-57.9,0,0,0,0
3720,0,0,-3.71,-152,-57.64,0,0,0,0
3721,0,0,-3.7,-151.04,-57.38,0,0,0,0
3722,0,0,-3.69,-150.07,-57.13,0,0,0,0
3723,0,0,-3.67,-149.1,-56.87,0,0,0,0
3724,0,0,-3.66,-148.14,-56.61,0,0,0,0
3725,0,0,-3.65,-147.17,-56.35,0,0,0,0
3726,0,0,-3.64,-146.21,-56.1,0,0,0,0
3727,0,0,-3.62,-145.24,-55.84,0,0,0,0
3728,0,0,-3.61,-144.27,-55.58,0,0,0,0
3729,0,0,-3.6,-143.31,-55.33,0,0,0,0
3730,0,0,-3.58,-142.34,-55.07,0,0,0,0
3731,0,0,-3.57,-141.37,-54.81,0,0,0,0
3732,0,0,-3.56,-140.41,-54.56,0,0,0,0
3733,0,0,-3.55,-139.44,-54.3,0,0,0,0
3734,0,0,-3.53,-138.47,-54.04,0,0,0,0
3735,0,0,-3.52,-137.51,-53.79,0,0,0,0
3736,0,0,-3.51,-136.54,-53.53,0,0,0,0
3737,0,0,-3.49,-135.58,-53.27,0,0,0,0
3738,0,0,-3.48,-134.61,-53.02,0,0,0,0
3739,0,0,-3.47,-133.64,-52.76,0,0,0,0
3740,0,0,-3.46,-132.68,-52.5,0,0,0,0
3741,0,0,-3.44,-131.71,-52.25,0,0,0,0
3742,0,0,-3.43,-130.74,-51.99,0,0,0,0
3743,0,0,-3.42,-129.78,-51.73,0,0,0,0
3744,0,0,-3.4,-128.81,-51.48,0,0,0,0
3745,0,0,-3.39,-127.84,-51.22,0,0,0,0
3746,0,0,-3.38,-126.88,-50.96,0,0,0,0
3747,0,0,-3.37,-125.91,-50.7,0,0,0,0
3748,0,0,-3.35,-124.95,-50.45,0,0,0,0
3749,0,0,-3.34,-123.98,-50.19,0,0,0,0
3750,0,0,-3.33,-123.01,-49.93,0,0,0,0
3751,0,0,-3.31,-122.05,-49.68,0,0,0,0
3752,0,0,-3.3,-121.08,-49.42,0,0,0,0
3753,0,0,-3.29,-120.11,-49.16,0,0,0,0
3754,0,0,-3.28,-119.15,-48.91,0,0,0,0
3755,0,0,-3.26,-118.18,-48.65,0,0,0,0
3756,0,0,-3.25,-117.21,-48.39,0,0,0,0
3757,0,0,-3.24,-116.25,-48.14,0,0,0,0
3758,0,0,-3.22,-115.28,-47.88,0,0,0,0
3759,0,0,-3.21,-114.31,-47.62,0,0,0,0
3760,0,0,-3.2,-113.35,-47.37,0,0,0,0
3761,0,0,-3.19,-112.38,-47.11,0,0,0,0
3762,0,0,-3.17,-111.42,-46.85,0,0,0,0
3763,0,0,-3.16,-110.45,-46.6,0,0,0,0
3764,0,0,-3.15,-109.48,-46.34,0,0,0,0
3765,0,0,-3.13,-108.52,-46.08,0,0,0,0
3766,0,0,-3.12,-107.55,-45.82,0,0,0,0
3767,0,0,-3.11,-106.58,-45.57,0,0,0,0
3768,0,0,-3.1,-105.62,-45.31,0,0,0,0
3769,0,0,-3.08,-104.65,-45.05,0,0,0,0
3770,0,0,-3.07,-103.68,-44.8,0,0,0,0
3771,0,0,-3.06,-102.72,-44.54,0,0,0,0
3772,0,0,-3.04,-101.75,-44.28,0,0,0,0
3773,0,0,-3.03,-100.79,-44.03,0,0,0,0
3774,0,0,-3.02,-99.82,-43.77,0,0,0,0
3775,0,0,-3.01,-98.85,-43.51,0,0,0,0
3776,0,0,-2.99,-97.89,-43.26,0,0,0,0
3777,0,0,-2.98,-96.92,-43,0,0,0,0
3778,0,0,-2.97,-95.95,-42.74,0,0,0,0
3779,0,0,-2.95,-94.99,-42.49,0,0,0,0
3780,0,0,-2.94,-94.02,-42.23,0,0,0,0
3781,0,0,-2.93,-93.05,-41.97,0,0,0,0
3782,0,0,-2.92,-92.09,-41.72,0,0,0,0
3783,0,0,-2.9,-91.12,-41.46,0,0,0,0
3784,0,0,-2.89,-90.16,-41.2,0,0,0,0
3785,0,0,-2.88,-89.19,-40.95,0,0,0,0
3786,0,0,-2.86,-88.22,-40.69,0,0,0,0
3787,0,0,-2.85,-87.26,-40.43,0,0,0,0
3788,0,0,-2.84,-86.29,-40.17,0,0,0,0
3789,0,0,-2.83,-85.32,-39.92,0,0,0,0
3790,0,0,-2.81,-84.36,-39.66,0,0,0,0
3791,0,0,-2.8,-83.39,-39.4,0,0,0,0
3792,0,0,-2.79,-82.42,-39.15,0,0,0,0
3793,0,0,-2.77,-81.46,-38.89,0,0,0,0
3794,0,0,-2.76,-80.49,-38.63,0,0,0,0
3795,0,0,-2.75,-79.53,-38.38,0,0,0,0
3796,0,0,-2.74,-78.56,-38.12,0,0,0,0
3797,0,0,-2.72,-77.59,-37.86,0,0,0,0
3798,0,0,-2.71,-76.63,-37.61,0,0,0,0
3799,0,0,-2.7,-75.66,-37.35,0,0,0,0
3800,0,0,-2.68,-74.69,-37.09,0,0,0,0
3801,0,0,-2.67,-73.73,-36.84,0,0,0,0
3802,0,0,-2.66,-72.76,-36.58,0,0,0,0
3803,0,0,-2.65,-71.79,-36.32,0,0,0,0
3804,0,0,-2.63,-70.83,-36.07,0,0,0,0
3805,0,0,-2.62,-69.86,-35.81,0,0,0,0
3806,0,0,-2.61,-68.9,-35.55,0,0,0,0
3807,0,0,-2.59,-67.93,-35.3,0,0,0,0
3808,0,0,-2.58,-66.96,-35.04,0,0,0,0
3809,0,0,-2.57,-66,-34.78,0,0,0,0
3810,0,0,-2.56,-65.03,-34.52,0,0,0,0
3811,0,0,-2.54,-64.06,-34.27,0,0,0,0
3812,0,0,-2.53,-63.1,-34.01,0,0,0,0
3813,0,0,-2.52,-62.13,-33.75,0,0,0,0
3814,0,0,-2.51,-61.16,-33.5,0,0,0,0
3815,0,0,-2.49,-60.2,-33.24,0,0,0,0
3816,0,0,-2.48,-59.23,-32.98,0,0,0,0
3817,0,0,-2.47,-58.27,-32.73,0,0,0,0
3818,0,0,-2.45,-57.3,-32.47,0,0,0,0
3819,0,0,-2.44,-56.33,-32.21,0,0,0,0
3820,0,0,-2.43,-55.37,-31.96,0,0,0,0
3821,0,0,-2.42,-54.4,-31.7,0,0,0,0
3822,0,0,-2.4,-53.43,-31.44,0,0,0,0
3823,0,0,-2.39,-52.47,-31.19,0,0,0,0
3824,0,0,-2.38,-51.5,-30.93,0,0,0,0
3825,0,0,-2.37,-50.88,-30.76,0,0,0,0
3826,0,0,-2.17,28.94,-21.55,0,0,0,0
3827,0,0,-2.17,23.35,-2.73,0,0,0,0
3828,0,0,-2.17,18.3,-4.12,0,0,0,0
3829,0,0,-2.17,23.69,-23.12,0,0,0,0
3830,0,0,-2.17,28.94,-21.55,0,0,0,0
3831,0,0,-2.17,20.99,-31.38,0,0,0,0
3832,0,0,-2.17,22.33,-36.88,0,0,0,0
3833,0,0,-2.17,-2.92,-42,0,0,0,0
3834,0,0,-2.17,-4.21,-37.01,0,0,0,0
3835,0,0,-2.17,20.99,-31.38,0,0,0,0
3836,0,0,-2.17,-21.15,-16.24,0,0,0,0
3837,0,0,-2.17,-17.11,-31.39,0,0,0,0
3838,0,0,-2.17,-20.65,-31.73,0,0,0,0
3839,0,0,-2.17,-24.02,-17.93,0,0,0,0
3840,0,0,-2.17,-21.15,-16.24,0,0,0,0
3841,0,0,-3.61,-14.45,-1.02,0,0,0,0
3842,0,0,-2.17,-12.73,-6.53,0,0,0,0
3843,0,0,-2.17,13.28,0.04,0,0,0,0
3844,0,0,-2.17,12.05,5.82,0,0,0,0
3845,0,0,-3.61,-14.45,-1.02,0,0,0,0
3846,0,0,-1.05,-29.08,-25.26,0,0,0,0
3847,0,0,-1.01,53.78,-1.32,0,0,0,0
3848,0,0,-0.93,56.03,-9.3,0,0,0,0
3849,0,0,-1.04,-27.85,-30.16,0,0,0,0
3850,0,0,-1.05,-29.08,-25.26,0,0,0,0
