DID,Dist,PID,Dir,Apara,r,slope,cant,LW,RW
1,0,1,0,0,0,0,0,0,0
2,1,2,0,0,0,0,0,0,0
3,1.99,3,0,0,0,0,0,0,0
4,2.99,4,0,0,0,0,0,0,0
5,3.99,5,0,0,0,0,0,0,0
6,5,6,0,0,0,0,0,0,0
7,6,7,0,0,0,0,0,0,0
8,7,8,0,0,0,0,0,0,0
9,8,9,0,0,0,0,0,0,0
10,9,10,0,0,0,0,0,0,0
11,10,11,0,0,0,0,0,0,0
12,10.99,12,0,0,0,0,0,0,0
13,11.99,13,0,0,0,0,0,0,0
14,12.99,14,0,0,0,0,0,0,0
15,14,15,0,0,0,0,0,0,0
16,15,16,0,0,0,0,0,0,0
17,16,17,0,0,0,0,0,0,0
18,17,18,0,0,0,0,0,0,0
19,18,19,0,0,0,0,0,0,0
20,19,20,0,0,0,0,0,0,0
21,19.99,21,0,0,0,0,0,0,0
22,20.99,22,0,0,0,0,0,0,0
23,21.99,23,0,0,0,0,0,0,0
24,23,24,0,0,0,0,0,0,0
25,24,25,0,0,0,0,0,0,0
26,25,26,0,0,0,0,0,0,0
27,26,27,0,0,0,0,0,0,0
28,27,28,0,0,0,0,0,0,0
29,28,29,0,0,0,0,0,0,0
30,28.99,30,0,0,0,0,0,0,0
31,29.99,31,0,0,0,0,0,0,0
32,30.99,32,0,0,0,0,0,0,0
33,32,33,0,0,0,0,0,0,0
34,33,34,0,0,0,0,0,0,0
35,34,35,0,0,0,0,0,0,0
36,35,36,0,0,0,0,0,0,0
37,36,37,0,0,0,0,0,0,0
38,37,38,0,0,0,0,0,0,0
39,37.99,39,0,0,0,0,0,0,0
40,38.99,40,0,0,0,0,0,0,0
41,40,41,0,0,0,0,0,0,0
42,41,42,0,0,0,0,0,0,0
43,42,43,0,0,0,0,0,0,0
44,43,44,0,0,0,0,0,0,0
45,44,45,0,0,0,0,0,0,0
46,45,46,0,0,0,0,0,0,0
47,46,47,0,0,0,0,0,0,0
48,46.99,48,0,0,0,0,0,0,0
49,47.99,49,0,0,0,0,0,0,0
50,49,50,0,0,0,0,0,0,0
51,50,51,0,0,0,0,0,0,0
52,51,52,0,0,0,0,0,0,0
53,52,53,0,0,0,0,0,0,0
54,53,54,0,0,0,0,0,0,0
55,54,55,0,0,0,0,0,0,0
56,55,56,0,0,0,0,0,0,0
57,55.99,57,0,0,0,0,0,0,0
58,56.99,58,0,0,0,0,0,0,0
59,58,59,0,0,0,0,0,0,0
60,59,60,0,0,0,0,0,0,0
61,60,61,0,0,0,0,0,0,0
62,61,62,0,0,0,0,0,0,0
63,62,63,0,0,0,0,0,0,0
64,63,64,0,0,0,0,0,0,0
65,64,65,0,0,0,0,0,0,0
66,64.99,66,0,0,0,0,0,0,0
67,0,68,0,0,0,0,0,0,0
68,0,70,0,0,0,0,0,0,0
69,1,71,0,0,0,0,0,0,0
70,2,72,0,0,0,0,0,0,0
71,3,73,0,0,0,0,0,0,0
72,4,74,0,0,0,0,0,0,0
73,5,75,0,0,0,0,0,0,0
74,6.01,76,0,0,0,0,0,0,0
75,7.01,77,0,0,0,0,0,0,0
76,8.01,78,0,0,0,0,0,0,0
77,9,79,0,0,0,0,0,0,0
78,10,80,0,0,0,0,0,0,0
79,11,81,0,0,0,0,0,0,0
80,12,82,0,0,0,0,0,0,0
81,13,83,0,0,0,0,0,0,0
82,14,84,0,0,0,0,0,0,0
83,15,85,0,0,0,0,0,0,0
84,16,86,0,0,0,0,0,0,0
85,17,87,0,0,0,0,0,0,0
86,18,88,0,0,0,0,0,0,0
87,19,89,0,0,0,0,0,0,0
88,20,90,0,0,0,0,0,0,0
89,21,91,0,0,0,0,0,0,0
90,22,92,0,0,0,0,0,0,0
91,23.01,93,0,0,0,0,0,0,0
92,24.01,94,0,0,0,0,0,0,0
93,25.01,95,0,0,0,0,0,0,0
94,26,96,0,0,0,0,0,0,0
95,27,97,0,0,0,0,0,0,0
96,28,98,0,0,0,0,0,0,0
97,29,99,0,0,0,0,0,0,0
98,30,100,0,0,0,0,0,0,0
99,31,101,0,0,0,0,0,0,0
100,32,102,0,0,0,0,0,0,0
101,33,103,0,0,0,0,0,0,0
102,34,104,0,0,0,0,0,0,0
103,35,105,0,0,0,0,0,0,0
104,36,106,0,0,0,0,0,0,0
105,37,107,0,0,0,0,0,0,0
106,38,108,0,0,0,0,0,0,0
107,39.01,109,0,0,0,0,0,0,0
108,40.01,110,0,0,0,0,0,0,0
109,41.01,111,0,0,0,0,0,0,0
110,42.01,112,0,0,0,0,0,0,0
111,43,113,0,0,0,0,0,0,0
112,44,114,0,0,0,0,0,0,0
113,45,115,0,0,0,0,0,0,0
114,46,116,0,0,0,0,0,0,0
115,47,117,0,0,0,0,0,0,0
116,48,118,0,0,0,0,0,0,0
117,49,119,0,0,0,0,0,0,0
118,50,120,0,0,0,0,0,0,0
119,51,121,0,0,0,0,0,0,0
120,52,122,0,0,0,0,0,0,0
121,53,123,0,0,0,0,0,0,0
122,54,124,0,0,0,0,0,0,0
123,55,125,0,0,0,0,0,0,0
124,56.01,126,0,0,0,0,0,0,0
125,57.01,127,0,0,0,0,0,0,0
126,58.01,128,0,0,0,0,0,0,0
127,59.01,129,0,0,0,0,0,0,0
128,60,130,0,0,0,0,0,0,0
129,61,131,0,0,0,0,0,0,0
130,61.05,132,0,0,0,0,0,0,0
131,62.05,133,0,0,0,0,0,0,0
132,63.05,134,0,0,0,0,0,0,0
133,64.05,135,0,0,0,0,0,0,0
134,65.05,136,0,0,0,0,0,0,0
135,66.05,137,0,0,0,0,0,0,0
136,67.04,138,0,0,0,0,0,0,0
137,0,140,0,0,0,0,0,0,0
138,1,141,0,0,0,0,0,0,0
139,2,142,0,0,0,0,0,0,0
140,3.01,143,0,0,0,0,0,0,0
141,4.01,144,0,0,0,0,0,0,0
142,5.01,145,0,0,0,0,0,0,0
143,6,146,0,0,0,0,0,0,0
144,7,147,0,0,0,0,0,0,0
145,8,148,0,0,0,0,0,0,0
146,9.01,149,0,0,0,0,0,0,0
147,10.01,150,0,0,0,0,0,0,0
148,11,151,0,0,0,0,0,0,0
149,12,152,0,0,0,0,0,0,0
150,13,153,0,0,0,0,0,0,0
151,14.01,154,0,0,0,0,0,0,0
152,15.01,155,0,0,0,0,0,0,0
153,16.01,156,0,0,0,0,0,0,0
154,17,157,0,0,0,0,0,0,0
155,18,158,0,0,0,0,0,0,0
156,19,159,0,0,0,0,0,0,0
157,20.01,160,0,0,0,0,0,0,0
158,21.01,161,0,0,0,0,0,0,0
159,22.01,162,0,0,0,0,0,0,0
160,23,163,0,0,0,0,0,0,0
161,24,164,0,0,0,0,0,0,0
162,25.01,165,0,0,0,0,0,0,0
163,26.01,166,0,0,0,0,0,0,0
164,27.01,167,0,0,0,0,0,0,0
165,28,168,0,0,0,0,0,0,0
166,29,169,0,0,0,0,0,0,0
167,30,170,0,0,0,0,0,0,0
168,31.01,171,0,0,0,0,0,0,0
169,32.01,172,0,0,0,0,0,0,0
170,33.01,173,0,0,0,0,0,0,0
171,34,174,0,0,0,0,0,0,0
172,35,175,0,0,0,0,0,0,0
173,36.01,176,0,0,0,0,0,0,0
174,37.01,177,0,0,0,0,0,0,0
175,38.01,178,0,0,0,0,0,0,0
176,39,179,0,0,0,0,0,0,0
177,40,180,0,0,0,0,0,0,0
178,41,181,0,0,0,0,0,0,0
179,42.01,182,0,0,0,0,0,0,0
180,43.01,183,0,0,0,0,0,0,0
181,44.01,184,0,0,0,0,0,0,0
182,45,185,0,0,0,0,0,0,0
183,46,186,0,0,0,0,0,0,0
184,47.01,187,0,0,0,0,0,0,0
185,48.01,188,0,0,0,0,0,0,0
186,49.01,189,0,0,0,0,0,0,0
187,50,190,0,0,0,0,0,0,0
188,51,191,0,0,0,0,0,0,0
189,52,192,0,0,0,0,0,0,0
190,0,194,0,0,0,0,0,0,0
191,0,196,0,0,0,0,0,0,0
192,1.01,197,0,0,0,0,0,0,0
193,2,198,0,0,0,0,0,0,0
194,3.01,199,0,0,0,0,0,0,0
195,4.01,200,0,0,0,0,0,0,0
196,5,201,0,0,0,0,0,0,0
197,6.01,202,0,0,0,0,0,0,0
198,0,204,0,0,0,0,0,0,0
199,0,206,0,0,0,0,0,0,0
200,1.01,207,0,0,0,0,0,0,0
201,2,208,0,0,0,0,0,0,0
202,3,209,0,0,0,0,0,0,0
203,4.01,210,0,0,0,0,0,0,0
204,5,211,0,0,0,0,0,0,0
205,6.01,212,0,0,0,0,0,0,0
206,0,214,0,0,0,0,0,0,0
207,0,216,0,0,0,0,0,0,0
208,0.99,217,0,0,0,0,0,0,0
209,1.99,218,0,0,0,0,0,0,0
210,2.99,219,0,0,0,0,0,0,0
211,4,220,0,0,0,0,0,0,0
212,4.99,221,0,0,0,0,0,0,0
213,5.99,222,0,0,0,0,0,0,0
214,6.99,223,0,0,0,0,0,0,0
215,8,224,0,0,0,0,0,0,0
216,0,226,0,0,0,0,0,0,0
217,0,228,0,0,0,0,0,0,0
218,1,229,0,0,0,0,0,0,0
219,2,230,0,0,0,0,0,0,0
220,3,231,0,0,0,0,0,0,0
221,4,232,0,0,0,0,0,0,0
222,5.01,233,0,0,0,0,0,0,0
223,6,234,0,0,0,0,0,0,0
224,7,235,0,0,0,0,0,0,0
225,8.01,236,0,0,0,0,0,0,0
226,9.01,237,0,0,0,0,0,0,0
227,10,238,0,0,0,0,0,0,0
228,11,239,0,0,0,0,0,0,0
229,12,240,0,0,0,0,0,0,0
230,13,241,0,0,0,0,0,0,0
231,14,242,0,0,0,0,0,0,0
232,15,243,0,0,0,0,0,0,0
233,16,244,0,0,0,0,0,0,0
234,17,245,0,0,0,0,0,0,0
235,18,246,0,0,0,0,0,0,0
236,19,247,0,0,0,0,0,0,0
237,20,248,0,0,0,0,0,0,0
238,21,249,0,0,0,0,0,0,0
239,22.01,250,0,0,0,0,0,0,0
240,23,251,0,0,0,0,0,0,0
241,24,252,0,0,0,0,0,0,0
242,25,253,0,0,0,0,0,0,0
243,26.01,254,0,0,0,0,0,0,0
244,27,255,0,0,0,0,0,0,0
245,28,256,0,0,0,0,0,0,0
246,29.01,257,0,0,0,0,0,0,0
247,30,258,0,0,0,0,0,0,0
248,31,259,0,0,0,0,0,0,0
249,32.01,260,0,0,0,0,0,0,0
250,33,261,0,0,0,0,0,0,0
251,34.01,262,0,0,0,0,0,0,0
252,35.01,263,0,0,0,0,0,0,0
253,36,264,0,0,0,0,0,0,0
254,37,265,0,0,0,0,0,0,0
255,38,266,0,0,0,0,0,0,0
256,39.01,267,0,0,0,0,0,0,0
257,40.01,268,0,0,0,0,0,0,0
258,41.01,269,0,0,0,0,0,0,0
259,42.01,270,0,0,0,0,0,0,0
260,43.01,271,0,0,0,0,0,0,0
261,44,272,0,0,0,0,0,0,0
262,45,273,0,0,0,0,0,0,0
263,46,274,0,0,0,0,0,0,0
264,47,275,0,0,0,0,0,0,0
265,48,276,0,0,0,0,0,0,0
266,49,277,0,0,0,0,0,0,0
267,50.01,278,0,0,0,0,0,0,0
268,51.01,279,0,0,0,0,0,0,0
269,52.01,280,0,0,0,0,0,0,0
270,53.01,281,0,0,0,0,0,0,0
271,54,282,0,0,0,0,0,0,0
272,55,283,0,0,0,0,0,0,0
273,56,284,0,0,0,0,0,0,0
274,57,285,0,0,0,0,0,0,0
275,58,286,0,0,0,0,0,0,0
276,59,287,0,0,0,0,0,0,0
277,60.01,288,0,0,0,0,0,0,0
278,61.01,289,0,0,0,0,0,0,0
279,62.01,290,0,0,0,0,0,0,0
280,63.01,291,0,0,0,0,0,0,0
281,64.01,292,0,0,0,0,0,0,0
282,65,293,0,0,0,0,0,0,0
283,0,295,0,0,0,0,0,0,0
284,1,296,0,0,0,0,0,0,0
285,2,297,0,0,0,0,0,0,0
286,3,298,0,0,0,0,0,0,0
287,4,299,0,0,0,0,0,0,0
288,5,300,0,0,0,0,0,0,0
289,6,301,0,0,0,0,0,0,0
290,7,302,0,0,0,0,0,0,0
291,8,303,0,0,0,0,0,0,0
292,9,304,0,0,0,0,0,0,0
293,10,305,0,0,0,0,0,0,0
294,11.01,306,0,0,0,0,0,0,0
295,12.01,307,0,0,0,0,0,0,0
296,13.01,308,0,0,0,0,0,0,0
297,14.01,309,0,0,0,0,0,0,0
298,15.01,310,0,0,0,0,0,0,0
299,16.01,311,0,0,0,0,0,0,0
300,17,312,0,0,0,0,0,0,0
301,18,313,0,0,0,0,0,0,0
302,19,314,0,0,0,0,0,0,0
303,20,315,0,0,0,0,0,0,0
304,21,316,0,0,0,0,0,0,0
305,22,317,0,0,0,0,0,0,0
306,23,318,0,0,0,0,0,0,0
307,24,319,0,0,0,0,0,0,0
308,25,320,0,0,0,0,0,0,0
309,26,321,0,0,0,0,0,0,0
310,27,322,0,0,0,0,0,0,0
311,28,323,0,0,0,0,0,0,0
312,29,324,0,0,0,0,0,0,0
313,30,325,0,0,0,0,0,0,0
314,31.01,326,0,0,0,0,0,0,0
315,32.01,327,0,0,0,0,0,0,0
316,33.01,328,0,0,0,0,0,0,0
317,34.01,329,0,0,0,0,0,0,0
318,35.01,330,0,0,0,0,0,0,0
319,36.01,331,0,0,0,0,0,0,0
320,37.01,332,0,0,0,0,0,0,0
321,38,333,0,0,0,0,0,0,0
322,39,334,0,0,0,0,0,0,0
323,40,335,0,0,0,0,0,0,0
324,41,336,0,0,0,0,0,0,0
325,42,337,0,0,0,0,0,0,0
326,43,338,0,0,0,0,0,0,0
327,44,339,0,0,0,0,0,0,0
328,45,340,0,0,0,0,0,0,0
329,46,341,0,0,0,0,0,0,0
330,47,342,0,0,0,0,0,0,0
331,48,343,0,0,0,0,0,0,0
332,49,344,0,0,0,0,0,0,0
333,50,345,0,0,0,0,0,0,0
334,51.01,346,0,0,0,0,0,0,0
335,52.01,347,0,0,0,0,0,0,0
336,53.01,348,0,0,0,0,0,0,0
337,54.01,349,0,0,0,0,0,0,0
338,55.01,350,0,0,0,0,0,0,0
339,56.01,351,0,0,0,0,0,0,0
340,57.01,352,0,0,0,0,0,0,0
341,58.01,353,0,0,0,0,0,0,0
342,59,354,0,0,0,0,0,0,0
343,60,355,0,0,0,0,0,0,0
344,61,356,0,0,0,0,0,0,0
345,62,357,0,0,0,0,0,0,0
346,63,358,0,0,0,0,0,0,0
347,64,359,0,0,0,0,0,0,0
348,65,360,0,0,0,0,0,0,0
349,66,361,0,0,0,0,0,0,0
350,67,362,0,0,0,0,0,0,0
351,68,363,0,0,0,0,0,0,0
352,69,364,0,0,0,0,0,0,0
353,70,365,0,0,0,0,0,0,0
354,71,366,0,0,0,0,0,0,0
355,72.01,367,0,0,0,0,0,0,0
356,73.01,368,0,0,0,0,0,0,0
357,74.01,369,0,0,0,0,0,0,0
358,75.01,370,0,0,0,0,0,0,0
359,76.01,371,0,0,0,0,0,0,0
360,77.01,372,0,0,0,0,0,0,0
361,78.01,373,0,0,0,0,0,0,0
362,79.01,374,0,0,0,0,0,0,0
363,80,375,0,0,0,0,0,0,0
364,81,376,0,0,0,0,0,0,0
365,82,377,0,0,0,0,0,0,0
366,83,378,0,0,0,0,0,0,0
367,84,379,0,0,0,0,0,0,0
368,85,380,0,0,0,0,0,0,0
369,86,381,0,0,0,0,0,0,0
370,87,382,0,0,0,0,0,0,0
371,88,383,0,0,0,0,0,0,0
372,89,384,0,0,0,0,0,0,0
373,90.01,385,0,0,0,0,0,0,0
374,91,386,0,0,0,0,0,0,0
375,92,387,0,0,0,0,0,0,0
376,93.01,388,0,0,0,0,0,0,0
377,94,389,0,0,0,0,0,0,0
378,95.01,390,0,0,0,0,0,0,0
379,96,391,0,0,0,0,0,0,0
380,97.01,392,0,0,0,0,0,0,0
381,98,393,0,0,0,0,0,0,0
382,99.01,394,0,0,0,0,0,0,0
383,100.01,395,0,0,0,0,0,0,0
384,101.01,396,0,0,0,0,0,0,0
385,102.01,397,0,0,0,0,0,0,0
386,103.01,398,0,0,0,0,0,0,0
387,104.01,399,0,0,0,0,0,0,0
388,105,400,0,0,0,0,0,0,0
389,106.01,401,0,0,0,0,0,0,0
390,107,402,0,0,0,0,0,0,0
391,108.01,403,0,0,0,0,0,0,0
392,109.01,404,0,0,0,0,0,0,0
393,110.01,405,0,0,0,0,0,0,0
394,111.01,406,0,0,0,0,0,0,0
395,112.01,407,0,0,0,0,0,0,0
396,113.01,408,0,0,0,0,0,0,0
397,114,409,0,0,0,0,0,0,0
398,115,410,0,0,0,0,0,0,0
399,116,411,0,0,0,0,0,0,0
400,117,412,0,0,0,0,0,0,0
401,118,413,0,0,0,0,0,0,0
402,0,415,0,0,0,0,0,0,0
403,0,417,0,0,0,0,0,0,0
404,1,418,0,0,0,0,0,0,0
405,2,419,0,0,0,0,0,0,0
406,3.01,420,0,0,0,0,0,0,0
407,4,421,0,0,0,0,0,0,0
408,5,422,0,0,0,0,0,0,0
409,6,423,0,0,0,0,0,0,0
410,0,425,0,0,0,0,0,0,0
411,0,427,0,0,0,0,0,0,0
412,0.99,428,0,0,0,0,0,0,0
413,1.99,429,0,0,0,0,0,0,0
414,3,430,0,0,0,0,0,0,0
415,4,431,0,0,0,0,0,0,0
416,5,432,0,0,0,0,0,0,0
417,5.99,433,0,0,0,0,0,0,0
418,7,434,0,0,0,0,0,0,0
419,8,435,0,0,0,0,0,0,0
420,9,436,0,0,0,0,0,0,0
421,9.99,437,0,0,0,0,0,0,0
422,10.99,438,0,0,0,0,0,0,0
423,12,439,0,0,0,0,0,0,0
424,13,440,0,0,0,0,0,0,0
425,14,441,0,0,0,0,0,0,0
426,14.99,442,0,0,0,0,0,0,0
427,15.99,443,0,0,0,0,0,0,0
428,17,444,0,0,0,0,0,0,0
429,18,445,0,0,0,0,0,0,0
430,19,446,0,0,0,0,0,0,0
431,19.99,447,0,0,0,0,0,0,0
432,21,448,0,0,0,0,0,0,0
433,22,449,0,0,0,0,0,0,0
434,23,450,0,0,0,0,0,0,0
435,23.99,451,0,0,0,0,0,0,0
436,24.99,452,0,0,0,0,0,0,0
437,26,453,0,0,0,0,0,0,0
438,27,454,0,0,0,0,0,0,0
439,28,455,0,0,0,0,0,0,0
440,28.99,456,0,0,0,0,0,0,0
441,30,457,0,0,0,0,0,0,0
442,31,458,0,0,0,0,0,0,0
443,32,459,0,0,0,0,0,0,0
444,33,460,0,0,0,0,0,0,0
445,33.99,461,0,0,0,0,0,0,0
446,35,462,0,0,0,0,0,0,0
447,36,463,0,0,0,0,0,0,0
448,37,464,0,0,0,0,0,0,0
449,37.99,465,0,0,0,0,0,0,0
450,38.99,466,0,0,0,0,0,0,0
451,40,467,0,0,0,0,0,0,0
452,41,468,0,0,0,0,0,0,0
453,42,469,0,0,0,0,0,0,0
454,42.99,470,0,0,0,0,0,0,0
455,44,471,0,0,0,0,0,0,0
456,45,472,0,0,0,0,0,0,0
457,46,473,0,0,0,0,0,0,0
458,47,474,0,0,0,0,0,0,0
459,47.99,475,0,0,0,0,0,0,0
460,49,476,0,0,0,0,0,0,0
461,50,477,0,0,0,0,0,0,0
462,51,478,0,0,0,0,0,0,0
463,51.99,479,0,0,0,0,0,0,0
464,53,480,0,0,0,0,0,0,0
465,0,482,0,0,0,0,0,0,0
466,0,484,0,0,0,0,0,0,0
467,1,485,0,0,0,0,0,0,0
468,2,486,0,0,0,0,0,0,0
469,2.99,487,0,0,0,0,0,0,0
470,4,488,0,0,0,0,0,0,0
471,5,489,0,0,0,0,0,0,0
472,6,490,0,0,0,0,0,0,0
473,7,491,0,0,0,0,0,0,0
474,8,492,0,0,0,0,0,0,0
475,9,493,0,0,0,0,0,0,0
476,10,494,0,0,0,0,0,0,0
477,0,496,0,0,0,0,0,0,0
478,0,498,0,0,0,0,0,0,0
479,1,499,0,0,0,0,0,0,0
480,2,500,0,0,0,0,0,0,0
481,3,501,0,0,0,0,0,0,0
482,4,502,0,0,0,0,0,0,0
483,5,503,0,0,0,0,0,0,0
484,6,504,0,0,0,0,0,0,0
485,7,505,0,0,0,0,0,0,0
486,8,506,0,0,0,0,0,0,0
487,9,507,0,0,0,0,0,0,0
488,10.01,508,0,0,0,0,0,0,0
489,11,509,0,0,0,0,0,0,0
490,12,510,0,0,0,0,0,0,0
491,13,511,0,0,0,0,0,0,0
492,14,512,0,0,0,0,0,0,0
493,15,513,0,0,0,0,0,0,0
494,16,514,0,0,0,0,0,0,0
495,17.01,515,0,0,0,0,0,0,0
496,18,516,0,0,0,0,0,0,0
497,19,517,0,0,0,0,0,0,0
498,20,518,0,0,0,0,0,0,0
499,21,519,0,0,0,0,0,0,0
500,22,520,0,0,0,0,0,0,0
501,23.01,521,0,0,0,0,0,0,0
502,24,522,0,0,0,0,0,0,0
503,25,523,0,0,0,0,0,0,0
504,26,524,0,0,0,0,0,0,0
505,27,525,0,0,0,0,0,0,0
506,28,526,0,0,0,0,0,0,0
507,29,527,0,0,0,0,0,0,0
508,30.01,528,0,0,0,0,0,0,0
509,0,530,0,0,0,0,0,0,0
510,0,532,0,0,0,0,0,0,0
511,1,533,0,0,0,0,0,0,0
512,2,534,0,0,0,0,0,0,0
513,3,535,0,0,0,0,0,0,0
514,4,536,0,0,0,0,0,0,0
515,5,537,0,0,0,0,0,0,0
516,6,538,0,0,0,0,0,0,0
517,6.99,539,0,0,0,0,0,0,0
518,0,541,0,0,0,0,0,0,0
519,0,543,0,0,0,0,0,0,0
520,1,544,0,0,0,0,0,0,0
521,2,545,0,0,0,0,0,0,0
522,3,546,0,0,0,0,0,0,0
523,4,547,0,0,0,0,0,0,0
524,5,548,0,0,0,0,0,0,0
525,6,549,0,0,0,0,0,0,0
526,7,550,0,0,0,0,0,0,0
527,8.01,551,0,0,0,0,0,0,0
528,9.01,552,0,0,0,0,0,0,0
529,10.01,553,0,0,0,0,0,0,0
530,11.01,554,0,0,0,0,0,0,0
531,12,555,0,0,0,0,0,0,0
532,13,556,0,0,0,0,0,0,0
533,0,558,0,0,0,0,0,0,0
534,1,559,0,0,0,0,0,0,0
535,2,560,0,0,0,0,0,0,0
536,3,561,0,0,0,0,0,0,0
537,3.99,562,0,0,0,0,0,0,0
538,4.99,563,0,0,0,0,0,0,0
539,5.99,564,0,0,0,0,0,0,0
540,6.99,565,0,0,0,0,0,0,0
541,7.99,566,0,0,0,0,0,0,0
542,0,568,0,0,0,0,0,0,0
543,0,570,0,0,0,0,0,0,0
544,1,571,0,0,0,0,0,0,0
545,2,572,0,0,0,0,0,0,0
546,3,573,0,0,0,0,0,0,0
547,4,574,0,0,0,0,0,0,0
548,5,575,0,0,0,0,0,0,0
549,6,576,0,0,0,0,0,0,0
550,7,577,0,0,0,0,0,0,0
551,8,578,0,0,0,0,0,0,0
552,9,579,0,0,0,0,0,0,0
553,10,580,0,0,0,0,0,0,0
554,11,581,0,0,0,0,0,0,0
555,12.01,582,0,0,0,0,0,0,0
556,13.01,583,0,0,0,0,0,0,0
557,14.01,584,0,0,0,0,0,0,0
558,15.01,585,0,0,0,0,0,0,0
559,16.01,586,0,0,0,0,0,0,0
560,17.01,587,0,0,0,0,0,0,0
561,18,588,0,0,0,0,0,0,0
562,19,589,0,0,0,0,0,0,0
563,20,590,0,0,0,0,0,0,0
564,21,591,0,0,0,0,0,0,0
565,22,592,0,0,0,0,0,0,0
566,23,593,0,0,0,0,0,0,0
567,24,594,0,0,0,0,0,0,0
568,25,595,0,0,0,0,0,0,0
569,26,596,0,0,0,0,0,0,0
570,27,597,0,0,0,0,0,0,0
571,28,598,0,0,0,0,0,0,0
572,29,599,0,0,0,0,0,0,0
573,30,600,0,0,0,0,0,0,0
574,31,601,0,0,0,0,0,0,0
575,32,602,0,0,0,0,0,0,0
576,33,603,0,0,0,0,0,0,0
577,34.01,604,0,0,0,0,0,0,0
578,35.01,605,0,0,0,0,0,0,0
579,36.01,606,0,0,0,0,0,0,0
580,37.01,607,0,0,0,0,0,0,0
581,38.01,608,0,0,0,0,0,0,0
582,39,609,0,0,0,0,0,0,0
583,40,610,0,0,0,0,0,0,0
584,41,611,0,0,0,0,0,0,0
585,42,612,0,0,0,0,0,0,0
586,43,613,0,0,0,0,0,0,0
587,44,614,0,0,0,0,0,0,0
588,45,615,0,0,0,0,0,0,0
589,46,616,0,0,0,0,0,0,0
590,47,617,0,0,0,0,0,0,0
591,48,618,0,0,0,0,0,0,0
592,49.01,619,0,0,0,0,0,0,0
593,50.01,620,0,0,0,0,0,0,0
594,51.01,621,0,0,0,0,0,0,0
595,52,622,0,0,0,0,0,0,0
596,53,623,0,0,0,0,0,0,0
597,54,624,0,0,0,0,0,0,0
598,55.01,625,0,0,0,0,0,0,0
599,56,626,0,0,0,0,0,0,0
600,57,627,0,0,0,0,0,0,0
601,0,629,0,0,0,0,0,0,0
602,1,630,0,0,0,0,0,0,0
603,2,631,0,0,0,0,0,0,0
604,3,632,0,0,0,0,0,0,0
605,4,633,0,0,0,0,0,0,0
606,5,634,0,0,0,0,0,0,0
607,6,635,0,0,0,0,0,0,0
608,7,636,0,0,0,0,0,0,0
609,8,637,0,0,0,0,0,0,0
610,9,638,0,0,0,0,0,0,0
611,10,639,0,0,0,0,0,0,0
612,11,640,0,0,0,0,0,0,0
613,12,641,0,0,0,0,0,0,0
614,13,642,0,0,0,0,0,0,0
615,13.99,643,0,0,0,0,0,0,0
616,15,644,0,0,0,0,0,0,0
617,0,646,0,0,0,0,0,0,0
618,0,648,0,0,0,0,0,0,0
619,1,649,0,0,0,0,0,0,0
620,2,650,0,0,0,0,0,0,0
621,3,651,0,0,0,0,0,0,0
622,4,652,0,0,0,0,0,0,0
623,5,653,0,0,0,0,0,0,0
624,6.01,654,0,0,0,0,0,0,0
625,7.01,655,0,0,0,0,0,0,0
626,7.72,656,0,0,0,0,0,0,0
627,8.71,657,0,0,0,0,0,0,0
628,9.71,658,0,0,0,0,0,0,0
629,10.71,659,0,0,0,0,0,0,0
630,11.71,660,0,0,0,0,0,0,0
631,12.71,661,0,0,0,0,0,0,0
632,13.71,662,0,0,0,0,0,0,0
633,14.71,663,0,0,0,0,0,0,0
634,15.71,664,0,0,0,0,0,0,0
635,16.71,665,0,0,0,0,0,0,0
636,17.71,666,0,0,0,0,0,0,0
637,18.71,667,0,0,0,0,0,0,0
638,19.71,668,0,0,0,0,0,0,0
639,20.71,669,0,0,0,0,0,0,0
640,21.71,670,0,0,0,0,0,0,0
641,22.71,671,0,0,0,0,0,0,0
642,23.71,672,0,0,0,0,0,0,0
643,24.71,673,0,0,0,0,0,0,0
644,25.71,674,0,0,0,0,0,0,0
645,26.72,675,0,0,0,0,0,0,0
646,27.72,676,0,0,0,0,0,0,0
647,28.72,677,0,0,0,0,0,0,0
648,29.72,678,0,0,0,0,0,0,0
649,30.72,679,0,0,0,0,0,0,0
650,31.72,680,0,0,0,0,0,0,0
651,32.72,681,0,0,0,0,0,0,0
652,33.71,682,0,0,0,0,0,0,0
653,34.71,683,0,0,0,0,0,0,0
654,35.71,684,0,0,0,0,0,0,0
655,36.71,685,0,0,0,0,0,0,0
656,37.71,686,0,0,0,0,0,0,0
657,38.71,687,0,0,0,0,0,0,0
658,39.71,688,0,0,0,0,0,0,0
659,40.71,689,0,0,0,0,0,0,0
660,41.72,690,0,0,0,0,0,0,0
661,42.71,691,0,0,0,0,0,0,0
662,43.71,692,0,0,0,0,0,0,0
663,44.71,693,0,0,0,0,0,0,0
664,45.71,694,0,0,0,0,0,0,0
665,46.71,695,0,0,0,0,0,0,0
666,47.71,696,0,0,0,0,0,0,0
667,48.71,697,0,0,0,0,0,0,0
668,49.71,698,0,0,0,0,0,0,0
669,50.71,699,0,0,0,0,0,0,0
670,51.71,700,0,0,0,0,0,0,0
671,52.71,701,0,0,0,0,0,0,0
672,53.71,702,0,0,0,0,0,0,0
673,54.71,703,0,0,0,0,0,0,0
674,55.72,704,0,0,0,0,0,0,0
675,56.72,705,0,0,0,0,0,0,0
676,57.72,706,0,0,0,0,0,0,0
677,58.72,707,0,0,0,0,0,0,0
678,59.72,708,0,0,0,0,0,0,0
679,60.72,709,0,0,0,0,0,0,0
680,61.72,710,0,0,0,0,0,0,0
681,62.72,711,0,0,0,0,0,0,0
682,63.72,712,0,0,0,0,0,0,0
683,64.72,713,0,0,0,0,0,0,0
684,65.72,714,0,0,0,0,0,0,0
685,66.72,715,0,0,0,0,0,0,0
686,67.72,716,0,0,0,0,0,0,0
687,68.72,717,0,0,0,0,0,0,0
688,69.72,718,0,0,0,0,0,0,0
689,70.71,719,0,0,0,0,0,0,0
690,71.71,720,0,0,0,0,0,0,0
691,72.71,721,0,0,0,0,0,0,0
692,73.71,722,0,0,0,0,0,0,0
693,74.71,723,0,0,0,0,0,0,0
694,75.71,724,0,0,0,0,0,0,0
695,76.71,725,0,0,0,0,0,0,0
696,77.71,726,0,0,0,0,0,0,0
697,78.72,727,0,0,0,0,0,0,0
698,79.71,728,0,0,0,0,0,0,0
699,80.71,729,0,0,0,0,0,0,0
700,81.71,730,0,0,0,0,0,0,0
701,0,732,0,0,0,0,0,0,0
702,1,733,0,0,0,0,0,0,0
703,2,734,0,0,0,0,0,0,0
704,2.99,735,0,0,0,0,0,0,0
705,4,736,0,0,0,0,0,0,0
706,5,737,0,0,0,0,0,0,0
707,6,738,0,0,0,0,0,0,0
708,7,739,0,0,0,0,0,0,0
709,8,740,0,0,0,0,0,0,0
710,9,741,0,0,0,0,0,0,0
711,10,742,0,0,0,0,0,0,0
712,11,743,0,0,0,0,0,0,0
713,12,744,0,0,0,0,0,0,0
714,13,745,0,0,0,0,0,0,0
715,14,746,0,0,0,0,0,0,0
716,15,747,0,0,0,0,0,0,0
717,16,748,0,0,0,0,0,0,0
718,17,749,0,0,0,0,0,0,0
719,18,750,0,0,0,0,0,0,0
720,19,751,0,0,0,0,0,0,0
721,20,752,0,0,0,0,0,0,0
722,20.99,753,0,0,0,0,0,0,0
723,22,754,0,0,0,0,0,0,0
724,23,755,0,0,0,0,0,0,0
725,24,756,0,0,0,0,0,0,0
726,25,757,0,0,0,0,0,0,0
727,25.99,758,0,0,0,0,0,0,0
728,27,759,0,0,0,0,0,0,0
729,28,760,0,0,0,0,0,0,0
730,29,761,0,0,0,0,0,0,0
731,30,762,0,0,0,0,0,0,0
732,30.99,763,0,0,0,0,0,0,0
733,32,764,0,0,0,0,0,0,0
734,33,765,0,0,0,0,0,0,0
735,34,766,0,0,0,0,0,0,0
736,35,767,0,0,0,0,0,0,0
737,36,768,0,0,0,0,0,0,0
738,37,769,0,0,0,0,0,0,0
739,38,770,0,0,0,0,0,0,0
740,39,771,0,0,0,0,0,0,0
741,40,772,0,0,0,0,0,0,0
742,41,773,0,0,0,0,0,0,0
743,42,774,0,0,0,0,0,0,0
744,43,775,0,0,0,0,0,0,0
745,44,776,0,0,0,0,0,0,0
746,45,777,0,0,0,0,0,0,0
747,46,778,0,0,0,0,0,0,0
748,47,779,0,0,0,0,0,0,0
749,48,780,0,0,0,0,0,0,0
750,49,781,0,0,0,0,0,0,0
751,50,782,0,0,0,0,0,0,0
752,51,783,0,0,0,0,0,0,0
753,52,784,0,0,0,0,0,0,0
754,53,785,0,0,0,0,0,0,0
755,53.62,786,0,0,0,0,0,0,0
756,54.62,787,0,0,0,0,0,0,0
757,55.62,788,0,0,0,0,0,0,0
758,56.63,789,0,0,0,0,0,0,0
759,57.63,790,0,0,0,0,0,0,0
760,58.62,791,0,0,0,0,0,0,0
761,59.62,792,0,0,0,0,0,0,0
762,60.62,793,0,0,0,0,0,0,0
763,61.62,794,0,0,0,0,0,0,0
764,62.63,795,0,0,0,0,0,0,0
765,63.63,796,0,0,0,0,0,0,0
766,64.62,797,0,0,0,0,0,0,0
767,65.62,798,0,0,0,0,0,0,0
768,66.62,799,0,0,0,0,0,0,0
769,67.63,800,0,0,0,0,0,0,0
770,68.63,801,0,0,0,0,0,0,0
771,69.62,802,0,0,0,0,0,0,0
772,70.62,803,0,0,0,0,0,0,0
773,71.62,804,0,0,0,0,0,0,0
774,72.62,805,0,0,0,0,0,0,0
775,73.63,806,0,0,0,0,0,0,0
776,74.63,807,0,0,0,0,0,0,0
777,75.62,808,0,0,0,0,0,0,0
778,76.62,809,0,0,0,0,0,0,0
779,77.62,810,0,0,0,0,0,0,0
780,78.63,811,0,0,0,0,0,0,0
781,79.63,812,0,0,0,0,0,0,0
782,80.62,813,0,0,0,0,0,0,0
783,81.62,814,0,0,0,0,0,0,0
784,82.62,815,0,0,0,0,0,0,0
785,83.62,816,0,0,0,0,0,0,0
786,84.62,817,0,0,0,0,0,0,0
787,85.62,818,0,0,0,0,0,0,0
788,86.62,819,0,0,0,0,0,0,0
789,0,821,0,0,0,0,0,0,0
790,0,823,0,0,0,0,0,0,0
791,1,824,0,0,0,0,0,0,0
792,2.01,825,0,0,0,0,0,0,0
793,3.01,826,0,0,0,0,0,0,0
794,4,827,0,0,0,0,0,0,0
795,5.01,828,0,0,0,0,0,0,0
796,6.01,829,0,0,0,0,0,0,0
797,0,831,0,0,0,0,0,0,0
798,0,833,0,0,0,0,0,0,0
799,0,835,0,0,0,0,0,0,0
800,1,836,0,0,0,0,0,0,0
801,2,837,0,0,0,0,0,0,0
802,3,838,0,0,0,0,0,0,0
803,4,839,0,0,0,0,0,0,0
804,5,840,0,0,0,0,0,0,0
805,6,841,0,0,0,0,0,0,0
806,7,842,0,0,0,0,0,0,0
807,8,843,0,0,0,0,0,0,0
808,0,845,0,0,0,0,0,0,0
809,1,846,0,0,0,0,0,0,0
810,2,847,0,0,0,0,0,0,0
811,3,848,0,0,0,0,0,0,0
812,4,849,0,0,0,0,0,0,0
813,5,850,0,0,0,0,0,0,0
814,6,851,0,0,0,0,0,0,0
815,7,852,0,0,0,0,0,0,0
816,8,853,0,0,0,0,0,0,0
817,9,854,0,0,0,0,0,0,0
818,10,855,0,0,0,0,0,0,0
819,11,856,0,0,0,0,0,0,0
820,11.16,857,0,0,0,0,0,0,0
821,12.15,858,0,0,0,0,0,0,0
822,13.16,859,0,0,0,0,0,0,0
823,14.16,860,0,0,0,0,0,0,0
824,15.16,861,0,0,0,0,0,0,0
825,16.16,862,0,0,0,0,0,0,0
826,17.16,863,0,0,0,0,0,0,0
827,18.16,864,0,0,0,0,0,0,0
828,19.16,865,0,0,0,0,0,0,0
829,20.16,866,0,0,0,0,0,0,0
830,21.15,867,0,0,0,0,0,0,0
831,22.16,868,0,0,0,0,0,0,0
832,23.16,869,0,0,0,0,0,0,0
833,24.16,870,0,0,0,0,0,0,0
834,25.16,871,0,0,0,0,0,0,0
835,26.16,872,0,0,0,0,0,0,0
836,27.16,873,0,0,0,0,0,0,0
837,28.16,874,0,0,0,0,0,0,0
838,29.15,875,0,0,0,0,0,0,0
839,30.16,876,0,0,0,0,0,0,0
840,31.16,877,0,0,0,0,0,0,0
841,32.16,878,0,0,0,0,0,0,0
842,33.16,879,0,0,0,0,0,0,0
843,34.16,880,0,0,0,0,0,0,0
844,35.16,881,0,0,0,0,0,0,0
845,36.16,882,0,0,0,0,0,0,0
846,37.15,883,0,0,0,0,0,0,0
847,38.16,884,0,0,0,0,0,0,0
848,39.16,885,0,0,0,0,0,0,0
849,40.16,886,0,0,0,0,0,0,0
850,41.16,887,0,0,0,0,0,0,0
851,42.16,888,0,0,0,0,0,0,0
852,43.16,889,0,0,0,0,0,0,0
853,44.16,890,0,0,0,0,0,0,0
854,45.15,891,0,0,0,0,0,0,0
855,46.16,892,0,0,0,0,0,0,0
856,47.16,893,0,0,0,0,0,0,0
857,48.16,894,0,0,0,0,0,0,0
858,49.16,895,0,0,0,0,0,0,0
859,50.16,896,0,0,0,0,0,0,0
860,51.16,897,0,0,0,0,0,0,0
861,52.15,898,0,0,0,0,0,0,0
862,53.16,899,0,0,0,0,0,0,0
863,54.16,900,0,0,0,0,0,0,0
864,55.16,901,0,0,0,0,0,0,0
865,56.16,902,0,0,0,0,0,0,0
866,57.16,903,0,0,0,0,0,0,0
867,58.16,904,0,0,0,0,0,0,0
868,59.16,905,0,0,0,0,0,0,0
869,60.16,906,0,0,0,0,0,0,0
870,61.16,907,0,0,0,0,0,0,0
871,62.16,908,0,0,0,0,0,0,0
872,63.16,909,0,0,0,0,0,0,0
873,64.16,910,0,0,0,0,0,0,0
874,65.16,911,0,0,0,0,0,0,0
875,66.16,912,0,0,0,0,0,0,0
876,67.16,913,0,0,0,0,0,0,0
877,68.16,914,0,0,0,0,0,0,0
878,69.16,915,0,0,0,0,0,0,0
879,70.15,916,0,0,0,0,0,0,0
880,71.16,917,0,0,0,0,0,0,0
881,72.16,918,0,0,0,0,0,0,0
882,73.16,919,0,0,0,0,0,0,0
883,74.16,920,0,0,0,0,0,0,0
884,75.16,921,0,0,0,0,0,0,0
885,76.16,922,0,0,0,0,0,0,0
886,77.16,923,0,0,0,0,0,0,0
887,78.16,924,0,0,0,0,0,0,0
888,79.15,925,0,0,0,0,0,0,0
889,80.16,926,0,0,0,0,0,0,0
890,81.16,927,0,0,0,0,0,0,0
891,82.16,928,0,0,0,0,0,0,0
892,83.16,929,0,0,0,0,0,0,0
893,84.16,930,0,0,0,0,0,0,0
894,85.16,931,0,0,0,0,0,0,0
895,86.16,932,0,0,0,0,0,0,0
896,87.16,933,0,0,0,0,0,0,0
897,88.16,934,0,0,0,0,0,0,0
898,89.16,935,0,0,0,0,0,0,0
899,90.16,936,0,0,0,0,0,0,0
900,91.16,937,0,0,0,0,0,0,0
901,92.16,938,0,0,0,0,0,0,0
902,93.16,939,0,0,0,0,0,0,0
903,94.16,940,0,0,0,0,0,0,0
904,95.16,941,0,0,0,0,0,0,0
905,96.16,942,0,0,0,0,0,0,0
906,97.16,943,0,0,0,0,0,0,0
907,98.16,944,0,0,0,0,0,0,0
908,99.16,945,0,0,0,0,0,0,0
909,100.15,946,0,0,0,0,0,0,0
910,101.16,947,0,0,0,0,0,0,0
911,102.16,948,0,0,0,0,0,0,0
912,103.16,949,0,0,0,0,0,0,0
913,104.16,950,0,0,0,0,0,0,0
914,105.16,951,0,0,0,0,0,0,0
915,106.16,952,0,0,0,0,0,0,0
916,107.16,953,0,0,0,0,0,0,0
917,108.16,954,0,0,0,0,0,0,0
918,109.16,955,0,0,0,0,0,0,0
919,110.16,956,0,0,0,0,0,0,0
920,111.16,957,0,0,0,0,0,0,0
921,112.16,958,0,0,0,0,0,0,0
922,113.16,959,0,0,0,0,0,0,0
923,114.16,960,0,0,0,0,0,0,0
924,115.16,961,0,0,0,0,0,0,0
925,116.16,962,0,0,0,0,0,0,0
926,117.16,963,0,0,0,0,0,0,0
927,118.16,964,0,0,0,0,0,0,0
928,119.16,965,0,0,0,0,0,0,0
929,120.16,966,0,0,0,0,0,0,0
930,121.17,967,0,0,0,0,0,0,0
931,122.16,968,0,0,0,0,0,0,0
932,123.16,969,0,0,0,0,0,0,0
933,124.16,970,0,0,0,0,0,0,0
934,125.16,971,0,0,0,0,0,0,0
935,126.16,972,0,0,0,0,0,0,0
936,127.16,973,0,0,0,0,0,0,0
937,128.16,974,0,0,0,0,0,0,0
938,129.16,975,0,0,0,0,0,0,0
939,130.16,976,0,0,0,0,0,0,0
940,131.16,977,0,0,0,0,0,0,0
941,132.16,978,0,0,0,0,0,0,0
942,133.16,979,0,0,0,0,0,0,0
943,134.16,980,0,0,0,0,0,0,0
944,135.16,981,0,0,0,0,0,0,0
945,136.16,982,0,0,0,0,0,0,0
946,137.16,983,0,0,0,0,0,0,0
947,138.16,984,0,0,0,0,0,0,0
948,139.17,985,0,0,0,0,0,0,0
949,140.16,986,0,0,0,0,0,0,0
950,141.16,987,0,0,0,0,0,0,0
951,142.16,988,0,0,0,0,0,0,0
952,143.16,989,0,0,0,0,0,0,0
953,144.16,990,0,0,0,0,0,0,0
954,145.16,991,0,0,0,0,0,0,0
955,146.16,992,0,0,0,0,0,0,0
956,147.16,993,0,0,0,0,0,0,0
957,148.16,994,0,0,0,0,0,0,0
958,149.16,995,0,0,0,0,0,0,0
959,150.17,996,0,0,0,0,0,0,0
960,151.16,997,0,0,0,0,0,0,0
961,152.16,998,0,0,0,0,0,0,0
962,153.16,999,0,0,0,0,0,0,0
963,154.16,1000,0,0,0,0,0,0,0
964,155.16,1001,0,0,0,0,0,0,0
965,156.16,1002,0,0,0,0,0,0,0
966,157.16,1003,0,0,0,0,0,0,0
967,158.16,1004,0,0,0,0,0,0,0
968,159.16,1005,0,0,0,0,0,0,0
969,0,1007,0,0,0,0,0,0,0
970,0,1009,0,0,0,0,0,0,0
971,0.99,1010,0,0,0,0,0,0,0
972,2,1011,0,0,0,0,0,0,0
973,3,1012,0,0,0,0,0,0,0
974,3.99,1013,0,0,0,0,0,0,0
975,4.99,1014,0,0,0,0,0,0,0
976,6,1015,0,0,0,0,0,0,0
977,7,1016,0,0,0,0,0,0,0
978,0,1018,0,0,0,0,0,0,0
979,0,1020,0,0,0,0,0,0,0
980,0,1022,0,0,0,0,0,0,0
981,1.01,1023,0,0,0,0,0,0,0
982,2,1024,0,0,0,0,0,0,0
983,3,1025,0,0,0,0,0,0,0
984,4.01,1026,0,0,0,0,0,0,0
985,5,1027,0,0,0,0,0,0,0
986,6,1028,0,0,0,0,0,0,0
987,7,1029,0,0,0,0,0,0,0
988,8,1030,0,0,0,0,0,0,0
989,9.01,1031,0,0,0,0,0,0,0
990,0,1033,0,0,0,0,0,0,0
991,0,1035,0,0,0,0,0,0,0
992,1,1036,0,0,0,0,0,0,0
993,2,1037,0,0,0,0,0,0,0
994,3,1038,0,0,0,0,0,0,0
995,4,1039,0,0,0,0,0,0,0
996,5,1040,0,0,0,0,0,0,0
997,6,1041,0,0,0,0,0,0,0
998,7,1042,0,0,0,0,0,0,0
999,8,1043,0,0,0,0,0,0,0
1000,9,1044,0,0,0,0,0,0,0
1001,10,1045,0,0,0,0,0,0,0
1002,11,1046,0,0,0,0,0,0,0
1003,12,1047,0,0,0,0,0,0,0
1004,13,1048,0,0,0,0,0,0,0
1005,14,1049,0,0,0,0,0,0,0
1006,15,1050,0,0,0,0,0,0,0
1007,16,1051,0,0,0,0,0,0,0
1008,17,1052,0,0,0,0,0,0,0
1009,17.99,1053,0,0,0,0,0,0,0
1010,19,1054,0,0,0,0,0,0,0
1011,20,1055,0,0,0,0,0,0,0
1012,21,1056,0,0,0,0,0,0,0
1013,22,1057,0,0,0,0,0,0,0
1014,23,1058,0,0,0,0,0,0,0
1015,24,1059,0,0,0,0,0,0,0
1016,25,1060,0,0,0,0,0,0,0
1017,26,1061,0,0,0,0,0,0,0
1018,26.99,1062,0,0,0,0,0,0,0
1019,28,1063,0,0,0,0,0,0,0
1020,29,1064,0,0,0,0,0,0,0
1021,30,1065,0,0,0,0,0,0,0
1022,31,1066,0,0,0,0,0,0,0
1023,32,1067,0,0,0,0,0,0,0
1024,33,1068,0,0,0,0,0,0,0
1025,34,1069,0,0,0,0,0,0,0
1026,35,1070,0,0,0,0,0,0,0
1027,36,1071,0,0,0,0,0,0,0
1028,37,1072,0,0,0,0,0,0,0
1029,37.99,1073,0,0,0,0,0,0,0
1030,39,1074,0,0,0,0,0,0,0
1031,40,1075,0,0,0,0,0,0,0
1032,41,1076,0,0,0,0,0,0,0
1033,42,1077,0,0,0,0,0,0,0
1034,43,1078,0,0,0,0,0,0,0
1035,44,1079,0,0,0,0,0,0,0
1036,45,1080,0,0,0,0,0,0,0
1037,46,1081,0,0,0,0,0,0,0
1038,47,1082,0,0,0,0,0,0,0
1039,47.99,1083,0,0,0,0,0,0,0
1040,49,1084,0,0,0,0,0,0,0
1041,50,1085,0,0,0,0,0,0,0
1042,51,1086,0,0,0,0,0,0,0
1043,52,1087,0,0,0,0,0,0,0
1044,53,1088,0,0,0,0,0,0,0
1045,54,1089,0,0,0,0,0,0,0
1046,55,1090,0,0,0,0,0,0,0
1047,56,1091,0,0,0,0,0,0,0
1048,57,1092,0,0,0,0,0,0,0
1049,58,1093,0,0,0,0,0,0,0
1050,59,1094,0,0,0,0,0,0,0
1051,60,1095,0,0,0,0,0,0,0
1052,61,1096,0,0,0,0,0,0,0
1053,62,1097,0,0,0,0,0,0,0
1054,63,1098,0,0,0,0,0,0,0
1055,64,1099,0,0,0,0,0,0,0
1056,65,1100,0,0,0,0,0,0,0
1057,66,1101,0,0,0,0,0,0,0
1058,67,1102,0,0,0,0,0,0,0
1059,68,1103,0,0,0,0,0,0,0
1060,69,1104,0,0,0,0,0,0,0
1061,70,1105,0,0,0,0,0,0,0
1062,71,1106,0,0,0,0,0,0,0
1063,72,1107,0,0,0,0,0,0,0
1064,73,1108,0,0,0,0,0,0,0
1065,74,1109,0,0,0,0,0,0,0
1066,75,1110,0,0,0,0,0,0,0
1067,76,1111,0,0,0,0,0,0,0
1068,77,1112,0,0,0,0,0,0,0
1069,78,1113,0,0,0,0,0,0,0
1070,79,1114,0,0,0,0,0,0,0
1071,80,1115,0,0,0,0,0,0,0
1072,81,1116,0,0,0,0,0,0,0
1073,82,1117,0,0,0,0,0,0,0
1074,83,1118,0,0,0,0,0,0,0
1075,84,1119,0,0,0,0,0,0,0
1076,85,1120,0,0,0,0,0,0,0
1077,86,1121,0,0,0,0,0,0,0
1078,87,1122,0,0,0,0,0,0,0
1079,88,1123,0,0,0,0,0,0,0
1080,89,1124,0,0,0,0,0,0,0
1081,90,1125,0,0,0,0,0,0,0
1082,91,1126,0,0,0,0,0,0,0
1083,92,1127,0,0,0,0,0,0,0
1084,93,1128,0,0,0,0,0,0,0
1085,94,1129,0,0,0,0,0,0,0
1086,95,1130,0,0,0,0,0,0,0
1087,96,1131,0,0,0,0,0,0,0
1088,97,1132,0,0,0,0,0,0,0
1089,98,1133,0,0,0,0,0,0,0
1090,99,1134,0,0,0,0,0,0,0
1091,100,1135,0,0,0,0,0,0,0
1092,100.99,1136,0,0,0,0,0,0,0
1093,102,1137,0,0,0,0,0,0,0
1094,103,1138,0,0,0,0,0,0,0
1095,104,1139,0,0,0,0,0,0,0
1096,105,1140,0,0,0,0,0,0,0
1097,106,1141,0,0,0,0,0,0,0
1098,107,1142,0,0,0,0,0,0,0
1099,108,1143,0,0,0,0,0,0,0
1100,109,1144,0,0,0,0,0,0,0
1101,110,1145,0,0,0,0,0,0,0
1102,111,1146,0,0,0,0,0,0,0
1103,112,1147,0,0,0,0,0,0,0
1104,113,1148,0,0,0,0,0,0,0
1105,114,1149,0,0,0,0,0,0,0
1106,115,1150,0,0,0,0,0,0,0
1107,116,1151,0,0,0,0,0,0,0
1108,117,1152,0,0,0,0,0,0,0
1109,118,1153,0,0,0,0,0,0,0
1110,119,1154,0,0,0,0,0,0,0
1111,120,1155,0,0,0,0,0,0,0
1112,121,1156,0,0,0,0,0,0,0
1113,122,1157,0,0,0,0,0,0,0
1114,123,1158,0,0,0,0,0,0,0
1115,124,1159,0,0,0,0,0,0,0
1116,125,1160,0,0,0,0,0,0,0
1117,126,1161,0,0,0,0,0,0,0
1118,127,1162,0,0,0,0,0,0,0
1119,128,1163,0,0,0,0,0,0,0
1120,129,1164,0,0,0,0,0,0,0
1121,130,1165,0,0,0,0,0,0,0
1122,131,1166,0,0,0,0,0,0,0
1123,132,1167,0,0,0,0,0,0,0
1124,133,1168,0,0,0,0,0,0,0
1125,134,1169,0,0,0,0,0,0,0
1126,135,1170,0,0,0,0,0,0,0
1127,136,1171,0,0,0,0,0,0,0
1128,137,1172,0,0,0,0,0,0,0
1129,138,1173,0,0,0,0,0,0,0
1130,139,1174,0,0,0,0,0,0,0
1131,140,1175,0,0,0,0,0,0,0
1132,141,1176,0,0,0,0,0,0,0
1133,142,1177,0,0,0,0,0,0,0
1134,143,1178,0,0,0,0,0,0,0
1135,144,1179,0,0,0,0,0,0,0
1136,145,1180,0,0,0,0,0,0,0
1137,146,1181,0,0,0,0,0,0,0
1138,147,1182,0,0,0,0,0,0,0
1139,148,1183,0,0,0,0,0,0,0
1140,149,1184,0,0,0,0,0,0,0
1141,150,1185,0,0,0,0,0,0,0
1142,151,1186,0,0,0,0,0,0,0
1143,152,1187,0,0,0,0,0,0,0
1144,153,1188,0,0,0,0,0,0,0
1145,154,1189,0,0,0,0,0,0,0
1146,0,1191,0,0,0,0,0,0,0
1147,0,1193,0,0,0,0,0,0,0
1148,0.99,1194,0,0,0,0,0,0,0
1149,2,1195,0,0,0,0,0,0,0
1150,3,1196,0,0,0,0,0,0,0
1151,4,1197,0,0,0,0,0,0,0
1152,5,1198,0,0,0,0,0,0,0
1153,6,1199,0,0,0,0,0,0,0
1154,7,1200,0,0,0,0,0,0,0
1155,7.99,1201,0,0,0,0,0,0,0
1156,9,1202,0,0,0,0,0,0,0
1157,10,1203,0,0,0,0,0,0,0
1158,11,1204,0,0,0,0,0,0,0
1159,0,1206,0,0,0,0,0,0,0
1160,0,1208,0,0,0,0,0,0,0
1161,0,1210,0,0,0,0,0,0,0
1162,0,1212,0,0,0,0,0,0,0
1163,1.01,1213,0,0,0,0,0,0,0
1164,2.01,1214,0,0,0,0,0,0,0
1165,3,1215,0,0,0,0,0,0,0
1166,4,1216,0,0,0,0,0,0,0
1167,5.01,1217,0,0,0,0,0,0,0
1168,6.01,1218,0,0,0,0,0,0,0
1169,0,1220,0,0,0,0,0,0,0
1170,0,1222,0,0,0,0,0,0,0
1171,1,1223,0,0,0,0,0,0,0
1172,2,1224,0,0,0,0,0,0,0
1173,2.99,1225,0,0,0,0,0,0,0
1174,4,1226,0,0,0,0,0,0,0
1175,5,1227,0,0,0,0,0,0,0
1176,6,1228,0,0,0,0,0,0,0
1177,7,1229,0,0,0,0,0,0,0
1178,8,1230,0,0,0,0,0,0,0
1179,9,1231,0,0,0,0,0,0,0
1180,10,1232,0,0,0,0,0,0,0
1181,11,1233,0,0,0,0,0,0,0
1182,12,1234,0,0,0,0,0,0,0
1183,13,1235,0,0,0,0,0,0,0
1184,14,1236,0,0,0,0,0,0,0
1185,15,1237,0,0,0,0,0,0,0
1186,15.99,1238,0,0,0,0,0,0,0
1187,17,1239,0,0,0,0,0,0,0
1188,18,1240,0,0,0,0,0,0,0
1189,19,1241,0,0,0,0,0,0,0
1190,20,1242,0,0,0,0,0,0,0
1191,21,1243,0,0,0,0,0,0,0
1192,22,1244,0,0,0,0,0,0,0
1193,23,1245,0,0,0,0,0,0,0
1194,24,1246,0,0,0,0,0,0,0
1195,25,1247,0,0,0,0,0,0,0
1196,26,1248,0,0,0,0,0,0,0
1197,27,1249,0,0,0,0,0,0,0
1198,28,1250,0,0,0,0,0,0,0
1199,29,1251,0,0,0,0,0,0,0
1200,30,1252,0,0,0,0,0,0,0
1201,31,1253,0,0,0,0,0,0,0
1202,32,1254,0,0,0,0,0,0,0
1203,33,1255,0,0,0,0,0,0,0
1204,34,1256,0,0,0,0,0,0,0
1205,34.99,1257,0,0,0,0,0,0,0
1206,36,1258,0,0,0,0,0,0,0
1207,37,1259,0,0,0,0,0,0,0
1208,38,1260,0,0,0,0,0,0,0
1209,39,1261,0,0,0,0,0,0,0
1210,40,1262,0,0,0,0,0,0,0
1211,41,1263,0,0,0,0,0,0,0
1212,42,1264,0,0,0,0,0,0,0
1213,43,1265,0,0,0,0,0,0,0
1214,44,1266,0,0,0,0,0,0,0
1215,45,1267,0,0,0,0,0,0,0
1216,46,1268,0,0,0,0,0,0,0
1217,47,1269,0,0,0,0,0,0,0
1218,48,1270,0,0,0,0,0,0,0
1219,49,1271,0,0,0,0,0,0,0
1220,50,1272,0,0,0,0,0,0,0
1221,51,1273,0,0,0,0,0,0,0
1222,52,1274,0,0,0,0,0,0,0
1223,53,1275,0,0,0,0,0,0,0
1224,54,1276,0,0,0,0,0,0,0
1225,55,1277,0,0,0,0,0,0,0
1226,56,1278,0,0,0,0,0,0,0
1227,57,1279,0,0,0,0,0,0,0
1228,58,1280,0,0,0,0,0,0,0
1229,59,1281,0,0,0,0,0,0,0
1230,60,1282,0,0,0,0,0,0,0
1231,61,1283,0,0,0,0,0,0,0
1232,62,1284,0,0,0,0,0,0,0
1233,63,1285,0,0,0,0,0,0,0
1234,64,1286,0,0,0,0,0,0,0
1235,65,1287,0,0,0,0,0,0,0
1236,66,1288,0,0,0,0,0,0,0
1237,67,1289,0,0,0,0,0,0,0
1238,68,1290,0,0,0,0,0,0,0
1239,69,1291,0,0,0,0,0,0,0
1240,69.99,1292,0,0,0,0,0,0,0
1241,71,1293,0,0,0,0,0,0,0
1242,72,1294,0,0,0,0,0,0,0
1243,73,1295,0,0,0,0,0,0,0
1244,74,1296,0,0,0,0,0,0,0
1245,75,1297,0,0,0,0,0,0,0
1246,76,1298,0,0,0,0,0,0,0
1247,77,1299,0,0,0,0,0,0,0
1248,78,1300,0,0,0,0,0,0,0
1249,78.99,1301,0,0,0,0,0,0,0
1250,79.99,1302,0,0,0,0,0,0,0
1251,81,1303,0,0,0,0,0,0,0
1252,82,1304,0,0,0,0,0,0,0
1253,83,1305,0,0,0,0,0,0,0
1254,84,1306,0,0,0,0,0,0,0
1255,85,1307,0,0,0,0,0,0,0
1256,86,1308,0,0,0,0,0,0,0
1257,87,1309,0,0,0,0,0,0,0
1258,88,1310,0,0,0,0,0,0,0
1259,89,1311,0,0,0,0,0,0,0
1260,90,1312,0,0,0,0,0,0,0
1261,91,1313,0,0,0,0,0,0,0
1262,92,1314,0,0,0,0,0,0,0
1263,93,1315,0,0,0,0,0,0,0
1264,94,1316,0,0,0,0,0,0,0
1265,95,1317,0,0,0,0,0,0,0
1266,96,1318,0,0,0,0,0,0,0
1267,97,1319,0,0,0,0,0,0,0
1268,98,1320,0,0,0,0,0,0,0
1269,99,1321,0,0,0,0,0,0,0
1270,100,1322,0,0,0,0,0,0,0
1271,101,1323,0,0,0,0,0,0,0
1272,102,1324,0,0,0,0,0,0,0
1273,103,1325,0,0,0,0,0,0,0
1274,104,1326,0,0,0,0,0,0,0
1275,105,1327,0,0,0,0,0,0,0
1276,106,1328,0,0,0,0,0,0,0
1277,107,1329,0,0,0,0,0,0,0
1278,108,1330,0,0,0,0,0,0,0
1279,109,1331,0,0,0,0,0,0,0
1280,110,1332,0,0,0,0,0,0,0
1281,111,1333,0,0,0,0,0,0,0
1282,112,1334,0,0,0,0,0,0,0
1283,113,1335,0,0,0,0,0,0,0
1284,114,1336,0,0,0,0,0,0,0
1285,115,1337,0,0,0,0,0,0,0
1286,116,1338,0,0,0,0,0,0,0
1287,117,1339,0,0,0,0,0,0,0
1288,118,1340,0,0,0,0,0,0,0
1289,119,1341,0,0,0,0,0,0,0
1290,120,1342,0,0,0,0,0,0,0
1291,120.99,1343,0,0,0,0,0,0,0
1292,122,1344,0,0,0,0,0,0,0
1293,123,1345,0,0,0,0,0,0,0
1294,124,1346,0,0,0,0,0,0,0
1295,125,1347,0,0,0,0,0,0,0
1296,126,1348,0,0,0,0,0,0,0
1297,127,1349,0,0,0,0,0,0,0
1298,128,1350,0,0,0,0,0,0,0
1299,129,1351,0,0,0,0,0,0,0
1300,130,1352,0,0,0,0,0,0,0
1301,131,1353,0,0,0,0,0,0,0
1302,132,1354,0,0,0,0,0,0,0
1303,133,1355,0,0,0,0,0,0,0
1304,134,1356,0,0,0,0,0,0,0
1305,135,1357,0,0,0,0,0,0,0
1306,136,1358,0,0,0,0,0,0,0
1307,137,1359,0,0,0,0,0,0,0
1308,138,1360,0,0,0,0,0,0,0
1309,139,1361,0,0,0,0,0,0,0
1310,140,1362,0,0,0,0,0,0,0
1311,141,1363,0,0,0,0,0,0,0
1312,142,1364,0,0,0,0,0,0,0
1313,143,1365,0,0,0,0,0,0,0
1314,144,1366,0,0,0,0,0,0,0
1315,145,1367,0,0,0,0,0,0,0
1316,146,1368,0,0,0,0,0,0,0
1317,147,1369,0,0,0,0,0,0,0
1318,148,1370,0,0,0,0,0,0,0
1319,149,1371,0,0,0,0,0,0,0
1320,150,1372,0,0,0,0,0,0,0
1321,151,1373,0,0,0,0,0,0,0
1322,152,1374,0,0,0,0,0,0,0
1323,153,1375,0,0,0,0,0,0,0
1324,154,1376,0,0,0,0,0,0,0
1325,155,1377,0,0,0,0,0,0,0
1326,156,1378,0,0,0,0,0,0,0
1327,157,1379,0,0,0,0,0,0,0
1328,0,1381,0,0,0,0,0,0,0
1329,0,1383,0,0,0,0,0,0,0
1330,1,1384,0,0,0,0,0,0,0
1331,2,1385,0,0,0,0,0,0,0
1332,3,1386,0,0,0,0,0,0,0
1333,4,1387,0,0,0,0,0,0,0
1334,5,1388,0,0,0,0,0,0,0
1335,6,1389,0,0,0,0,0,0,0
1336,7,1390,0,0,0,0,0,0,0
1337,8,1391,0,0,0,0,0,0,0
1338,9,1392,0,0,0,0,0,0,0
1339,0,1394,0,0,0,0,0,0,0
1340,0,1396,0,0,0,0,0,0,0
1341,0,1398,0,0,0,0,0,0,0
1342,0,1400,0,0,0,0,0,0,0
1343,0,1402,0,0,0,0,0,0,0
1344,0,1404,0,0,0,0,0,0,0
1345,0,1406,0,0,0,0,0,0,0
1346,0,1408,0,0,0,0,0,0,0
1347,1,1409,0,0,0,0,0,0,0
1348,2,1410,0,0,0,0,0,0,0
1349,3,1411,0,0,0,0,0,0,0
1350,4,1412,0,0,0,0,0,0,0
1351,5,1413,0,0,0,0,0,0,0
1352,6,1414,0,0,0,0,0,0,0
1353,7.01,1415,0,0,0,0,0,0,0
1354,8,1416,0,0,0,0,0,0,0
1355,9,1417,0,0,0,0,0,0,0
1356,10,1418,0,0,0,0,0,0,0
1357,11.01,1419,0,0,0,0,0,0,0
1358,12,1420,0,0,0,0,0,0,0
1359,13.01,1421,0,0,0,0,0,0,0
1360,14,1422,0,0,0,0,0,0,0
1361,0,1424,0,0,0,0,0,0,0
1362,0,1426,0,0,0,0,0,0,0
1363,1,1427,0,0,0,0,0,0,0
1364,2,1428,0,0,0,0,0,0,0
1365,3,1429,0,0,0,0,0,0,0
1366,4,1430,0,0,0,0,0,0,0
1367,5,1431,0,0,0,0,0,0,0
1368,6,1432,0,0,0,0,0,0,0
1369,7,1433,0,0,0,0,0,0,0
1370,8,1434,0,0,0,0,0,0,0
1371,9,1435,0,0,0,0,0,0,0
1372,10,1436,0,0,0,0,0,0,0
1373,11,1437,0,0,0,0,0,0,0
1374,12,1438,0,0,0,0,0,0,0
1375,13,1439,0,0,0,0,0,0,0
1376,14,1440,0,0,0,0,0,0,0
1377,15,1441,0,0,0,0,0,0,0
1378,16,1442,0,0,0,0,0,0,0
1379,17,1443,0,0,0,0,0,0,0
1380,18,1444,0,0,0,0,0,0,0
1381,19,1445,0,0,0,0,0,0,0
1382,20,1446,0,0,0,0,0,0,0
1383,21,1447,0,0,0,0,0,0,0
1384,22,1448,0,0,0,0,0,0,0
1385,23,1449,0,0,0,0,0,0,0
1386,24,1450,0,0,0,0,0,0,0
1387,25,1451,0,0,0,0,0,0,0
1388,26,1452,0,0,0,0,0,0,0
1389,27,1453,0,0,0,0,0,0,0
1390,28,1454,0,0,0,0,0,0,0
1391,29,1455,0,0,0,0,0,0,0
1392,30,1456,0,0,0,0,0,0,0
1393,31,1457,0,0,0,0,0,0,0
1394,32,1458,0,0,0,0,0,0,0
1395,33,1459,0,0,0,0,0,0,0
1396,34,1460,0,0,0,0,0,0,0
1397,35,1461,0,0,0,0,0,0,0
1398,36,1462,0,0,0,0,0,0,0
1399,37,1463,0,0,0,0,0,0,0
1400,38,1464,0,0,0,0,0,0,0
1401,39,1465,0,0,0,0,0,0,0
1402,40,1466,0,0,0,0,0,0,0
1403,41,1467,0,0,0,0,0,0,0
1404,42,1468,0,0,0,0,0,0,0
1405,43,1469,0,0,0,0,0,0,0
1406,44,1470,0,0,0,0,0,0,0
1407,45,1471,0,0,0,0,0,0,0
1408,46,1472,0,0,0,0,0,0,0
1409,47,1473,0,0,0,0,0,0,0
1410,48,1474,0,0,0,0,0,0,0
1411,49,1475,0,0,0,0,0,0,0
1412,50,1476,0,0,0,0,0,0,0
1413,51,1477,0,0,0,0,0,0,0
1414,52,1478,0,0,0,0,0,0,0
1415,53,1479,0,0,0,0,0,0,0
1416,54,1480,0,0,0,0,0,0,0
1417,55,1481,0,0,0,0,0,0,0
1418,56,1482,0,0,0,0,0,0,0
1419,57,1483,0,0,0,0,0,0,0
1420,58,1484,0,0,0,0,0,0,0
1421,59,1485,0,0,0,0,0,0,0
1422,60,1486,0,0,0,0,0,0,0
1423,61,1487,0,0,0,0,0,0,0
1424,61.91,1488,0,0,0,0,0,0,0
1425,62.9,1489,0,0,0,0,0,0,0
1426,63.9,1490,0,0,0,0,0,0,0
1427,64.91,1491,0,0,0,0,0,0,0
1428,65.91,1492,0,0,0,0,0,0,0
1429,66.91,1493,0,0,0,0,0,0,0
1430,67.91,1494,0,0,0,0,0,0,0
1431,68.91,1495,0,0,0,0,0,0,0
1432,69.91,1496,0,0,0,0,0,0,0
1433,70.9,1497,0,0,0,0,0,0,0
1434,71.9,1498,0,0,0,0,0,0,0
1435,72.91,1499,0,0,0,0,0,0,0
1436,73.35,1500,0,0,0,0,0,0,0
1437,74.34,1501,0,0,0,0,0,0,0
1438,75.34,1502,0,0,0,0,0,0,0
1439,76.34,1503,0,0,0,0,0,0,0
1440,77.34,1504,0,0,0,0,0,0,0
1441,78.34,1505,0,0,0,0,0,0,0
1442,79.35,1506,0,0,0,0,0,0,0
1443,80.35,1507,0,0,0,0,0,0,0
1444,81.34,1508,0,0,0,0,0,0,0
1445,82.35,1509,0,0,0,0,0,0,0
1446,83.34,1510,0,0,0,0,0,0,0
1447,84.35,1511,0,0,0,0,0,0,0
1448,85.34,1512,0,0,0,0,0,0,0
1449,86.34,1513,0,0,0,0,0,0,0
1450,87.34,1514,0,0,0,0,0,0,0
1451,88.34,1515,0,0,0,0,0,0,0
1452,89.34,1516,0,0,0,0,0,0,0
1453,90.34,1517,0,0,0,0,0,0,0
1454,91.34,1518,0,0,0,0,0,0,0
1455,92.35,1519,0,0,0,0,0,0,0
1456,93.34,1520,0,0,0,0,0,0,0
1457,94.34,1521,0,0,0,0,0,0,0
1458,95.34,1522,0,0,0,0,0,0,0
1459,96.34,1523,0,0,0,0,0,0,0
1460,97.35,1524,0,0,0,0,0,0,0
1461,98.34,1525,0,0,0,0,0,0,0
1462,99.34,1526,0,0,0,0,0,0,0
1463,100.34,1527,0,0,0,0,0,0,0
1464,101.34,1528,0,0,0,0,0,0,0
1465,102.34,1529,0,0,0,0,0,0,0
1466,103.34,1530,0,0,0,0,0,0,0
1467,104.35,1531,0,0,0,0,0,0,0
1468,105.34,1532,0,0,0,0,0,0,0
1469,106.34,1533,0,0,0,0,0,0,0
1470,107.34,1534,0,0,0,0,0,0,0
1471,108.34,1535,0,0,0,0,0,0,0
1472,109.34,1536,0,0,0,0,0,0,0
1473,110.34,1537,0,0,0,0,0,0,0
1474,111.34,1538,0,0,0,0,0,0,0
1475,112.35,1539,0,0,0,0,0,0,0
1476,113.35,1540,0,0,0,0,0,0,0
1477,114.34,1541,0,0,0,0,0,0,0
1478,115.34,1542,0,0,0,0,0,0,0
1479,116.34,1543,0,0,0,0,0,0,0
1480,117.34,1544,0,0,0,0,0,0,0
1481,118.34,1545,0,0,0,0,0,0,0
1482,119.34,1546,0,0,0,0,0,0,0
1483,120.35,1547,0,0,0,0,0,0,0
1484,121.35,1548,0,0,0,0,0,0,0
1485,122.34,1549,0,0,0,0,0,0,0
1486,123.34,1550,0,0,0,0,0,0,0
1487,124.34,1551,0,0,0,0,0,0,0
1488,125.34,1552,0,0,0,0,0,0,0
1489,126.34,1553,0,0,0,0,0,0,0
1490,127.34,1554,0,0,0,0,0,0,0
1491,128.35,1555,0,0,0,0,0,0,0
1492,129.35,1556,0,0,0,0,0,0,0
1493,130.34,1557,0,0,0,0,0,0,0
1494,131.34,1558,0,0,0,0,0,0,0
1495,132.34,1559,0,0,0,0,0,0,0
1496,133.34,1560,0,0,0,0,0,0,0
1497,134.34,1561,0,0,0,0,0,0,0
1498,135.34,1562,0,0,0,0,0,0,0
1499,136.35,1563,0,0,0,0,0,0,0
1500,137.34,1564,0,0,0,0,0,0,0
1501,138.34,1565,0,0,0,0,0,0,0
1502,139.34,1566,0,0,0,0,0,0,0
1503,140.34,1567,0,0,0,0,0,0,0
1504,141.34,1568,0,0,0,0,0,0,0
1505,142.34,1569,0,0,0,0,0,0,0
1506,143.35,1570,0,0,0,0,0,0,0
1507,144.35,1571,0,0,0,0,0,0,0
1508,145.34,1572,0,0,0,0,0,0,0
1509,146.34,1573,0,0,0,0,0,0,0
1510,147.34,1574,0,0,0,0,0,0,0
1511,148.34,1575,0,0,0,0,0,0,0
1512,149.35,1576,0,0,0,0,0,0,0
1513,150.34,1577,0,0,0,0,0,0,0
1514,151.34,1578,0,0,0,0,0,0,0
1515,152.34,1579,0,0,0,0,0,0,0
1516,153.34,1580,0,0,0,0,0,0,0
1517,154.35,1581,0,0,0,0,0,0,0
1518,155.34,1582,0,0,0,0,0,0,0
1519,0,1584,0,0,0,0,0,0,0
1520,0,1586,0,0,0,0,0,0,0
1521,0.99,1587,0,0,0,0,0,0,0
1522,2,1588,0,0,0,0,0,0,0
1523,3,1589,0,0,0,0,0,0,0
1524,3.99,1590,0,0,0,0,0,0,0
1525,5,1591,0,0,0,0,0,0,0
1526,6,1592,0,0,0,0,0,0,0
1527,7,1593,0,0,0,0,0,0,0
1528,8,1594,0,0,0,0,0,0,0
1529,9,1595,0,0,0,0,0,0,0
1530,0,1597,0,0,0,0,0,0,0
1531,0,1599,0,0,0,0,0,0,0
1532,1,1600,0,0,0,0,0,0,0
1533,2,1601,0,0,0,0,0,0,0
1534,3,1602,0,0,0,0,0,0,0
1535,4.01,1603,0,0,0,0,0,0,0
1536,5.01,1604,0,0,0,0,0,0,0
1537,6.01,1605,0,0,0,0,0,0,0
1538,7.01,1606,0,0,0,0,0,0,0
1539,8.01,1607,0,0,0,0,0,0,0
1540,9.01,1608,0,0,0,0,0,0,0
1541,10.01,1609,0,0,0,0,0,0,0
1542,11.01,1610,0,0,0,0,0,0,0
1543,12.01,1611,0,0,0,0,0,0,0
1544,13.01,1612,0,0,0,0,0,0,0
1545,14.01,1613,0,0,0,0,0,0,0
1546,15.01,1614,0,0,0,0,0,0,0
1547,16,1615,0,0,0,0,0,0,0
1548,17,1616,0,0,0,0,0,0,0
1549,18,1617,0,0,0,0,0,0,0
1550,19,1618,0,0,0,0,0,0,0
1551,20,1619,0,0,0,0,0,0,0
1552,21,1620,0,0,0,0,0,0,0
1553,22,1621,0,0,0,0,0,0,0
1554,23.01,1622,0,0,0,0,0,0,0
1555,23.93,1623,0,0,0,0,0,0,0
1556,24.93,1624,0,0,0,0,0,0,0
1557,25.93,1625,0,0,0,0,0,0,0
1558,26.93,1626,0,0,0,0,0,0,0
1559,27.92,1627,0,0,0,0,0,0,0
1560,28.93,1628,0,0,0,0,0,0,0
1561,29.92,1629,0,0,0,0,0,0,0
1562,30.93,1630,0,0,0,0,0,0,0
1563,31.92,1631,0,0,0,0,0,0,0
1564,32.92,1632,0,0,0,0,0,0,0
1565,33.93,1633,0,0,0,0,0,0,0
1566,34.92,1634,0,0,0,0,0,0,0
1567,35.92,1635,0,0,0,0,0,0,0
1568,36.93,1636,0,0,0,0,0,0,0
1569,37.92,1637,0,0,0,0,0,0,0
1570,38.93,1638,0,0,0,0,0,0,0
1571,39.92,1639,0,0,0,0,0,0,0
1572,40.92,1640,0,0,0,0,0,0,0
1573,41.16,1641,0,0,0,0,0,0,0
1574,42.17,1642,0,0,0,0,0,0,0
1575,43.16,1643,0,0,0,0,0,0,0
1576,44.16,1644,0,0,0,0,0,0,0
1577,45.16,1645,0,0,0,0,0,0,0
1578,46.16,1646,0,0,0,0,0,0,0
1579,47.16,1647,0,0,0,0,0,0,0
1580,48.16,1648,0,0,0,0,0,0,0
1581,49.17,1649,0,0,0,0,0,0,0
1582,50.16,1650,0,0,0,0,0,0,0
1583,51.16,1651,0,0,0,0,0,0,0
1584,52.16,1652,0,0,0,0,0,0,0
1585,53.16,1653,0,0,0,0,0,0,0
1586,54.17,1654,0,0,0,0,0,0,0
1587,55.16,1655,0,0,0,0,0,0,0
1588,56.16,1656,0,0,0,0,0,0,0
1589,57.16,1657,0,0,0,0,0,0,0
1590,58.16,1658,0,0,0,0,0,0,0
1591,59.17,1659,0,0,0,0,0,0,0
1592,60.16,1660,0,0,0,0,0,0,0
1593,61.16,1661,0,0,0,0,0,0,0
1594,62.16,1662,0,0,0,0,0,0,0
1595,63.16,1663,0,0,0,0,0,0,0
1596,0,1665,0,0,0,0,0,0,0
1597,0,1667,0,0,0,0,0,0,0
1598,1,1668,0,0,0,0,0,0,0
1599,2,1669,0,0,0,0,0,0,0
1600,3.01,1670,0,0,0,0,0,0,0
1601,4.01,1671,0,0,0,0,0,0,0
1602,5,1672,0,0,0,0,0,0,0
1603,6,1673,0,0,0,0,0,0,0
1604,7,1674,0,0,0,0,0,0,0
1605,8.01,1675,0,0,0,0,0,0,0
1606,9.01,1676,0,0,0,0,0,0,0
1607,10,1677,0,0,0,0,0,0,0
1608,11,1678,0,0,0,0,0,0,0
1609,12,1679,0,0,0,0,0,0,0
1610,0,1681,0,0,0,0,0,0,0
1611,0,1683,0,0,0,0,0,0,0
1612,0.99,1684,0,0,0,0,0,0,0
1613,1.99,1685,0,0,0,0,0,0,0
1614,3,1686,0,0,0,0,0,0,0
1615,4,1687,0,0,0,0,0,0,0
1616,5,1688,0,0,0,0,0,0,0
1617,5.8,1689,0,0,0,0,0,0,0
1618,6.8,1690,0,0,0,0,0,0,0
1619,7.8,1691,0,0,0,0,0,0,0
1620,8.8,1692,0,0,0,0,0,0,0
1621,9.8,1693,0,0,0,0,0,0,0
1622,10.81,1694,0,0,0,0,0,0,0
1623,11.8,1695,0,0,0,0,0,0,0
1624,12.81,1696,0,0,0,0,0,0,0
1625,13.8,1697,0,0,0,0,0,0,0
1626,14.8,1698,0,0,0,0,0,0,0
1627,15.8,1699,0,0,0,0,0,0,0
1628,16.8,1700,0,0,0,0,0,0,0
1629,17.81,1701,0,0,0,0,0,0,0
1630,18.81,1702,0,0,0,0,0,0,0
1631,19.8,1703,0,0,0,0,0,0,0
1632,20.81,1704,0,0,0,0,0,0,0
1633,21.8,1705,0,0,0,0,0,0,0
1634,22.8,1706,0,0,0,0,0,0,0
1635,23.8,1707,0,0,0,0,0,0,0
1636,24.8,1708,0,0,0,0,0,0,0
1637,25.8,1709,0,0,0,0,0,0,0
1638,26.81,1710,0,0,0,0,0,0,0
1639,27.8,1711,0,0,0,0,0,0,0
1640,28.8,1712,0,0,0,0,0,0,0
1641,29.8,1713,0,0,0,0,0,0,0
1642,30.8,1714,0,0,0,0,0,0,0
1643,31.81,1715,0,0,0,0,0,0,0
1644,32.8,1716,0,0,0,0,0,0,0
1645,33.8,1717,0,0,0,0,0,0,0
1646,34.8,1718,0,0,0,0,0,0,0
1647,35.81,1719,0,0,0,0,0,0,0
1648,36.81,1720,0,0,0,0,0,0,0
1649,37.8,1721,0,0,0,0,0,0,0
1650,38.8,1722,0,0,0,0,0,0,0
1651,39.8,1723,0,0,0,0,0,0,0
1652,40.81,1724,0,0,0,0,0,0,0
1653,41.8,1725,0,0,0,0,0,0,0
1654,42.8,1726,0,0,0,0,0,0,0
1655,43.8,1727,0,0,0,0,0,0,0
1656,44.8,1728,0,0,0,0,0,0,0
1657,45.81,1729,0,0,0,0,0,0,0
1658,46.8,1730,0,0,0,0,0,0,0
1659,47.8,1731,0,0,0,0,0,0,0
1660,48.8,1732,0,0,0,0,0,0,0
1661,49.8,1733,0,0,0,0,0,0,0
1662,50.81,1734,0,0,0,0,0,0,0
1663,51.8,1735,0,0,0,0,0,0,0
1664,52.8,1736,0,0,0,0,0,0,0
1665,53.8,1737,0,0,0,0,0,0,0
1666,54.8,1738,0,0,0,0,0,0,0
1667,55.81,1739,0,0,0,0,0,0,0
1668,56.8,1740,0,0,0,0,0,0,0
1669,57.8,1741,0,0,0,0,0,0,0
1670,58.8,1742,0,0,0,0,0,0,0
1671,59.81,1743,0,0,0,0,0,0,0
1672,60.81,1744,0,0,0,0,0,0,0
1673,61.8,1745,0,0,0,0,0,0,0
1674,62.8,1746,0,0,0,0,0,0,0
1675,63.8,1747,0,0,0,0,0,0,0
1676,64.81,1748,0,0,0,0,0,0,0
1677,65.8,1749,0,0,0,0,0,0,0
1678,66.8,1750,0,0,0,0,0,0,0
1679,67.8,1751,0,0,0,0,0,0,0
1680,68.8,1752,0,0,0,0,0,0,0
1681,69.78,1753,0,0,0,0,0,0,0
1682,70.78,1754,0,0,0,0,0,0,0
1683,71.78,1755,0,0,0,0,0,0,0
1684,72.78,1756,0,0,0,0,0,0,0
1685,73.78,1757,0,0,0,0,0,0,0
1686,74.78,1758,0,0,0,0,0,0,0
1687,75.78,1759,0,0,0,0,0,0,0
1688,76.78,1760,0,0,0,0,0,0,0
1689,77.78,1761,0,0,0,0,0,0,0
1690,78.78,1762,0,0,0,0,0,0,0
1691,79.78,1763,0,0,0,0,0,0,0
1692,80.78,1764,0,0,0,0,0,0,0
1693,81.78,1765,0,0,0,0,0,0,0
1694,82.78,1766,0,0,0,0,0,0,0
1695,83.78,1767,0,0,0,0,0,0,0
1696,84.78,1768,0,0,0,0,0,0,0
1697,85.78,1769,0,0,0,0,0,0,0
1698,86.78,1770,0,0,0,0,0,0,0
1699,87.78,1771,0,0,0,0,0,0,0
1700,88.78,1772,0,0,0,0,0,0,0
1701,89.78,1773,0,0,0,0,0,0,0
1702,90.78,1774,0,0,0,0,0,0,0
1703,91.78,1775,0,0,0,0,0,0,0
1704,92.78,1776,0,0,0,0,0,0,0
1705,93.78,1777,0,0,0,0,0,0,0
1706,0,1779,0,0,0,0,0,0,0
1707,0,1781,0,0,0,0,0,0,0
1708,1.01,1782,0,0,0,0,0,0,0
1709,2,1783,0,0,0,0,0,0,0
1710,3,1784,0,0,0,0,0,0,0
1711,4,1785,0,0,0,0,0,0,0
1712,4.06,1786,0,0,0,0,0,0,0
1713,5.06,1787,0,0,0,0,0,0,0
1714,6.05,1788,0,0,0,0,0,0,0
1715,7.05,1789,0,0,0,0,0,0,0
1716,8.05,1790,0,0,0,0,0,0,0
1717,8.18,1791,0,0,0,0,0,0,0
1718,9.18,1792,0,0,0,0,0,0,0
1719,10.18,1793,0,0,0,0,0,0,0
1720,11.19,1794,0,0,0,0,0,0,0
1721,0,1796,0,0,0,0,0,0,0
1722,0,1798,0,0,0,0,0,0,0
1723,1,1799,0,0,0,0,0,0,0
1724,2,1800,0,0,0,0,0,0,0
1725,3,1801,0,0,0,0,0,0,0
1726,4,1802,0,0,0,0,0,0,0
1727,5,1803,0,0,0,0,0,0,0
1728,6,1804,0,0,0,0,0,0,0
1729,7,1805,0,0,0,0,0,0,0
1730,8,1806,0,0,0,0,0,0,0
1731,9,1807,0,0,0,0,0,0,0
1732,10,1808,0,0,0,0,0,0,0
1733,11,1809,0,0,0,0,0,0,0
1734,12,1810,0,0,0,0,0,0,0
1735,12.87,1811,0,0,0,0,0,0,0
1736,13.87,1812,0,0,0,0,0,0,0
1737,14.87,1813,0,0,0,0,0,0,0
1738,15.87,1814,0,0,0,0,0,0,0
1739,16.87,1815,0,0,0,0,0,0,0
1740,17.87,1816,0,0,0,0,0,0,0
1741,18.87,1817,0,0,0,0,0,0,0
1742,19.87,1818,0,0,0,0,0,0,0
1743,20.87,1819,0,0,0,0,0,0,0
1744,21.87,1820,0,0,0,0,0,0,0
1745,22.87,1821,0,0,0,0,0,0,0
1746,23.87,1822,0,0,0,0,0,0,0
1747,24.87,1823,0,0,0,0,0,0,0
1748,25.87,1824,0,0,0,0,0,0,0
1749,26.87,1825,0,0,0,0,0,0,0
1750,27.87,1826,0,0,0,0,0,0,0
1751,28.87,1827,0,0,0,0,0,0,0
1752,29.87,1828,0,0,0,0,0,0,0
1753,30.87,1829,0,0,0,0,0,0,0
1754,31.87,1830,0,0,0,0,0,0,0
1755,32.87,1831,0,0,0,0,0,0,0
1756,33.87,1832,0,0,0,0,0,0,0
1757,34.87,1833,0,0,0,0,0,0,0
1758,35.87,1834,0,0,0,0,0,0,0
1759,36.52,1835,0,0,0,0,0,0,0
1760,37.52,1836,0,0,0,0,0,0,0
1761,38.52,1837,0,0,0,0,0,0,0
1762,39.52,1838,0,0,0,0,0,0,0
1763,40.52,1839,0,0,0,0,0,0,0
1764,41.52,1840,0,0,0,0,0,0,0
1765,42.52,1841,0,0,0,0,0,0,0
1766,43.52,1842,0,0,0,0,0,0,0
1767,44.52,1843,0,0,0,0,0,0,0
1768,45.52,1844,0,0,0,0,0,0,0
1769,46.52,1845,0,0,0,0,0,0,0
1770,47.51,1846,0,0,0,0,0,0,0
1771,48.52,1847,0,0,0,0,0,0,0
1772,49.52,1848,0,0,0,0,0,0,0
1773,50.52,1849,0,0,0,0,0,0,0
1774,51.52,1850,0,0,0,0,0,0,0
1775,52.51,1851,0,0,0,0,0,0,0
1776,53.52,1852,0,0,0,0,0,0,0
1777,54.52,1853,0,0,0,0,0,0,0
1778,55.52,1854,0,0,0,0,0,0,0
1779,56.52,1855,0,0,0,0,0,0,0
1780,57.52,1856,0,0,0,0,0,0,0
1781,58.52,1857,0,0,0,0,0,0,0
1782,59.52,1858,0,0,0,0,0,0,0
1783,60.52,1859,0,0,0,0,0,0,0
1784,61.52,1860,0,0,0,0,0,0,0
1785,62.51,1861,0,0,0,0,0,0,0
1786,63.52,1862,0,0,0,0,0,0,0
1787,64.52,1863,0,0,0,0,0,0,0
1788,65.52,1864,0,0,0,0,0,0,0
1789,66.52,1865,0,0,0,0,0,0,0
1790,67.52,1866,0,0,0,0,0,0,0
1791,68.52,1867,0,0,0,0,0,0,0
1792,69.52,1868,0,0,0,0,0,0,0
1793,70.52,1869,0,0,0,0,0,0,0
1794,71.52,1870,0,0,0,0,0,0,0
1795,72.52,1871,0,0,0,0,0,0,0
1796,73.53,1872,0,0,0,0,0,0,0
1797,74.52,1873,0,0,0,0,0,0,0
1798,75.52,1874,0,0,0,0,0,0,0
1799,76.52,1875,0,0,0,0,0,0,0
1800,77.52,1876,0,0,0,0,0,0,0
1801,78.52,1877,0,0,0,0,0,0,0
1802,79.52,1878,0,0,0,0,0,0,0
1803,80.52,1879,0,0,0,0,0,0,0
1804,81.52,1880,0,0,0,0,0,0,0
1805,82.52,1881,0,0,0,0,0,0,0
1806,83.52,1882,0,0,0,0,0,0,0
1807,84.52,1883,0,0,0,0,0,0,0
1808,85.52,1884,0,0,0,0,0,0,0
1809,86.52,1885,0,0,0,0,0,0,0
1810,87.52,1886,0,0,0,0,0,0,0
1811,88.52,1887,0,0,0,0,0,0,0
1812,89.52,1888,0,0,0,0,0,0,0
1813,90.52,1889,0,0,0,0,0,0,0
1814,91.52,1890,0,0,0,0,0,0,0
1815,92.52,1891,0,0,0,0,0,0,0
1816,93.52,1892,0,0,0,0,0,0,0
1817,94.52,1893,0,0,0,0,0,0,0
1818,95.52,1894,0,0,0,0,0,0,0
1819,96.52,1895,0,0,0,0,0,0,0
1820,97.52,1896,0,0,0,0,0,0,0
1821,98.52,1897,0,0,0,0,0,0,0
1822,99.53,1898,0,0,0,0,0,0,0
1823,100.52,1899,0,0,0,0,0,0,0
1824,101.52,1900,0,0,0,0,0,0,0
1825,102.52,1901,0,0,0,0,0,0,0
1826,103.52,1902,0,0,0,0,0,0,0
1827,104.52,1903,0,0,0,0,0,0,0
1828,105.52,1904,0,0,0,0,0,0,0
1829,106.52,1905,0,0,0,0,0,0,0
1830,107.52,1906,0,0,0,0,0,0,0
1831,108.52,1907,0,0,0,0,0,0,0
1832,109.52,1908,0,0,0,0,0,0,0
1833,110.52,1909,0,0,0,0,0,0,0
1834,111.52,1910,0,0,0,0,0,0,0
1835,112.52,1911,0,0,0,0,0,0,0
1836,113.52,1912,0,0,0,0,0,0,0
1837,114.52,1913,0,0,0,0,0,0,0
1838,115.52,1914,0,0,0,0,0,0,0
1839,116.52,1915,0,0,0,0,0,0,0
1840,117.52,1916,0,0,0,0,0,0,0
1841,118.52,1917,0,0,0,0,0,0,0
1842,119.52,1918,0,0,0,0,0,0,0
1843,120.53,1919,0,0,0,0,0,0,0
1844,121.52,1920,0,0,0,0,0,0,0
1845,122.52,1921,0,0,0,0,0,0,0
1846,123.52,1922,0,0,0,0,0,0,0
1847,124.52,1923,0,0,0,0,0,0,0
1848,125.53,1924,0,0,0,0,0,0,0
1849,126.52,1925,0,0,0,0,0,0,0
1850,127.52,1926,0,0,0,0,0,0,0
1851,128.52,1927,0,0,0,0,0,0,0
1852,129.52,1928,0,0,0,0,0,0,0
1853,130.52,1929,0,0,0,0,0,0,0
1854,131.52,1930,0,0,0,0,0,0,0
1855,132.52,1931,0,0,0,0,0,0,0
1856,133.52,1932,0,0,0,0,0,0,0
1857,134.52,1933,0,0,0,0,0,0,0
1858,135.52,1934,0,0,0,0,0,0,0
1859,136.52,1935,0,0,0,0,0,0,0
1860,137.52,1936,0,0,0,0,0,0,0
1861,138.52,1937,0,0,0,0,0,0,0
1862,139.52,1938,0,0,0,0,0,0,0
1863,140.52,1939,0,0,0,0,0,0,0
1864,141.52,1940,0,0,0,0,0,0,0
1865,142.52,1941,0,0,0,0,0,0,0
1866,0,1943,0,0,0,0,0,0,0
1867,0,1945,0,0,0,0,0,0,0
1868,1,1946,0,0,0,0,0,0,0
1869,2,1947,0,0,0,0,0,0,0
1870,3,1948,0,0,0,0,0,0,0
1871,4,1949,0,0,0,0,0,0,0
1872,5,1950,0,0,0,0,0,0,0
1873,6,1951,0,0,0,0,0,0,0
1874,7,1952,0,0,0,0,0,0,0
1875,8,1953,0,0,0,0,0,0,0
1876,0,1955,0,0,0,0,0,0,0
1877,0,1957,0,0,0,0,0,0,0
1878,0.6,1958,0,0,0,0,0,0,0
1879,1.61,1959,0,0,0,0,0,0,0
1880,2.6,1960,0,0,0,0,0,0,0
1881,3.6,1961,0,0,0,0,0,0,0
1882,4.61,1962,0,0,0,0,0,0,0
1883,5.6,1963,0,0,0,0,0,0,0
1884,6.6,1964,0,0,0,0,0,0,0
1885,7.6,1965,0,0,0,0,0,0,0
1886,8.6,1966,0,0,0,0,0,0,0
1887,9.6,1967,0,0,0,0,0,0,0
1888,10.6,1968,0,0,0,0,0,0,0
1889,11.6,1969,0,0,0,0,0,0,0
1890,12.61,1970,0,0,0,0,0,0,0
1891,13.6,1971,0,0,0,0,0,0,0
1892,14.6,1972,0,0,0,0,0,0,0
1893,15.61,1973,0,0,0,0,0,0,0
1894,16.6,1974,0,0,0,0,0,0,0
1895,17.6,1975,0,0,0,0,0,0,0
1896,18.6,1976,0,0,0,0,0,0,0
1897,19.6,1977,0,0,0,0,0,0,0
1898,20.61,1978,0,0,0,0,0,0,0
1899,21.6,1979,0,0,0,0,0,0,0
1900,22.6,1980,0,0,0,0,0,0,0
1901,23.6,1981,0,0,0,0,0,0,0
1902,24.28,1982,0,0,0,0,0,0,0
1903,24.61,1983,0,0,0,0,0,0,0
1904,25.24,1984,0,0,0,0,0,0,0
1905,25.62,1985,0,0,0,0,0,0,0
1906,25.99,1986,0,0,0,0,0,0,0
1907,26.99,1987,0,0,0,0,0,0,0
1908,27.63,1988,0,0,0,0,0,0,0
1909,28.63,1989,0,0,0,0,0,0,0
1910,29.63,1990,0,0,0,0,0,0,0
1911,0,1992,0,0,0,0,0,0,0
1912,0,1994,0,0,0,0,0,0,0
1913,0,1996,0,0,0,0,0,0,0
1914,1,1997,0,0,0,0,0,0,0
1915,2,1998,0,0,0,0,0,0,0
1916,3,1999,0,0,0,0,0,0,0
1917,4,2000,0,0,0,0,0,0,0
1918,5,2001,0,0,0,0,0,0,0
1919,6,2002,0,0,0,0,0,0,0
1920,0,2004,0,0,0,0,0,0,0
1921,1,2005,0,0,0,0,0,0,0
1922,2,2006,0,0,0,0,0,0,0
1923,3,2007,0,0,0,0,0,0,0
1924,4,2008,0,0,0,0,0,0,0
1925,5,2009,0,0,0,0,0,0,0
1926,6,2010,0,0,0,0,0,0,0
1927,7,2011,0,0,0,0,0,0,0
1928,8,2012,0,0,0,0,0,0,0
1929,9,2013,0,0,0,0,0,0,0
1930,10,2014,0,0,0,0,0,0,0
1931,11,2015,0,0,0,0,0,0,0
1932,12,2016,0,0,0,0,0,0,0
1933,13,2017,0,0,0,0,0,0,0
1934,14,2018,0,0,0,0,0,0,0
1935,15,2019,0,0,0,0,0,0,0
1936,16,2020,0,0,0,0,0,0,0
1937,17,2021,0,0,0,0,0,0,0
1938,18,2022,0,0,0,0,0,0,0
1939,19,2023,0,0,0,0,0,0,0
1940,20,2024,0,0,0,0,0,0,0
1941,21,2025,0,0,0,0,0,0,0
1942,22,2026,0,0,0,0,0,0,0
1943,23,2027,0,0,0,0,0,0,0
1944,24,2028,0,0,0,0,0,0,0
1945,25,2029,0,0,0,0,0,0,0
1946,26,2030,0,0,0,0,0,0,0
1947,26.2,2031,0,0,0,0,0,0,0
1948,27.2,2032,0,0,0,0,0,0,0
1949,28.2,2033,0,0,0,0,0,0,0
1950,29.2,2034,0,0,0,0,0,0,0
1951,30.2,2035,0,0,0,0,0,0,0
1952,30.2,2036,0,0,0,0,0,0,0
1953,31.2,2037,0,0,0,0,0,0,0
1954,32.2,2038,0,0,0,0,0,0,0
1955,33.2,2039,0,0,0,0,0,0,0
1956,34.2,2040,0,0,0,0,0,0,0
1957,35.2,2041,0,0,0,0,0,0,0
1958,36.2,2042,0,0,0,0,0,0,0
1959,0,2044,0,0,0,0,0,0,0
1960,0,2046,0,0,0,0,0,0,0
1961,1,2047,0,0,0,0,0,0,0
1962,2,2048,0,0,0,0,0,0,0
1963,3,2049,0,0,0,0,0,0,0
1964,4,2050,0,0,0,0,0,0,0
1965,4.35,2051,0,0,0,0,0,0,0
1966,5.35,2052,0,0,0,0,0,0,0
1967,0,2054,0,0,0,0,0,0,0
1968,0,2056,0,0,0,0,0,0,0
1969,1,2057,0,0,0,0,0,0,0
1970,2,2058,0,0,0,0,0,0,0
1971,3,2059,0,0,0,0,0,0,0
1972,4,2060,0,0,0,0,0,0,0
1973,5,2061,0,0,0,0,0,0,0
1974,6,2062,0,0,0,0,0,0,0
1975,7,2063,0,0,0,0,0,0,0
1976,7.99,2064,0,0,0,0,0,0,0
1977,9,2065,0,0,0,0,0,0,0
1978,10,2066,0,0,0,0,0,0,0
1979,11,2067,0,0,0,0,0,0,0
1980,12,2068,0,0,0,0,0,0,0
1981,13,2069,0,0,0,0,0,0,0
1982,14,2070,0,0,0,0,0,0,0
1983,15,2071,0,0,0,0,0,0,0
1984,16,2072,0,0,0,0,0,0,0
1985,17,2073,0,0,0,0,0,0,0
1986,18,2074,0,0,0,0,0,0,0
1987,19,2075,0,0,0,0,0,0,0
1988,20,2076,0,0,0,0,0,0,0
1989,21,2077,0,0,0,0,0,0,0
1990,22,2078,0,0,0,0,0,0,0
1991,23,2079,0,0,0,0,0,0,0
1992,24,2080,0,0,0,0,0,0,0
1993,25,2081,0,0,0,0,0,0,0
1994,26,2082,0,0,0,0,0,0,0
1995,27,2083,0,0,0,0,0,0,0
1996,28,2084,0,0,0,0,0,0,0
1997,29,2085,0,0,0,0,0,0,0
1998,30,2086,0,0,0,0,0,0,0
1999,31,2087,0,0,0,0,0,0,0
2000,32,2088,0,0,0,0,0,0,0
2001,33,2089,0,0,0,0,0,0,0
2002,34,2090,0,0,0,0,0,0,0
2003,35,2091,0,0,0,0,0,0,0
2004,36,2092,0,0,0,0,0,0,0
2005,37,2093,0,0,0,0,0,0,0
2006,38,2094,0,0,0,0,0,0,0
2007,39,2095,0,0,0,0,0,0,0
2008,40,2096,0,0,0,0,0,0,0
2009,41,2097,0,0,0,0,0,0,0
2010,42,2098,0,0,0,0,0,0,0
2011,43,2099,0,0,0,0,0,0,0
2012,44,2100,0,0,0,0,0,0,0
2013,45,2101,0,0,0,0,0,0,0
2014,46,2102,0,0,0,0,0,0,0
2015,47,2103,0,0,0,0,0,0,0
2016,48,2104,0,0,0,0,0,0,0
2017,49,2105,0,0,0,0,0,0,0
2018,50,2106,0,0,0,0,0,0,0
2019,51,2107,0,0,0,0,0,0,0
2020,52,2108,0,0,0,0,0,0,0
2021,53,2109,0,0,0,0,0,0,0
2022,54,2110,0,0,0,0,0,0,0
2023,55,2111,0,0,0,0,0,0,0
2024,56,2112,0,0,0,0,0,0,0
2025,57,2113,0,0,0,0,0,0,0
2026,58,2114,0,0,0,0,0,0,0
2027,59,2115,0,0,0,0,0,0,0
2028,60,2116,0,0,0,0,0,0,0
2029,61,2117,0,0,0,0,0,0,0
2030,62,2118,0,0,0,0,0,0,0
2031,63,2119,0,0,0,0,0,0,0
2032,64,2120,0,0,0,0,0,0,0
2033,65,2121,0,0,0,0,0,0,0
2034,66,2122,0,0,0,0,0,0,0
2035,67,2123,0,0,0,0,0,0,0
2036,68,2124,0,0,0,0,0,0,0
2037,69,2125,0,0,0,0,0,0,0
2038,70,2126,0,0,0,0,0,0,0
2039,71,2127,0,0,0,0,0,0,0
2040,72,2128,0,0,0,0,0,0,0
2041,73,2129,0,0,0,0,0,0,0
2042,74,2130,0,0,0,0,0,0,0
2043,75,2131,0,0,0,0,0,0,0
2044,76,2132,0,0,0,0,0,0,0
2045,76.99,2133,0,0,0,0,0,0,0
2046,78,2134,0,0,0,0,0,0,0
2047,78.99,2135,0,0,0,0,0,0,0
2048,79.99,2136,0,0,0,0,0,0,0
2049,81,2137,0,0,0,0,0,0,0
2050,82,2138,0,0,0,0,0,0,0
2051,82.99,2139,0,0,0,0,0,0,0
2052,83.99,2140,0,0,0,0,0,0,0
2053,84.99,2141,0,0,0,0,0,0,0
2054,85.99,2142,0,0,0,0,0,0,0
2055,86.99,2143,0,0,0,0,0,0,0
2056,87.99,2144,0,0,0,0,0,0,0
2057,89,2145,0,0,0,0,0,0,0
2058,90,2146,0,0,0,0,0,0,0
2059,91,2147,0,0,0,0,0,0,0
2060,92,2148,0,0,0,0,0,0,0
2061,93,2149,0,0,0,0,0,0,0
2062,94,2150,0,0,0,0,0,0,0
2063,95,2151,0,0,0,0,0,0,0
2064,96,2152,0,0,0,0,0,0,0
2065,97,2153,0,0,0,0,0,0,0
2066,98,2154,0,0,0,0,0,0,0
2067,99,2155,0,0,0,0,0,0,0
2068,100,2156,0,0,0,0,0,0,0
2069,101,2157,0,0,0,0,0,0,0
2070,102,2158,0,0,0,0,0,0,0
2071,103,2159,0,0,0,0,0,0,0
2072,104,2160,0,0,0,0,0,0,0
2073,105,2161,0,0,0,0,0,0,0
2074,106,2162,0,0,0,0,0,0,0
2075,107,2163,0,0,0,0,0,0,0
2076,108,2164,0,0,0,0,0,0,0
2077,109,2165,0,0,0,0,0,0,0
2078,110,2166,0,0,0,0,0,0,0
2079,111,2167,0,0,0,0,0,0,0
2080,112,2168,0,0,0,0,0,0,0
2081,113,2169,0,0,0,0,0,0,0
2082,114,2170,0,0,0,0,0,0,0
2083,115,2171,0,0,0,0,0,0,0
2084,0,2173,0,0,0,0,0,0,0
2085,1,2174,0,0,0,0,0,0,0
2086,2,2175,0,0,0,0,0,0,0
2087,3,2176,0,0,0,0,0,0,0
2088,4,2177,0,0,0,0,0,0,0
2089,5,2178,0,0,0,0,0,0,0
2090,6,2179,0,0,0,0,0,0,0
2091,6.35,2180,0,0,0,0,0,0,0
2092,7.35,2181,0,0,0,0,0,0,0
2093,8.35,2182,0,0,0,0,0,0,0
2094,9.36,2183,0,0,0,0,0,0,0
2095,10.36,2184,0,0,0,0,0,0,0
2096,11.35,2185,0,0,0,0,0,0,0
2097,12.35,2186,0,0,0,0,0,0,0
2098,13.36,2187,0,0,0,0,0,0,0
2099,14.36,2188,0,0,0,0,0,0,0
2100,15.36,2189,0,0,0,0,0,0,0
2101,16.35,2190,0,0,0,0,0,0,0
2102,17.35,2191,0,0,0,0,0,0,0
2103,18.36,2192,0,0,0,0,0,0,0
2104,19.36,2193,0,0,0,0,0,0,0
2105,20.36,2194,0,0,0,0,0,0,0
2106,21.36,2195,0,0,0,0,0,0,0
2107,22.35,2196,0,0,0,0,0,0,0
2108,23.36,2197,0,0,0,0,0,0,0
2109,24.36,2198,0,0,0,0,0,0,0
2110,25.36,2199,0,0,0,0,0,0,0
2111,26.36,2200,0,0,0,0,0,0,0
2112,27.35,2201,0,0,0,0,0,0,0
2113,28.35,2202,0,0,0,0,0,0,0
2114,29.36,2203,0,0,0,0,0,0,0
2115,30.36,2204,0,0,0,0,0,0,0
2116,31.36,2205,0,0,0,0,0,0,0
2117,32.35,2206,0,0,0,0,0,0,0
2118,33.35,2207,0,0,0,0,0,0,0
2119,34.36,2208,0,0,0,0,0,0,0
2120,35.36,2209,0,0,0,0,0,0,0
2121,36.36,2210,0,0,0,0,0,0,0
2122,37.35,2211,0,0,0,0,0,0,0
2123,38.35,2212,0,0,0,0,0,0,0
2124,39.36,2213,0,0,0,0,0,0,0
2125,40.36,2214,0,0,0,0,0,0,0
2126,41.36,2215,0,0,0,0,0,0,0
2127,42.36,2216,0,0,0,0,0,0,0
2128,43.35,2217,0,0,0,0,0,0,0
2129,44.36,2218,0,0,0,0,0,0,0
2130,45.36,2219,0,0,0,0,0,0,0
2131,46.36,2220,0,0,0,0,0,0,0
2132,47.36,2221,0,0,0,0,0,0,0
2133,48.35,2222,0,0,0,0,0,0,0
2134,49.35,2223,0,0,0,0,0,0,0
2135,50.36,2224,0,0,0,0,0,0,0
2136,51.36,2225,0,0,0,0,0,0,0
2137,52.36,2226,0,0,0,0,0,0,0
2138,53.35,2227,0,0,0,0,0,0,0
2139,54.35,2228,0,0,0,0,0,0,0
2140,55.36,2229,0,0,0,0,0,0,0
2141,56.36,2230,0,0,0,0,0,0,0
2142,57.36,2231,0,0,0,0,0,0,0
2143,58.36,2232,0,0,0,0,0,0,0
2144,59.35,2233,0,0,0,0,0,0,0
2145,60.36,2234,0,0,0,0,0,0,0
2146,61.36,2235,0,0,0,0,0,0,0
2147,62.36,2236,0,0,0,0,0,0,0
2148,63.36,2237,0,0,0,0,0,0,0
2149,64.35,2238,0,0,0,0,0,0,0
2150,65.35,2239,0,0,0,0,0,0,0
2151,66.36,2240,0,0,0,0,0,0,0
2152,67.36,2241,0,0,0,0,0,0,0
2153,68.36,2242,0,0,0,0,0,0,0
2154,69.35,2243,0,0,0,0,0,0,0
2155,70.35,2244,0,0,0,0,0,0,0
2156,71.36,2245,0,0,0,0,0,0,0
2157,72.36,2246,0,0,0,0,0,0,0
2158,73.36,2247,0,0,0,0,0,0,0
2159,74.36,2248,0,0,0,0,0,0,0
2160,75.35,2249,0,0,0,0,0,0,0
2161,76.36,2250,0,0,0,0,0,0,0
2162,77.36,2251,0,0,0,0,0,0,0
2163,78.36,2252,0,0,0,0,0,0,0
2164,79.36,2253,0,0,0,0,0,0,0
2165,80.36,2254,0,0,0,0,0,0,0
2166,81.36,2255,0,0,0,0,0,0,0
2167,82.36,2256,0,0,0,0,0,0,0
2168,83.35,2257,0,0,0,0,0,0,0
2169,84.35,2258,0,0,0,0,0,0,0
2170,85.35,2259,0,0,0,0,0,0,0
2171,86.36,2260,0,0,0,0,0,0,0
2172,87.36,2261,0,0,0,0,0,0,0
2173,88.36,2262,0,0,0,0,0,0,0
2174,89.36,2263,0,0,0,0,0,0,0
2175,90.36,2264,0,0,0,0,0,0,0
2176,91.36,2265,0,0,0,0,0,0,0
2177,92.36,2266,0,0,0,0,0,0,0
2178,93.36,2267,0,0,0,0,0,0,0
2179,94.36,2268,0,0,0,0,0,0,0
2180,95.36,2269,0,0,0,0,0,0,0
2181,96.36,2270,0,0,0,0,0,0,0
2182,97.36,2271,0,0,0,0,0,0,0
2183,98.36,2272,0,0,0,0,0,0,0
2184,99.36,2273,0,0,0,0,0,0,0
2185,100.36,2274,0,0,0,0,0,0,0
2186,101.36,2275,0,0,0,0,0,0,0
2187,102.35,2276,0,0,0,0,0,0,0
2188,103.35,2277,0,0,0,0,0,0,0
2189,104.35,2278,0,0,0,0,0,0,0
2190,105.35,2279,0,0,0,0,0,0,0
2191,106.35,2280,0,0,0,0,0,0,0
2192,107.35,2281,0,0,0,0,0,0,0
2193,108.35,2282,0,0,0,0,0,0,0
2194,109.36,2283,0,0,0,0,0,0,0
2195,110.36,2284,0,0,0,0,0,0,0
2196,111.36,2285,0,0,0,0,0,0,0
2197,112.36,2286,0,0,0,0,0,0,0
2198,113.36,2287,0,0,0,0,0,0,0
2199,114.36,2288,0,0,0,0,0,0,0
2200,115.36,2289,0,0,0,0,0,0,0
2201,116.36,2290,0,0,0,0,0,0,0
2202,117.36,2291,0,0,0,0,0,0,0
2203,118.36,2292,0,0,0,0,0,0,0
2204,119.36,2293,0,0,0,0,0,0,0
2205,120.36,2294,0,0,0,0,0,0,0
2206,121.36,2295,0,0,0,0,0,0,0
2207,122.36,2296,0,0,0,0,0,0,0
2208,123.36,2297,0,0,0,0,0,0,0
2209,124.36,2298,0,0,0,0,0,0,0
2210,125.36,2299,0,0,0,0,0,0,0
2211,126.36,2300,0,0,0,0,0,0,0
2212,127.36,2301,0,0,0,0,0,0,0
2213,128.36,2302,0,0,0,0,0,0,0
2214,129.36,2303,0,0,0,0,0,0,0
2215,130.36,2304,0,0,0,0,0,0,0
2216,131.36,2305,0,0,0,0,0,0,0
2217,132.36,2306,0,0,0,0,0,0,0
2218,133.36,2307,0,0,0,0,0,0,0
2219,134.35,2308,0,0,0,0,0,0,0
2220,135.36,2309,0,0,0,0,0,0,0
2221,136.36,2310,0,0,0,0,0,0,0
2222,137.36,2311,0,0,0,0,0,0,0
2223,138.36,2312,0,0,0,0,0,0,0
2224,139.36,2313,0,0,0,0,0,0,0
2225,140.36,2314,0,0,0,0,0,0,0
2226,141.36,2315,0,0,0,0,0,0,0
2227,142.36,2316,0,0,0,0,0,0,0
2228,143.36,2317,0,0,0,0,0,0,0
2229,144.35,2318,0,0,0,0,0,0,0
2230,145.35,2319,0,0,0,0,0,0,0
2231,146.36,2320,0,0,0,0,0,0,0
2232,147.36,2321,0,0,0,0,0,0,0
2233,148.36,2322,0,0,0,0,0,0,0
2234,149.36,2323,0,0,0,0,0,0,0
2235,150.36,2324,0,0,0,0,0,0,0
2236,151.36,2325,0,0,0,0,0,0,0
2237,152.36,2326,0,0,0,0,0,0,0
2238,153.36,2327,0,0,0,0,0,0,0
2239,154.36,2328,0,0,0,0,0,0,0
2240,155.35,2329,0,0,0,0,0,0,0
2241,156.36,2330,0,0,0,0,0,0,0
2242,157.36,2331,0,0,0,0,0,0,0
2243,158.36,2332,0,0,0,0,0,0,0
2244,159.36,2333,0,0,0,0,0,0,0
2245,160.36,2334,0,0,0,0,0,0,0
2246,161.36,2335,0,0,0,0,0,0,0
2247,162.36,2336,0,0,0,0,0,0,0
2248,163.36,2337,0,0,0,0,0,0,0
2249,164.36,2338,0,0,0,0,0,0,0
2250,165.36,2339,0,0,0,0,0,0,0
2251,166.36,2340,0,0,0,0,0,0,0
2252,167.36,2341,0,0,0,0,0,0,0
2253,168.36,2342,0,0,0,0,0,0,0
2254,169.35,2343,0,0,0,0,0,0,0
2255,170.35,2344,0,0,0,0,0,0,0
2256,171.36,2345,0,0,0,0,0,0,0
2257,172.36,2346,0,0,0,0,0,0,0
2258,0,2348,0,0,0,0,0,0,0
2259,0,2350,0,0,0,0,0,0,0
2260,1,2351,0,0,0,0,0,0,0
2261,2,2352,0,0,0,0,0,0,0
2262,3,2353,0,0,0,0,0,0,0
2263,4,2354,0,0,0,0,0,0,0
2264,5,2355,0,0,0,0,0,0,0
2265,6,2356,0,0,0,0,0,0,0
2266,7,2357,0,0,0,0,0,0,0
2267,8,2358,0,0,0,0,0,0,0
2268,9.01,2359,0,0,0,0,0,0,0
2269,10.01,2360,0,0,0,0,0,0,0
2270,11.01,2361,0,0,0,0,0,0,0
2271,0,2363,0,0,0,0,0,0,0
2272,1,2364,0,0,0,0,0,0,0
2273,2,2365,0,0,0,0,0,0,0
2274,3,2366,0,0,0,0,0,0,0
2275,4,2367,0,0,0,0,0,0,0
2276,5,2368,0,0,0,0,0,0,0
2277,6,2369,0,0,0,0,0,0,0
2278,7,2370,0,0,0,0,0,0,0
2279,8,2371,0,0,0,0,0,0,0
2280,9,2372,0,0,0,0,0,0,0
2281,10,2373,0,0,0,0,0,0,0
2282,11,2374,0,0,0,0,0,0,0
2283,12.01,2375,0,0,0,0,0,0,0
2284,13.01,2376,0,0,0,0,0,0,0
2285,14,2377,0,0,0,0,0,0,0
2286,15.01,2378,0,0,0,0,0,0,0
2287,15.87,2379,0,0,0,0,0,0,0
2288,16.86,2380,0,0,0,0,0,0,0
2289,17.86,2381,0,0,0,0,0,0,0
2290,18.86,2382,0,0,0,0,0,0,0
2291,19.86,2383,0,0,0,0,0,0,0
2292,20.86,2384,0,0,0,0,0,0,0
2293,21.86,2385,0,0,0,0,0,0,0
2294,22.87,2386,0,0,0,0,0,0,0
2295,23.87,2387,0,0,0,0,0,0,0
2296,24.87,2388,0,0,0,0,0,0,0
2297,25.87,2389,0,0,0,0,0,0,0
2298,26.86,2390,0,0,0,0,0,0,0
2299,27.86,2391,0,0,0,0,0,0,0
2300,28.86,2392,0,0,0,0,0,0,0
2301,29.86,2393,0,0,0,0,0,0,0
2302,30.86,2394,0,0,0,0,0,0,0
2303,31.86,2395,0,0,0,0,0,0,0
2304,32.87,2396,0,0,0,0,0,0,0
2305,33.87,2397,0,0,0,0,0,0,0
2306,34.87,2398,0,0,0,0,0,0,0
2307,35.87,2399,0,0,0,0,0,0,0
2308,36.86,2400,0,0,0,0,0,0,0
2309,37.86,2401,0,0,0,0,0,0,0
2310,38.86,2402,0,0,0,0,0,0,0
2311,39.86,2403,0,0,0,0,0,0,0
2312,40.86,2404,0,0,0,0,0,0,0
2313,41.87,2405,0,0,0,0,0,0,0
2314,42.87,2406,0,0,0,0,0,0,0
2315,43.87,2407,0,0,0,0,0,0,0
2316,44.87,2408,0,0,0,0,0,0,0
2317,45.86,2409,0,0,0,0,0,0,0
2318,46.86,2410,0,0,0,0,0,0,0
2319,47.86,2411,0,0,0,0,0,0,0
2320,48.86,2412,0,0,0,0,0,0,0
2321,49.86,2413,0,0,0,0,0,0,0
2322,50.86,2414,0,0,0,0,0,0,0
2323,51.86,2415,0,0,0,0,0,0,0
2324,52.86,2416,0,0,0,0,0,0,0
2325,53.86,2417,0,0,0,0,0,0,0
2326,54.86,2418,0,0,0,0,0,0,0
2327,55.86,2419,0,0,0,0,0,0,0
2328,56.86,2420,0,0,0,0,0,0,0
2329,57.87,2421,0,0,0,0,0,0,0
2330,58.87,2422,0,0,0,0,0,0,0
2331,59.87,2423,0,0,0,0,0,0,0
2332,60.87,2424,0,0,0,0,0,0,0
2333,61.87,2425,0,0,0,0,0,0,0
2334,62.87,2426,0,0,0,0,0,0,0
2335,63.87,2427,0,0,0,0,0,0,0
2336,64.87,2428,0,0,0,0,0,0,0
2337,65.87,2429,0,0,0,0,0,0,0
2338,66.87,2430,0,0,0,0,0,0,0
2339,67.87,2431,0,0,0,0,0,0,0
2340,68.87,2432,0,0,0,0,0,0,0
2341,69.86,2433,0,0,0,0,0,0,0
2342,70.86,2434,0,0,0,0,0,0,0
2343,71.86,2435,0,0,0,0,0,0,0
2344,72.86,2436,0,0,0,0,0,0,0
2345,73.87,2437,0,0,0,0,0,0,0
2346,74.86,2438,0,0,0,0,0,0,0
2347,75.87,2439,0,0,0,0,0,0,0
2348,76.87,2440,0,0,0,0,0,0,0
2349,77.87,2441,0,0,0,0,0,0,0
2350,78.87,2442,0,0,0,0,0,0,0
2351,79.86,2443,0,0,0,0,0,0,0
2352,80.86,2444,0,0,0,0,0,0,0
2353,81.86,2445,0,0,0,0,0,0,0
2354,82.86,2446,0,0,0,0,0,0,0
2355,83.87,2447,0,0,0,0,0,0,0
2356,84.87,2448,0,0,0,0,0,0,0
2357,85.86,2449,0,0,0,0,0,0,0
2358,86.87,2450,0,0,0,0,0,0,0
2359,87.87,2451,0,0,0,0,0,0,0
2360,88.86,2452,0,0,0,0,0,0,0
2361,89.86,2453,0,0,0,0,0,0,0
2362,90.86,2454,0,0,0,0,0,0,0
2363,91.86,2455,0,0,0,0,0,0,0
2364,92.86,2456,0,0,0,0,0,0,0
2365,93.86,2457,0,0,0,0,0,0,0
2366,94.87,2458,0,0,0,0,0,0,0
2367,95.87,2459,0,0,0,0,0,0,0
2368,96.87,2460,0,0,0,0,0,0,0
2369,97.86,2461,0,0,0,0,0,0,0
2370,0,2463,0,0,0,0,0,0,0
2371,0,2465,0,0,0,0,0,0,0
2372,1,2466,0,0,0,0,0,0,0
2373,2,2467,0,0,0,0,0,0,0
2374,3,2468,0,0,0,0,0,0,0
2375,4,2469,0,0,0,0,0,0,0
2376,5.01,2470,0,0,0,0,0,0,0
2377,6.01,2471,0,0,0,0,0,0,0
2378,0,2473,0,0,0,0,0,0,0
2379,0,2475,0,0,0,0,0,0,0
2380,1,2476,0,0,0,0,0,0,0
2381,2,2477,0,0,0,0,0,0,0
2382,3,2478,0,0,0,0,0,0,0
2383,4,2479,0,0,0,0,0,0,0
2384,5.01,2480,0,0,0,0,0,0,0
2385,6.01,2481,0,0,0,0,0,0,0
2386,7.01,2482,0,0,0,0,0,0,0
2387,8.01,2483,0,0,0,0,0,0,0
2388,9,2484,0,0,0,0,0,0,0
2389,10,2485,0,0,0,0,0,0,0
2390,11,2486,0,0,0,0,0,0,0
2391,12,2487,0,0,0,0,0,0,0
2392,13,2488,0,0,0,0,0,0,0
2393,14.01,2489,0,0,0,0,0,0,0
2394,15.01,2490,0,0,0,0,0,0,0
2395,16.01,2491,0,0,0,0,0,0,0
2396,17.01,2492,0,0,0,0,0,0,0
2397,18,2493,0,0,0,0,0,0,0
2398,19,2494,0,0,0,0,0,0,0
2399,20,2495,0,0,0,0,0,0,0
2400,21,2496,0,0,0,0,0,0,0
2401,22,2497,0,0,0,0,0,0,0
2402,23,2498,0,0,0,0,0,0,0
2403,24.01,2499,0,0,0,0,0,0,0
2404,24.09,2500,0,0,0,0,0,0,0
2405,25.09,2501,0,0,0,0,0,0,0
2406,26.09,2502,0,0,0,0,0,0,0
2407,27.09,2503,0,0,0,0,0,0,0
2408,28.09,2504,0,0,0,0,0,0,0
2409,29.09,2505,0,0,0,0,0,0,0
2410,30.09,2506,0,0,0,0,0,0,0
2411,31.09,2507,0,0,0,0,0,0,0
2412,0,2509,0,0,0,0,0,0,0
2413,0,2511,0,0,0,0,0,0,0
2414,1.01,2512,0,0,0,0,0,0,0
2415,2,2513,0,0,0,0,0,0,0
2416,3,2514,0,0,0,0,0,0,0
2417,4,2515,0,0,0,0,0,0,0
2418,5,2516,0,0,0,0,0,0,0
2419,6,2517,0,0,0,0,0,0,0
2420,7,2518,0,0,0,0,0,0,0
2421,8,2519,0,0,0,0,0,0,0
2422,0,2521,0,0,0,0,0,0,0
2423,0,2523,0,0,0,0,0,0,0
2424,1,2524,0,0,0,0,0,0,0
2425,2,2525,0,0,0,0,0,0,0
2426,3,2526,0,0,0,0,0,0,0
2427,4,2527,0,0,0,0,0,0,0
2428,5,2528,0,0,0,0,0,0,0
2429,6,2529,0,0,0,0,0,0,0
2430,7,2530,0,0,0,0,0,0,0
2431,8,2531,0,0,0,0,0,0,0
2432,9,2532,0,0,0,0,0,0,0
2433,10,2533,0,0,0,0,0,0,0
2434,11,2534,0,0,0,0,0,0,0
2435,12,2535,0,0,0,0,0,0,0
2436,13,2536,0,0,0,0,0,0,0
2437,14,2537,0,0,0,0,0,0,0
2438,15,2538,0,0,0,0,0,0,0
2439,15.99,2539,0,0,0,0,0,0,0
2440,17,2540,0,0,0,0,0,0,0
2441,18,2541,0,0,0,0,0,0,0
2442,19,2542,0,0,0,0,0,0,0
2443,20,2543,0,0,0,0,0,0,0
2444,21,2544,0,0,0,0,0,0,0
2445,22,2545,0,0,0,0,0,0,0
2446,23,2546,0,0,0,0,0,0,0
2447,24,2547,0,0,0,0,0,0,0
2448,25,2548,0,0,0,0,0,0,0
2449,26,2549,0,0,0,0,0,0,0
2450,27,2550,0,0,0,0,0,0,0
2451,28,2551,0,0,0,0,0,0,0
2452,29,2552,0,0,0,0,0,0,0
2453,30,2553,0,0,0,0,0,0,0
2454,31,2554,0,0,0,0,0,0,0
2455,31.99,2555,0,0,0,0,0,0,0
2456,33,2556,0,0,0,0,0,0,0
2457,34,2557,0,0,0,0,0,0,0
2458,35,2558,0,0,0,0,0,0,0
2459,36,2559,0,0,0,0,0,0,0
2460,37,2560,0,0,0,0,0,0,0
2461,38,2561,0,0,0,0,0,0,0
2462,39,2562,0,0,0,0,0,0,0
2463,40,2563,0,0,0,0,0,0,0
2464,41,2564,0,0,0,0,0,0,0
2465,42,2565,0,0,0,0,0,0,0
2466,43,2566,0,0,0,0,0,0,0
2467,44,2567,0,0,0,0,0,0,0
2468,45,2568,0,0,0,0,0,0,0
2469,46,2569,0,0,0,0,0,0,0
2470,47,2570,0,0,0,0,0,0,0
2471,48,2571,0,0,0,0,0,0,0
2472,49,2572,0,0,0,0,0,0,0
2473,50,2573,0,0,0,0,0,0,0
2474,51,2574,0,0,0,0,0,0,0
2475,52,2575,0,0,0,0,0,0,0
2476,53,2576,0,0,0,0,0,0,0
2477,54,2577,0,0,0,0,0,0,0
2478,55,2578,0,0,0,0,0,0,0
2479,56,2579,0,0,0,0,0,0,0
2480,57,2580,0,0,0,0,0,0,0
2481,58,2581,0,0,0,0,0,0,0
2482,59,2582,0,0,0,0,0,0,0
2483,60,2583,0,0,0,0,0,0,0
2484,61,2584,0,0,0,0,0,0,0
2485,62,2585,0,0,0,0,0,0,0
2486,63,2586,0,0,0,0,0,0,0
2487,64,2587,0,0,0,0,0,0,0
2488,65,2588,0,0,0,0,0,0,0
2489,66,2589,0,0,0,0,0,0,0
2490,67,2590,0,0,0,0,0,0,0
2491,68,2591,0,0,0,0,0,0,0
2492,69,2592,0,0,0,0,0,0,0
2493,70,2593,0,0,0,0,0,0,0
2494,71,2594,0,0,0,0,0,0,0
2495,72,2595,0,0,0,0,0,0,0
2496,73,2596,0,0,0,0,0,0,0
2497,74,2597,0,0,0,0,0,0,0
2498,75,2598,0,0,0,0,0,0,0
2499,76,2599,0,0,0,0,0,0,0
2500,77,2600,0,0,0,0,0,0,0
2501,78,2601,0,0,0,0,0,0,0
2502,79,2602,0,0,0,0,0,0,0
2503,80,2603,0,0,0,0,0,0,0
2504,81,2604,0,0,0,0,0,0,0
2505,82,2605,0,0,0,0,0,0,0
2506,83,2606,0,0,0,0,0,0,0
2507,84,2607,0,0,0,0,0,0,0
2508,85,2608,0,0,0,0,0,0,0
2509,86,2609,0,0,0,0,0,0,0
2510,87,2610,0,0,0,0,0,0,0
2511,88.01,2611,0,0,0,0,0,0,0
2512,89,2612,0,0,0,0,0,0,0
2513,90,2613,0,0,0,0,0,0,0
2514,91,2614,0,0,0,0,0,0,0
2515,92,2615,0,0,0,0,0,0,0
2516,93,2616,0,0,0,0,0,0,0
2517,94,2617,0,0,0,0,0,0,0
2518,95,2618,0,0,0,0,0,0,0
2519,96,2619,0,0,0,0,0,0,0
2520,97,2620,0,0,0,0,0,0,0
2521,98,2621,0,0,0,0,0,0,0
2522,99,2622,0,0,0,0,0,0,0
2523,100,2623,0,0,0,0,0,0,0
2524,101,2624,0,0,0,0,0,0,0
2525,102,2625,0,0,0,0,0,0,0
2526,103,2626,0,0,0,0,0,0,0
2527,104,2627,0,0,0,0,0,0,0
2528,105,2628,0,0,0,0,0,0,0
2529,106,2629,0,0,0,0,0,0,0
2530,107.01,2630,0,0,0,0,0,0,0
2531,108.01,2631,0,0,0,0,0,0,0
2532,109,2632,0,0,0,0,0,0,0
2533,110,2633,0,0,0,0,0,0,0
2534,111,2634,0,0,0,0,0,0,0
2535,112,2635,0,0,0,0,0,0,0
2536,113,2636,0,0,0,0,0,0,0
2537,114,2637,0,0,0,0,0,0,0
2538,115,2638,0,0,0,0,0,0,0
2539,116,2639,0,0,0,0,0,0,0
2540,117,2640,0,0,0,0,0,0,0
2541,118,2641,0,0,0,0,0,0,0
2542,119,2642,0,0,0,0,0,0,0
2543,120,2643,0,0,0,0,0,0,0
2544,121,2644,0,0,0,0,0,0,0
2545,122,2645,0,0,0,0,0,0,0
2546,123,2646,0,0,0,0,0,0,0
2547,124,2647,0,0,0,0,0,0,0
2548,125.01,2648,0,0,0,0,0,0,0
2549,126.01,2649,0,0,0,0,0,0,0
2550,127.01,2650,0,0,0,0,0,0,0
2551,128,2651,0,0,0,0,0,0,0
2552,129,2652,0,0,0,0,0,0,0
2553,130,2653,0,0,0,0,0,0,0
2554,131,2654,0,0,0,0,0,0,0
2555,132,2655,0,0,0,0,0,0,0
2556,133,2656,0,0,0,0,0,0,0
2557,134,2657,0,0,0,0,0,0,0
2558,135,2658,0,0,0,0,0,0,0
2559,136,2659,0,0,0,0,0,0,0
2560,137,2660,0,0,0,0,0,0,0
2561,138,2661,0,0,0,0,0,0,0
2562,139,2662,0,0,0,0,0,0,0
2563,140,2663,0,0,0,0,0,0,0
2564,141,2664,0,0,0,0,0,0,0
2565,142,2665,0,0,0,0,0,0,0
2566,143,2666,0,0,0,0,0,0,0
2567,144,2667,0,0,0,0,0,0,0
2568,145.01,2668,0,0,0,0,0,0,0
2569,146.01,2669,0,0,0,0,0,0,0
2570,147.01,2670,0,0,0,0,0,0,0
2571,148,2671,0,0,0,0,0,0,0
2572,149,2672,0,0,0,0,0,0,0
2573,150,2673,0,0,0,0,0,0,0
2574,151,2674,0,0,0,0,0,0,0
2575,152.01,2675,0,0,0,0,0,0,0
2576,153,2676,0,0,0,0,0,0,0
2577,154,2677,0,0,0,0,0,0,0
2578,0,2679,0,0,0,0,0,0,0
2579,0,2681,0,0,0,0,0,0,0
2580,1.01,2682,0,0,0,0,0,0,0
2581,2.01,2683,0,0,0,0,0,0,0
2582,3.01,2684,0,0,0,0,0,0,0
2583,4.01,2685,0,0,0,0,0,0,0
2584,5,2686,0,0,0,0,0,0,0
2585,6,2687,0,0,0,0,0,0,0
2586,7,2688,0,0,0,0,0,0,0
2587,0,2690,0,0,0,0,0,0,0
2588,0,2692,0,0,0,0,0,0,0
2589,1,2693,0,0,0,0,0,0,0
2590,2,2694,0,0,0,0,0,0,0
2591,3,2695,0,0,0,0,0,0,0
2592,4,2696,0,0,0,0,0,0,0
2593,5,2697,0,0,0,0,0,0,0
2594,6,2698,0,0,0,0,0,0,0
2595,7.01,2699,0,0,0,0,0,0,0
2596,8.01,2700,0,0,0,0,0,0,0
2597,9.01,2701,0,0,0,0,0,0,0
2598,10.01,2702,0,0,0,0,0,0,0
2599,11.01,2703,0,0,0,0,0,0,0
2600,12,2704,0,0,0,0,0,0,0
2601,13,2705,0,0,0,0,0,0,0
2602,14,2706,0,0,0,0,0,0,0
2603,15,2707,0,0,0,0,0,0,0
2604,16,2708,0,0,0,0,0,0,0
2605,17,2709,0,0,0,0,0,0,0
2606,18,2710,0,0,0,0,0,0,0
2607,19,2711,0,0,0,0,0,0,0
2608,20,2712,0,0,0,0,0,0,0
2609,21,2713,0,0,0,0,0,0,0
2610,22,2714,0,0,0,0,0,0,0
2611,23,2715,0,0,0,0,0,0,0
2612,24,2716,0,0,0,0,0,0,0
2613,25,2717,0,0,0,0,0,0,0
2614,26,2718,0,0,0,0,0,0,0
2615,27,2719,0,0,0,0,0,0,0
2616,28,2720,0,0,0,0,0,0,0
2617,29,2721,0,0,0,0,0,0,0
2618,30.01,2722,0,0,0,0,0,0,0
2619,31.01,2723,0,0,0,0,0,0,0
2620,32.01,2724,0,0,0,0,0,0,0
2621,33.01,2725,0,0,0,0,0,0,0
2622,34.01,2726,0,0,0,0,0,0,0
2623,35.01,2727,0,0,0,0,0,0,0
2624,36.01,2728,0,0,0,0,0,0,0
2625,37,2729,0,0,0,0,0,0,0
2626,38,2730,0,0,0,0,0,0,0
2627,39,2731,0,0,0,0,0,0,0
2628,40,2732,0,0,0,0,0,0,0
2629,41,2733,0,0,0,0,0,0,0
2630,42,2734,0,0,0,0,0,0,0
2631,43,2735,0,0,0,0,0,0,0
2632,44,2736,0,0,0,0,0,0,0
2633,45,2737,0,0,0,0,0,0,0
2634,46,2738,0,0,0,0,0,0,0
2635,47,2739,0,0,0,0,0,0,0
2636,48,2740,0,0,0,0,0,0,0
2637,49,2741,0,0,0,0,0,0,0
2638,50,2742,0,0,0,0,0,0,0
2639,51,2743,0,0,0,0,0,0,0
2640,52,2744,0,0,0,0,0,0,0
2641,53,2745,0,0,0,0,0,0,0
2642,54.01,2746,0,0,0,0,0,0,0
2643,55.01,2747,0,0,0,0,0,0,0
2644,0,2749,0,0,0,0,0,0,0
2645,0,2751,0,0,0,0,0,0,0
2646,1,2752,0,0,0,0,0,0,0
2647,2,2753,0,0,0,0,0,0,0
2648,3,2754,0,0,0,0,0,0,0
2649,4,2755,0,0,0,0,0,0,0
2650,5,2756,0,0,0,0,0,0,0
2651,6.01,2757,0,0,0,0,0,0,0
2652,7.01,2758,0,0,0,0,0,0,0
2653,8.01,2759,0,0,0,0,0,0,0
2654,9.01,2760,0,0,0,0,0,0,0
2655,10,2761,0,0,0,0,0,0,0
2656,11,2762,0,0,0,0,0,0,0
2657,12,2763,0,0,0,0,0,0,0
2658,13,2764,0,0,0,0,0,0,0
2659,14,2765,0,0,0,0,0,0,0
2660,15,2766,0,0,0,0,0,0,0
2661,16,2767,0,0,0,0,0,0,0
2662,17,2768,0,0,0,0,0,0,0
2663,18.01,2769,0,0,0,0,0,0,0
2664,19.01,2770,0,0,0,0,0,0,0
2665,20.01,2771,0,0,0,0,0,0,0
2666,21.01,2772,0,0,0,0,0,0,0
2667,22,2773,0,0,0,0,0,0,0
2668,23,2774,0,0,0,0,0,0,0
2669,24,2775,0,0,0,0,0,0,0
2670,25,2776,0,0,0,0,0,0,0
2671,26,2777,0,0,0,0,0,0,0
2672,27,2778,0,0,0,0,0,0,0
2673,28,2779,0,0,0,0,0,0,0
2674,29.01,2780,0,0,0,0,0,0,0
2675,30.01,2781,0,0,0,0,0,0,0
2676,31.01,2782,0,0,0,0,0,0,0
2677,32.01,2783,0,0,0,0,0,0,0
2678,33,2784,0,0,0,0,0,0,0
2679,34,2785,0,0,0,0,0,0,0
2680,35,2786,0,0,0,0,0,0,0
2681,36,2787,0,0,0,0,0,0,0
2682,37,2788,0,0,0,0,0,0,0
2683,38,2789,0,0,0,0,0,0,0
2684,39,2790,0,0,0,0,0,0,0
2685,40.01,2791,0,0,0,0,0,0,0
2686,41.01,2792,0,0,0,0,0,0,0
2687,42.01,2793,0,0,0,0,0,0,0
2688,43.01,2794,0,0,0,0,0,0,0
2689,44.01,2795,0,0,0,0,0,0,0
2690,45,2796,0,0,0,0,0,0,0
2691,46,2797,0,0,0,0,0,0,0
2692,47,2798,0,0,0,0,0,0,0
2693,48,2799,0,0,0,0,0,0,0
2694,49,2800,0,0,0,0,0,0,0
2695,50,2801,0,0,0,0,0,0,0
2696,51,2802,0,0,0,0,0,0,0
2697,52.01,2803,0,0,0,0,0,0,0
2698,53.01,2804,0,0,0,0,0,0,0
2699,54.01,2805,0,0,0,0,0,0,0
2700,55.01,2806,0,0,0,0,0,0,0
2701,56,2807,0,0,0,0,0,0,0
2702,57,2808,0,0,0,0,0,0,0
2703,58,2809,0,0,0,0,0,0,0
2704,59,2810,0,0,0,0,0,0,0
2705,60,2811,0,0,0,0,0,0,0
2706,61,2812,0,0,0,0,0,0,0
2707,62,2813,0,0,0,0,0,0,0
2708,63,2814,0,0,0,0,0,0,0
2709,64.01,2815,0,0,0,0,0,0,0
2710,65.01,2816,0,0,0,0,0,0,0
2711,66.01,2817,0,0,0,0,0,0,0
2712,67.01,2818,0,0,0,0,0,0,0
2713,68,2819,0,0,0,0,0,0,0
2714,69,2820,0,0,0,0,0,0,0
2715,70,2821,0,0,0,0,0,0,0
2716,71,2822,0,0,0,0,0,0,0
2717,72,2823,0,0,0,0,0,0,0
2718,73,2824,0,0,0,0,0,0,0
2719,74,2825,0,0,0,0,0,0,0
2720,75.01,2826,0,0,0,0,0,0,0
2721,76.01,2827,0,0,0,0,0,0,0
2722,77.01,2828,0,0,0,0,0,0,0
2723,78.01,2829,0,0,0,0,0,0,0
2724,0,2831,0,0,0,0,0,0,0
2725,1,2832,0,0,0,0,0,0,0
2726,2,2833,0,0,0,0,0,0,0
2727,3,2834,0,0,0,0,0,0,0
2728,4,2835,0,0,0,0,0,0,0
2729,5,2836,0,0,0,0,0,0,0
2730,6,2837,0,0,0,0,0,0,0
2731,7,2838,0,0,0,0,0,0,0
2732,8,2839,0,0,0,0,0,0,0
2733,9,2840,0,0,0,0,0,0,0
2734,10,2841,0,0,0,0,0,0,0
2735,11,2842,0,0,0,0,0,0,0
2736,12,2843,0,0,0,0,0,0,0
2737,13,2844,0,0,0,0,0,0,0
2738,13.81,2845,0,0,0,0,0,0,0
2739,14.81,2846,0,0,0,0,0,0,0
2740,15.81,2847,0,0,0,0,0,0,0
2741,16.81,2848,0,0,0,0,0,0,0
2742,17.81,2849,0,0,0,0,0,0,0
2743,18.81,2850,0,0,0,0,0,0,0
2744,19.81,2851,0,0,0,0,0,0,0
2745,20.81,2852,0,0,0,0,0,0,0
2746,21.81,2853,0,0,0,0,0,0,0
2747,22.81,2854,0,0,0,0,0,0,0
2748,23.81,2855,0,0,0,0,0,0,0
2749,24.8,2856,0,0,0,0,0,0,0
2750,25.02,2857,0,0,0,0,0,0,0
2751,26.02,2858,0,0,0,0,0,0,0
2752,27.02,2859,0,0,0,0,0,0,0
2753,28.02,2860,0,0,0,0,0,0,0
2754,29.02,2861,0,0,0,0,0,0,0
2755,30.02,2862,0,0,0,0,0,0,0
2756,31.02,2863,0,0,0,0,0,0,0
2757,32.02,2864,0,0,0,0,0,0,0
2758,33.02,2865,0,0,0,0,0,0,0
2759,34.02,2866,0,0,0,0,0,0,0
2760,35.02,2867,0,0,0,0,0,0,0
2761,36.02,2868,0,0,0,0,0,0,0
2762,37.02,2869,0,0,0,0,0,0,0
2763,38.02,2870,0,0,0,0,0,0,0
2764,39.02,2871,0,0,0,0,0,0,0
2765,40.02,2872,0,0,0,0,0,0,0
2766,41.02,2873,0,0,0,0,0,0,0
2767,42.02,2874,0,0,0,0,0,0,0
2768,43.02,2875,0,0,0,0,0,0,0
2769,44.02,2876,0,0,0,0,0,0,0
2770,45.02,2877,0,0,0,0,0,0,0
2771,46.02,2878,0,0,0,0,0,0,0
2772,47.02,2879,0,0,0,0,0,0,0
2773,48.02,2880,0,0,0,0,0,0,0
2774,49.02,2881,0,0,0,0,0,0,0
2775,50.02,2882,0,0,0,0,0,0,0
2776,51.02,2883,0,0,0,0,0,0,0
2777,52.02,2884,0,0,0,0,0,0,0
2778,53.02,2885,0,0,0,0,0,0,0
2779,54.02,2886,0,0,0,0,0,0,0
2780,55.03,2887,0,0,0,0,0,0,0
2781,56.02,2888,0,0,0,0,0,0,0
2782,57.02,2889,0,0,0,0,0,0,0
2783,58.02,2890,0,0,0,0,0,0,0
2784,59.02,2891,0,0,0,0,0,0,0
2785,60.02,2892,0,0,0,0,0,0,0
2786,61.02,2893,0,0,0,0,0,0,0
2787,62.02,2894,0,0,0,0,0,0,0
2788,63.02,2895,0,0,0,0,0,0,0
2789,64.02,2896,0,0,0,0,0,0,0
2790,65.02,2897,0,0,0,0,0,0,0
2791,66.02,2898,0,0,0,0,0,0,0
2792,67.02,2899,0,0,0,0,0,0,0
2793,68.03,2900,0,0,0,0,0,0,0
2794,69.02,2901,0,0,0,0,0,0,0
2795,70.02,2902,0,0,0,0,0,0,0
2796,71.02,2903,0,0,0,0,0,0,0
2797,72.02,2904,0,0,0,0,0,0,0
2798,73.02,2905,0,0,0,0,0,0,0
2799,74.02,2906,0,0,0,0,0,0,0
2800,75.02,2907,0,0,0,0,0,0,0
2801,76.02,2908,0,0,0,0,0,0,0
2802,0,2910,0,0,0,0,0,0,0
2803,0,2912,0,0,0,0,0,0,0
2804,1,2913,0,0,0,0,0,0,0
2805,2,2914,0,0,0,0,0,0,0
2806,3,2915,0,0,0,0,0,0,0
2807,4,2916,0,0,0,0,0,0,0
2808,5,2917,0,0,0,0,0,0,0
2809,6,2918,0,0,0,0,0,0,0
2810,7,2919,0,0,0,0,0,0,0
2811,8,2920,0,0,0,0,0,0,0
2812,9,2921,0,0,0,0,0,0,0
2813,10,2922,0,0,0,0,0,0,0
2814,11,2923,0,0,0,0,0,0,0
2815,0,2925,0,0,0,0,0,0,0
2816,1,2926,0,0,0,0,0,0,0
2817,2,2927,0,0,0,0,0,0,0
2818,3,2928,0,0,0,0,0,0,0
2819,4,2929,0,0,0,0,0,0,0
2820,5,2930,0,0,0,0,0,0,0
2821,6.01,2931,0,0,0,0,0,0,0
2822,7,2932,0,0,0,0,0,0,0
2823,8.01,2933,0,0,0,0,0,0,0
2824,9,2934,0,0,0,0,0,0,0
2825,10,2935,0,0,0,0,0,0,0
2826,10.38,2936,0,0,0,0,0,0,0
2827,11.39,2937,0,0,0,0,0,0,0
2828,12.39,2938,0,0,0,0,0,0,0
2829,13.39,2939,0,0,0,0,0,0,0
2830,14.38,2940,0,0,0,0,0,0,0
2831,15.39,2941,0,0,0,0,0,0,0
2832,16.39,2942,0,0,0,0,0,0,0
2833,17.39,2943,0,0,0,0,0,0,0
2834,18.39,2944,0,0,0,0,0,0,0
2835,19.38,2945,0,0,0,0,0,0,0
2836,20.39,2946,0,0,0,0,0,0,0
2837,21.39,2947,0,0,0,0,0,0,0
2838,22.39,2948,0,0,0,0,0,0,0
2839,23.38,2949,0,0,0,0,0,0,0
2840,24.39,2950,0,0,0,0,0,0,0
2841,25.39,2951,0,0,0,0,0,0,0
2842,26.39,2952,0,0,0,0,0,0,0
2843,27.38,2953,0,0,0,0,0,0,0
2844,28.39,2954,0,0,0,0,0,0,0
2845,29.39,2955,0,0,0,0,0,0,0
2846,30.39,2956,0,0,0,0,0,0,0
2847,31.38,2957,0,0,0,0,0,0,0
2848,32.39,2958,0,0,0,0,0,0,0
2849,33.39,2959,0,0,0,0,0,0,0
2850,34.39,2960,0,0,0,0,0,0,0
2851,35.39,2961,0,0,0,0,0,0,0
2852,36.39,2962,0,0,0,0,0,0,0
2853,37.39,2963,0,0,0,0,0,0,0
2854,38.39,2964,0,0,0,0,0,0,0
2855,39.39,2965,0,0,0,0,0,0,0
2856,40.39,2966,0,0,0,0,0,0,0
2857,41.39,2967,0,0,0,0,0,0,0
2858,42.39,2968,0,0,0,0,0,0,0
2859,43.39,2969,0,0,0,0,0,0,0
2860,44.38,2970,0,0,0,0,0,0,0
2861,45.39,2971,0,0,0,0,0,0,0
2862,46.39,2972,0,0,0,0,0,0,0
2863,47.39,2973,0,0,0,0,0,0,0
2864,48.38,2974,0,0,0,0,0,0,0
2865,49.39,2975,0,0,0,0,0,0,0
2866,50.39,2976,0,0,0,0,0,0,0
2867,51.39,2977,0,0,0,0,0,0,0
2868,52.38,2978,0,0,0,0,0,0,0
2869,53.39,2979,0,0,0,0,0,0,0
2870,54.39,2980,0,0,0,0,0,0,0
2871,55.39,2981,0,0,0,0,0,0,0
2872,56.39,2982,0,0,0,0,0,0,0
2873,57.39,2983,0,0,0,0,0,0,0
2874,58.39,2984,0,0,0,0,0,0,0
2875,58.72,2985,0,0,0,0,0,0,0
2876,0,2987,0,0,0,0,0,0,0
2877,0,2989,0,0,0,0,0,0,0
2878,0.99,2990,0,0,0,0,0,0,0
2879,2,2991,0,0,0,0,0,0,0
2880,3,2992,0,0,0,0,0,0,0
2881,4,2993,0,0,0,0,0,0,0
2882,4.99,2994,0,0,0,0,0,0,0
2883,6,2995,0,0,0,0,0,0,0
2884,6.99,2996,0,0,0,0,0,0,0
2885,8,2997,0,0,0,0,0,0,0
2886,0,2999,0,0,0,0,0,0,0
2887,0,3001,0,0,0,0,0,0,0
2888,1,3002,0,0,0,0,0,0,0
2889,2,3003,0,0,0,0,0,0,0
2890,3,3004,0,0,0,0,0,0,0
2891,4,3005,0,0,0,0,0,0,0
2892,5,3006,0,0,0,0,0,0,0
2893,6,3007,0,0,0,0,0,0,0
2894,7,3008,0,0,0,0,0,0,0
2895,8,3009,0,0,0,0,0,0,0
2896,9.01,3010,0,0,0,0,0,0,0
2897,10,3011,0,0,0,0,0,0,0
2898,11,3012,0,0,0,0,0,0,0
2899,12,3013,0,0,0,0,0,0,0
2900,13.01,3014,0,0,0,0,0,0,0
2901,14,3015,0,0,0,0,0,0,0
2902,15.01,3016,0,0,0,0,0,0,0
2903,16,3017,0,0,0,0,0,0,0
2904,17,3018,0,0,0,0,0,0,0
2905,18,3019,0,0,0,0,0,0,0
2906,19,3020,0,0,0,0,0,0,0
2907,20.01,3021,0,0,0,0,0,0,0
2908,21,3022,0,0,0,0,0,0,0
2909,22.01,3023,0,0,0,0,0,0,0
2910,23,3024,0,0,0,0,0,0,0
2911,23.54,3025,0,0,0,0,0,0,0
2912,24.54,3026,0,0,0,0,0,0,0
2913,25.54,3027,0,0,0,0,0,0,0
2914,26.54,3028,0,0,0,0,0,0,0
2915,27.54,3029,0,0,0,0,0,0,0
2916,28.54,3030,0,0,0,0,0,0,0
2917,29.54,3031,0,0,0,0,0,0,0
2918,30.54,3032,0,0,0,0,0,0,0
2919,31.54,3033,0,0,0,0,0,0,0
2920,32.54,3034,0,0,0,0,0,0,0
2921,33.54,3035,0,0,0,0,0,0,0
2922,34.54,3036,0,0,0,0,0,0,0
2923,35.54,3037,0,0,0,0,0,0,0
2924,36.54,3038,0,0,0,0,0,0,0
2925,37.54,3039,0,0,0,0,0,0,0
2926,38.54,3040,0,0,0,0,0,0,0
2927,39.54,3041,0,0,0,0,0,0,0
2928,40.54,3042,0,0,0,0,0,0,0
2929,41.54,3043,0,0,0,0,0,0,0
2930,42.54,3044,0,0,0,0,0,0,0
2931,43.54,3045,0,0,0,0,0,0,0
2932,43.84,3046,0,0,0,0,0,0,0
2933,44.84,3047,0,0,0,0,0,0,0
2934,45.84,3048,0,0,0,0,0,0,0
2935,46.84,3049,0,0,0,0,0,0,0
2936,47.84,3050,0,0,0,0,0,0,0
2937,48.85,3051,0,0,0,0,0,0,0
2938,49.85,3052,0,0,0,0,0,0,0
2939,50.85,3053,0,0,0,0,0,0,0
2940,51.84,3054,0,0,0,0,0,0,0
2941,52.84,3055,0,0,0,0,0,0,0
2942,53.84,3056,0,0,0,0,0,0,0
2943,54.84,3057,0,0,0,0,0,0,0
2944,55.84,3058,0,0,0,0,0,0,0
2945,56.84,3059,0,0,0,0,0,0,0
2946,57.84,3060,0,0,0,0,0,0,0
2947,58.84,3061,0,0,0,0,0,0,0
2948,59.84,3062,0,0,0,0,0,0,0
2949,60.84,3063,0,0,0,0,0,0,0
2950,61.85,3064,0,0,0,0,0,0,0
2951,62.85,3065,0,0,0,0,0,0,0
2952,63.85,3066,0,0,0,0,0,0,0
2953,64.85,3067,0,0,0,0,0,0,0
2954,65.84,3068,0,0,0,0,0,0,0
2955,66.84,3069,0,0,0,0,0,0,0
2956,67.84,3070,0,0,0,0,0,0,0
2957,68.84,3071,0,0,0,0,0,0,0
2958,69.84,3072,0,0,0,0,0,0,0
2959,70.84,3073,0,0,0,0,0,0,0
2960,71.84,3074,0,0,0,0,0,0,0
2961,72.84,3075,0,0,0,0,0,0,0
2962,73.84,3076,0,0,0,0,0,0,0
2963,74.84,3077,0,0,0,0,0,0,0
2964,75.85,3078,0,0,0,0,0,0,0
2965,76.85,3079,0,0,0,0,0,0,0
2966,77.85,3080,0,0,0,0,0,0,0
2967,78.85,3081,0,0,0,0,0,0,0
2968,79.84,3082,0,0,0,0,0,0,0
2969,80.84,3083,0,0,0,0,0,0,0
2970,81.84,3084,0,0,0,0,0,0,0
2971,82.84,3085,0,0,0,0,0,0,0
2972,83.84,3086,0,0,0,0,0,0,0
2973,84.84,3087,0,0,0,0,0,0,0
2974,85.84,3088,0,0,0,0,0,0,0
2975,86.84,3089,0,0,0,0,0,0,0
2976,87.84,3090,0,0,0,0,0,0,0
2977,88.84,3091,0,0,0,0,0,0,0
2978,89.85,3092,0,0,0,0,0,0,0
2979,90.85,3093,0,0,0,0,0,0,0
2980,91.85,3094,0,0,0,0,0,0,0
2981,92.85,3095,0,0,0,0,0,0,0
2982,93.85,3096,0,0,0,0,0,0,0
2983,94.84,3097,0,0,0,0,0,0,0
2984,95.84,3098,0,0,0,0,0,0,0
2985,96.84,3099,0,0,0,0,0,0,0
2986,97.84,3100,0,0,0,0,0,0,0
2987,98.84,3101,0,0,0,0,0,0,0
2988,99.84,3102,0,0,0,0,0,0,0
2989,100.84,3103,0,0,0,0,0,0,0
2990,101.84,3104,0,0,0,0,0,0,0
2991,102.84,3105,0,0,0,0,0,0,0
2992,103.85,3106,0,0,0,0,0,0,0
2993,104.85,3107,0,0,0,0,0,0,0
2994,105.85,3108,0,0,0,0,0,0,0
2995,106.85,3109,0,0,0,0,0,0,0
2996,107.85,3110,0,0,0,0,0,0,0
2997,108.84,3111,0,0,0,0,0,0,0
2998,109.84,3112,0,0,0,0,0,0,0
2999,110.84,3113,0,0,0,0,0,0,0
3000,111.84,3114,0,0,0,0,0,0,0
3001,112.84,3115,0,0,0,0,0,0,0
3002,113.84,3116,0,0,0,0,0,0,0
3003,114.84,3117,0,0,0,0,0,0,0
3004,115.84,3118,0,0,0,0,0,0,0
3005,116.84,3119,0,0,0,0,0,0,0
3006,117.85,3120,0,0,0,0,0,0,0
3007,118.85,3121,0,0,0,0,0,0,0
3008,119.85,3122,0,0,0,0,0,0,0
3009,120.85,3123,0,0,0,0,0,0,0
3010,121.85,3124,0,0,0,0,0,0,0
3011,122.85,3125,0,0,0,0,0,0,0
3012,123.84,3126,0,0,0,0,0,0,0
3013,124.84,3127,0,0,0,0,0,0,0
3014,125.84,3128,0,0,0,0,0,0,0
3015,126.84,3129,0,0,0,0,0,0,0
3016,127.84,3130,0,0,0,0,0,0,0
3017,128.84,3131,0,0,0,0,0,0,0
3018,129.84,3132,0,0,0,0,0,0,0
3019,130.84,3133,0,0,0,0,0,0,0
3020,131.85,3134,0,0,0,0,0,0,0
3021,132.85,3135,0,0,0,0,0,0,0
3022,133.85,3136,0,0,0,0,0,0,0
3023,134.85,3137,0,0,0,0,0,0,0
3024,135.85,3138,0,0,0,0,0,0,0
3025,136.85,3139,0,0,0,0,0,0,0
3026,137.84,3140,0,0,0,0,0,0,0
3027,138.84,3141,0,0,0,0,0,0,0
3028,139.84,3142,0,0,0,0,0,0,0
3029,140.84,3143,0,0,0,0,0,0,0
3030,141.84,3144,0,0,0,0,0,0,0
3031,142.84,3145,0,0,0,0,0,0,0
3032,143.84,3146,0,0,0,0,0,0,0
3033,144.84,3147,0,0,0,0,0,0,0
3034,145.85,3148,0,0,0,0,0,0,0
3035,146.85,3149,0,0,0,0,0,0,0
3036,147.85,3150,0,0,0,0,0,0,0
3037,148.85,3151,0,0,0,0,0,0,0
3038,149.85,3152,0,0,0,0,0,0,0
3039,150.85,3153,0,0,0,0,0,0,0
3040,151.85,3154,0,0,0,0,0,0,0
3041,152.84,3155,0,0,0,0,0,0,0
3042,153.84,3156,0,0,0,0,0,0,0
3043,154.84,3157,0,0,0,0,0,0,0
3044,155.84,3158,0,0,0,0,0,0,0
3045,156.84,3159,0,0,0,0,0,0,0
3046,157.25,3160,0,0,0,0,0,0,0
3047,158.25,3161,0,0,0,0,0,0,0
3048,159.25,3162,0,0,0,0,0,0,0
3049,160.26,3163,0,0,0,0,0,0,0
3050,161.26,3164,0,0,0,0,0,0,0
3051,162.25,3165,0,0,0,0,0,0,0
3052,163.25,3166,0,0,0,0,0,0,0
3053,164.25,3167,0,0,0,0,0,0,0
3054,165.25,3168,0,0,0,0,0,0,0
3055,166.25,3169,0,0,0,0,0,0,0
3056,167.25,3170,0,0,0,0,0,0,0
3057,168.26,3171,0,0,0,0,0,0,0
3058,169.25,3172,0,0,0,0,0,0,0
3059,170.25,3173,0,0,0,0,0,0,0
3060,171.25,3174,0,0,0,0,0,0,0
3061,172.25,3175,0,0,0,0,0,0,0
3062,173.26,3176,0,0,0,0,0,0,0
3063,0,3178,0,0,0,0,0,0,0
3064,0,3180,0,0,0,0,0,0,0
3065,0,3182,0,0,0,0,0,0,0
3066,0,3184,0,0,0,0,0,0,0
3067,1,3185,0,0,0,0,0,0,0
3068,2,3186,0,0,0,0,0,0,0
3069,3,3187,0,0,0,0,0,0,0
3070,4.01,3188,0,0,0,0,0,0,0
3071,5,3189,0,0,0,0,0,0,0
3072,6.01,3190,0,0,0,0,0,0,0
3073,7,3191,0,0,0,0,0,0,0
3074,8,3192,0,0,0,0,0,0,0
3075,9,3193,0,0,0,0,0,0,0
3076,10.01,3194,0,0,0,0,0,0,0
3077,11,3195,0,0,0,0,0,0,0
3078,12.01,3196,0,0,0,0,0,0,0
3079,13,3197,0,0,0,0,0,0,0
3080,14.01,3198,0,0,0,0,0,0,0
3081,15,3199,0,0,0,0,0,0,0
3082,0,3201,0,0,0,0,0,0,0
3083,0,3203,0,0,0,0,0,0,0
3084,1,3204,0,0,0,0,0,0,0
3085,2,3205,0,0,0,0,0,0,0
3086,3,3206,0,0,0,0,0,0,0
3087,3.99,3207,0,0,0,0,0,0,0
3088,4.99,3208,0,0,0,0,0,0,0
3089,6,3209,0,0,0,0,0,0,0
3090,7,3210,0,0,0,0,0,0,0
3091,8,3211,0,0,0,0,0,0,0
3092,9,3212,0,0,0,0,0,0,0
3093,10,3213,0,0,0,0,0,0,0
3094,10.99,3214,0,0,0,0,0,0,0
3095,11.99,3215,0,0,0,0,0,0,0
3096,13,3216,0,0,0,0,0,0,0
3097,14,3217,0,0,0,0,0,0,0
3098,15,3218,0,0,0,0,0,0,0
3099,16,3219,0,0,0,0,0,0,0
3100,17,3220,0,0,0,0,0,0,0
3101,17.99,3221,0,0,0,0,0,0,0
3102,18.99,3222,0,0,0,0,0,0,0
3103,20,3223,0,0,0,0,0,0,0
3104,21,3224,0,0,0,0,0,0,0
3105,22,3225,0,0,0,0,0,0,0
3106,23,3226,0,0,0,0,0,0,0
3107,24,3227,0,0,0,0,0,0,0
3108,24.99,3228,0,0,0,0,0,0,0
3109,25.99,3229,0,0,0,0,0,0,0
3110,27,3230,0,0,0,0,0,0,0
3111,28,3231,0,0,0,0,0,0,0
3112,29,3232,0,0,0,0,0,0,0
3113,30,3233,0,0,0,0,0,0,0
3114,31,3234,0,0,0,0,0,0,0
3115,31.99,3235,0,0,0,0,0,0,0
3116,32.99,3236,0,0,0,0,0,0,0
3117,34,3237,0,0,0,0,0,0,0
3118,35,3238,0,0,0,0,0,0,0
3119,36,3239,0,0,0,0,0,0,0
3120,37,3240,0,0,0,0,0,0,0
3121,37.99,3241,0,0,0,0,0,0,0
3122,38.99,3242,0,0,0,0,0,0,0
3123,39.99,3243,0,0,0,0,0,0,0
3124,41,3244,0,0,0,0,0,0,0
3125,42,3245,0,0,0,0,0,0,0
3126,43,3246,0,0,0,0,0,0,0
3127,44,3247,0,0,0,0,0,0,0
3128,44.99,3248,0,0,0,0,0,0,0
3129,45.99,3249,0,0,0,0,0,0,0
3130,47,3250,0,0,0,0,0,0,0
3131,48,3251,0,0,0,0,0,0,0
3132,49,3252,0,0,0,0,0,0,0
3133,50,3253,0,0,0,0,0,0,0
3134,51,3254,0,0,0,0,0,0,0
3135,51.99,3255,0,0,0,0,0,0,0
3136,52.99,3256,0,0,0,0,0,0,0
3137,54,3257,0,0,0,0,0,0,0
3138,55,3258,0,0,0,0,0,0,0
3139,56,3259,0,0,0,0,0,0,0
3140,57,3260,0,0,0,0,0,0,0
3141,58,3261,0,0,0,0,0,0,0
3142,58.99,3262,0,0,0,0,0,0,0
3143,59.99,3263,0,0,0,0,0,0,0
3144,61,3264,0,0,0,0,0,0,0
3145,62,3265,0,0,0,0,0,0,0
3146,63,3266,0,0,0,0,0,0,0
3147,64,3267,0,0,0,0,0,0,0
3148,65,3268,0,0,0,0,0,0,0
3149,65.99,3269,0,0,0,0,0,0,0
3150,67,3270,0,0,0,0,0,0,0
3151,68,3271,0,0,0,0,0,0,0
3152,69,3272,0,0,0,0,0,0,0
3153,69.99,3273,0,0,0,0,0,0,0
3154,70.99,3274,0,0,0,0,0,0,0
3155,72,3275,0,0,0,0,0,0,0
3156,73,3276,0,0,0,0,0,0,0
3157,73.99,3277,0,0,0,0,0,0,0
3158,75,3278,0,0,0,0,0,0,0
3159,76,3279,0,0,0,0,0,0,0
3160,77,3280,0,0,0,0,0,0,0
3161,78,3281,0,0,0,0,0,0,0
3162,79,3282,0,0,0,0,0,0,0
3163,79.99,3283,0,0,0,0,0,0,0
3164,81,3284,0,0,0,0,0,0,0
3165,82,3285,0,0,0,0,0,0,0
3166,83,3286,0,0,0,0,0,0,0
3167,84,3287,0,0,0,0,0,0,0
3168,85,3288,0,0,0,0,0,0,0
3169,85.99,3289,0,0,0,0,0,0,0
3170,86.99,3290,0,0,0,0,0,0,0
3171,87.99,3291,0,0,0,0,0,0,0
3172,89,3292,0,0,0,0,0,0,0
3173,0,3294,0,0,0,0,0,0,0
3174,0,3296,0,0,0,0,0,0,0
3175,1,3297,0,0,0,0,0,0,0
3176,2,3298,0,0,0,0,0,0,0
3177,3,3299,0,0,0,0,0,0,0
3178,4,3300,0,0,0,0,0,0,0
3179,5,3301,0,0,0,0,0,0,0
3180,6,3302,0,0,0,0,0,0,0
3181,7,3303,0,0,0,0,0,0,0
3182,8,3304,0,0,0,0,0,0,0
3183,9,3305,0,0,0,0,0,0,0
3184,10,3306,0,0,0,0,0,0,0
3185,11,3307,0,0,0,0,0,0,0
3186,0,3309,0,0,0,0,0,0,0
3187,0,3311,0,0,0,0,0,0,0
3188,1,3312,0,0,0,0,0,0,0
3189,1.99,3313,0,0,0,0,0,0,0
3190,2.99,3314,0,0,0,0,0,0,0
3191,3.99,3315,0,0,0,0,0,0,0
3192,5,3316,0,0,0,0,0,0,0
3193,6,3317,0,0,0,0,0,0,0
3194,7,3318,0,0,0,0,0,0,0
3195,8,3319,0,0,0,0,0,0,0
3196,9,3320,0,0,0,0,0,0,0
3197,10,3321,0,0,0,0,0,0,0
3198,11,3322,0,0,0,0,0,0,0
3199,11.99,3323,0,0,0,0,0,0,0
3200,12.99,3324,0,0,0,0,0,0,0
3201,13.99,3325,0,0,0,0,0,0,0
3202,14.99,3326,0,0,0,0,0,0,0
3203,16,3327,0,0,0,0,0,0,0
3204,17,3328,0,0,0,0,0,0,0
3205,18,3329,0,0,0,0,0,0,0
3206,19,3330,0,0,0,0,0,0,0
3207,20,3331,0,0,0,0,0,0,0
3208,21,3332,0,0,0,0,0,0,0
3209,21.99,3333,0,0,0,0,0,0,0
3210,23,3334,0,0,0,0,0,0,0
3211,24,3335,0,0,0,0,0,0,0
3212,24.99,3336,0,0,0,0,0,0,0
3213,26,3337,0,0,0,0,0,0,0
3214,26.99,3338,0,0,0,0,0,0,0
3215,28,3339,0,0,0,0,0,0,0
3216,29,3340,0,0,0,0,0,0,0
3217,29.99,3341,0,0,0,0,0,0,0
3218,31,3342,0,0,0,0,0,0,0
3219,31.4,3343,0,0,0,0,0,0,0
3220,32.41,3344,0,0,0,0,0,0,0
3221,33.41,3345,0,0,0,0,0,0,0
3222,34.4,3346,0,0,0,0,0,0,0
3223,35.4,3347,0,0,0,0,0,0,0
3224,36.4,3348,0,0,0,0,0,0,0
3225,37.4,3349,0,0,0,0,0,0,0
3226,38.4,3350,0,0,0,0,0,0,0
3227,39.4,3351,0,0,0,0,0,0,0
3228,40.4,3352,0,0,0,0,0,0,0
3229,41.4,3353,0,0,0,0,0,0,0
3230,42.4,3354,0,0,0,0,0,0,0
3231,43.4,3355,0,0,0,0,0,0,0
3232,44.4,3356,0,0,0,0,0,0,0
3233,45.41,3357,0,0,0,0,0,0,0
3234,46.41,3358,0,0,0,0,0,0,0
3235,47.41,3359,0,0,0,0,0,0,0
3236,48.41,3360,0,0,0,0,0,0,0
3237,49.41,3361,0,0,0,0,0,0,0
3238,50.41,3362,0,0,0,0,0,0,0
3239,51.41,3363,0,0,0,0,0,0,0
3240,52.4,3364,0,0,0,0,0,0,0
3241,53.4,3365,0,0,0,0,0,0,0
3242,54.4,3366,0,0,0,0,0,0,0
3243,55.4,3367,0,0,0,0,0,0,0
3244,56.4,3368,0,0,0,0,0,0,0
3245,57.4,3369,0,0,0,0,0,0,0
3246,58.4,3370,0,0,0,0,0,0,0
3247,59.4,3371,0,0,0,0,0,0,0
3248,60.4,3372,0,0,0,0,0,0,0
3249,61.4,3373,0,0,0,0,0,0,0
3250,62.4,3374,0,0,0,0,0,0,0
3251,0,3376,0,0,0,0,0,0,0
3252,0,3378,0,0,0,0,0,0,0
3253,0.99,3379,0,0,0,0,0,0,0
3254,1.99,3380,0,0,0,0,0,0,0
3255,2.99,3381,0,0,0,0,0,0,0
3256,4,3382,0,0,0,0,0,0,0
3257,5,3383,0,0,0,0,0,0,0
3258,6,3384,0,0,0,0,0,0,0
3259,7,3385,0,0,0,0,0,0,0
3260,7.99,3386,0,0,0,0,0,0,0
3261,8.99,3387,0,0,0,0,0,0,0
3262,10,3388,0,0,0,0,0,0,0
3263,0,3390,0,0,0,0,0,0,0
3264,0,3392,0,0,0,0,0,0,0
3265,1,3393,0,0,0,0,0,0,0
3266,2,3394,0,0,0,0,0,0,0
3267,2.99,3395,0,0,0,0,0,0,0
3268,4,3396,0,0,0,0,0,0,0
3269,5,3397,0,0,0,0,0,0,0
3270,6,3398,0,0,0,0,0,0,0
3271,7,3399,0,0,0,0,0,0,0
3272,8,3400,0,0,0,0,0,0,0
3273,8.99,3401,0,0,0,0,0,0,0
3274,10,3402,0,0,0,0,0,0,0
3275,11,3403,0,0,0,0,0,0,0
3276,12,3404,0,0,0,0,0,0,0
3277,13,3405,0,0,0,0,0,0,0
3278,14,3406,0,0,0,0,0,0,0
3279,15,3407,0,0,0,0,0,0,0
3280,15.99,3408,0,0,0,0,0,0,0
3281,17,3409,0,0,0,0,0,0,0
3282,18,3410,0,0,0,0,0,0,0
3283,19,3411,0,0,0,0,0,0,0
3284,20,3412,0,0,0,0,0,0,0
3285,21,3413,0,0,0,0,0,0,0
3286,21.99,3414,0,0,0,0,0,0,0
3287,23,3415,0,0,0,0,0,0,0
3288,24,3416,0,0,0,0,0,0,0
3289,25,3417,0,0,0,0,0,0,0
3290,26,3418,0,0,0,0,0,0,0
3291,27,3419,0,0,0,0,0,0,0
3292,28,3420,0,0,0,0,0,0,0
3293,28.99,3421,0,0,0,0,0,0,0
3294,30,3422,0,0,0,0,0,0,0
3295,31,3423,0,0,0,0,0,0,0
3296,32,3424,0,0,0,0,0,0,0
3297,33,3425,0,0,0,0,0,0,0
3298,34,3426,0,0,0,0,0,0,0
3299,34.99,3427,0,0,0,0,0,0,0
3300,36,3428,0,0,0,0,0,0,0
3301,37,3429,0,0,0,0,0,0,0
3302,38,3430,0,0,0,0,0,0,0
3303,39,3431,0,0,0,0,0,0,0
3304,40,3432,0,0,0,0,0,0,0
3305,41,3433,0,0,0,0,0,0,0
3306,41.99,3434,0,0,0,0,0,0,0
3307,43,3435,0,0,0,0,0,0,0
3308,44,3436,0,0,0,0,0,0,0
3309,45,3437,0,0,0,0,0,0,0
3310,46,3438,0,0,0,0,0,0,0
3311,47,3439,0,0,0,0,0,0,0
3312,48,3440,0,0,0,0,0,0,0
3313,49,3441,0,0,0,0,0,0,0
3314,50,3442,0,0,0,0,0,0,0
3315,51,3443,0,0,0,0,0,0,0
3316,52,3444,0,0,0,0,0,0,0
3317,53,3445,0,0,0,0,0,0,0
3318,54,3446,0,0,0,0,0,0,0
3319,54.99,3447,0,0,0,0,0,0,0
3320,56,3448,0,0,0,0,0,0,0
3321,57,3449,0,0,0,0,0,0,0
3322,58,3450,0,0,0,0,0,0,0
3323,59,3451,0,0,0,0,0,0,0
3324,60,3452,0,0,0,0,0,0,0
3325,61,3453,0,0,0,0,0,0,0
3326,62,3454,0,0,0,0,0,0,0
3327,63,3455,0,0,0,0,0,0,0
3328,64,3456,0,0,0,0,0,0,0
3329,65,3457,0,0,0,0,0,0,0
3330,66,3458,0,0,0,0,0,0,0
3331,67,3459,0,0,0,0,0,0,0
3332,68,3460,0,0,0,0,0,0,0
3333,69,3461,0,0,0,0,0,0,0
3334,70,3462,0,0,0,0,0,0,0
3335,71,3463,0,0,0,0,0,0,0
3336,72,3464,0,0,0,0,0,0,0
3337,73,3465,0,0,0,0,0,0,0
3338,74,3466,0,0,0,0,0,0,0
3339,75,3467,0,0,0,0,0,0,0
3340,76,3468,0,0,0,0,0,0,0
3341,77.01,3469,0,0,0,0,0,0,0
3342,78,3470,0,0,0,0,0,0,0
3343,79,3471,0,0,0,0,0,0,0
3344,80,3472,0,0,0,0,0,0,0
3345,81,3473,0,0,0,0,0,0,0
3346,82.01,3474,0,0,0,0,0,0,0
3347,83,3475,0,0,0,0,0,0,0
3348,84,3476,0,0,0,0,0,0,0
3349,85,3477,0,0,0,0,0,0,0
3350,86,3478,0,0,0,0,0,0,0
3351,87,3479,0,0,0,0,0,0,0
3352,88,3480,0,0,0,0,0,0,0
3353,89,3481,0,0,0,0,0,0,0
3354,90,3482,0,0,0,0,0,0,0
3355,91,3483,0,0,0,0,0,0,0
3356,92,3484,0,0,0,0,0,0,0
3357,93,3485,0,0,0,0,0,0,0
3358,94,3486,0,0,0,0,0,0,0
3359,95.01,3487,0,0,0,0,0,0,0
3360,96,3488,0,0,0,0,0,0,0
3361,97,3489,0,0,0,0,0,0,0
3362,98.01,3490,0,0,0,0,0,0,0
3363,99,3491,0,0,0,0,0,0,0
3364,100,3492,0,0,0,0,0,0,0
3365,101.01,3493,0,0,0,0,0,0,0
3366,102,3494,0,0,0,0,0,0,0
3367,103,3495,0,0,0,0,0,0,0
3368,104.01,3496,0,0,0,0,0,0,0
3369,105,3497,0,0,0,0,0,0,0
3370,106,3498,0,0,0,0,0,0,0
3371,107.01,3499,0,0,0,0,0,0,0
3372,108,3500,0,0,0,0,0,0,0
3373,109,3501,0,0,0,0,0,0,0
3374,110.01,3502,0,0,0,0,0,0,0
3375,111,3503,0,0,0,0,0,0,0
3376,112,3504,0,0,0,0,0,0,0
3377,113.01,3505,0,0,0,0,0,0,0
3378,114,3506,0,0,0,0,0,0,0
3379,115,3507,0,0,0,0,0,0,0
3380,116.01,3508,0,0,0,0,0,0,0
3381,117,3509,0,0,0,0,0,0,0
3382,118,3510,0,0,0,0,0,0,0
3383,119.01,3511,0,0,0,0,0,0,0
3384,120,3512,0,0,0,0,0,0,0
3385,121,3513,0,0,0,0,0,0,0
3386,122.01,3514,0,0,0,0,0,0,0
3387,123,3515,0,0,0,0,0,0,0
3388,124,3516,0,0,0,0,0,0,0
3389,125.01,3517,0,0,0,0,0,0,0
3390,126,3518,0,0,0,0,0,0,0
3391,127,3519,0,0,0,0,0,0,0
3392,128.01,3520,0,0,0,0,0,0,0
3393,129,3521,0,0,0,0,0,0,0
3394,130,3522,0,0,0,0,0,0,0
3395,131.01,3523,0,0,0,0,0,0,0
3396,132,3524,0,0,0,0,0,0,0
3397,133,3525,0,0,0,0,0,0,0
3398,134.01,3526,0,0,0,0,0,0,0
3399,135,3527,0,0,0,0,0,0,0
3400,136.01,3528,0,0,0,0,0,0,0
3401,137,3529,0,0,0,0,0,0,0
3402,138,3530,0,0,0,0,0,0,0
3403,139,3531,0,0,0,0,0,0,0
3404,140,3532,0,0,0,0,0,0,0
3405,141,3533,0,0,0,0,0,0,0
3406,142,3534,0,0,0,0,0,0,0
3407,143.01,3535,0,0,0,0,0,0,0
3408,144,3536,0,0,0,0,0,0,0
3409,145,3537,0,0,0,0,0,0,0
3410,146,3538,0,0,0,0,0,0,0
3411,147,3539,0,0,0,0,0,0,0
3412,148,3540,0,0,0,0,0,0,0
3413,149,3541,0,0,0,0,0,0,0
3414,150,3542,0,0,0,0,0,0,0
3415,151,3543,0,0,0,0,0,0,0
3416,152.01,3544,0,0,0,0,0,0,0
3417,153.01,3545,0,0,0,0,0,0,0
3418,0,3547,0,0,0,0,0,0,0
3419,0,3549,0,0,0,0,0,0,0
3420,1,3550,0,0,0,0,0,0,0
3421,2,3551,0,0,0,0,0,0,0
3422,3,3552,0,0,0,0,0,0,0
3423,4,3553,0,0,0,0,0,0,0
3424,5.01,3554,0,0,0,0,0,0,0
3425,6,3555,0,0,0,0,0,0,0
3426,7,3556,0,0,0,0,0,0,0
3427,8,3557,0,0,0,0,0,0,0
3428,9.01,3558,0,0,0,0,0,0,0
3429,10,3559,0,0,0,0,0,0,0
3430,11.01,3560,0,0,0,0,0,0,0
3431,12,3561,0,0,0,0,0,0,0
3432,13.01,3562,0,0,0,0,0,0,0
3433,14.01,3563,0,0,0,0,0,0,0
3434,15.01,3564,0,0,0,0,0,0,0
3435,16.01,3565,0,0,0,0,0,0,0
3436,17.01,3566,0,0,0,0,0,0,0
3437,18,3567,0,0,0,0,0,0,0
3438,19.01,3568,0,0,0,0,0,0,0
3439,20,3569,0,0,0,0,0,0,0
3440,0,3571,0,0,0,0,0,0,0
3441,0,3573,0,0,0,0,0,0,0
3442,0,3575,0,0,0,0,0,0,0
3443,0,3577,0,0,0,0,0,0,0
3444,0,3579,0,0,0,0,0,0,0
3445,1,3580,0,0,0,0,0,0,0
3446,2,3581,0,0,0,0,0,0,0
3447,3,3582,0,0,0,0,0,0,0
3448,4,3583,0,0,0,0,0,0,0
3449,5,3584,0,0,0,0,0,0,0
3450,6,3585,0,0,0,0,0,0,0
3451,0,3587,0,0,0,0,0,0,0
3452,0,3589,0,0,0,0,0,0,0
3453,1,3590,0,0,0,0,0,0,0
3454,2,3591,0,0,0,0,0,0,0
3455,3,3592,0,0,0,0,0,0,0
3456,4,3593,0,0,0,0,0,0,0
3457,4.99,3594,0,0,0,0,0,0,0
3458,5.99,3595,0,0,0,0,0,0,0
3459,7,3596,0,0,0,0,0,0,0
3460,8,3597,0,0,0,0,0,0,0
3461,9,3598,0,0,0,0,0,0,0
3462,10,3599,0,0,0,0,0,0,0
3463,11,3600,0,0,0,0,0,0,0
3464,12,3601,0,0,0,0,0,0,0
3465,13,3602,0,0,0,0,0,0,0
3466,14,3603,0,0,0,0,0,0,0
3467,15,3604,0,0,0,0,0,0,0
3468,16,3605,0,0,0,0,0,0,0
3469,16.99,3606,0,0,0,0,0,0,0
3470,17.99,3607,0,0,0,0,0,0,0
3471,18.99,3608,0,0,0,0,0,0,0
3472,19.99,3609,0,0,0,0,0,0,0
3473,21,3610,0,0,0,0,0,0,0
3474,22,3611,0,0,0,0,0,0,0
3475,23,3612,0,0,0,0,0,0,0
3476,24,3613,0,0,0,0,0,0,0
3477,25,3614,0,0,0,0,0,0,0
3478,26,3615,0,0,0,0,0,0,0
3479,27,3616,0,0,0,0,0,0,0
3480,28,3617,0,0,0,0,0,0,0
3481,29,3618,0,0,0,0,0,0,0
3482,30,3619,0,0,0,0,0,0,0
3483,30.99,3620,0,0,0,0,0,0,0
3484,31.99,3621,0,0,0,0,0,0,0
3485,32.99,3622,0,0,0,0,0,0,0
3486,34,3623,0,0,0,0,0,0,0
3487,35,3624,0,0,0,0,0,0,0
3488,36,3625,0,0,0,0,0,0,0
3489,37,3626,0,0,0,0,0,0,0
3490,38,3627,0,0,0,0,0,0,0
3491,39,3628,0,0,0,0,0,0,0
3492,40,3629,0,0,0,0,0,0,0
3493,41,3630,0,0,0,0,0,0,0
3494,42,3631,0,0,0,0,0,0,0
3495,43,3632,0,0,0,0,0,0,0
3496,44,3633,0,0,0,0,0,0,0
3497,44.99,3634,0,0,0,0,0,0,0
3498,45.99,3635,0,0,0,0,0,0,0
3499,46.99,3636,0,0,0,0,0,0,0
3500,48,3637,0,0,0,0,0,0,0
3501,49,3638,0,0,0,0,0,0,0
3502,50,3639,0,0,0,0,0,0,0
3503,51,3640,0,0,0,0,0,0,0
3504,52,3641,0,0,0,0,0,0,0
3505,53,3642,0,0,0,0,0,0,0
3506,54,3643,0,0,0,0,0,0,0
3507,55,3644,0,0,0,0,0,0,0
3508,56,3645,0,0,0,0,0,0,0
3509,56.99,3646,0,0,0,0,0,0,0
3510,58,3647,0,0,0,0,0,0,0
3511,59,3648,0,0,0,0,0,0,0
3512,60,3649,0,0,0,0,0,0,0
3513,61,3650,0,0,0,0,0,0,0
3514,62,3651,0,0,0,0,0,0,0
3515,63,3652,0,0,0,0,0,0,0
3516,64,3653,0,0,0,0,0,0,0
3517,64.99,3654,0,0,0,0,0,0,0
3518,66,3655,0,0,0,0,0,0,0
3519,67,3656,0,0,0,0,0,0,0
3520,68,3657,0,0,0,0,0,0,0
3521,69,3658,0,0,0,0,0,0,0
3522,70,3659,0,0,0,0,0,0,0
3523,71,3660,0,0,0,0,0,0,0
3524,71.99,3661,0,0,0,0,0,0,0
3525,73,3662,0,0,0,0,0,0,0
3526,74,3663,0,0,0,0,0,0,0
3527,75,3664,0,0,0,0,0,0,0
3528,76,3665,0,0,0,0,0,0,0
3529,77,3666,0,0,0,0,0,0,0
3530,78,3667,0,0,0,0,0,0,0
3531,79,3668,0,0,0,0,0,0,0
3532,80,3669,0,0,0,0,0,0,0
3533,81,3670,0,0,0,0,0,0,0
3534,82,3671,0,0,0,0,0,0,0
3535,83,3672,0,0,0,0,0,0,0
3536,84,3673,0,0,0,0,0,0,0
3537,84.99,3674,0,0,0,0,0,0,0
3538,86,3675,0,0,0,0,0,0,0
3539,87,3676,0,0,0,0,0,0,0
3540,88,3677,0,0,0,0,0,0,0
3541,89,3678,0,0,0,0,0,0,0
3542,90,3679,0,0,0,0,0,0,0
3543,91,3680,0,0,0,0,0,0,0
3544,92,3681,0,0,0,0,0,0,0
3545,93,3682,0,0,0,0,0,0,0
3546,94,3683,0,0,0,0,0,0,0
3547,95,3684,0,0,0,0,0,0,0
3548,96,3685,0,0,0,0,0,0,0
3549,97,3686,0,0,0,0,0,0,0
3550,98,3687,0,0,0,0,0,0,0
3551,99,3688,0,0,0,0,0,0,0
3552,100,3689,0,0,0,0,0,0,0
3553,101,3690,0,0,0,0,0,0,0
3554,102,3691,0,0,0,0,0,0,0
3555,103,3692,0,0,0,0,0,0,0
3556,104,3693,0,0,0,0,0,0,0
3557,105,3694,0,0,0,0,0,0,0
3558,106,3695,0,0,0,0,0,0,0
3559,107,3696,0,0,0,0,0,0,0
3560,108,3697,0,0,0,0,0,0,0
3561,109,3698,0,0,0,0,0,0,0
3562,110,3699,0,0,0,0,0,0,0
3563,111,3700,0,0,0,0,0,0,0
3564,112,3701,0,0,0,0,0,0,0
3565,113,3702,0,0,0,0,0,0,0
3566,114,3703,0,0,0,0,0,0,0
3567,115,3704,0,0,0,0,0,0,0
3568,116,3705,0,0,0,0,0,0,0
3569,117,3706,0,0,0,0,0,0,0
3570,118,3707,0,0,0,0,0,0,0
3571,119,3708,0,0,0,0,0,0,0
3572,120,3709,0,0,0,0,0,0,0
3573,121,3710,0,0,0,0,0,0,0
3574,122,3711,0,0,0,0,0,0,0
3575,123,3712,0,0,0,0,0,0,0
3576,124,3713,0,0,0,0,0,0,0
3577,125,3714,0,0,0,0,0,0,0
3578,126,3715,0,0,0,0,0,0,0
3579,127,3716,0,0,0,0,0,0,0
3580,128,3717,0,0,0,0,0,0,0
3581,129,3718,0,0,0,0,0,0,0
3582,130,3719,0,0,0,0,0,0,0
3583,131,3720,0,0,0,0,0,0,0
3584,132,3721,0,0,0,0,0,0,0
3585,133,3722,0,0,0,0,0,0,0
3586,134,3723,0,0,0,0,0,0,0
3587,135,3724,0,0,0,0,0,0,0
3588,136,3725,0,0,0,0,0,0,0
3589,137,3726,0,0,0,0,0,0,0
3590,138,3727,0,0,0,0,0,0,0
3591,139,3728,0,0,0,0,0,0,0
3592,140,3729,0,0,0,0,0,0,0
3593,141,3730,0,0,0,0,0,0,0
3594,142,3731,0,0,0,0,0,0,0
3595,143,3732,0,0,0,0,0,0,0
3596,144,3733,0,0,0,0,0,0,0
3597,145,3734,0,0,0,0,0,0,0
3598,146,3735,0,0,0,0,0,0,0
3599,147,3736,0,0,0,0,0,0,0
3600,148,3737,0,0,0,0,0,0,0
3601,149,3738,0,0,0,0,0,0,0
3602,150,3739,0,0,0,0,0,0,0
3603,151,3740,0,0,0,0,0,0,0
3604,152,3741,0,0,0,0,0,0,0
3605,153,3742,0,0,0,0,0,0,0
3606,154,3743,0,0,0,0,0,0,0
3607,0,3745,0,0,0,0,0,0,0
3608,0,3747,0,0,0,0,0,0,0
3609,1,3748,0,0,0,0,0,0,0
3610,2,3749,0,0,0,0,0,0,0
3611,3,3750,0,0,0,0,0,0,0
3612,4,3751,0,0,0,0,0,0,0
3613,5,3752,0,0,0,0,0,0,0
3614,6,3753,0,0,0,0,0,0,0
3615,7,3754,0,0,0,0,0,0,0
3616,0,3756,0,0,0,0,0,0,0
3617,0,3758,0,0,0,0,0,0,0
3618,0,3760,0,0,0,0,0,0,0
3619,0,3762,0,0,0,0,0,0,0
3620,0,3764,0,0,0,0,0,0,0
3621,1,3765,0,0,0,0,0,0,0
3622,1.99,3766,0,0,0,0,0,0,0
3623,3,3767,0,0,0,0,0,0,0
3624,4,3768,0,0,0,0,0,0,0
3625,4.99,3769,0,0,0,0,0,0,0
3626,6,3770,0,0,0,0,0,0,0
3627,7,3771,0,0,0,0,0,0,0
3628,8,3772,0,0,0,0,0,0,0
3629,9,3773,0,0,0,0,0,0,0
3630,0,3775,0,0,0,0,0,0,0
3631,0,3777,0,0,0,0,0,0,0
3632,0,3779,0,0,0,0,0,0,0
3633,0.99,3780,0,0,0,0,0,0,0
3634,2,3781,0,0,0,0,0,0,0
3635,3,3782,0,0,0,0,0,0,0
3636,4,3783,0,0,0,0,0,0,0
3637,0,3785,0,0,0,0,0,0,0
3638,0,3787,0,0,0,0,0,0,0
3639,0,3789,0,0,0,0,0,0,0
3640,0,3791,0,0,0,0,0,0,0
3641,0.99,3792,0,0,0,0,0,0,0
3642,1.99,3793,0,0,0,0,0,0,0
3643,3,3794,0,0,0,0,0,0,0
3644,3.99,3795,0,0,0,0,0,0,0
3645,5,3796,0,0,0,0,0,0,0
3646,5.99,3797,0,0,0,0,0,0,0
3647,7,3798,0,0,0,0,0,0,0
3648,0,3800,0,0,0,0,0,0,0
3649,0,3802,0,0,0,0,0,0,0
3650,1,3803,0,0,0,0,0,0,0
3651,2,3804,0,0,0,0,0,0,0
3652,3,3805,0,0,0,0,0,0,0
3653,3.96,3806,0,0,0,0,0,0,0
3654,4.95,3807,0,0,0,0,0,0,0
3655,5.96,3808,0,0,0,0,0,0,0
3656,0,3810,0,0,0,0,0,0,0
3657,0,3812,0,0,0,0,0,0,0
3658,0,3814,0,0,0,0,0,0,0
3659,1,3815,0,0,0,0,0,0,0
3660,2,3816,0,0,0,0,0,0,0
3661,3,3817,0,0,0,0,0,0,0
3662,4,3818,0,0,0,0,0,0,0
3663,5,3819,0,0,0,0,0,0,0
3664,6,3820,0,0,0,0,0,0,0
3665,7,3821,0,0,0,0,0,0,0
3666,8,3822,0,0,0,0,0,0,0
3667,9,3823,0,0,0,0,0,0,0
3668,0,3825,0,0,0,0,0,0,0
3669,0,3827,0,0,0,0,0,0,0
3670,1,3828,0,0,0,0,0,0,0
3671,2,3829,0,0,0,0,0,0,0
3672,3,3830,0,0,0,0,0,0,0
3673,4,3831,0,0,0,0,0,0,0
3674,5,3832,0,0,0,0,0,0,0
3675,6.01,3833,0,0,0,0,0,0,0
3676,7.01,3834,0,0,0,0,0,0,0
3677,8,3835,0,0,0,0,0,0,0
3678,9,3836,0,0,0,0,0,0,0
3679,10.01,3837,0,0,0,0,0,0,0
3680,11,3838,0,0,0,0,0,0,0
3681,12,3839,0,0,0,0,0,0,0
3682,13,3840,0,0,0,0,0,0,0
3683,0,3842,0,0,0,0,0,0,0
3684,0,3844,0,0,0,0,0,0,0
3685,0,3846,0,0,0,0,0,0,0
3686,0,3848,0,0,0,0,0,0,0
3687,0,3850,0,0,0,0,0,0,0
3688,1,3851,0,0,0,0,0,0,0
3689,2,3852,0,0,0,0,0,0,0
3690,2.99,3853,0,0,0,0,0,0,0
3691,3.99,3854,0,0,0,0,0,0,0
3692,5,3855,0,0,0,0,0,0,0
3693,0,3857,0,0,0,0,0,0,0
3694,0,3859,0,0,0,0,0,0,0
3695,0,3861,0,0,0,0,0,0,0
3696,0,3863,0,0,0,0,0,0,0
3697,0,3865,0,0,0,0,0,0,0
3698,1.01,3866,0,0,0,0,0,0,0
3699,2,3867,0,0,0,0,0,0,0
3700,3,3868,0,0,0,0,0,0,0
3701,4.01,3869,0,0,0,0,0,0,0
3702,5,3870,0,0,0,0,0,0,0
3703,6,3871,0,0,0,0,0,0,0
3704,7.01,3872,0,0,0,0,0,0,0
3705,8,3873,0,0,0,0,0,0,0
3706,0,3875,0,0,0,0,0,0,0
3707,0,3877,0,0,0,0,0,0,0
3708,0,3879,0,0,0,0,0,0,0
3709,0.99,3880,0,0,0,0,0,0,0
3710,2,3881,0,0,0,0,0,0,0
3711,3,3882,0,0,0,0,0,0,0
3712,4,3883,0,0,0,0,0,0,0
3713,5,3884,0,0,0,0,0,0,0
3714,5.99,3885,0,0,0,0,0,0,0
3715,7,3886,0,0,0,0,0,0,0
3716,8,3887,0,0,0,0,0,0,0
3717,9,3888,0,0,0,0,0,0,0
3718,0,3890,0,0,0,0,0,0,0
3719,0,3892,0,0,0,0,0,0,0
3720,0,3894,0,0,0,0,0,0,0
3721,1,3895,0,0,0,0,0,0,0
3722,2,3896,0,0,0,0,0,0,0
3723,3,3897,0,0,0,0,0,0,0
3724,4,3898,0,0,0,0,0,0,0
3725,5.01,3899,0,0,0,0,0,0,0
3726,6,3900,0,0,0,0,0,0,0
3727,7,3901,0,0,0,0,0,0,0
3728,8,3902,0,0,0,0,0,0,0
3729,9.01,3903,0,0,0,0,0,0,0
3730,0,3905,0,0,0,0,0,0,0
3731,0,3907,0,0,0,0,0,0,0
3732,0,3909,0,0,0,0,0,0,0
3733,1,3910,0,0,0,0,0,0,0
3734,2.01,3911,0,0,0,0,0,0,0
3735,3,3912,0,0,0,0,0,0,0
3736,4.01,3913,0,0,0,0,0,0,0
3737,0,3915,0,0,0,0,0,0,0
3738,0,3917,0,0,0,0,0,0,0
3739,0,3919,0,0,0,0,0,0,0
3740,1,3920,0,0,0,0,0,0,0
3741,2,3921,0,0,0,0,0,0,0
3742,3,3922,0,0,0,0,0,0,0
3743,4,3923,0,0,0,0,0,0,0
3744,5,3924,0,0,0,0,0,0,0
3745,6,3925,0,0,0,0,0,0,0
3746,7,3926,0,0,0,0,0,0,0
3747,8,3927,0,0,0,0,0,0,0
3748,8.99,3928,0,0,0,0,0,0,0
3749,9.99,3929,0,0,0,0,0,0,0
3750,0,3931,0,0,0,0,0,0,0
3751,0,3933,0,0,0,0,0,0,0
3752,0,3935,0,0,0,0,0,0,0
3753,1.01,3936,0,0,0,0,0,0,0
3754,2,3937,0,0,0,0,0,0,0
3755,3.01,3938,0,0,0,0,0,0,0
3756,4,3939,0,0,0,0,0,0,0
3757,5,3940,0,0,0,0,0,0,0
3758,6,3941,0,0,0,0,0,0,0
3759,7,3942,0,0,0,0,0,0,0
3760,8,3943,0,0,0,0,0,0,0
3761,9,3944,0,0,0,0,0,0,0
3762,0,3946,0,0,0,0,0,0,0
3763,0,3948,0,0,0,0,0,0,0
3764,0,3950,0,0,0,0,0,0,0
3765,1,3951,0,0,0,0,0,0,0
3766,2,3952,0,0,0,0,0,0,0
3767,3.01,3953,0,0,0,0,0,0,0
3768,4.01,3954,0,0,0,0,0,0,0
3769,5,3955,0,0,0,0,0,0,0
3770,6.01,3956,0,0,0,0,0,0,0
3771,7.01,3957,0,0,0,0,0,0,0
3772,8,3958,0,0,0,0,0,0,0
3773,9.01,3959,0,0,0,0,0,0,0
3774,10,3960,0,0,0,0,0,0,0
3775,11,3961,0,0,0,0,0,0,0
3776,12.01,3962,0,0,0,0,0,0,0
3777,13,3963,0,0,0,0,0,0,0
3778,14.01,3964,0,0,0,0,0,0,0
3779,15.01,3965,0,0,0,0,0,0,0
3780,16,3966,0,0,0,0,0,0,0
3781,17.01,3967,0,0,0,0,0,0,0
3782,0,3969,0,0,0,0,0,0,0
3783,0,3971,0,0,0,0,0,0,0
3784,1,3972,0,0,0,0,0,0,0
3785,2,3973,0,0,0,0,0,0,0
3786,3,3974,0,0,0,0,0,0,0
3787,4,3975,0,0,0,0,0,0,0
3788,5,3976,0,0,0,0,0,0,0
3789,6,3977,0,0,0,0,0,0,0
3790,7,3978,0,0,0,0,0,0,0
3791,8,3979,0,0,0,0,0,0,0
3792,9,3980,0,0,0,0,0,0,0
3793,10.01,3981,0,0,0,0,0,0,0
3794,11,3982,0,0,0,0,0,0,0
3795,12,3983,0,0,0,0,0,0,0
3796,13,3984,0,0,0,0,0,0,0
3797,14,3985,0,0,0,0,0,0,0
3798,15,3986,0,0,0,0,0,0,0
3799,16,3987,0,0,0,0,0,0,0
3800,17,3988,0,0,0,0,0,0,0
3801,18,3989,0,0,0,0,0,0,0
3802,19,3990,0,0,0,0,0,0,0
3803,20,3991,0,0,0,0,0,0,0
3804,0,3993,0,0,0,0,0,0,0
3805,1,3994,0,0,0,0,0,0,0
3806,2,3995,0,0,0,0,0,0,0
3807,3,3996,0,0,0,0,0,0,0
3808,4.01,3997,0,0,0,0,0,0,0
3809,5.01,3998,0,0,0,0,0,0,0
3810,6,3999,0,0,0,0,0,0,0
3811,7,4000,0,0,0,0,0,0,0
3812,8,4001,0,0,0,0,0,0,0
3813,9,4002,0,0,0,0,0,0,0
3814,10.01,4003,0,0,0,0,0,0,0
3815,11.01,4004,0,0,0,0,0,0,0
3816,12,4005,0,0,0,0,0,0,0
3817,13,4006,0,0,0,0,0,0,0
3818,14,4007,0,0,0,0,0,0,0
3819,15.01,4008,0,0,0,0,0,0,0
3820,16,4009,0,0,0,0,0,0,0
3821,17,4010,0,0,0,0,0,0,0
3822,18.01,4011,0,0,0,0,0,0,0
3823,0,4013,0,0,0,0,0,0,0
3824,0,4015,0,0,0,0,0,0,0
3825,0,4017,0,0,0,0,0,0,0
3826,0,4019,0,0,0,0,0,0,0
3827,0,4021,0,0,0,0,0,0,0
3828,0,4023,0,0,0,0,0,0,0
3829,0,4025,0,0,0,0,0,0,0
3830,1,4026,0,0,0,0,0,0,0
3831,2,4027,0,0,0,0,0,0,0
3832,3,4028,0,0,0,0,0,0,0
3833,4.01,4029,0,0,0,0,0,0,0
3834,5,4030,0,0,0,0,0,0,0
3835,6,4031,0,0,0,0,0,0,0
3836,7.01,4032,0,0,0,0,0,0,0
3837,8.01,4033,0,0,0,0,0,0,0
3838,9.01,4034,0,0,0,0,0,0,0
3839,10,4035,0,0,0,0,0,0,0
3840,11,4036,0,0,0,0,0,0,0
3841,12,4037,0,0,0,0,0,0,0
3842,13,4038,0,0,0,0,0,0,0
3843,14,4039,0,0,0,0,0,0,0
3844,15,4040,0,0,0,0,0,0,0
3845,0,4042,0,0,0,0,0,0,0
3846,0,4044,0,0,0,0,0,0,0
3847,1,4045,0,0,0,0,0,0,0
3848,2,4046,0,0,0,0,0,0,0
3849,3,4047,0,0,0,0,0,0,0
3850,4,4048,0,0,0,0,0,0,0
3851,5,4049,0,0,0,0,0,0,0
3852,6,4050,0,0,0,0,0,0,0
3853,7,4051,0,0,0,0,0,0,0
3854,8,4052,0,0,0,0,0,0,0
3855,9,4053,0,0,0,0,0,0,0
3856,10,4054,0,0,0,0,0,0,0
3857,11,4055,0,0,0,0,0,0,0
3858,12,4056,0,0,0,0,0,0,0
3859,13,4057,0,0,0,0,0,0,0
3860,14,4058,0,0,0,0,0,0,0
3861,15,4059,0,0,0,0,0,0,0
3862,16,4060,0,0,0,0,0,0,0
3863,17,4061,0,0,0,0,0,0,0
3864,18,4062,0,0,0,0,0,0,0
3865,19,4063,0,0,0,0,0,0,0
3866,20,4064,0,0,0,0,0,0,0
3867,21,4065,0,0,0,0,0,0,0
3868,22,4066,0,0,0,0,0,0,0
3869,23,4067,0,0,0,0,0,0,0
3870,24,4068,0,0,0,0,0,0,0
3871,25,4069,0,0,0,0,0,0,0
3872,26,4070,0,0,0,0,0,0,0
3873,27,4071,0,0,0,0,0,0,0
3874,28,4072,0,0,0,0,0,0,0
3875,29,4073,0,0,0,0,0,0,0
3876,30,4074,0,0,0,0,0,0,0
3877,31,4075,0,0,0,0,0,0,0
3878,32,4076,0,0,0,0,0,0,0
3879,33,4077,0,0,0,0,0,0,0
3880,34,4078,0,0,0,0,0,0,0
3881,35,4079,0,0,0,0,0,0,0
3882,36,4080,0,0,0,0,0,0,0
3883,37,4081,0,0,0,0,0,0,0
3884,38,4082,0,0,0,0,0,0,0
3885,39,4083,0,0,0,0,0,0,0
3886,40,4084,0,0,0,0,0,0,0
3887,41,4085,0,0,0,0,0,0,0
3888,0,4087,0,0,0,0,0,0,0
3889,0,4089,0,0,0,0,0,0,0
3890,0,4091,0,0,0,0,0,0,0
3891,1,4092,0,0,0,0,0,0,0
3892,1.99,4093,0,0,0,0,0,0,0
3893,3,4094,0,0,0,0,0,0,0
3894,3.99,4095,0,0,0,0,0,0,0
3895,5,4096,0,0,0,0,0,0,0
3896,6,4097,0,0,0,0,0,0,0
3897,6.99,4098,0,0,0,0,0,0,0
3898,8,4099,0,0,0,0,0,0,0
3899,9,4100,0,0,0,0,0,0,0
3900,10,4101,0,0,0,0,0,0,0
3901,10.99,4102,0,0,0,0,0,0,0
3902,0,4104,0,0,0,0,0,0,0
3903,0,4106,0,0,0,0,0,0,0
3904,1,4107,0,0,0,0,0,0,0
3905,2,4108,0,0,0,0,0,0,0
3906,3,4109,0,0,0,0,0,0,0
3907,4,4110,0,0,0,0,0,0,0
3908,5,4111,0,0,0,0,0,0,0
3909,6,4112,0,0,0,0,0,0,0
3910,7,4113,0,0,0,0,0,0,0
3911,8,4114,0,0,0,0,0,0,0
3912,9,4115,0,0,0,0,0,0,0
3913,10,4116,0,0,0,0,0,0,0
3914,11,4117,0,0,0,0,0,0,0
3915,12,4118,0,0,0,0,0,0,0
3916,13,4119,0,0,0,0,0,0,0
3917,0,4121,0,0,0,0,0,0,0
3918,0,4123,0,0,0,0,0,0,0
3919,0,4125,0,0,0,0,0,0,0
3920,1,4126,0,0,0,0,0,0,0
3921,2,4127,0,0,0,0,0,0,0
3922,3,4128,0,0,0,0,0,0,0
3923,4,4129,0,0,0,0,0,0,0
3924,5,4130,0,0,0,0,0,0,0
3925,6,4131,0,0,0,0,0,0,0
3926,7.01,4132,0,0,0,0,0,0,0
3927,8,4133,0,0,0,0,0,0,0
3928,9,4134,0,0,0,0,0,0,0
3929,10,4135,0,0,0,0,0,0,0
3930,11.01,4136,0,0,0,0,0,0,0
3931,12,4137,0,0,0,0,0,0,0
3932,13,4138,0,0,0,0,0,0,0
3933,14,4139,0,0,0,0,0,0,0
3934,15,4140,0,0,0,0,0,0,0
3935,16.01,4141,0,0,0,0,0,0,0
3936,17,4142,0,0,0,0,0,0,0
3937,18.01,4143,0,0,0,0,0,0,0
3938,19,4144,0,0,0,0,0,0,0
3939,20,4145,0,0,0,0,0,0,0
3940,0,4147,0,0,0,0,0,0,0
3941,0,4149,0,0,0,0,0,0,0
3942,0,4151,0,0,0,0,0,0,0
3943,1,4152,0,0,0,0,0,0,0
3944,2,4153,0,0,0,0,0,0,0
3945,2.99,4154,0,0,0,0,0,0,0
3946,3.99,4155,0,0,0,0,0,0,0
3947,4.99,4156,0,0,0,0,0,0,0
3948,6,4157,0,0,0,0,0,0,0
3949,7,4158,0,0,0,0,0,0,0
3950,8,4159,0,0,0,0,0,0,0
3951,8.99,4160,0,0,0,0,0,0,0
3952,10,4161,0,0,0,0,0,0,0
3953,11,4162,0,0,0,0,0,0,0
3954,12,4163,0,0,0,0,0,0,0
3955,13,4164,0,0,0,0,0,0,0
3956,14,4165,0,0,0,0,0,0,0
3957,0,4167,0,0,0,0,0,0,0
3958,0,4169,0,0,0,0,0,0,0
3959,0,4171,0,0,0,0,0,0,0
3960,1,4172,0,0,0,0,0,0,0
3961,2,4173,0,0,0,0,0,0,0
3962,3,4174,0,0,0,0,0,0,0
3963,3.99,4175,0,0,0,0,0,0,0
3964,5,4176,0,0,0,0,0,0,0
3965,5.99,4177,0,0,0,0,0,0,0
3966,7,4178,0,0,0,0,0,0,0
3967,8,4179,0,0,0,0,0,0,0
3968,8.99,4180,0,0,0,0,0,0,0
3969,10,4181,0,0,0,0,0,0,0
3970,11,4182,0,0,0,0,0,0,0
3971,11.99,4183,0,0,0,0,0,0,0
3972,13,4184,0,0,0,0,0,0,0
3973,13.99,4185,0,0,0,0,0,0,0
3974,15,4186,0,0,0,0,0,0,0
3975,0,4188,0,0,0,0,0,0,0
3976,0,4190,0,0,0,0,0,0,0
3977,0,4192,0,0,0,0,0,0,0
3978,0,4194,0,0,0,0,0,0,0
3979,0,4196,0,0,0,0,0,0,0
3980,1,4197,0,0,0,0,0,0,0
3981,2,4198,0,0,0,0,0,0,0
3982,3,4199,0,0,0,0,0,0,0
3983,4,4200,0,0,0,0,0,0,0
3984,5,4201,0,0,0,0,0,0,0
3985,5.99,4202,0,0,0,0,0,0,0
3986,7,4203,0,0,0,0,0,0,0
3987,8,4204,0,0,0,0,0,0,0
3988,9,4205,0,0,0,0,0,0,0
3989,10,4206,0,0,0,0,0,0,0
3990,11,4207,0,0,0,0,0,0,0
3991,12,4208,0,0,0,0,0,0,0
3992,13,4209,0,0,0,0,0,0,0
3993,14,4210,0,0,0,0,0,0,0
3994,15,4211,0,0,0,0,0,0,0
3995,16,4212,0,0,0,0,0,0,0
3996,17,4213,0,0,0,0,0,0,0
3997,18,4214,0,0,0,0,0,0,0
3998,19,4215,0,0,0,0,0,0,0
3999,0,4217,0,0,0,0,0,0,0
4000,1,4218,0,0,0,0,0,0,0
4001,2,4219,0,0,0,0,0,0,0
4002,3,4220,0,0,0,0,0,0,0
4003,4,4221,0,0,0,0,0,0,0
4004,5,4222,0,0,0,0,0,0,0
4005,6,4223,0,0,0,0,0,0,0
4006,7,4224,0,0,0,0,0,0,0
4007,8,4225,0,0,0,0,0,0,0
4008,9,4226,0,0,0,0,0,0,0
4009,10,4227,0,0,0,0,0,0,0
4010,11,4228,0,0,0,0,0,0,0
4011,12,4229,0,0,0,0,0,0,0
4012,13,4230,0,0,0,0,0,0,0
4013,14,4231,0,0,0,0,0,0,0
4014,15,4232,0,0,0,0,0,0,0
4015,16,4233,0,0,0,0,0,0,0
4016,17,4234,0,0,0,0,0,0,0
4017,18,4235,0,0,0,0,0,0,0
4018,19,4236,0,0,0,0,0,0,0
4019,20,4237,0,0,0,0,0,0,0
4020,21,4238,0,0,0,0,0,0,0
4021,22,4239,0,0,0,0,0,0,0
4022,23,4240,0,0,0,0,0,0,0
4023,24,4241,0,0,0,0,0,0,0
4024,25,4242,0,0,0,0,0,0,0
4025,26,4243,0,0,0,0,0,0,0
4026,27,4244,0,0,0,0,0,0,0
4027,28,4245,0,0,0,0,0,0,0
4028,29,4246,0,0,0,0,0,0,0
4029,30,4247,0,0,0,0,0,0,0
4030,31,4248,0,0,0,0,0,0,0
4031,0,4250,0,0,0,0,0,0,0
4032,1,4251,0,0,0,0,0,0,0
4033,2,4252,0,0,0,0,0,0,0
4034,3,4253,0,0,0,0,0,0,0
4035,4,4254,0,0,0,0,0,0,0
4036,5,4255,0,0,0,0,0,0,0
4037,6,4256,0,0,0,0,0,0,0
4038,7,4257,0,0,0,0,0,0,0
4039,8,4258,0,0,0,0,0,0,0
4040,9,4259,0,0,0,0,0,0,0
4041,10,4260,0,0,0,0,0,0,0
4042,11,4261,0,0,0,0,0,0,0
4043,12,4262,0,0,0,0,0,0,0
4044,13,4263,0,0,0,0,0,0,0
4045,14,4264,0,0,0,0,0,0,0
4046,15,4265,0,0,0,0,0,0,0
4047,16,4266,0,0,0,0,0,0,0
4048,17,4267,0,0,0,0,0,0,0
4049,18,4268,0,0,0,0,0,0,0
4050,19,4269,0,0,0,0,0,0,0
4051,20,4270,0,0,0,0,0,0,0
4052,21,4271,0,0,0,0,0,0,0
4053,22,4272,0,0,0,0,0,0,0
4054,23,4273,0,0,0,0,0,0,0
4055,24,4274,0,0,0,0,0,0,0
4056,0,4276,0,0,0,0,0,0,0
4057,1,4277,0,0,0,0,0,0,0
4058,2,4278,0,0,0,0,0,0,0
4059,3,4279,0,0,0,0,0,0,0
4060,4,4280,0,0,0,0,0,0,0
4061,5,4281,0,0,0,0,0,0,0
4062,6,4282,0,0,0,0,0,0,0
4063,7,4283,0,0,0,0,0,0,0
4064,8,4284,0,0,0,0,0,0,0
4065,9,4285,0,0,0,0,0,0,0
4066,10,4286,0,0,0,0,0,0,0
4067,11,4287,0,0,0,0,0,0,0
4068,12,4288,0,0,0,0,0,0,0
4069,12.47,4289,0,0,0,0,0,0,0
4070,13.47,4290,0,0,0,0,0,0,0
4071,14.47,4291,0,0,0,0,0,0,0
4072,15.47,4292,0,0,0,0,0,0,0
4073,16.47,4293,0,0,0,0,0,0,0
4074,17.47,4294,0,0,0,0,0,0,0
4075,18.47,4295,0,0,0,0,0,0,0
4076,19.47,4296,0,0,0,0,0,0,0
4077,20.47,4297,0,0,0,0,0,0,0
4078,21.47,4298,0,0,0,0,0,0,0
4079,22.47,4299,0,0,0,0,0,0,0
4080,23.47,4300,0,0,0,0,0,0,0
4081,24.47,4301,0,0,0,0,0,0,0
4082,25.47,4302,0,0,0,0,0,0,0
4083,26.47,4303,0,0,0,0,0,0,0
4084,27.47,4304,0,0,0,0,0,0,0
4085,28.47,4305,0,0,0,0,0,0,0
4086,29.47,4306,0,0,0,0,0,0,0
4087,30.47,4307,0,0,0,0,0,0,0
4088,31.47,4308,0,0,0,0,0,0,0
4089,32.47,4309,0,0,0,0,0,0,0
4090,33.47,4310,0,0,0,0,0,0,0
4091,34.47,4311,0,0,0,0,0,0,0
4092,35.47,4312,0,0,0,0,0,0,0
4093,36.47,4313,0,0,0,0,0,0,0
4094,37.47,4314,0,0,0,0,0,0,0
4095,38.47,4315,0,0,0,0,0,0,0
4096,39.47,4316,0,0,0,0,0,0,0
4097,40.47,4317,0,0,0,0,0,0,0
4098,41.47,4318,0,0,0,0,0,0,0
4099,42.47,4319,0,0,0,0,0,0,0
4100,43.47,4320,0,0,0,0,0,0,0
4101,44.47,4321,0,0,0,0,0,0,0
4102,45.47,4322,0,0,0,0,0,0,0
4103,46.47,4323,0,0,0,0,0,0,0
4104,47.47,4324,0,0,0,0,0,0,0
4105,48.47,4325,0,0,0,0,0,0,0
4106,49.47,4326,0,0,0,0,0,0,0
4107,50.47,4327,0,0,0,0,0,0,0
4108,51.47,4328,0,0,0,0,0,0,0
4109,52.47,4329,0,0,0,0,0,0,0
4110,53.47,4330,0,0,0,0,0,0,0
4111,54.47,4331,0,0,0,0,0,0,0
4112,55.47,4332,0,0,0,0,0,0,0
4113,56.47,4333,0,0,0,0,0,0,0
4114,57.47,4334,0,0,0,0,0,0,0
4115,58.47,4335,0,0,0,0,0,0,0
4116,59.47,4336,0,0,0,0,0,0,0
4117,60.47,4337,0,0,0,0,0,0,0
4118,61.47,4338,0,0,0,0,0,0,0
4119,62.47,4339,0,0,0,0,0,0,0
4120,63.47,4340,0,0,0,0,0,0,0
4121,64.47,4341,0,0,0,0,0,0,0
4122,65.47,4342,0,0,0,0,0,0,0
4123,66.47,4343,0,0,0,0,0,0,0
4124,67.47,4344,0,0,0,0,0,0,0
4125,68.47,4345,0,0,0,0,0,0,0
4126,69.47,4346,0,0,0,0,0,0,0
4127,70.47,4347,0,0,0,0,0,0,0
4128,71.47,4348,0,0,0,0,0,0,0
4129,72.47,4349,0,0,0,0,0,0,0
4130,73.47,4350,0,0,0,0,0,0,0
4131,74.47,4351,0,0,0,0,0,0,0
4132,75.47,4352,0,0,0,0,0,0,0
4133,76.47,4353,0,0,0,0,0,0,0
4134,77.47,4354,0,0,0,0,0,0,0
4135,78.47,4355,0,0,0,0,0,0,0
4136,79.47,4356,0,0,0,0,0,0,0
4137,80.47,4357,0,0,0,0,0,0,0
4138,81.47,4358,0,0,0,0,0,0,0
4139,82.47,4359,0,0,0,0,0,0,0
4140,83.47,4360,0,0,0,0,0,0,0
4141,84.47,4361,0,0,0,0,0,0,0
4142,85.47,4362,0,0,0,0,0,0,0
4143,86.47,4363,0,0,0,0,0,0,0
4144,87.47,4364,0,0,0,0,0,0,0
4145,88.47,4365,0,0,0,0,0,0,0
4146,89.47,4366,0,0,0,0,0,0,0
4147,0,4368,0,0,0,0,0,0,0
4148,1,4369,0,0,0,0,0,0,0
4149,2,4370,0,0,0,0,0,0,0
4150,3,4371,0,0,0,0,0,0,0
4151,4,4372,0,0,0,0,0,0,0
4152,5,4373,0,0,0,0,0,0,0
4153,6,4374,0,0,0,0,0,0,0
4154,7,4375,0,0,0,0,0,0,0
4155,8,4376,0,0,0,0,0,0,0
4156,9,4377,0,0,0,0,0,0,0
4157,9.28,4378,0,0,0,0,0,0,0
4158,10.28,4379,0,0,0,0,0,0,0
4159,11.28,4380,0,0,0,0,0,0,0
4160,12.28,4381,0,0,0,0,0,0,0
4161,13.28,4382,0,0,0,0,0,0,0
4162,14.28,4383,0,0,0,0,0,0,0
4163,15.28,4384,0,0,0,0,0,0,0
4164,16.28,4385,0,0,0,0,0,0,0
4165,17.28,4386,0,0,0,0,0,0,0
4166,18.28,4387,0,0,0,0,0,0,0
4167,19.28,4388,0,0,0,0,0,0,0
4168,20.28,4389,0,0,0,0,0,0,0
4169,21.28,4390,0,0,0,0,0,0,0
4170,22.28,4391,0,0,0,0,0,0,0
4171,23.28,4392,0,0,0,0,0,0,0
4172,24.28,4393,0,0,0,0,0,0,0
4173,25.28,4394,0,0,0,0,0,0,0
4174,26.28,4395,0,0,0,0,0,0,0
4175,27.28,4396,0,0,0,0,0,0,0
4176,28.28,4397,0,0,0,0,0,0,0
4177,29.28,4398,0,0,0,0,0,0,0
4178,30.28,4399,0,0,0,0,0,0,0
4179,31.28,4400,0,0,0,0,0,0,0
4180,32.28,4401,0,0,0,0,0,0,0
4181,33.28,4402,0,0,0,0,0,0,0
4182,34.28,4403,0,0,0,0,0,0,0
4183,35.28,4404,0,0,0,0,0,0,0
4184,36.28,4405,0,0,0,0,0,0,0
4185,37.28,4406,0,0,0,0,0,0,0
4186,38.28,4407,0,0,0,0,0,0,0
4187,39.28,4408,0,0,0,0,0,0,0
4188,40.28,4409,0,0,0,0,0,0,0
4189,41.28,4410,0,0,0,0,0,0,0
4190,42.28,4411,0,0,0,0,0,0,0
4191,43.28,4412,0,0,0,0,0,0,0
4192,44.28,4413,0,0,0,0,0,0,0
4193,45.28,4414,0,0,0,0,0,0,0
4194,46.28,4415,0,0,0,0,0,0,0
4195,47.28,4416,0,0,0,0,0,0,0
4196,48.28,4417,0,0,0,0,0,0,0
4197,49.28,4418,0,0,0,0,0,0,0
4198,50.28,4419,0,0,0,0,0,0,0
4199,51.28,4420,0,0,0,0,0,0,0
4200,52.28,4421,0,0,0,0,0,0,0
4201,53.28,4422,0,0,0,0,0,0,0
4202,54.28,4423,0,0,0,0,0,0,0
4203,55.28,4424,0,0,0,0,0,0,0
4204,56.28,4425,0,0,0,0,0,0,0
4205,57.28,4426,0,0,0,0,0,0,0
4206,58.28,4427,0,0,0,0,0,0,0
4207,59.28,4428,0,0,0,0,0,0,0
4208,60.28,4429,0,0,0,0,0,0,0
4209,61.28,4430,0,0,0,0,0,0,0
4210,62.28,4431,0,0,0,0,0,0,0
4211,63.28,4432,0,0,0,0,0,0,0
4212,64.28,4433,0,0,0,0,0,0,0
4213,65.28,4434,0,0,0,0,0,0,0
4214,66.28,4435,0,0,0,0,0,0,0
4215,67.28,4436,0,0,0,0,0,0,0
4216,68.28,4437,0,0,0,0,0,0,0
4217,69.28,4438,0,0,0,0,0,0,0
4218,70.28,4439,0,0,0,0,0,0,0
4219,71.28,4440,0,0,0,0,0,0,0
4220,72.28,4441,0,0,0,0,0,0,0
4221,73.28,4442,0,0,0,0,0,0,0
4222,74.28,4443,0,0,0,0,0,0,0
4223,75.28,4444,0,0,0,0,0,0,0
4224,76.28,4445,0,0,0,0,0,0,0
4225,77.28,4446,0,0,0,0,0,0,0
4226,78.28,4447,0,0,0,0,0,0,0
4227,79.28,4448,0,0,0,0,0,0,0
4228,80.28,4449,0,0,0,0,0,0,0
4229,81.28,4450,0,0,0,0,0,0,0
4230,82.28,4451,0,0,0,0,0,0,0
4231,83.28,4452,0,0,0,0,0,0,0
4232,84.28,4453,0,0,0,0,0,0,0
4233,85.28,4454,0,0,0,0,0,0,0
4234,86.28,4455,0,0,0,0,0,0,0
4235,87.28,4456,0,0,0,0,0,0,0
4236,88.28,4457,0,0,0,0,0,0,0
4237,89.28,4458,0,0,0,0,0,0,0
4238,90.28,4459,0,0,0,0,0,0,0
4239,91.28,4460,0,0,0,0,0,0,0
4240,0,4462,0,0,0,0,0,0,0
4241,1,4463,0,0,0,0,0,0,0
4242,2,4464,0,0,0,0,0,0,0
4243,3,4465,0,0,0,0,0,0,0
4244,4,4466,0,0,0,0,0,0,0
4245,5,4467,0,0,0,0,0,0,0
4246,6,4468,0,0,0,0,0,0,0
4247,7,4469,0,0,0,0,0,0,0
4248,8,4470,0,0,0,0,0,0,0
4249,8.52,4471,0,0,0,0,0,0,0
4250,9.52,4472,0,0,0,0,0,0,0
4251,10.52,4473,0,0,0,0,0,0,0
4252,11.52,4474,0,0,0,0,0,0,0
4253,12.52,4475,0,0,0,0,0,0,0
4254,13.52,4476,0,0,0,0,0,0,0
4255,14.52,4477,0,0,0,0,0,0,0
4256,15.52,4478,0,0,0,0,0,0,0
4257,16.52,4479,0,0,0,0,0,0,0
4258,17.52,4480,0,0,0,0,0,0,0
4259,18.52,4481,0,0,0,0,0,0,0
4260,19.52,4482,0,0,0,0,0,0,0
4261,20.52,4483,0,0,0,0,0,0,0
4262,21.52,4484,0,0,0,0,0,0,0
4263,22.52,4485,0,0,0,0,0,0,0
4264,23.52,4486,0,0,0,0,0,0,0
4265,24.52,4487,0,0,0,0,0,0,0
4266,25.52,4488,0,0,0,0,0,0,0
4267,26.52,4489,0,0,0,0,0,0,0
4268,27.52,4490,0,0,0,0,0,0,0
4269,27.92,4491,0,0,0,0,0,0,0
4270,28.92,4492,0,0,0,0,0,0,0
4271,29.92,4493,0,0,0,0,0,0,0
4272,30.92,4494,0,0,0,0,0,0,0
4273,31.92,4495,0,0,0,0,0,0,0
4274,32.92,4496,0,0,0,0,0,0,0
4275,33.92,4497,0,0,0,0,0,0,0
4276,34.92,4498,0,0,0,0,0,0,0
4277,35.92,4499,0,0,0,0,0,0,0
4278,36.92,4500,0,0,0,0,0,0,0
4279,37.92,4501,0,0,0,0,0,0,0
4280,38.92,4502,0,0,0,0,0,0,0
4281,39.92,4503,0,0,0,0,0,0,0
4282,40.92,4504,0,0,0,0,0,0,0
4283,41.92,4505,0,0,0,0,0,0,0
4284,42.92,4506,0,0,0,0,0,0,0
4285,43.92,4507,0,0,0,0,0,0,0
4286,44.92,4508,0,0,0,0,0,0,0
4287,45.92,4509,0,0,0,0,0,0,0
4288,46.92,4510,0,0,0,0,0,0,0
4289,47.92,4511,0,0,0,0,0,0,0
4290,48.92,4512,0,0,0,0,0,0,0
4291,49.92,4513,0,0,0,0,0,0,0
4292,50.92,4514,0,0,0,0,0,0,0
4293,51.92,4515,0,0,0,0,0,0,0
4294,52.92,4516,0,0,0,0,0,0,0
4295,53.92,4517,0,0,0,0,0,0,0
4296,54.92,4518,0,0,0,0,0,0,0
4297,55.92,4519,0,0,0,0,0,0,0
4298,56.92,4520,0,0,0,0,0,0,0
4299,57.92,4521,0,0,0,0,0,0,0
4300,58.92,4522,0,0,0,0,0,0,0
4301,59.92,4523,0,0,0,0,0,0,0
4302,60.92,4524,0,0,0,0,0,0,0
4303,61.92,4525,0,0,0,0,0,0,0
4304,62.92,4526,0,0,0,0,0,0,0
4305,63.92,4527,0,0,0,0,0,0,0
4306,64.92,4528,0,0,0,0,0,0,0
4307,65.92,4529,0,0,0,0,0,0,0
4308,66.92,4530,0,0,0,0,0,0,0
4309,67.92,4531,0,0,0,0,0,0,0
4310,68.92,4532,0,0,0,0,0,0,0
4311,69.92,4533,0,0,0,0,0,0,0
4312,70.92,4534,0,0,0,0,0,0,0
4313,71.92,4535,0,0,0,0,0,0,0
4314,72.92,4536,0,0,0,0,0,0,0
4315,73.92,4537,0,0,0,0,0,0,0
4316,74.92,4538,0,0,0,0,0,0,0
4317,75.92,4539,0,0,0,0,0,0,0
4318,76.92,4540,0,0,0,0,0,0,0
4319,77.92,4541,0,0,0,0,0,0,0
4320,78.92,4542,0,0,0,0,0,0,0
4321,79.92,4543,0,0,0,0,0,0,0
4322,80.92,4544,0,0,0,0,0,0,0
4323,81.92,4545,0,0,0,0,0,0,0
4324,82.92,4546,0,0,0,0,0,0,0
4325,83.92,4547,0,0,0,0,0,0,0
4326,84.92,4548,0,0,0,0,0,0,0
4327,85.92,4549,0,0,0,0,0,0,0
4328,86.92,4550,0,0,0,0,0,0,0
4329,87.92,4551,0,0,0,0,0,0,0
4330,88.92,4552,0,0,0,0,0,0,0
4331,89.92,4553,0,0,0,0,0,0,0
4332,90.92,4554,0,0,0,0,0,0,0
4333,91.78,4555,0,0,0,0,0,0,0
4334,92.78,4556,0,0,0,0,0,0,0
4335,93.78,4557,0,0,0,0,0,0,0
4336,94.78,4558,0,0,0,0,0,0,0
4337,95.78,4559,0,0,0,0,0,0,0
4338,96.78,4560,0,0,0,0,0,0,0
4339,97.78,4561,0,0,0,0,0,0,0
4340,98.78,4562,0,0,0,0,0,0,0
4341,99.78,4563,0,0,0,0,0,0,0
4342,100.78,4564,0,0,0,0,0,0,0
4343,0,4566,0,0,0,0,0,0,0
4344,1,4567,0,0,0,0,0,0,0
4345,2,4568,0,0,0,0,0,0,0
4346,3,4569,0,0,0,0,0,0,0
4347,4,4570,0,0,0,0,0,0,0
4348,5,4571,0,0,0,0,0,0,0
4349,6,4572,0,0,0,0,0,0,0
4350,7,4573,0,0,0,0,0,0,0
4351,8,4574,0,0,0,0,0,0,0
4352,9,4575,0,0,0,0,0,0,0
4353,10,4576,0,0,0,0,0,0,0
4354,11,4577,0,0,0,0,0,0,0
4355,12,4578,0,0,0,0,0,0,0
4356,13,4579,0,0,0,0,0,0,0
4357,14,4580,0,0,0,0,0,0,0
4358,15,4581,0,0,0,0,0,0,0
4359,16,4582,0,0,0,0,0,0,0
4360,17,4583,0,0,0,0,0,0,0
4361,18,4584,0,0,0,0,0,0,0
4362,19,4585,0,0,0,0,0,0,0
4363,20,4586,0,0,0,0,0,0,0
4364,21,4587,0,0,0,0,0,0,0
4365,22,4588,0,0,0,0,0,0,0
4366,23,4589,0,0,0,0,0,0,0
4367,24,4590,0,0,0,0,0,0,0
4368,25,4591,0,0,0,0,0,0,0
4369,26,4592,0,0,0,0,0,0,0
4370,27,4593,0,0,0,0,0,0,0
4371,28,4594,0,0,0,0,0,0,0
4372,29,4595,0,0,0,0,0,0,0
4373,30,4596,0,0,0,0,0,0,0
4374,31,4597,0,0,0,0,0,0,0
4375,32,4598,0,0,0,0,0,0,0
4376,33,4599,0,0,0,0,0,0,0
4377,34,4600,0,0,0,0,0,0,0
4378,35,4601,0,0,0,0,0,0,0
4379,36,4602,0,0,0,0,0,0,0
4380,37,4603,0,0,0,0,0,0,0
4381,38,4604,0,0,0,0,0,0,0
4382,39,4605,0,0,0,0,0,0,0
4383,40,4606,0,0,0,0,0,0,0
4384,41,4607,0,0,0,0,0,0,0
4385,42,4608,0,0,0,0,0,0,0
4386,43,4609,0,0,0,0,0,0,0
4387,44,4610,0,0,0,0,0,0,0
4388,45,4611,0,0,0,0,0,0,0
4389,46,4612,0,0,0,0,0,0,0
4390,47,4613,0,0,0,0,0,0,0
4391,48,4614,0,0,0,0,0,0,0
4392,49,4615,0,0,0,0,0,0,0
4393,50,4616,0,0,0,0,0,0,0
4394,51,4617,0,0,0,0,0,0,0
4395,52,4618,0,0,0,0,0,0,0
4396,53,4619,0,0,0,0,0,0,0
4397,54,4620,0,0,0,0,0,0,0
4398,55,4621,0,0,0,0,0,0,0
4399,56,4622,0,0,0,0,0,0,0
4400,57,4623,0,0,0,0,0,0,0
4401,58,4624,0,0,0,0,0,0,0
4402,59,4625,0,0,0,0,0,0,0
4403,60,4626,0,0,0,0,0,0,0
4404,61,4627,0,0,0,0,0,0,0
4405,62,4628,0,0,0,0,0,0,0
4406,63,4629,0,0,0,0,0,0,0
4407,64,4630,0,0,0,0,0,0,0
4408,65,4631,0,0,0,0,0,0,0
4409,66,4632,0,0,0,0,0,0,0
4410,67,4633,0,0,0,0,0,0,0
4411,68,4634,0,0,0,0,0,0,0
4412,69,4635,0,0,0,0,0,0,0
4413,70,4636,0,0,0,0,0,0,0
4414,71,4637,0,0,0,0,0,0,0
4415,72,4638,0,0,0,0,0,0,0
4416,73,4639,0,0,0,0,0,0,0
4417,74,4640,0,0,0,0,0,0,0
4418,75,4641,0,0,0,0,0,0,0
4419,76,4642,0,0,0,0,0,0,0
4420,77,4643,0,0,0,0,0,0,0
4421,78,4644,0,0,0,0,0,0,0
4422,79,4645,0,0,0,0,0,0,0
4423,80,4646,0,0,0,0,0,0,0
4424,81,4647,0,0,0,0,0,0,0
4425,82,4648,0,0,0,0,0,0,0
4426,83,4649,0,0,0,0,0,0,0
4427,84,4650,0,0,0,0,0,0,0
4428,85,4651,0,0,0,0,0,0,0
4429,86,4652,0,0,0,0,0,0,0
4430,87,4653,0,0,0,0,0,0,0
4431,88,4654,0,0,0,0,0,0,0
4432,89,4655,0,0,0,0,0,0,0
4433,90,4656,0,0,0,0,0,0,0
4434,91,4657,0,0,0,0,0,0,0
4435,92,4658,0,0,0,0,0,0,0
4436,93,4659,0,0,0,0,0,0,0
4437,94,4660,0,0,0,0,0,0,0
4438,95,4661,0,0,0,0,0,0,0
4439,96,4662,0,0,0,0,0,0,0
4440,97,4663,0,0,0,0,0,0,0
4441,0,4665,0,0,0,0,0,0,0
4442,1,4666,0,0,0,0,0,0,0
4443,2,4667,0,0,0,0,0,0,0
4444,3,4668,0,0,0,0,0,0,0
4445,4,4669,0,0,0,0,0,0,0
4446,5,4670,0,0,0,0,0,0,0
4447,6,4671,0,0,0,0,0,0,0
4448,7,4672,0,0,0,0,0,0,0
4449,8,4673,0,0,0,0,0,0,0
4450,9,4674,0,0,0,0,0,0,0
4451,10,4675,0,0,0,0,0,0,0
4452,0,4677,0,0,0,0,0,0,0
4453,1,4678,0,0,0,0,0,0,0
4454,2,4679,0,0,0,0,0,0,0
4455,3,4680,0,0,0,0,0,0,0
4456,4,4681,0,0,0,0,0,0,0
4457,5,4682,0,0,0,0,0,0,0
4458,6,4683,0,0,0,0,0,0,0
4459,7,4684,0,0,0,0,0,0,0
4460,8,4685,0,0,0,0,0,0,0
4461,0,4687,0,0,0,0,0,0,0
4462,1,4688,0,0,0,0,0,0,0
4463,2,4689,0,0,0,0,0,0,0
4464,3,4690,0,0,0,0,0,0,0
4465,4,4691,0,0,0,0,0,0,0
4466,5,4692,0,0,0,0,0,0,0
4467,6,4693,0,0,0,0,0,0,0
4468,7,4694,0,0,0,0,0,0,0
4469,8,4695,0,0,0,0,0,0,0
4470,9,4696,0,0,0,0,0,0,0
4471,10,4697,0,0,0,0,0,0,0
4472,0,4699,0,0,0,0,0,0,0
4473,1,4700,0,0,0,0,0,0,0
4474,2,4701,0,0,0,0,0,0,0
4475,3,4702,0,0,0,0,0,0,0
4476,4,4703,0,0,0,0,0,0,0
4477,5,4704,0,0,0,0,0,0,0
4478,6,4705,0,0,0,0,0,0,0
4479,0,4707,0,0,0,0,0,0,0
4480,1,4708,0,0,0,0,0,0,0
4481,2,4709,0,0,0,0,0,0,0
4482,3,4710,0,0,0,0,0,0,0
4483,4,4711,0,0,0,0,0,0,0
4484,5,4712,0,0,0,0,0,0,0
4485,6,4713,0,0,0,0,0,0,0
4486,7,4714,0,0,0,0,0,0,0
4487,7,4715,0,0,0,0,0,0,0
4488,8,4716,0,0,0,0,0,0,0
4489,9,4717,0,0,0,0,0,0,0
4490,10,4718,0,0,0,0,0,0,0
4491,11,4719,0,0,0,0,0,0,0
