LnID,DID,BLID,FLID,BNID,FNID,JCT,BLID2,BLID3,BLID4,FLID2,FLID3,FLID4,ClossID,Span,LCnt,Lno,LaneType,LimitVel,RefVel,RoadSecID,LaneChgFG
1,1,0,2,1,2,0,0,0,0,0,0,0,0,0,1,1,0,5,5,0,0
2,2,1,3,2,3,0,0,0,0,0,0,0,0,0,1,1,0,5,5,0,0
3,3,2,4,3,4,0,0,0,0,0,0,0,0,0,1,1,0,5,5,0,0
4,4,3,5,4,5,0,0,0,0,0,0,0,0,0,1,1,0,5,5,0,0
5,5,4,6,5,6,0,0,0,0,0,0,0,0,0,1,1,0,5,5,0,0
6,6,5,7,6,7,0,0,0,0,0,0,0,0,0,1,1,0,5,5,0,0
7,7,6,8,7,8,0,0,0,0,0,0,0,0,0,1,1,0,5,5,0,0
8,8,7,9,8,9,0,0,0,0,0,0,0,0,0,1,1,0,5,5,0,0
9,9,8,10,9,10,0,0,0,0,0,0,0,0,0,1,1,0,5,5,0,0
10,10,9,11,10,11,0,0,0,0,0,0,0,0,0,1,1,0,5,5,0,0
11,11,10,12,11,12,0,0,0,0,0,0,0,0,0,1,1,0,5,5,0,0
12,12,11,13,12,13,0,0,0,0,0,0,0,0,0,1,1,0,5,5,0,0
13,13,12,14,13,14,0,0,0,0,0,0,0,0,0,1,1,0,5,5,0,0
14,14,13,15,14,15,0,0,0,0,0,0,0,0,0,1,1,0,5,5,0,0
15,15,14,16,15,16,0,0,0,0,0,0,0,0,0,1,1,0,5,5,0,0
16,16,15,17,16,17,0,0,0,0,0,0,0,0,0,1,1,0,5,5,0,0
17,17,16,18,17,18,0,0,0,0,0,0,0,0,0,1,1,0,5,5,0,0
18,18,17,19,18,19,0,0,0,0,0,0,0,0,0,1,1,0,5,5,0,0
19,19,18,20,19,20,0,0,0,0,0,0,0,0,0,1,1,0,5,5,0,0
20,20,19,21,20,21,0,0,0,0,0,0,0,0,0,1,1,0,5,5,0,0
21,21,20,22,21,22,0,0,0,0,0,0,0,0,0,1,1,0,5,5,0,0
22,22,21,23,22,23,0,0,0,0,0,0,0,0,0,1,1,0,5,5,0,0
23,23,22,24,23,24,0,0,0,0,0,0,0,0,0,1,1,0,5,5,0,0
24,24,23,25,24,25,0,0,0,0,0,0,0,0,0,1,1,0,5,5,0,0
25,25,24,26,25,26,0,0,0,0,0,0,0,0,0,1,1,0,5,5,0,0
26,26,25,27,26,27,0,0,0,0,0,0,0,0,0,1,1,0,5,5,0,0
27,27,26,28,27,28,0,0,0,0,0,0,0,0,0,1,1,0,5,5,0,0
28,28,27,29,28,29,0,0,0,0,0,0,0,0,0,1,1,0,5,5,0,0
29,29,28,30,29,30,0,0,0,0,0,0,0,0,0,1,1,0,5,5,0,0
30,30,29,31,30,31,0,0,0,0,0,0,0,0,0,1,1,0,5,5,0,0
31,31,30,32,31,32,0,0,0,0,0,0,0,0,0,1,1,0,5,5,0,0
32,32,31,33,32,33,0,0,0,0,0,0,0,0,0,1,1,0,5,5,0,0
33,33,32,34,33,34,0,0,0,0,0,0,0,0,0,1,1,0,5,5,0,0
34,34,33,35,34,35,0,0,0,0,0,0,0,0,0,1,1,0,5,5,0,0
35,35,34,36,35,36,0,0,0,0,0,0,0,0,0,1,1,0,5,5,0,0
36,36,35,37,36,37,0,0,0,0,0,0,0,0,0,1,1,0,5,5,0,0
37,37,36,38,37,38,0,0,0,0,0,0,0,0,0,1,1,0,5,5,0,0
38,38,37,39,38,39,0,0,0,0,0,0,0,0,0,1,1,0,5,5,0,0
39,39,38,40,39,40,0,0,0,0,0,0,0,0,0,1,1,0,5,5,0,0
40,40,39,41,40,41,0,0,0,0,0,0,0,0,0,1,1,0,5,5,0,0
41,41,40,42,41,42,0,0,0,0,0,0,0,0,0,1,1,0,5,5,0,0
42,42,41,43,42,43,0,0,0,0,0,0,0,0,0,1,1,0,5,5,0,0
43,43,42,44,43,44,0,0,0,0,0,0,0,0,0,1,1,0,5,5,0,0
44,44,43,45,44,45,0,0,0,0,0,0,0,0,0,1,1,0,5,5,0,0
45,45,44,46,45,46,0,0,0,0,0,0,0,0,0,1,1,0,5,5,0,0
46,46,45,47,46,47,0,0,0,0,0,0,0,0,0,1,1,0,5,5,0,0
47,47,46,48,47,48,0,0,0,0,0,0,0,0,0,1,1,0,5,5,0,0
48,48,47,49,48,49,0,0,0,0,0,0,0,0,0,1,1,0,5,5,0,0
49,49,48,50,49,50,0,0,0,0,0,0,0,0,0,1,1,0,5,5,0,0
50,50,49,51,50,51,0,0,0,0,0,0,0,0,0,1,1,0,5,5,0,0
51,51,50,52,51,52,0,0,0,0,0,0,0,0,0,1,1,0,5,5,0,0
52,52,51,53,52,53,0,0,0,0,0,0,0,0,0,1,1,0,5,5,0,0
53,53,52,54,53,54,0,0,0,0,0,0,0,0,0,1,1,0,5,5,0,0
54,54,53,55,54,55,0,0,0,0,0,0,0,0,0,1,1,0,5,5,0,0
55,55,54,56,55,56,0,0,0,0,0,0,0,0,0,1,1,0,5,5,0,0
56,56,55,57,56,57,0,0,0,0,0,0,0,0,0,1,1,0,5,5,0,0
57,57,56,58,57,58,0,0,0,0,0,0,0,0,0,1,1,0,5,5,0,0
58,58,57,59,58,59,0,0,0,0,0,0,0,0,0,1,1,0,5,5,0,0
59,59,58,60,59,60,0,0,0,0,0,0,0,0,0,1,1,0,5,5,0,0
60,60,59,61,60,61,0,0,0,0,0,0,0,0,0,1,1,0,5,5,0,0
61,61,60,62,61,62,0,0,0,0,0,0,0,0,0,1,1,0,5,5,0,0
62,62,61,63,62,63,0,0,0,0,0,0,0,0,0,1,1,0,5,5,0,0
63,63,62,64,63,64,0,0,0,0,0,0,0,0,0,1,1,0,5,5,0,0
64,64,63,65,64,65,0,0,0,0,0,0,0,0,0,1,1,0,5,5,0,0
65,65,64,66,65,66,0,0,0,0,0,0,0,0,0,1,1,0,5,5,0,0
66,66,65,67,66,67,0,0,0,0,0,0,0,0,0,1,1,0,5,5,0,0
67,67,66,68,68,69,2,0,0,0,0,0,0,0,0,1,1,0,5,5,0,0
68,68,67,69,70,71,0,0,0,0,0,0,0,0,0,1,1,0,5,5,0,0
69,69,68,70,71,72,0,0,0,0,0,0,0,0,0,1,1,0,5,5,0,0
70,70,69,71,72,73,0,0,0,0,0,0,0,0,0,1,1,0,5,5,0,0
71,71,70,72,73,74,0,0,0,0,0,0,0,0,0,1,1,0,5,5,0,0
72,72,71,73,74,75,0,0,0,0,0,0,0,0,0,1,1,0,5,5,0,0
73,73,72,74,75,76,0,0,0,0,0,0,0,0,0,1,1,0,5,5,0,0
74,74,73,75,76,77,0,0,0,0,0,0,0,0,0,1,1,0,5,5,0,0
75,75,74,76,77,78,0,0,0,0,0,0,0,0,0,1,1,0,5,5,0,0
76,76,75,77,78,79,0,0,0,0,0,0,0,0,0,1,1,0,5,5,0,0
77,77,76,78,79,80,0,0,0,0,0,0,0,0,0,1,1,0,5,5,0,0
78,78,77,79,80,81,0,0,0,0,0,0,0,0,0,1,1,0,5,5,0,0
79,79,78,80,81,82,0,0,0,0,0,0,0,0,0,1,1,0,5,5,0,0
80,80,79,81,82,83,0,0,0,0,0,0,0,0,0,1,1,0,5,5,0,0
81,81,80,82,83,84,0,0,0,0,0,0,0,0,0,1,1,0,5,5,0,0
82,82,81,83,84,85,0,0,0,0,0,0,0,0,0,1,1,0,5,5,0,0
83,83,82,84,85,86,0,0,0,0,0,0,0,0,0,1,1,0,5,5,0,0
84,84,83,85,86,87,0,0,0,0,0,0,0,0,0,1,1,0,5,5,0,0
85,85,84,86,87,88,0,0,0,0,0,0,0,0,0,1,1,0,5,5,0,0
86,86,85,87,88,89,0,0,0,0,0,0,0,0,0,1,1,0,5,5,0,0
87,87,86,88,89,90,0,0,0,0,0,0,0,0,0,1,1,0,5,5,0,0
88,88,87,89,90,91,0,0,0,0,0,0,0,0,0,1,1,0,5,5,0,0
89,89,88,90,91,92,0,0,0,0,0,0,0,0,0,1,1,0,5,5,0,0
90,90,89,91,92,93,0,0,0,0,0,0,0,0,0,1,1,0,5,5,0,0
91,91,90,92,93,94,0,0,0,0,0,0,0,0,0,1,1,0,5,5,0,0
92,92,91,93,94,95,0,0,0,0,0,0,0,0,0,1,1,0,5,5,0,0
93,93,92,94,95,96,0,0,0,0,0,0,0,0,0,1,1,0,5,5,0,0
94,94,93,95,96,97,0,0,0,0,0,0,0,0,0,1,1,0,5,5,0,0
95,95,94,96,97,98,0,0,0,0,0,0,0,0,0,1,1,0,5,5,0,0
96,96,95,97,98,99,0,0,0,0,0,0,0,0,0,1,1,0,5,5,0,0
97,97,96,98,99,100,0,0,0,0,0,0,0,0,0,1,1,0,5,5,0,0
98,98,97,99,100,101,0,0,0,0,0,0,0,0,0,1,1,0,5,5,0,0
99,99,98,100,101,102,0,0,0,0,0,0,0,0,0,1,1,0,5,5,0,0
100,100,99,101,102,103,0,0,0,0,0,0,0,0,0,1,1,0,5,5,0,0
101,101,100,102,103,104,0,0,0,0,0,0,0,0,0,1,1,0,5,5,0,0
102,102,101,103,104,105,0,0,0,0,0,0,0,0,0,1,1,0,5,5,0,0
103,103,102,104,105,106,0,0,0,0,0,0,0,0,0,1,1,0,5,5,0,0
104,104,103,105,106,107,0,0,0,0,0,0,0,0,0,1,1,0,5,5,0,0
105,105,104,106,107,108,0,0,0,0,0,0,0,0,0,1,1,0,5,5,0,0
106,106,105,107,108,109,0,0,0,0,0,0,0,0,0,1,1,0,5,5,0,0
107,107,106,108,109,110,0,0,0,0,0,0,0,0,0,1,1,0,5,5,0,0
108,108,107,109,110,111,0,0,0,0,0,0,0,0,0,1,1,0,5,5,0,0
109,109,108,110,111,112,0,0,0,0,0,0,0,0,0,1,1,0,5,5,0,0
110,110,109,111,112,113,0,0,0,0,0,0,0,0,0,1,1,0,5,5,0,0
111,111,110,112,113,114,0,0,0,0,0,0,0,0,0,1,1,0,5,5,0,0
112,112,111,113,114,115,0,0,0,0,0,0,0,0,0,1,1,0,5,5,0,0
113,113,112,114,115,116,0,0,0,0,0,0,0,0,0,1,1,0,5,5,0,0
114,114,113,115,116,117,0,0,0,0,0,0,0,0,0,1,1,0,5,5,0,0
115,115,114,116,117,118,0,0,0,0,0,0,0,0,0,1,1,0,5,5,0,0
116,116,115,117,118,119,0,0,0,0,0,0,0,0,0,1,1,0,5,5,0,0
117,117,116,118,119,120,0,0,0,0,0,0,0,0,0,1,1,0,5,5,0,0
118,118,117,119,120,121,0,0,0,0,0,0,0,0,0,1,1,0,5,5,0,0
119,119,118,120,121,122,0,0,0,0,0,0,0,0,0,1,1,0,5,5,0,0
120,120,119,121,122,123,0,0,0,0,0,0,0,0,0,1,1,0,5,5,0,0
121,121,120,122,123,124,0,0,0,0,0,0,0,0,0,1,1,0,5,5,0,0
122,122,121,123,124,125,0,0,0,0,0,0,0,0,0,1,1,0,5,5,0,0
123,123,122,124,125,126,0,0,0,0,0,0,0,0,0,1,1,0,5,5,0,0
124,124,123,125,126,127,0,0,0,0,0,0,0,0,0,1,1,0,5,5,0,0
125,125,124,126,127,128,0,0,0,0,0,0,0,0,0,1,1,0,5,5,0,0
126,126,125,127,128,129,0,0,0,0,0,0,0,0,0,1,1,0,5,5,0,0
127,127,126,128,129,130,0,0,0,0,0,0,0,0,0,1,1,0,5,5,0,0
128,128,127,129,130,131,0,0,0,0,0,0,0,0,0,1,1,0,5,5,0,0
129,129,128,130,131,132,0,0,0,0,0,0,0,0,0,1,1,0,5,5,0,0
130,130,129,131,132,133,0,0,0,0,0,0,0,0,0,1,1,0,5,5,0,0
131,131,130,132,133,134,0,0,0,0,0,0,0,0,0,1,1,0,5,5,0,0
132,132,131,133,134,135,0,0,0,0,0,0,0,0,0,1,1,0,5,5,0,0
133,133,132,134,135,136,0,0,0,0,0,0,0,0,0,1,1,0,5,5,0,0
134,134,133,135,136,137,0,0,0,0,0,0,0,0,0,1,1,0,5,5,0,0
135,135,134,136,137,138,0,0,0,0,0,0,0,0,0,1,1,0,5,5,0,0
136,136,135,0,138,139,0,0,0,0,0,0,0,0,0,1,1,0,5,5,0,0
137,137,0,138,140,141,0,0,0,0,0,0,0,0,0,1,1,0,5,5,0,0
138,138,137,139,141,142,0,0,0,0,0,0,0,0,0,1,1,0,5,5,0,0
139,139,138,140,142,143,0,0,0,0,0,0,0,0,0,1,1,0,5,5,0,0
140,140,139,141,143,144,0,0,0,0,0,0,0,0,0,1,1,0,5,5,0,0
141,141,140,142,144,145,0,0,0,0,0,0,0,0,0,1,1,0,5,5,0,0
142,142,141,143,145,146,0,0,0,0,0,0,0,0,0,1,1,0,5,5,0,0
143,143,142,144,146,147,0,0,0,0,0,0,0,0,0,1,1,0,5,5,0,0
144,144,143,145,147,148,0,0,0,0,0,0,0,0,0,1,1,0,5,5,0,0
145,145,144,146,148,149,0,0,0,0,0,0,0,0,0,1,1,0,5,5,0,0
146,146,145,147,149,150,0,0,0,0,0,0,0,0,0,1,1,0,5,5,0,0
147,147,146,148,150,151,0,0,0,0,0,0,0,0,0,1,1,0,5,5,0,0
148,148,147,149,151,152,0,0,0,0,0,0,0,0,0,1,1,0,5,5,0,0
149,149,148,150,152,153,0,0,0,0,0,0,0,0,0,1,1,0,5,5,0,0
150,150,149,151,153,154,0,0,0,0,0,0,0,0,0,1,1,0,5,5,0,0
151,151,150,152,154,155,0,0,0,0,0,0,0,0,0,1,1,0,5,5,0,0
152,152,151,153,155,156,0,0,0,0,0,0,0,0,0,1,1,0,5,5,0,0
153,153,152,154,156,157,0,0,0,0,0,0,0,0,0,1,1,0,5,5,0,0
154,154,153,155,157,158,0,0,0,0,0,0,0,0,0,1,1,0,5,5,0,0
155,155,154,156,158,159,0,0,0,0,0,0,0,0,0,1,1,0,5,5,0,0
156,156,155,157,159,160,0,0,0,0,0,0,0,0,0,1,1,0,5,5,0,0
157,157,156,158,160,161,0,0,0,0,0,0,0,0,0,1,1,0,5,5,0,0
158,158,157,159,161,162,0,0,0,0,0,0,0,0,0,1,1,0,5,5,0,0
159,159,158,160,162,163,0,0,0,0,0,0,0,0,0,1,1,0,5,5,0,0
160,160,159,161,163,164,0,0,0,0,0,0,0,0,0,1,1,0,5,5,0,0
161,161,160,162,164,165,0,0,0,0,0,0,0,0,0,1,1,0,5,5,0,0
162,162,161,163,165,166,0,0,0,0,0,0,0,0,0,1,1,0,5,5,0,0
163,163,162,164,166,167,0,0,0,0,0,0,0,0,0,1,1,0,5,5,0,0
164,164,163,165,167,168,0,0,0,0,0,0,0,0,0,1,1,0,5,5,0,0
165,165,164,166,168,169,0,0,0,0,0,0,0,0,0,1,1,0,5,5,0,0
166,166,165,167,169,170,0,0,0,0,0,0,0,0,0,1,1,0,5,5,0,0
167,167,166,168,170,171,0,0,0,0,0,0,0,0,0,1,1,0,5,5,0,0
168,168,167,169,171,172,0,0,0,0,0,0,0,0,0,1,1,0,5,5,0,0
169,169,168,170,172,173,0,0,0,0,0,0,0,0,0,1,1,0,5,5,0,0
170,170,169,171,173,174,0,0,0,0,0,0,0,0,0,1,1,0,5,5,0,0
171,171,170,172,174,175,0,0,0,0,0,0,0,0,0,1,1,0,5,5,0,0
172,172,171,173,175,176,0,0,0,0,0,0,0,0,0,1,1,0,5,5,0,0
173,173,172,174,176,177,0,0,0,0,0,0,0,0,0,1,1,0,5,5,0,0
174,174,173,175,177,178,0,0,0,0,0,0,0,0,0,1,1,0,5,5,0,0
175,175,174,176,178,179,0,0,0,0,0,0,0,0,0,1,1,0,5,5,0,0
176,176,175,177,179,180,0,0,0,0,0,0,0,0,0,1,1,0,5,5,0,0
177,177,176,178,180,181,0,0,0,0,0,0,0,0,0,1,1,0,5,5,0,0
178,178,177,179,181,182,0,0,0,0,0,0,0,0,0,1,1,0,5,5,0,0
179,179,178,180,182,183,0,0,0,0,0,0,0,0,0,1,1,0,5,5,0,0
180,180,179,181,183,184,0,0,0,0,0,0,0,0,0,1,1,0,5,5,0,0
181,181,180,182,184,185,0,0,0,0,0,0,0,0,0,1,1,0,5,5,0,0
182,182,181,183,185,186,0,0,0,0,0,0,0,0,0,1,1,0,5,5,0,0
183,183,182,184,186,187,0,0,0,0,0,0,0,0,0,1,1,0,5,5,0,0
184,184,183,185,187,188,0,0,0,0,0,0,0,0,0,1,1,0,5,5,0,0
185,185,184,186,188,189,0,0,0,0,0,0,0,0,0,1,1,0,5,5,0,0
186,186,185,187,189,190,0,0,0,0,0,0,0,0,0,1,1,0,5,5,0,0
187,187,186,188,190,191,0,0,0,0,0,0,0,0,0,1,1,0,5,5,0,0
188,188,187,189,191,192,0,0,0,0,0,0,0,0,0,1,1,0,5,5,0,0
189,189,188,0,192,193,0,0,0,0,0,0,0,0,0,1,1,0,5,5,0,0
190,190,0,191,194,195,2,0,0,0,0,0,0,0,0,1,1,0,5,5,0,0
191,191,190,192,196,197,0,0,0,0,0,0,0,0,0,1,1,0,5,5,0,0
192,192,191,193,197,198,0,0,0,0,0,0,0,0,0,1,1,0,5,5,0,0
193,193,192,194,198,199,0,0,0,0,0,0,0,0,0,1,1,0,5,5,0,0
194,194,193,195,199,200,0,0,0,0,0,0,0,0,0,1,1,0,5,5,0,0
195,195,194,196,200,201,0,0,0,0,0,0,0,0,0,1,1,0,5,5,0,0
196,196,195,197,201,202,0,0,0,0,0,0,0,0,0,1,1,0,5,5,0,0
197,197,196,198,202,203,0,0,0,0,0,0,0,0,0,1,1,0,5,5,0,0
198,198,197,199,204,205,4,0,0,0,0,0,0,0,0,1,1,0,5,5,0,0
199,199,198,200,206,207,0,0,0,0,0,0,0,0,0,1,1,0,5,5,0,0
200,200,199,201,207,208,0,0,0,0,0,0,0,0,0,1,1,0,5,5,0,0
201,201,200,202,208,209,0,0,0,0,0,0,0,0,0,1,1,0,5,5,0,0
202,202,201,203,209,210,0,0,0,0,0,0,0,0,0,1,1,0,5,5,0,0
203,203,202,204,210,211,0,0,0,0,0,0,0,0,0,1,1,0,5,5,0,0
204,204,203,205,211,212,0,0,0,0,0,0,0,0,0,1,1,0,5,5,0,0
205,205,204,0,212,213,0,0,0,0,0,0,0,0,0,1,1,0,5,5,0,0
206,206,0,207,214,215,1,0,0,0,0,0,0,0,0,1,1,0,5,5,0,0
207,207,206,208,216,217,0,0,0,0,0,0,0,0,0,1,1,0,5,5,0,0
208,208,207,209,217,218,0,0,0,0,0,0,0,0,0,1,1,0,5,5,0,0
209,209,208,210,218,219,0,0,0,0,0,0,0,0,0,1,1,0,5,5,0,0
210,210,209,211,219,220,0,0,0,0,0,0,0,0,0,1,1,0,5,5,0,0
211,211,210,212,220,221,0,0,0,0,0,0,0,0,0,1,1,0,5,5,0,0
212,212,211,213,221,222,0,0,0,0,0,0,0,0,0,1,1,0,5,5,0,0
213,213,212,214,222,223,0,0,0,0,0,0,0,0,0,1,1,0,5,5,0,0
214,214,213,215,223,224,0,0,0,0,0,0,0,0,0,1,1,0,5,5,0,0
215,215,214,216,224,225,0,0,0,0,0,0,0,0,0,1,1,0,5,5,0,0
216,216,215,217,226,227,3,0,0,0,0,0,0,0,0,1,1,0,5,5,0,0
217,217,216,218,228,229,0,0,0,0,0,0,0,0,0,1,1,0,5,5,0,0
218,218,217,219,229,230,0,0,0,0,0,0,0,0,0,1,1,0,5,5,0,0
219,219,218,220,230,231,0,0,0,0,0,0,0,0,0,1,1,0,5,5,0,0
220,220,219,221,231,232,0,0,0,0,0,0,0,0,0,1,1,0,5,5,0,0
221,221,220,222,232,233,0,0,0,0,0,0,0,0,0,1,1,0,5,5,0,0
222,222,221,223,233,234,0,0,0,0,0,0,0,0,0,1,1,0,5,5,0,0
223,223,222,224,234,235,0,0,0,0,0,0,0,0,0,1,1,0,5,5,0,0
224,224,223,225,235,236,0,0,0,0,0,0,0,0,0,1,1,0,5,5,0,0
225,225,224,226,236,237,0,0,0,0,0,0,0,0,0,1,1,0,5,5,0,0
226,226,225,227,237,238,0,0,0,0,0,0,0,0,0,1,1,0,5,5,0,0
227,227,226,228,238,239,0,0,0,0,0,0,0,0,0,1,1,0,5,5,0,0
228,228,227,229,239,240,0,0,0,0,0,0,0,0,0,1,1,0,5,5,0,0
229,229,228,230,240,241,0,0,0,0,0,0,0,0,0,1,1,0,5,5,0,0
230,230,229,231,241,242,0,0,0,0,0,0,0,0,0,1,1,0,5,5,0,0
231,231,230,232,242,243,0,0,0,0,0,0,0,0,0,1,1,0,5,5,0,0
232,232,231,233,243,244,0,0,0,0,0,0,0,0,0,1,1,0,5,5,0,0
233,233,232,234,244,245,0,0,0,0,0,0,0,0,0,1,1,0,5,5,0,0
234,234,233,235,245,246,0,0,0,0,0,0,0,0,0,1,1,0,5,5,0,0
235,235,234,236,246,247,0,0,0,0,0,0,0,0,0,1,1,0,5,5,0,0
236,236,235,237,247,248,0,0,0,0,0,0,0,0,0,1,1,0,5,5,0,0
237,237,236,238,248,249,0,0,0,0,0,0,0,0,0,1,1,0,5,5,0,0
238,238,237,239,249,250,0,0,0,0,0,0,0,0,0,1,1,0,5,5,0,0
239,239,238,240,250,251,0,0,0,0,0,0,0,0,0,1,1,0,5,5,0,0
240,240,239,241,251,252,0,0,0,0,0,0,0,0,0,1,1,0,5,5,0,0
241,241,240,242,252,253,0,0,0,0,0,0,0,0,0,1,1,0,5,5,0,0
242,242,241,243,253,254,0,0,0,0,0,0,0,0,0,1,1,0,5,5,0,0
243,243,242,244,254,255,0,0,0,0,0,0,0,0,0,1,1,0,5,5,0,0
244,244,243,245,255,256,0,0,0,0,0,0,0,0,0,1,1,0,5,5,0,0
245,245,244,246,256,257,0,0,0,0,0,0,0,0,0,1,1,0,5,5,0,0
246,246,245,247,257,258,0,0,0,0,0,0,0,0,0,1,1,0,5,5,0,0
247,247,246,248,258,259,0,0,0,0,0,0,0,0,0,1,1,0,5,5,0,0
248,248,247,249,259,260,0,0,0,0,0,0,0,0,0,1,1,0,5,5,0,0
249,249,248,250,260,261,0,0,0,0,0,0,0,0,0,1,1,0,5,5,0,0
250,250,249,251,261,262,0,0,0,0,0,0,0,0,0,1,1,0,5,5,0,0
251,251,250,252,262,263,0,0,0,0,0,0,0,0,0,1,1,0,5,5,0,0
252,252,251,253,263,264,0,0,0,0,0,0,0,0,0,1,1,0,5,5,0,0
253,253,252,254,264,265,0,0,0,0,0,0,0,0,0,1,1,0,5,5,0,0
254,254,253,255,265,266,0,0,0,0,0,0,0,0,0,1,1,0,5,5,0,0
255,255,254,256,266,267,0,0,0,0,0,0,0,0,0,1,1,0,5,5,0,0
256,256,255,257,267,268,0,0,0,0,0,0,0,0,0,1,1,0,5,5,0,0
257,257,256,258,268,269,0,0,0,0,0,0,0,0,0,1,1,0,5,5,0,0
258,258,257,259,269,270,0,0,0,0,0,0,0,0,0,1,1,0,5,5,0,0
259,259,258,260,270,271,0,0,0,0,0,0,0,0,0,1,1,0,5,5,0,0
260,260,259,261,271,272,0,0,0,0,0,0,0,0,0,1,1,0,5,5,0,0
261,261,260,262,272,273,0,0,0,0,0,0,0,0,0,1,1,0,5,5,0,0
262,262,261,263,273,274,0,0,0,0,0,0,0,0,0,1,1,0,5,5,0,0
263,263,262,264,274,275,0,0,0,0,0,0,0,0,0,1,1,0,5,5,0,0
264,264,263,265,275,276,0,0,0,0,0,0,0,0,0,1,1,0,5,5,0,0
265,265,264,266,276,277,0,0,0,0,0,0,0,0,0,1,1,0,5,5,0,0
266,266,265,267,277,278,0,0,0,0,0,0,0,0,0,1,1,0,5,5,0,0
267,267,266,268,278,279,0,0,0,0,0,0,0,0,0,1,1,0,5,5,0,0
268,268,267,269,279,280,0,0,0,0,0,0,0,0,0,1,1,0,5,5,0,0
269,269,268,270,280,281,0,0,0,0,0,0,0,0,0,1,1,0,5,5,0,0
270,270,269,271,281,282,0,0,0,0,0,0,0,0,0,1,1,0,5,5,0,0
271,271,270,272,282,283,0,0,0,0,0,0,0,0,0,1,1,0,5,5,0,0
272,272,271,273,283,284,0,0,0,0,0,0,0,0,0,1,1,0,5,5,0,0
273,273,272,274,284,285,0,0,0,0,0,0,0,0,0,1,1,0,5,5,0,0
274,274,273,275,285,286,0,0,0,0,0,0,0,0,0,1,1,0,5,5,0,0
275,275,274,276,286,287,0,0,0,0,0,0,0,0,0,1,1,0,5,5,0,0
276,276,275,277,287,288,0,0,0,0,0,0,0,0,0,1,1,0,5,5,0,0
277,277,276,278,288,289,0,0,0,0,0,0,0,0,0,1,1,0,5,5,0,0
278,278,277,279,289,290,0,0,0,0,0,0,0,0,0,1,1,0,5,5,0,0
279,279,278,280,290,291,0,0,0,0,0,0,0,0,0,1,1,0,5,5,0,0
280,280,279,281,291,292,0,0,0,0,0,0,0,0,0,1,1,0,5,5,0,0
281,281,280,282,292,293,0,0,0,0,0,0,0,0,0,1,1,0,5,5,0,0
282,282,281,0,293,294,0,0,0,0,0,0,0,0,0,1,1,0,5,5,0,0
283,283,0,284,295,296,0,0,0,0,0,0,0,0,0,1,1,0,5,5,0,0
284,284,283,285,296,297,0,0,0,0,0,0,0,0,0,1,1,0,5,5,0,0
285,285,284,286,297,298,0,0,0,0,0,0,0,0,0,1,1,0,5,5,0,0
286,286,285,287,298,299,0,0,0,0,0,0,0,0,0,1,1,0,5,5,0,0
287,287,286,288,299,300,0,0,0,0,0,0,0,0,0,1,1,0,5,5,0,0
288,288,287,289,300,301,0,0,0,0,0,0,0,0,0,1,1,0,5,5,0,0
289,289,288,290,301,302,0,0,0,0,0,0,0,0,0,1,1,0,5,5,0,0
290,290,289,291,302,303,0,0,0,0,0,0,0,0,0,1,1,0,5,5,0,0
291,291,290,292,303,304,0,0,0,0,0,0,0,0,0,1,1,0,5,5,0,0
292,292,291,293,304,305,0,0,0,0,0,0,0,0,0,1,1,0,5,5,0,0
293,293,292,294,305,306,0,0,0,0,0,0,0,0,0,1,1,0,5,5,0,0
294,294,293,295,306,307,0,0,0,0,0,0,0,0,0,1,1,0,5,5,0,0
295,295,294,296,307,308,0,0,0,0,0,0,0,0,0,1,1,0,5,5,0,0
296,296,295,297,308,309,0,0,0,0,0,0,0,0,0,1,1,0,5,5,0,0
297,297,296,298,309,310,0,0,0,0,0,0,0,0,0,1,1,0,5,5,0,0
298,298,297,299,310,311,0,0,0,0,0,0,0,0,0,1,1,0,5,5,0,0
299,299,298,300,311,312,0,0,0,0,0,0,0,0,0,1,1,0,5,5,0,0
300,300,299,301,312,313,0,0,0,0,0,0,0,0,0,1,1,0,5,5,0,0
301,301,300,302,313,314,0,0,0,0,0,0,0,0,0,1,1,0,5,5,0,0
302,302,301,303,314,315,0,0,0,0,0,0,0,0,0,1,1,0,5,5,0,0
303,303,302,304,315,316,0,0,0,0,0,0,0,0,0,1,1,0,5,5,0,0
304,304,303,305,316,317,0,0,0,0,0,0,0,0,0,1,1,0,5,5,0,0
305,305,304,306,317,318,0,0,0,0,0,0,0,0,0,1,1,0,5,5,0,0
306,306,305,307,318,319,0,0,0,0,0,0,0,0,0,1,1,0,5,5,0,0
307,307,306,308,319,320,0,0,0,0,0,0,0,0,0,1,1,0,5,5,0,0
308,308,307,309,320,321,0,0,0,0,0,0,0,0,0,1,1,0,5,5,0,0
309,309,308,310,321,322,0,0,0,0,0,0,0,0,0,1,1,0,5,5,0,0
310,310,309,311,322,323,0,0,0,0,0,0,0,0,0,1,1,0,5,5,0,0
311,311,310,312,323,324,0,0,0,0,0,0,0,0,0,1,1,0,5,5,0,0
312,312,311,313,324,325,0,0,0,0,0,0,0,0,0,1,1,0,5,5,0,0
313,313,312,314,325,326,0,0,0,0,0,0,0,0,0,1,1,0,5,5,0,0
314,314,313,315,326,327,0,0,0,0,0,0,0,0,0,1,1,0,5,5,0,0
315,315,314,316,327,328,0,0,0,0,0,0,0,0,0,1,1,0,5,5,0,0
316,316,315,317,328,329,0,0,0,0,0,0,0,0,0,1,1,0,5,5,0,0
317,317,316,318,329,330,0,0,0,0,0,0,0,0,0,1,1,0,5,5,0,0
318,318,317,319,330,331,0,0,0,0,0,0,0,0,0,1,1,0,5,5,0,0
319,319,318,320,331,332,0,0,0,0,0,0,0,0,0,1,1,0,5,5,0,0
320,320,319,321,332,333,0,0,0,0,0,0,0,0,0,1,1,0,5,5,0,0
321,321,320,322,333,334,0,0,0,0,0,0,0,0,0,1,1,0,5,5,0,0
322,322,321,323,334,335,0,0,0,0,0,0,0,0,0,1,1,0,5,5,0,0
323,323,322,324,335,336,0,0,0,0,0,0,0,0,0,1,1,0,5,5,0,0
324,324,323,325,336,337,0,0,0,0,0,0,0,0,0,1,1,0,5,5,0,0
325,325,324,326,337,338,0,0,0,0,0,0,0,0,0,1,1,0,5,5,0,0
326,326,325,327,338,339,0,0,0,0,0,0,0,0,0,1,1,0,5,5,0,0
327,327,326,328,339,340,0,0,0,0,0,0,0,0,0,1,1,0,5,5,0,0
328,328,327,329,340,341,0,0,0,0,0,0,0,0,0,1,1,0,5,5,0,0
329,329,328,330,341,342,0,0,0,0,0,0,0,0,0,1,1,0,5,5,0,0
330,330,329,331,342,343,0,0,0,0,0,0,0,0,0,1,1,0,5,5,0,0
331,331,330,332,343,344,0,0,0,0,0,0,0,0,0,1,1,0,5,5,0,0
332,332,331,333,344,345,0,0,0,0,0,0,0,0,0,1,1,0,5,5,0,0
333,333,332,334,345,346,0,0,0,0,0,0,0,0,0,1,1,0,5,5,0,0
334,334,333,335,346,347,0,0,0,0,0,0,0,0,0,1,1,0,5,5,0,0
335,335,334,336,347,348,0,0,0,0,0,0,0,0,0,1,1,0,5,5,0,0
336,336,335,337,348,349,0,0,0,0,0,0,0,0,0,1,1,0,5,5,0,0
337,337,336,338,349,350,0,0,0,0,0,0,0,0,0,1,1,0,5,5,0,0
338,338,337,339,350,351,0,0,0,0,0,0,0,0,0,1,1,0,5,5,0,0
339,339,338,340,351,352,0,0,0,0,0,0,0,0,0,1,1,0,5,5,0,0
340,340,339,341,352,353,0,0,0,0,0,0,0,0,0,1,1,0,5,5,0,0
341,341,340,342,353,354,0,0,0,0,0,0,0,0,0,1,1,0,5,5,0,0
342,342,341,343,354,355,0,0,0,0,0,0,0,0,0,1,1,0,5,5,0,0
343,343,342,344,355,356,0,0,0,0,0,0,0,0,0,1,1,0,5,5,0,0
344,344,343,345,356,357,0,0,0,0,0,0,0,0,0,1,1,0,5,5,0,0
345,345,344,346,357,358,0,0,0,0,0,0,0,0,0,1,1,0,5,5,0,0
346,346,345,347,358,359,0,0,0,0,0,0,0,0,0,1,1,0,5,5,0,0
347,347,346,348,359,360,0,0,0,0,0,0,0,0,0,1,1,0,5,5,0,0
348,348,347,349,360,361,0,0,0,0,0,0,0,0,0,1,1,0,5,5,0,0
349,349,348,350,361,362,0,0,0,0,0,0,0,0,0,1,1,0,5,5,0,0
350,350,349,351,362,363,0,0,0,0,0,0,0,0,0,1,1,0,5,5,0,0
351,351,350,352,363,364,0,0,0,0,0,0,0,0,0,1,1,0,5,5,0,0
352,352,351,353,364,365,0,0,0,0,0,0,0,0,0,1,1,0,5,5,0,0
353,353,352,354,365,366,0,0,0,0,0,0,0,0,0,1,1,0,5,5,0,0
354,354,353,355,366,367,0,0,0,0,0,0,0,0,0,1,1,0,5,5,0,0
355,355,354,356,367,368,0,0,0,0,0,0,0,0,0,1,1,0,5,5,0,0
356,356,355,357,368,369,0,0,0,0,0,0,0,0,0,1,1,0,5,5,0,0
357,357,356,358,369,370,0,0,0,0,0,0,0,0,0,1,1,0,5,5,0,0
358,358,357,359,370,371,0,0,0,0,0,0,0,0,0,1,1,0,5,5,0,0
359,359,358,360,371,372,0,0,0,0,0,0,0,0,0,1,1,0,5,5,0,0
360,360,359,361,372,373,0,0,0,0,0,0,0,0,0,1,1,0,5,5,0,0
361,361,360,362,373,374,0,0,0,0,0,0,0,0,0,1,1,0,5,5,0,0
362,362,361,363,374,375,0,0,0,0,0,0,0,0,0,1,1,0,5,5,0,0
363,363,362,364,375,376,0,0,0,0,0,0,0,0,0,1,1,0,5,5,0,0
364,364,363,365,376,377,0,0,0,0,0,0,0,0,0,1,1,0,5,5,0,0
365,365,364,366,377,378,0,0,0,0,0,0,0,0,0,1,1,0,5,5,0,0
366,366,365,367,378,379,0,0,0,0,0,0,0,0,0,1,1,0,5,5,0,0
367,367,366,368,379,380,0,0,0,0,0,0,0,0,0,1,1,0,5,5,0,0
368,368,367,369,380,381,0,0,0,0,0,0,0,0,0,1,1,0,5,5,0,0
369,369,368,370,381,382,0,0,0,0,0,0,0,0,0,1,1,0,5,5,0,0
370,370,369,371,382,383,0,0,0,0,0,0,0,0,0,1,1,0,5,5,0,0
371,371,370,372,383,384,0,0,0,0,0,0,0,0,0,1,1,0,5,5,0,0
372,372,371,373,384,385,0,0,0,0,0,0,0,0,0,1,1,0,5,5,0,0
373,373,372,374,385,386,0,0,0,0,0,0,0,0,0,1,1,0,5,5,0,0
374,374,373,375,386,387,0,0,0,0,0,0,0,0,0,1,1,0,5,5,0,0
375,375,374,376,387,388,0,0,0,0,0,0,0,0,0,1,1,0,5,5,0,0
376,376,375,377,388,389,0,0,0,0,0,0,0,0,0,1,1,0,5,5,0,0
377,377,376,378,389,390,0,0,0,0,0,0,0,0,0,1,1,0,5,5,0,0
378,378,377,379,390,391,0,0,0,0,0,0,0,0,0,1,1,0,5,5,0,0
379,379,378,380,391,392,0,0,0,0,0,0,0,0,0,1,1,0,5,5,0,0
380,380,379,381,392,393,0,0,0,0,0,0,0,0,0,1,1,0,5,5,0,0
381,381,380,382,393,394,0,0,0,0,0,0,0,0,0,1,1,0,5,5,0,0
382,382,381,383,394,395,0,0,0,0,0,0,0,0,0,1,1,0,5,5,0,0
383,383,382,384,395,396,0,0,0,0,0,0,0,0,0,1,1,0,5,5,0,0
384,384,383,385,396,397,0,0,0,0,0,0,0,0,0,1,1,0,5,5,0,0
385,385,384,386,397,398,0,0,0,0,0,0,0,0,0,1,1,0,5,5,0,0
386,386,385,387,398,399,0,0,0,0,0,0,0,0,0,1,1,0,5,5,0,0
387,387,386,388,399,400,0,0,0,0,0,0,0,0,0,1,1,0,5,5,0,0
388,388,387,389,400,401,0,0,0,0,0,0,0,0,0,1,1,0,5,5,0,0
389,389,388,390,401,402,0,0,0,0,0,0,0,0,0,1,1,0,5,5,0,0
390,390,389,391,402,403,0,0,0,0,0,0,0,0,0,1,1,0,5,5,0,0
391,391,390,392,403,404,0,0,0,0,0,0,0,0,0,1,1,0,5,5,0,0
392,392,391,393,404,405,0,0,0,0,0,0,0,0,0,1,1,0,5,5,0,0
393,393,392,394,405,406,0,0,0,0,0,0,0,0,0,1,1,0,5,5,0,0
394,394,393,395,406,407,0,0,0,0,0,0,0,0,0,1,1,0,5,5,0,0
395,395,394,396,407,408,0,0,0,0,0,0,0,0,0,1,1,0,5,5,0,0
396,396,395,397,408,409,0,0,0,0,0,0,0,0,0,1,1,0,5,5,0,0
397,397,396,398,409,410,0,0,0,0,0,0,0,0,0,1,1,0,5,5,0,0
398,398,397,399,410,411,0,0,0,0,0,0,0,0,0,1,1,0,5,5,0,0
399,399,398,400,411,412,0,0,0,0,0,0,0,0,0,1,1,0,5,5,0,0
400,400,399,401,412,413,0,0,0,0,0,0,0,0,0,1,1,0,5,5,0,0
401,401,400,402,413,414,0,0,0,0,0,0,0,0,0,1,1,0,5,5,0,0
402,402,0,403,415,416,1,0,0,0,0,0,0,0,0,1,1,0,5,5,0,0
403,403,402,404,417,418,0,0,0,0,0,0,0,0,0,1,1,0,5,5,0,0
404,404,403,405,418,419,0,0,0,0,0,0,0,0,0,1,1,0,5,5,0,0
405,405,404,406,419,420,0,0,0,0,0,0,0,0,0,1,1,0,5,5,0,0
406,406,405,407,420,421,0,0,0,0,0,0,0,0,0,1,1,0,5,5,0,0
407,407,406,408,421,422,0,0,0,0,0,0,0,0,0,1,1,0,5,5,0,0
408,408,407,409,422,423,0,0,0,0,0,0,0,0,0,1,1,0,5,5,0,0
409,409,408,410,423,424,0,0,0,0,0,0,0,0,0,1,1,0,5,5,0,0
410,410,409,411,425,426,2,0,0,0,0,0,0,0,0,1,1,0,5,5,0,0
411,411,410,412,427,428,0,0,0,0,0,0,0,0,0,1,1,0,5,5,0,0
412,412,411,413,428,429,0,0,0,0,0,0,0,0,0,1,1,0,5,5,0,0
413,413,412,414,429,430,0,0,0,0,0,0,0,0,0,1,1,0,5,5,0,0
414,414,413,415,430,431,0,0,0,0,0,0,0,0,0,1,1,0,5,5,0,0
415,415,414,416,431,432,0,0,0,0,0,0,0,0,0,1,1,0,5,5,0,0
416,416,415,417,432,433,0,0,0,0,0,0,0,0,0,1,1,0,5,5,0,0
417,417,416,418,433,434,0,0,0,0,0,0,0,0,0,1,1,0,5,5,0,0
418,418,417,419,434,435,0,0,0,0,0,0,0,0,0,1,1,0,5,5,0,0
419,419,418,420,435,436,0,0,0,0,0,0,0,0,0,1,1,0,5,5,0,0
420,420,419,421,436,437,0,0,0,0,0,0,0,0,0,1,1,0,5,5,0,0
421,421,420,422,437,438,0,0,0,0,0,0,0,0,0,1,1,0,5,5,0,0
422,422,421,423,438,439,0,0,0,0,0,0,0,0,0,1,1,0,5,5,0,0
423,423,422,424,439,440,0,0,0,0,0,0,0,0,0,1,1,0,5,5,0,0
424,424,423,425,440,441,0,0,0,0,0,0,0,0,0,1,1,0,5,5,0,0
425,425,424,426,441,442,0,0,0,0,0,0,0,0,0,1,1,0,5,5,0,0
426,426,425,427,442,443,0,0,0,0,0,0,0,0,0,1,1,0,5,5,0,0
427,427,426,428,443,444,0,0,0,0,0,0,0,0,0,1,1,0,5,5,0,0
428,428,427,429,444,445,0,0,0,0,0,0,0,0,0,1,1,0,5,5,0,0
429,429,428,430,445,446,0,0,0,0,0,0,0,0,0,1,1,0,5,5,0,0
430,430,429,431,446,447,0,0,0,0,0,0,0,0,0,1,1,0,5,5,0,0
431,431,430,432,447,448,0,0,0,0,0,0,0,0,0,1,1,0,5,5,0,0
432,432,431,433,448,449,0,0,0,0,0,0,0,0,0,1,1,0,5,5,0,0
433,433,432,434,449,450,0,0,0,0,0,0,0,0,0,1,1,0,5,5,0,0
434,434,433,435,450,451,0,0,0,0,0,0,0,0,0,1,1,0,5,5,0,0
435,435,434,436,451,452,0,0,0,0,0,0,0,0,0,1,1,0,5,5,0,0
436,436,435,437,452,453,0,0,0,0,0,0,0,0,0,1,1,0,5,5,0,0
437,437,436,438,453,454,0,0,0,0,0,0,0,0,0,1,1,0,5,5,0,0
438,438,437,439,454,455,0,0,0,0,0,0,0,0,0,1,1,0,5,5,0,0
439,439,438,440,455,456,0,0,0,0,0,0,0,0,0,1,1,0,5,5,0,0
440,440,439,441,456,457,0,0,0,0,0,0,0,0,0,1,1,0,5,5,0,0
441,441,440,442,457,458,0,0,0,0,0,0,0,0,0,1,1,0,5,5,0,0
442,442,441,443,458,459,0,0,0,0,0,0,0,0,0,1,1,0,5,5,0,0
443,443,442,444,459,460,0,0,0,0,0,0,0,0,0,1,1,0,5,5,0,0
444,444,443,445,460,461,0,0,0,0,0,0,0,0,0,1,1,0,5,5,0,0
445,445,444,446,461,462,0,0,0,0,0,0,0,0,0,1,1,0,5,5,0,0
446,446,445,447,462,463,0,0,0,0,0,0,0,0,0,1,1,0,5,5,0,0
447,447,446,448,463,464,0,0,0,0,0,0,0,0,0,1,1,0,5,5,0,0
448,448,447,449,464,465,0,0,0,0,0,0,0,0,0,1,1,0,5,5,0,0
449,449,448,450,465,466,0,0,0,0,0,0,0,0,0,1,1,0,5,5,0,0
450,450,449,451,466,467,0,0,0,0,0,0,0,0,0,1,1,0,5,5,0,0
451,451,450,452,467,468,0,0,0,0,0,0,0,0,0,1,1,0,5,5,0,0
452,452,451,453,468,469,0,0,0,0,0,0,0,0,0,1,1,0,5,5,0,0
453,453,452,454,469,470,0,0,0,0,0,0,0,0,0,1,1,0,5,5,0,0
454,454,453,455,470,471,0,0,0,0,0,0,0,0,0,1,1,0,5,5,0,0
455,455,454,456,471,472,0,0,0,0,0,0,0,0,0,1,1,0,5,5,0,0
456,456,455,457,472,473,0,0,0,0,0,0,0,0,0,1,1,0,5,5,0,0
457,457,456,458,473,474,0,0,0,0,0,0,0,0,0,1,1,0,5,5,0,0
458,458,457,459,474,475,0,0,0,0,0,0,0,0,0,1,1,0,5,5,0,0
459,459,458,460,475,476,0,0,0,0,0,0,0,0,0,1,1,0,5,5,0,0
460,460,459,461,476,477,0,0,0,0,0,0,0,0,0,1,1,0,5,5,0,0
461,461,460,462,477,478,0,0,0,0,0,0,0,0,0,1,1,0,5,5,0,0
462,462,461,463,478,479,0,0,0,0,0,0,0,0,0,1,1,0,5,5,0,0
463,463,462,464,479,480,0,0,0,0,0,0,0,0,0,1,1,0,5,5,0,0
464,464,463,465,480,481,0,0,0,0,0,0,0,0,0,1,1,0,5,5,0,0
465,465,0,466,482,483,2,0,0,0,0,0,0,0,0,1,1,0,5,5,0,0
466,466,465,467,484,485,0,0,0,0,0,0,0,0,0,1,1,0,5,5,0,0
467,467,466,468,485,486,0,0,0,0,0,0,0,0,0,1,1,0,5,5,0,0
468,468,467,469,486,487,0,0,0,0,0,0,0,0,0,1,1,0,5,5,0,0
469,469,468,470,487,488,0,0,0,0,0,0,0,0,0,1,1,0,5,5,0,0
470,470,469,471,488,489,0,0,0,0,0,0,0,0,0,1,1,0,5,5,0,0
471,471,470,472,489,490,0,0,0,0,0,0,0,0,0,1,1,0,5,5,0,0
472,472,471,473,490,491,0,0,0,0,0,0,0,0,0,1,1,0,5,5,0,0
473,473,472,474,491,492,0,0,0,0,0,0,0,0,0,1,1,0,5,5,0,0
474,474,473,475,492,493,0,0,0,0,0,0,0,0,0,1,1,0,5,5,0,0
475,475,474,476,493,494,0,0,0,0,0,0,0,0,0,1,1,0,5,5,0,0
476,476,475,477,494,495,0,0,0,0,0,0,0,0,0,1,1,0,5,5,0,0
477,477,476,478,496,497,4,0,0,0,0,0,0,0,0,1,1,0,5,5,0,0
478,478,477,479,498,499,0,0,0,0,0,0,0,0,0,1,1,0,5,5,0,0
479,479,478,480,499,500,0,0,0,0,0,0,0,0,0,1,1,0,5,5,0,0
480,480,479,481,500,501,0,0,0,0,0,0,0,0,0,1,1,0,5,5,0,0
481,481,480,482,501,502,0,0,0,0,0,0,0,0,0,1,1,0,5,5,0,0
482,482,481,483,502,503,0,0,0,0,0,0,0,0,0,1,1,0,5,5,0,0
483,483,482,484,503,504,0,0,0,0,0,0,0,0,0,1,1,0,5,5,0,0
484,484,483,485,504,505,0,0,0,0,0,0,0,0,0,1,1,0,5,5,0,0
485,485,484,486,505,506,0,0,0,0,0,0,0,0,0,1,1,0,5,5,0,0
486,486,485,487,506,507,0,0,0,0,0,0,0,0,0,1,1,0,5,5,0,0
487,487,486,488,507,508,0,0,0,0,0,0,0,0,0,1,1,0,5,5,0,0
488,488,487,489,508,509,0,0,0,0,0,0,0,0,0,1,1,0,5,5,0,0
489,489,488,490,509,510,0,0,0,0,0,0,0,0,0,1,1,0,5,5,0,0
490,490,489,491,510,511,0,0,0,0,0,0,0,0,0,1,1,0,5,5,0,0
491,491,490,492,511,512,0,0,0,0,0,0,0,0,0,1,1,0,5,5,0,0
492,492,491,493,512,513,0,0,0,0,0,0,0,0,0,1,1,0,5,5,0,0
493,493,492,494,513,514,0,0,0,0,0,0,0,0,0,1,1,0,5,5,0,0
494,494,493,495,514,515,0,0,0,0,0,0,0,0,0,1,1,0,5,5,0,0
495,495,494,496,515,516,0,0,0,0,0,0,0,0,0,1,1,0,5,5,0,0
496,496,495,497,516,517,0,0,0,0,0,0,0,0,0,1,1,0,5,5,0,0
497,497,496,498,517,518,0,0,0,0,0,0,0,0,0,1,1,0,5,5,0,0
498,498,497,499,518,519,0,0,0,0,0,0,0,0,0,1,1,0,5,5,0,0
499,499,498,500,519,520,0,0,0,0,0,0,0,0,0,1,1,0,5,5,0,0
500,500,499,501,520,521,0,0,0,0,0,0,0,0,0,1,1,0,5,5,0,0
501,501,500,502,521,522,0,0,0,0,0,0,0,0,0,1,1,0,5,5,0,0
502,502,501,503,522,523,0,0,0,0,0,0,0,0,0,1,1,0,5,5,0,0
503,503,502,504,523,524,0,0,0,0,0,0,0,0,0,1,1,0,5,5,0,0
504,504,503,505,524,525,0,0,0,0,0,0,0,0,0,1,1,0,5,5,0,0
505,505,504,506,525,526,0,0,0,0,0,0,0,0,0,1,1,0,5,5,0,0
506,506,505,507,526,527,0,0,0,0,0,0,0,0,0,1,1,0,5,5,0,0
507,507,506,508,527,528,0,0,0,0,0,0,0,0,0,1,1,0,5,5,0,0
508,508,507,0,528,529,0,0,0,0,0,0,0,0,0,1,1,0,5,5,0,0
509,509,0,510,530,531,1,0,0,0,0,0,0,0,0,1,1,0,5,5,0,0
510,510,509,511,532,533,0,0,0,0,0,0,0,0,0,1,1,0,5,5,0,0
511,511,510,512,533,534,0,0,0,0,0,0,0,0,0,1,1,0,5,5,0,0
512,512,511,513,534,535,0,0,0,0,0,0,0,0,0,1,1,0,5,5,0,0
513,513,512,514,535,536,0,0,0,0,0,0,0,0,0,1,1,0,5,5,0,0
514,514,513,515,536,537,0,0,0,0,0,0,0,0,0,1,1,0,5,5,0,0
515,515,514,516,537,538,0,0,0,0,0,0,0,0,0,1,1,0,5,5,0,0
516,516,515,517,538,539,0,0,0,0,0,0,0,0,0,1,1,0,5,5,0,0
517,517,516,518,539,540,0,0,0,0,0,0,0,0,0,1,1,0,5,5,0,0
518,518,517,519,541,542,3,0,0,0,0,0,0,0,0,1,1,0,5,5,0,0
519,519,518,520,543,544,0,0,0,0,0,0,0,0,0,1,1,0,5,5,0,0
520,520,519,521,544,545,0,0,0,0,0,0,0,0,0,1,1,0,5,5,0,0
521,521,520,522,545,546,0,0,0,0,0,0,0,0,0,1,1,0,5,5,0,0
522,522,521,523,546,547,0,0,0,0,0,0,0,0,0,1,1,0,5,5,0,0
523,523,522,524,547,548,0,0,0,0,0,0,0,0,0,1,1,0,5,5,0,0
524,524,523,525,548,549,0,0,0,0,0,0,0,0,0,1,1,0,5,5,0,0
525,525,524,526,549,550,0,0,0,0,0,0,0,0,0,1,1,0,5,5,0,0
526,526,525,527,550,551,0,0,0,0,0,0,0,0,0,1,1,0,5,5,0,0
527,527,526,528,551,552,0,0,0,0,0,0,0,0,0,1,1,0,5,5,0,0
528,528,527,529,552,553,0,0,0,0,0,0,0,0,0,1,1,0,5,5,0,0
529,529,528,530,553,554,0,0,0,0,0,0,0,0,0,1,1,0,5,5,0,0
530,530,529,531,554,555,0,0,0,0,0,0,0,0,0,1,1,0,5,5,0,0
531,531,530,532,555,556,0,0,0,0,0,0,0,0,0,1,1,0,5,5,0,0
532,532,531,0,556,557,0,0,0,0,0,0,0,0,0,1,1,0,5,5,0,0
533,533,0,534,558,559,0,0,0,0,0,0,0,0,0,1,1,0,5,5,0,0
534,534,533,535,559,560,0,0,0,0,0,0,0,0,0,1,1,0,5,5,0,0
535,535,534,536,560,561,0,0,0,0,0,0,0,0,0,1,1,0,5,5,0,0
536,536,535,537,561,562,0,0,0,0,0,0,0,0,0,1,1,0,5,5,0,0
537,537,536,538,562,563,0,0,0,0,0,0,0,0,0,1,1,0,5,5,0,0
538,538,537,539,563,564,0,0,0,0,0,0,0,0,0,1,1,0,5,5,0,0
539,539,538,540,564,565,0,0,0,0,0,0,0,0,0,1,1,0,5,5,0,0
540,540,539,541,565,566,0,0,0,0,0,0,0,0,0,1,1,0,5,5,0,0
541,541,540,542,566,567,0,0,0,0,0,0,0,0,0,1,1,0,5,5,0,0
542,542,541,543,568,569,4,0,0,0,0,0,0,0,0,1,1,0,5,5,0,0
543,543,542,544,570,571,0,0,0,0,0,0,0,0,0,1,1,0,5,5,0,0
544,544,543,545,571,572,0,0,0,0,0,0,0,0,0,1,1,0,5,5,0,0
545,545,544,546,572,573,0,0,0,0,0,0,0,0,0,1,1,0,5,5,0,0
546,546,545,547,573,574,0,0,0,0,0,0,0,0,0,1,1,0,5,5,0,0
547,547,546,548,574,575,0,0,0,0,0,0,0,0,0,1,1,0,5,5,0,0
548,548,547,549,575,576,0,0,0,0,0,0,0,0,0,1,1,0,5,5,0,0
549,549,548,550,576,577,0,0,0,0,0,0,0,0,0,1,1,0,5,5,0,0
550,550,549,551,577,578,0,0,0,0,0,0,0,0,0,1,1,0,5,5,0,0
551,551,550,552,578,579,0,0,0,0,0,0,0,0,0,1,1,0,5,5,0,0
552,552,551,553,579,580,0,0,0,0,0,0,0,0,0,1,1,0,5,5,0,0
553,553,552,554,580,581,0,0,0,0,0,0,0,0,0,1,1,0,5,5,0,0
554,554,553,555,581,582,0,0,0,0,0,0,0,0,0,1,1,0,5,5,0,0
555,555,554,556,582,583,0,0,0,0,0,0,0,0,0,1,1,0,5,5,0,0
556,556,555,557,583,584,0,0,0,0,0,0,0,0,0,1,1,0,5,5,0,0
557,557,556,558,584,585,0,0,0,0,0,0,0,0,0,1,1,0,5,5,0,0
558,558,557,559,585,586,0,0,0,0,0,0,0,0,0,1,1,0,5,5,0,0
559,559,558,560,586,587,0,0,0,0,0,0,0,0,0,1,1,0,5,5,0,0
560,560,559,561,587,588,0,0,0,0,0,0,0,0,0,1,1,0,5,5,0,0
561,561,560,562,588,589,0,0,0,0,0,0,0,0,0,1,1,0,5,5,0,0
562,562,561,563,589,590,0,0,0,0,0,0,0,0,0,1,1,0,5,5,0,0
563,563,562,564,590,591,0,0,0,0,0,0,0,0,0,1,1,0,5,5,0,0
564,564,563,565,591,592,0,0,0,0,0,0,0,0,0,1,1,0,5,5,0,0
565,565,564,566,592,593,0,0,0,0,0,0,0,0,0,1,1,0,5,5,0,0
566,566,565,567,593,594,0,0,0,0,0,0,0,0,0,1,1,0,5,5,0,0
567,567,566,568,594,595,0,0,0,0,0,0,0,0,0,1,1,0,5,5,0,0
568,568,567,569,595,596,0,0,0,0,0,0,0,0,0,1,1,0,5,5,0,0
569,569,568,570,596,597,0,0,0,0,0,0,0,0,0,1,1,0,5,5,0,0
570,570,569,571,597,598,0,0,0,0,0,0,0,0,0,1,1,0,5,5,0,0
571,571,570,572,598,599,0,0,0,0,0,0,0,0,0,1,1,0,5,5,0,0
572,572,571,573,599,600,0,0,0,0,0,0,0,0,0,1,1,0,5,5,0,0
573,573,572,574,600,601,0,0,0,0,0,0,0,0,0,1,1,0,5,5,0,0
574,574,573,575,601,602,0,0,0,0,0,0,0,0,0,1,1,0,5,5,0,0
575,575,574,576,602,603,0,0,0,0,0,0,0,0,0,1,1,0,5,5,0,0
576,576,575,577,603,604,0,0,0,0,0,0,0,0,0,1,1,0,5,5,0,0
577,577,576,578,604,605,0,0,0,0,0,0,0,0,0,1,1,0,5,5,0,0
578,578,577,579,605,606,0,0,0,0,0,0,0,0,0,1,1,0,5,5,0,0
579,579,578,580,606,607,0,0,0,0,0,0,0,0,0,1,1,0,5,5,0,0
580,580,579,581,607,608,0,0,0,0,0,0,0,0,0,1,1,0,5,5,0,0
581,581,580,582,608,609,0,0,0,0,0,0,0,0,0,1,1,0,5,5,0,0
582,582,581,583,609,610,0,0,0,0,0,0,0,0,0,1,1,0,5,5,0,0
583,583,582,584,610,611,0,0,0,0,0,0,0,0,0,1,1,0,5,5,0,0
584,584,583,585,611,612,0,0,0,0,0,0,0,0,0,1,1,0,5,5,0,0
585,585,584,586,612,613,0,0,0,0,0,0,0,0,0,1,1,0,5,5,0,0
586,586,585,587,613,614,0,0,0,0,0,0,0,0,0,1,1,0,5,5,0,0
587,587,586,588,614,615,0,0,0,0,0,0,0,0,0,1,1,0,5,5,0,0
588,588,587,589,615,616,0,0,0,0,0,0,0,0,0,1,1,0,5,5,0,0
589,589,588,590,616,617,0,0,0,0,0,0,0,0,0,1,1,0,5,5,0,0
590,590,589,591,617,618,0,0,0,0,0,0,0,0,0,1,1,0,5,5,0,0
591,591,590,592,618,619,0,0,0,0,0,0,0,0,0,1,1,0,5,5,0,0
592,592,591,593,619,620,0,0,0,0,0,0,0,0,0,1,1,0,5,5,0,0
593,593,592,594,620,621,0,0,0,0,0,0,0,0,0,1,1,0,5,5,0,0
594,594,593,595,621,622,0,0,0,0,0,0,0,0,0,1,1,0,5,5,0,0
595,595,594,596,622,623,0,0,0,0,0,0,0,0,0,1,1,0,5,5,0,0
596,596,595,597,623,624,0,0,0,0,0,0,0,0,0,1,1,0,5,5,0,0
597,597,596,598,624,625,0,0,0,0,0,0,0,0,0,1,1,0,5,5,0,0
598,598,597,599,625,626,0,0,0,0,0,0,0,0,0,1,1,0,5,5,0,0
599,599,598,600,626,627,0,0,0,0,0,0,0,0,0,1,1,0,5,5,0,0
600,600,599,0,627,628,0,0,0,0,0,0,0,0,0,1,1,0,5,5,0,0
601,601,0,602,629,630,0,0,0,0,0,0,0,0,0,1,1,0,5,5,0,0
602,602,601,603,630,631,0,0,0,0,0,0,0,0,0,1,1,0,5,5,0,0
603,603,602,604,631,632,0,0,0,0,0,0,0,0,0,1,1,0,5,5,0,0
604,604,603,605,632,633,0,0,0,0,0,0,0,0,0,1,1,0,5,5,0,0
605,605,604,606,633,634,0,0,0,0,0,0,0,0,0,1,1,0,5,5,0,0
606,606,605,607,634,635,0,0,0,0,0,0,0,0,0,1,1,0,5,5,0,0
607,607,606,608,635,636,0,0,0,0,0,0,0,0,0,1,1,0,5,5,0,0
608,608,607,609,636,637,0,0,0,0,0,0,0,0,0,1,1,0,5,5,0,0
609,609,608,610,637,638,0,0,0,0,0,0,0,0,0,1,1,0,5,5,0,0
610,610,609,611,638,639,0,0,0,0,0,0,0,0,0,1,1,0,5,5,0,0
611,611,610,612,639,640,0,0,0,0,0,0,0,0,0,1,1,0,5,5,0,0
612,612,611,613,640,641,0,0,0,0,0,0,0,0,0,1,1,0,5,5,0,0
613,613,612,614,641,642,0,0,0,0,0,0,0,0,0,1,1,0,5,5,0,0
614,614,613,615,642,643,0,0,0,0,0,0,0,0,0,1,1,0,5,5,0,0
615,615,614,616,643,644,0,0,0,0,0,0,0,0,0,1,1,0,5,5,0,0
616,616,615,617,644,645,0,0,0,0,0,0,0,0,0,1,1,0,5,5,0,0
617,617,616,618,646,647,3,0,0,0,0,0,0,0,0,1,1,0,5,5,0,0
618,618,617,619,648,649,0,0,0,0,0,0,0,0,0,1,1,0,5,5,0,0
619,619,618,620,649,650,0,0,0,0,0,0,0,0,0,1,1,0,5,5,0,0
620,620,619,621,650,651,0,0,0,0,0,0,0,0,0,1,1,0,5,5,0,0
621,621,620,622,651,652,0,0,0,0,0,0,0,0,0,1,1,0,5,5,0,0
622,622,621,623,652,653,0,0,0,0,0,0,0,0,0,1,1,0,5,5,0,0
623,623,622,624,653,654,0,0,0,0,0,0,0,0,0,1,1,0,5,5,0,0
624,624,623,625,654,655,0,0,0,0,0,0,0,0,0,1,1,0,5,5,0,0
625,625,624,626,655,656,0,0,0,0,0,0,0,0,0,1,1,0,5,5,0,0
626,626,625,627,656,657,0,0,0,0,0,0,0,0,0,1,1,0,5,5,0,0
627,627,626,628,657,658,0,0,0,0,0,0,0,0,0,1,1,0,5,5,0,0
628,628,627,629,658,659,0,0,0,0,0,0,0,0,0,1,1,0,5,5,0,0
629,629,628,630,659,660,0,0,0,0,0,0,0,0,0,1,1,0,5,5,0,0
630,630,629,631,660,661,0,0,0,0,0,0,0,0,0,1,1,0,5,5,0,0
631,631,630,632,661,662,0,0,0,0,0,0,0,0,0,1,1,0,5,5,0,0
632,632,631,633,662,663,0,0,0,0,0,0,0,0,0,1,1,0,5,5,0,0
633,633,632,634,663,664,0,0,0,0,0,0,0,0,0,1,1,0,5,5,0,0
634,634,633,635,664,665,0,0,0,0,0,0,0,0,0,1,1,0,5,5,0,0
635,635,634,636,665,666,0,0,0,0,0,0,0,0,0,1,1,0,5,5,0,0
636,636,635,637,666,667,0,0,0,0,0,0,0,0,0,1,1,0,5,5,0,0
637,637,636,638,667,668,0,0,0,0,0,0,0,0,0,1,1,0,5,5,0,0
638,638,637,639,668,669,0,0,0,0,0,0,0,0,0,1,1,0,5,5,0,0
639,639,638,640,669,670,0,0,0,0,0,0,0,0,0,1,1,0,5,5,0,0
640,640,639,641,670,671,0,0,0,0,0,0,0,0,0,1,1,0,5,5,0,0
641,641,640,642,671,672,0,0,0,0,0,0,0,0,0,1,1,0,5,5,0,0
642,642,641,643,672,673,0,0,0,0,0,0,0,0,0,1,1,0,5,5,0,0
643,643,642,644,673,674,0,0,0,0,0,0,0,0,0,1,1,0,5,5,0,0
644,644,643,645,674,675,0,0,0,0,0,0,0,0,0,1,1,0,5,5,0,0
645,645,644,646,675,676,0,0,0,0,0,0,0,0,0,1,1,0,5,5,0,0
646,646,645,647,676,677,0,0,0,0,0,0,0,0,0,1,1,0,5,5,0,0
647,647,646,648,677,678,0,0,0,0,0,0,0,0,0,1,1,0,5,5,0,0
648,648,647,649,678,679,0,0,0,0,0,0,0,0,0,1,1,0,5,5,0,0
649,649,648,650,679,680,0,0,0,0,0,0,0,0,0,1,1,0,5,5,0,0
650,650,649,651,680,681,0,0,0,0,0,0,0,0,0,1,1,0,5,5,0,0
651,651,650,652,681,682,0,0,0,0,0,0,0,0,0,1,1,0,5,5,0,0
652,652,651,653,682,683,0,0,0,0,0,0,0,0,0,1,1,0,5,5,0,0
653,653,652,654,683,684,0,0,0,0,0,0,0,0,0,1,1,0,5,5,0,0
654,654,653,655,684,685,0,0,0,0,0,0,0,0,0,1,1,0,5,5,0,0
655,655,654,656,685,686,0,0,0,0,0,0,0,0,0,1,1,0,5,5,0,0
656,656,655,657,686,687,0,0,0,0,0,0,0,0,0,1,1,0,5,5,0,0
657,657,656,658,687,688,0,0,0,0,0,0,0,0,0,1,1,0,5,5,0,0
658,658,657,659,688,689,0,0,0,0,0,0,0,0,0,1,1,0,5,5,0,0
659,659,658,660,689,690,0,0,0,0,0,0,0,0,0,1,1,0,5,5,0,0
660,660,659,661,690,691,0,0,0,0,0,0,0,0,0,1,1,0,5,5,0,0
661,661,660,662,691,692,0,0,0,0,0,0,0,0,0,1,1,0,5,5,0,0
662,662,661,663,692,693,0,0,0,0,0,0,0,0,0,1,1,0,5,5,0,0
663,663,662,664,693,694,0,0,0,0,0,0,0,0,0,1,1,0,5,5,0,0
664,664,663,665,694,695,0,0,0,0,0,0,0,0,0,1,1,0,5,5,0,0
665,665,664,666,695,696,0,0,0,0,0,0,0,0,0,1,1,0,5,5,0,0
666,666,665,667,696,697,0,0,0,0,0,0,0,0,0,1,1,0,5,5,0,0
667,667,666,668,697,698,0,0,0,0,0,0,0,0,0,1,1,0,5,5,0,0
668,668,667,669,698,699,0,0,0,0,0,0,0,0,0,1,1,0,5,5,0,0
669,669,668,670,699,700,0,0,0,0,0,0,0,0,0,1,1,0,5,5,0,0
670,670,669,671,700,701,0,0,0,0,0,0,0,0,0,1,1,0,5,5,0,0
671,671,670,672,701,702,0,0,0,0,0,0,0,0,0,1,1,0,5,5,0,0
672,672,671,673,702,703,0,0,0,0,0,0,0,0,0,1,1,0,5,5,0,0
673,673,672,674,703,704,0,0,0,0,0,0,0,0,0,1,1,0,5,5,0,0
674,674,673,675,704,705,0,0,0,0,0,0,0,0,0,1,1,0,5,5,0,0
675,675,674,676,705,706,0,0,0,0,0,0,0,0,0,1,1,0,5,5,0,0
676,676,675,677,706,707,0,0,0,0,0,0,0,0,0,1,1,0,5,5,0,0
677,677,676,678,707,708,0,0,0,0,0,0,0,0,0,1,1,0,5,5,0,0
678,678,677,679,708,709,0,0,0,0,0,0,0,0,0,1,1,0,5,5,0,0
679,679,678,680,709,710,0,0,0,0,0,0,0,0,0,1,1,0,5,5,0,0
680,680,679,681,710,711,0,0,0,0,0,0,0,0,0,1,1,0,5,5,0,0
681,681,680,682,711,712,0,0,0,0,0,0,0,0,0,1,1,0,5,5,0,0
682,682,681,683,712,713,0,0,0,0,0,0,0,0,0,1,1,0,5,5,0,0
683,683,682,684,713,714,0,0,0,0,0,0,0,0,0,1,1,0,5,5,0,0
684,684,683,685,714,715,0,0,0,0,0,0,0,0,0,1,1,0,5,5,0,0
685,685,684,686,715,716,0,0,0,0,0,0,0,0,0,1,1,0,5,5,0,0
686,686,685,687,716,717,0,0,0,0,0,0,0,0,0,1,1,0,5,5,0,0
687,687,686,688,717,718,0,0,0,0,0,0,0,0,0,1,1,0,5,5,0,0
688,688,687,689,718,719,0,0,0,0,0,0,0,0,0,1,1,0,5,5,0,0
689,689,688,690,719,720,0,0,0,0,0,0,0,0,0,1,1,0,5,5,0,0
690,690,689,691,720,721,0,0,0,0,0,0,0,0,0,1,1,0,5,5,0,0
691,691,690,692,721,722,0,0,0,0,0,0,0,0,0,1,1,0,5,5,0,0
692,692,691,693,722,723,0,0,0,0,0,0,0,0,0,1,1,0,5,5,0,0
693,693,692,694,723,724,0,0,0,0,0,0,0,0,0,1,1,0,5,5,0,0
694,694,693,695,724,725,0,0,0,0,0,0,0,0,0,1,1,0,5,5,0,0
695,695,694,696,725,726,0,0,0,0,0,0,0,0,0,1,1,0,5,5,0,0
696,696,695,697,726,727,0,0,0,0,0,0,0,0,0,1,1,0,5,5,0,0
697,697,696,698,727,728,0,0,0,0,0,0,0,0,0,1,1,0,5,5,0,0
698,698,697,699,728,729,0,0,0,0,0,0,0,0,0,1,1,0,5,5,0,0
699,699,698,700,729,730,0,0,0,0,0,0,0,0,0,1,1,0,5,5,0,0
700,700,699,0,730,731,0,0,0,0,0,0,0,0,0,1,1,0,5,5,0,0
701,701,0,702,732,733,0,0,0,0,0,0,0,0,0,1,1,0,5,5,0,0
702,702,701,703,733,734,0,0,0,0,0,0,0,0,0,1,1,0,5,5,0,0
703,703,702,704,734,735,0,0,0,0,0,0,0,0,0,1,1,0,5,5,0,0
704,704,703,705,735,736,0,0,0,0,0,0,0,0,0,1,1,0,5,5,0,0
705,705,704,706,736,737,0,0,0,0,0,0,0,0,0,1,1,0,5,5,0,0
706,706,705,707,737,738,0,0,0,0,0,0,0,0,0,1,1,0,5,5,0,0
707,707,706,708,738,739,0,0,0,0,0,0,0,0,0,1,1,0,5,5,0,0
708,708,707,709,739,740,0,0,0,0,0,0,0,0,0,1,1,0,5,5,0,0
709,709,708,710,740,741,0,0,0,0,0,0,0,0,0,1,1,0,5,5,0,0
710,710,709,711,741,742,0,0,0,0,0,0,0,0,0,1,1,0,5,5,0,0
711,711,710,712,742,743,0,0,0,0,0,0,0,0,0,1,1,0,5,5,0,0
712,712,711,713,743,744,0,0,0,0,0,0,0,0,0,1,1,0,5,5,0,0
713,713,712,714,744,745,0,0,0,0,0,0,0,0,0,1,1,0,5,5,0,0
714,714,713,715,745,746,0,0,0,0,0,0,0,0,0,1,1,0,5,5,0,0
715,715,714,716,746,747,0,0,0,0,0,0,0,0,0,1,1,0,5,5,0,0
716,716,715,717,747,748,0,0,0,0,0,0,0,0,0,1,1,0,5,5,0,0
717,717,716,718,748,749,0,0,0,0,0,0,0,0,0,1,1,0,5,5,0,0
718,718,717,719,749,750,0,0,0,0,0,0,0,0,0,1,1,0,5,5,0,0
719,719,718,720,750,751,0,0,0,0,0,0,0,0,0,1,1,0,5,5,0,0
720,720,719,721,751,752,0,0,0,0,0,0,0,0,0,1,1,0,5,5,0,0
721,721,720,722,752,753,0,0,0,0,0,0,0,0,0,1,1,0,5,5,0,0
722,722,721,723,753,754,0,0,0,0,0,0,0,0,0,1,1,0,5,5,0,0
723,723,722,724,754,755,0,0,0,0,0,0,0,0,0,1,1,0,5,5,0,0
724,724,723,725,755,756,0,0,0,0,0,0,0,0,0,1,1,0,5,5,0,0
725,725,724,726,756,757,0,0,0,0,0,0,0,0,0,1,1,0,5,5,0,0
726,726,725,727,757,758,0,0,0,0,0,0,0,0,0,1,1,0,5,5,0,0
727,727,726,728,758,759,0,0,0,0,0,0,0,0,0,1,1,0,5,5,0,0
728,728,727,729,759,760,0,0,0,0,0,0,0,0,0,1,1,0,5,5,0,0
729,729,728,730,760,761,0,0,0,0,0,0,0,0,0,1,1,0,5,5,0,0
730,730,729,731,761,762,0,0,0,0,0,0,0,0,0,1,1,0,5,5,0,0
731,731,730,732,762,763,0,0,0,0,0,0,0,0,0,1,1,0,5,5,0,0
732,732,731,733,763,764,0,0,0,0,0,0,0,0,0,1,1,0,5,5,0,0
733,733,732,734,764,765,0,0,0,0,0,0,0,0,0,1,1,0,5,5,0,0
734,734,733,735,765,766,0,0,0,0,0,0,0,0,0,1,1,0,5,5,0,0
735,735,734,736,766,767,0,0,0,0,0,0,0,0,0,1,1,0,5,5,0,0
736,736,735,737,767,768,0,0,0,0,0,0,0,0,0,1,1,0,5,5,0,0
737,737,736,738,768,769,0,0,0,0,0,0,0,0,0,1,1,0,5,5,0,0
738,738,737,739,769,770,0,0,0,0,0,0,0,0,0,1,1,0,5,5,0,0
739,739,738,740,770,771,0,0,0,0,0,0,0,0,0,1,1,0,5,5,0,0
740,740,739,741,771,772,0,0,0,0,0,0,0,0,0,1,1,0,5,5,0,0
741,741,740,742,772,773,0,0,0,0,0,0,0,0,0,1,1,0,5,5,0,0
742,742,741,743,773,774,0,0,0,0,0,0,0,0,0,1,1,0,5,5,0,0
743,743,742,744,774,775,0,0,0,0,0,0,0,0,0,1,1,0,5,5,0,0
744,744,743,745,775,776,0,0,0,0,0,0,0,0,0,1,1,0,5,5,0,0
745,745,744,746,776,777,0,0,0,0,0,0,0,0,0,1,1,0,5,5,0,0
746,746,745,747,777,778,0,0,0,0,0,0,0,0,0,1,1,0,5,5,0,0
747,747,746,748,778,779,0,0,0,0,0,0,0,0,0,1,1,0,5,5,0,0
748,748,747,749,779,780,0,0,0,0,0,0,0,0,0,1,1,0,5,5,0,0
749,749,748,750,780,781,0,0,0,0,0,0,0,0,0,1,1,0,5,5,0,0
750,750,749,751,781,782,0,0,0,0,0,0,0,0,0,1,1,0,5,5,0,0
751,751,750,752,782,783,0,0,0,0,0,0,0,0,0,1,1,0,5,5,0,0
752,752,751,753,783,784,0,0,0,0,0,0,0,0,0,1,1,0,5,5,0,0
753,753,752,754,784,785,0,0,0,0,0,0,0,0,0,1,1,0,5,5,0,0
754,754,753,755,785,786,0,0,0,0,0,0,0,0,0,1,1,0,5,5,0,0
755,755,754,756,786,787,0,0,0,0,0,0,0,0,0,1,1,0,5,5,0,0
756,756,755,757,787,788,0,0,0,0,0,0,0,0,0,1,1,0,5,5,0,0
757,757,756,758,788,789,0,0,0,0,0,0,0,0,0,1,1,0,5,5,0,0
758,758,757,759,789,790,0,0,0,0,0,0,0,0,0,1,1,0,5,5,0,0
759,759,758,760,790,791,0,0,0,0,0,0,0,0,0,1,1,0,5,5,0,0
760,760,759,761,791,792,0,0,0,0,0,0,0,0,0,1,1,0,5,5,0,0
761,761,760,762,792,793,0,0,0,0,0,0,0,0,0,1,1,0,5,5,0,0
762,762,761,763,793,794,0,0,0,0,0,0,0,0,0,1,1,0,5,5,0,0
763,763,762,764,794,795,0,0,0,0,0,0,0,0,0,1,1,0,5,5,0,0
764,764,763,765,795,796,0,0,0,0,0,0,0,0,0,1,1,0,5,5,0,0
765,765,764,766,796,797,0,0,0,0,0,0,0,0,0,1,1,0,5,5,0,0
766,766,765,767,797,798,0,0,0,0,0,0,0,0,0,1,1,0,5,5,0,0
767,767,766,768,798,799,0,0,0,0,0,0,0,0,0,1,1,0,5,5,0,0
768,768,767,769,799,800,0,0,0,0,0,0,0,0,0,1,1,0,5,5,0,0
769,769,768,770,800,801,0,0,0,0,0,0,0,0,0,1,1,0,5,5,0,0
770,770,769,771,801,802,0,0,0,0,0,0,0,0,0,1,1,0,5,5,0,0
771,771,770,772,802,803,0,0,0,0,0,0,0,0,0,1,1,0,5,5,0,0
772,772,771,773,803,804,0,0,0,0,0,0,0,0,0,1,1,0,5,5,0,0
773,773,772,774,804,805,0,0,0,0,0,0,0,0,0,1,1,0,5,5,0,0
774,774,773,775,805,806,0,0,0,0,0,0,0,0,0,1,1,0,5,5,0,0
775,775,774,776,806,807,0,0,0,0,0,0,0,0,0,1,1,0,5,5,0,0
776,776,775,777,807,808,0,0,0,0,0,0,0,0,0,1,1,0,5,5,0,0
777,777,776,778,808,809,0,0,0,0,0,0,0,0,0,1,1,0,5,5,0,0
778,778,777,779,809,810,0,0,0,0,0,0,0,0,0,1,1,0,5,5,0,0
779,779,778,780,810,811,0,0,0,0,0,0,0,0,0,1,1,0,5,5,0,0
780,780,779,781,811,812,0,0,0,0,0,0,0,0,0,1,1,0,5,5,0,0
781,781,780,782,812,813,0,0,0,0,0,0,0,0,0,1,1,0,5,5,0,0
782,782,781,783,813,814,0,0,0,0,0,0,0,0,0,1,1,0,5,5,0,0
783,783,782,784,814,815,0,0,0,0,0,0,0,0,0,1,1,0,5,5,0,0
784,784,783,785,815,816,0,0,0,0,0,0,0,0,0,1,1,0,5,5,0,0
785,785,784,786,816,817,0,0,0,0,0,0,0,0,0,1,1,0,5,5,0,0
786,786,785,787,817,818,0,0,0,0,0,0,0,0,0,1,1,0,5,5,0,0
787,787,786,788,818,819,0,0,0,0,0,0,0,0,0,1,1,0,5,5,0,0
788,788,787,789,819,820,0,0,0,0,0,0,0,0,0,1,1,0,5,5,0,0
789,789,788,790,821,822,1,0,0,0,0,0,0,0,0,1,1,0,5,5,0,0
790,790,789,791,823,824,0,0,0,0,0,0,0,0,0,1,1,0,5,5,0,0
791,791,790,792,824,825,0,0,0,0,0,0,0,0,0,1,1,0,5,5,0,0
792,792,791,793,825,826,0,0,0,0,0,0,0,0,0,1,1,0,5,5,0,0
793,793,792,794,826,827,0,0,0,0,0,0,0,0,0,1,1,0,5,5,0,0
794,794,793,795,827,828,0,0,0,0,0,0,0,0,0,1,1,0,5,5,0,0
795,795,794,796,828,829,0,0,0,0,0,0,0,0,0,1,1,0,5,5,0,0
796,796,795,797,829,830,0,0,0,0,0,0,0,0,0,1,1,0,5,5,0,0
797,797,796,0,831,832,3,0,0,0,0,0,0,0,0,1,1,0,5,5,0,0
798,798,0,799,833,834,1,0,0,0,0,0,0,0,0,1,1,0,5,5,0,0
799,799,798,800,835,836,0,0,0,0,0,0,0,0,0,1,1,0,5,5,0,0
800,800,799,801,836,837,0,0,0,0,0,0,0,0,0,1,1,0,5,5,0,0
801,801,800,802,837,838,0,0,0,0,0,0,0,0,0,1,1,0,5,5,0,0
802,802,801,803,838,839,0,0,0,0,0,0,0,0,0,1,1,0,5,5,0,0
803,803,802,804,839,840,0,0,0,0,0,0,0,0,0,1,1,0,5,5,0,0
804,804,803,805,840,841,0,0,0,0,0,0,0,0,0,1,1,0,5,5,0,0
805,805,804,806,841,842,0,0,0,0,0,0,0,0,0,1,1,0,5,5,0,0
806,806,805,807,842,843,0,0,0,0,0,0,0,0,0,1,1,0,5,5,0,0
807,807,806,0,843,844,0,0,0,0,0,0,0,0,0,1,1,0,5,5,0,0
808,808,0,809,845,846,0,0,0,0,0,0,0,0,0,1,1,0,5,5,0,0
809,809,808,810,846,847,0,0,0,0,0,0,0,0,0,1,1,0,5,5,0,0
810,810,809,811,847,848,0,0,0,0,0,0,0,0,0,1,1,0,5,5,0,0
811,811,810,812,848,849,0,0,0,0,0,0,0,0,0,1,1,0,5,5,0,0
812,812,811,813,849,850,0,0,0,0,0,0,0,0,0,1,1,0,5,5,0,0
813,813,812,814,850,851,0,0,0,0,0,0,0,0,0,1,1,0,5,5,0,0
814,814,813,815,851,852,0,0,0,0,0,0,0,0,0,1,1,0,5,5,0,0
815,815,814,816,852,853,0,0,0,0,0,0,0,0,0,1,1,0,5,5,0,0
816,816,815,817,853,854,0,0,0,0,0,0,0,0,0,1,1,0,5,5,0,0
817,817,816,818,854,855,0,0,0,0,0,0,0,0,0,1,1,0,5,5,0,0
818,818,817,819,855,856,0,0,0,0,0,0,0,0,0,1,1,0,5,5,0,0
819,819,818,820,856,857,0,0,0,0,0,0,0,0,0,1,1,0,5,5,0,0
820,820,819,821,857,858,0,0,0,0,0,0,0,0,0,1,1,0,5,5,0,0
821,821,820,822,858,859,0,0,0,0,0,0,0,0,0,1,1,0,5,5,0,0
822,822,821,823,859,860,0,0,0,0,0,0,0,0,0,1,1,0,5,5,0,0
823,823,822,824,860,861,0,0,0,0,0,0,0,0,0,1,1,0,5,5,0,0
824,824,823,825,861,862,0,0,0,0,0,0,0,0,0,1,1,0,5,5,0,0
825,825,824,826,862,863,0,0,0,0,0,0,0,0,0,1,1,0,5,5,0,0
826,826,825,827,863,864,0,0,0,0,0,0,0,0,0,1,1,0,5,5,0,0
827,827,826,828,864,865,0,0,0,0,0,0,0,0,0,1,1,0,5,5,0,0
828,828,827,829,865,866,0,0,0,0,0,0,0,0,0,1,1,0,5,5,0,0
829,829,828,830,866,867,0,0,0,0,0,0,0,0,0,1,1,0,5,5,0,0
830,830,829,831,867,868,0,0,0,0,0,0,0,0,0,1,1,0,5,5,0,0
831,831,830,832,868,869,0,0,0,0,0,0,0,0,0,1,1,0,5,5,0,0
832,832,831,833,869,870,0,0,0,0,0,0,0,0,0,1,1,0,5,5,0,0
833,833,832,834,870,871,0,0,0,0,0,0,0,0,0,1,1,0,5,5,0,0
834,834,833,835,871,872,0,0,0,0,0,0,0,0,0,1,1,0,5,5,0,0
835,835,834,836,872,873,0,0,0,0,0,0,0,0,0,1,1,0,5,5,0,0
836,836,835,837,873,874,0,0,0,0,0,0,0,0,0,1,1,0,5,5,0,0
837,837,836,838,874,875,0,0,0,0,0,0,0,0,0,1,1,0,5,5,0,0
838,838,837,839,875,876,0,0,0,0,0,0,0,0,0,1,1,0,5,5,0,0
839,839,838,840,876,877,0,0,0,0,0,0,0,0,0,1,1,0,5,5,0,0
840,840,839,841,877,878,0,0,0,0,0,0,0,0,0,1,1,0,5,5,0,0
841,841,840,842,878,879,0,0,0,0,0,0,0,0,0,1,1,0,5,5,0,0
842,842,841,843,879,880,0,0,0,0,0,0,0,0,0,1,1,0,5,5,0,0
843,843,842,844,880,881,0,0,0,0,0,0,0,0,0,1,1,0,5,5,0,0
844,844,843,845,881,882,0,0,0,0,0,0,0,0,0,1,1,0,5,5,0,0
845,845,844,846,882,883,0,0,0,0,0,0,0,0,0,1,1,0,5,5,0,0
846,846,845,847,883,884,0,0,0,0,0,0,0,0,0,1,1,0,5,5,0,0
847,847,846,848,884,885,0,0,0,0,0,0,0,0,0,1,1,0,5,5,0,0
848,848,847,849,885,886,0,0,0,0,0,0,0,0,0,1,1,0,5,5,0,0
849,849,848,850,886,887,0,0,0,0,0,0,0,0,0,1,1,0,5,5,0,0
850,850,849,851,887,888,0,0,0,0,0,0,0,0,0,1,1,0,5,5,0,0
851,851,850,852,888,889,0,0,0,0,0,0,0,0,0,1,1,0,5,5,0,0
852,852,851,853,889,890,0,0,0,0,0,0,0,0,0,1,1,0,5,5,0,0
853,853,852,854,890,891,0,0,0,0,0,0,0,0,0,1,1,0,5,5,0,0
854,854,853,855,891,892,0,0,0,0,0,0,0,0,0,1,1,0,5,5,0,0
855,855,854,856,892,893,0,0,0,0,0,0,0,0,0,1,1,0,5,5,0,0
856,856,855,857,893,894,0,0,0,0,0,0,0,0,0,1,1,0,5,5,0,0
857,857,856,858,894,895,0,0,0,0,0,0,0,0,0,1,1,0,5,5,0,0
858,858,857,859,895,896,0,0,0,0,0,0,0,0,0,1,1,0,5,5,0,0
859,859,858,860,896,897,0,0,0,0,0,0,0,0,0,1,1,0,5,5,0,0
860,860,859,861,897,898,0,0,0,0,0,0,0,0,0,1,1,0,5,5,0,0
861,861,860,862,898,899,0,0,0,0,0,0,0,0,0,1,1,0,5,5,0,0
862,862,861,863,899,900,0,0,0,0,0,0,0,0,0,1,1,0,5,5,0,0
863,863,862,864,900,901,0,0,0,0,0,0,0,0,0,1,1,0,5,5,0,0
864,864,863,865,901,902,0,0,0,0,0,0,0,0,0,1,1,0,5,5,0,0
865,865,864,866,902,903,0,0,0,0,0,0,0,0,0,1,1,0,5,5,0,0
866,866,865,867,903,904,0,0,0,0,0,0,0,0,0,1,1,0,5,5,0,0
867,867,866,868,904,905,0,0,0,0,0,0,0,0,0,1,1,0,5,5,0,0
868,868,867,869,905,906,0,0,0,0,0,0,0,0,0,1,1,0,5,5,0,0
869,869,868,870,906,907,0,0,0,0,0,0,0,0,0,1,1,0,5,5,0,0
870,870,869,871,907,908,0,0,0,0,0,0,0,0,0,1,1,0,5,5,0,0
871,871,870,872,908,909,0,0,0,0,0,0,0,0,0,1,1,0,5,5,0,0
872,872,871,873,909,910,0,0,0,0,0,0,0,0,0,1,1,0,5,5,0,0
873,873,872,874,910,911,0,0,0,0,0,0,0,0,0,1,1,0,5,5,0,0
874,874,873,875,911,912,0,0,0,0,0,0,0,0,0,1,1,0,5,5,0,0
875,875,874,876,912,913,0,0,0,0,0,0,0,0,0,1,1,0,5,5,0,0
876,876,875,877,913,914,0,0,0,0,0,0,0,0,0,1,1,0,5,5,0,0
877,877,876,878,914,915,0,0,0,0,0,0,0,0,0,1,1,0,5,5,0,0
878,878,877,879,915,916,0,0,0,0,0,0,0,0,0,1,1,0,5,5,0,0
879,879,878,880,916,917,0,0,0,0,0,0,0,0,0,1,1,0,5,5,0,0
880,880,879,881,917,918,0,0,0,0,0,0,0,0,0,1,1,0,5,5,0,0
881,881,880,882,918,919,0,0,0,0,0,0,0,0,0,1,1,0,5,5,0,0
882,882,881,883,919,920,0,0,0,0,0,0,0,0,0,1,1,0,5,5,0,0
883,883,882,884,920,921,0,0,0,0,0,0,0,0,0,1,1,0,5,5,0,0
884,884,883,885,921,922,0,0,0,0,0,0,0,0,0,1,1,0,5,5,0,0
885,885,884,886,922,923,0,0,0,0,0,0,0,0,0,1,1,0,5,5,0,0
886,886,885,887,923,924,0,0,0,0,0,0,0,0,0,1,1,0,5,5,0,0
887,887,886,888,924,925,0,0,0,0,0,0,0,0,0,1,1,0,5,5,0,0
888,888,887,889,925,926,0,0,0,0,0,0,0,0,0,1,1,0,5,5,0,0
889,889,888,890,926,927,0,0,0,0,0,0,0,0,0,1,1,0,5,5,0,0
890,890,889,891,927,928,0,0,0,0,0,0,0,0,0,1,1,0,5,5,0,0
891,891,890,892,928,929,0,0,0,0,0,0,0,0,0,1,1,0,5,5,0,0
892,892,891,893,929,930,0,0,0,0,0,0,0,0,0,1,1,0,5,5,0,0
893,893,892,894,930,931,0,0,0,0,0,0,0,0,0,1,1,0,5,5,0,0
894,894,893,895,931,932,0,0,0,0,0,0,0,0,0,1,1,0,5,5,0,0
895,895,894,896,932,933,0,0,0,0,0,0,0,0,0,1,1,0,5,5,0,0
896,896,895,897,933,934,0,0,0,0,0,0,0,0,0,1,1,0,5,5,0,0
897,897,896,898,934,935,0,0,0,0,0,0,0,0,0,1,1,0,5,5,0,0
898,898,897,899,935,936,0,0,0,0,0,0,0,0,0,1,1,0,5,5,0,0
899,899,898,900,936,937,0,0,0,0,0,0,0,0,0,1,1,0,5,5,0,0
900,900,899,901,937,938,0,0,0,0,0,0,0,0,0,1,1,0,5,5,0,0
901,901,900,902,938,939,0,0,0,0,0,0,0,0,0,1,1,0,5,5,0,0
902,902,901,903,939,940,0,0,0,0,0,0,0,0,0,1,1,0,5,5,0,0
903,903,902,904,940,941,0,0,0,0,0,0,0,0,0,1,1,0,5,5,0,0
904,904,903,905,941,942,0,0,0,0,0,0,0,0,0,1,1,0,5,5,0,0
905,905,904,906,942,943,0,0,0,0,0,0,0,0,0,1,1,0,5,5,0,0
906,906,905,907,943,944,0,0,0,0,0,0,0,0,0,1,1,0,5,5,0,0
907,907,906,908,944,945,0,0,0,0,0,0,0,0,0,1,1,0,5,5,0,0
908,908,907,909,945,946,0,0,0,0,0,0,0,0,0,1,1,0,5,5,0,0
909,909,908,910,946,947,0,0,0,0,0,0,0,0,0,1,1,0,5,5,0,0
910,910,909,911,947,948,0,0,0,0,0,0,0,0,0,1,1,0,5,5,0,0
911,911,910,912,948,949,0,0,0,0,0,0,0,0,0,1,1,0,5,5,0,0
912,912,911,913,949,950,0,0,0,0,0,0,0,0,0,1,1,0,5,5,0,0
913,913,912,914,950,951,0,0,0,0,0,0,0,0,0,1,1,0,5,5,0,0
914,914,913,915,951,952,0,0,0,0,0,0,0,0,0,1,1,0,5,5,0,0
915,915,914,916,952,953,0,0,0,0,0,0,0,0,0,1,1,0,5,5,0,0
916,916,915,917,953,954,0,0,0,0,0,0,0,0,0,1,1,0,5,5,0,0
917,917,916,918,954,955,0,0,0,0,0,0,0,0,0,1,1,0,5,5,0,0
918,918,917,919,955,956,0,0,0,0,0,0,0,0,0,1,1,0,5,5,0,0
919,919,918,920,956,957,0,0,0,0,0,0,0,0,0,1,1,0,5,5,0,0
920,920,919,921,957,958,0,0,0,0,0,0,0,0,0,1,1,0,5,5,0,0
921,921,920,922,958,959,0,0,0,0,0,0,0,0,0,1,1,0,5,5,0,0
922,922,921,923,959,960,0,0,0,0,0,0,0,0,0,1,1,0,5,5,0,0
923,923,922,924,960,961,0,0,0,0,0,0,0,0,0,1,1,0,5,5,0,0
924,924,923,925,961,962,0,0,0,0,0,0,0,0,0,1,1,0,5,5,0,0
925,925,924,926,962,963,0,0,0,0,0,0,0,0,0,1,1,0,5,5,0,0
926,926,925,927,963,964,0,0,0,0,0,0,0,0,0,1,1,0,5,5,0,0
927,927,926,928,964,965,0,0,0,0,0,0,0,0,0,1,1,0,5,5,0,0
928,928,927,929,965,966,0,0,0,0,0,0,0,0,0,1,1,0,5,5,0,0
929,929,928,930,966,967,0,0,0,0,0,0,0,0,0,1,1,0,5,5,0,0
930,930,929,931,967,968,0,0,0,0,0,0,0,0,0,1,1,0,5,5,0,0
931,931,930,932,968,969,0,0,0,0,0,0,0,0,0,1,1,0,5,5,0,0
932,932,931,933,969,970,0,0,0,0,0,0,0,0,0,1,1,0,5,5,0,0
933,933,932,934,970,971,0,0,0,0,0,0,0,0,0,1,1,0,5,5,0,0
934,934,933,935,971,972,0,0,0,0,0,0,0,0,0,1,1,0,5,5,0,0
935,935,934,936,972,973,0,0,0,0,0,0,0,0,0,1,1,0,5,5,0,0
936,936,935,937,973,974,0,0,0,0,0,0,0,0,0,1,1,0,5,5,0,0
937,937,936,938,974,975,0,0,0,0,0,0,0,0,0,1,1,0,5,5,0,0
938,938,937,939,975,976,0,0,0,0,0,0,0,0,0,1,1,0,5,5,0,0
939,939,938,940,976,977,0,0,0,0,0,0,0,0,0,1,1,0,5,5,0,0
940,940,939,941,977,978,0,0,0,0,0,0,0,0,0,1,1,0,5,5,0,0
941,941,940,942,978,979,0,0,0,0,0,0,0,0,0,1,1,0,5,5,0,0
942,942,941,943,979,980,0,0,0,0,0,0,0,0,0,1,1,0,5,5,0,0
943,943,942,944,980,981,0,0,0,0,0,0,0,0,0,1,1,0,5,5,0,0
944,944,943,945,981,982,0,0,0,0,0,0,0,0,0,1,1,0,5,5,0,0
945,945,944,946,982,983,0,0,0,0,0,0,0,0,0,1,1,0,5,5,0,0
946,946,945,947,983,984,0,0,0,0,0,0,0,0,0,1,1,0,5,5,0,0
947,947,946,948,984,985,0,0,0,0,0,0,0,0,0,1,1,0,5,5,0,0
948,948,947,949,985,986,0,0,0,0,0,0,0,0,0,1,1,0,5,5,0,0
949,949,948,950,986,987,0,0,0,0,0,0,0,0,0,1,1,0,5,5,0,0
950,950,949,951,987,988,0,0,0,0,0,0,0,0,0,1,1,0,5,5,0,0
951,951,950,952,988,989,0,0,0,0,0,0,0,0,0,1,1,0,5,5,0,0
952,952,951,953,989,990,0,0,0,0,0,0,0,0,0,1,1,0,5,5,0,0
953,953,952,954,990,991,0,0,0,0,0,0,0,0,0,1,1,0,5,5,0,0
954,954,953,955,991,992,0,0,0,0,0,0,0,0,0,1,1,0,5,5,0,0
955,955,954,956,992,993,0,0,0,0,0,0,0,0,0,1,1,0,5,5,0,0
956,956,955,957,993,994,0,0,0,0,0,0,0,0,0,1,1,0,5,5,0,0
957,957,956,958,994,995,0,0,0,0,0,0,0,0,0,1,1,0,5,5,0,0
958,958,957,959,995,996,0,0,0,0,0,0,0,0,0,1,1,0,5,5,0,0
959,959,958,960,996,997,0,0,0,0,0,0,0,0,0,1,1,0,5,5,0,0
960,960,959,961,997,998,0,0,0,0,0,0,0,0,0,1,1,0,5,5,0,0
961,961,960,962,998,999,0,0,0,0,0,0,0,0,0,1,1,0,5,5,0,0
962,962,961,963,999,1000,0,0,0,0,0,0,0,0,0,1,1,0,5,5,0,0
963,963,962,964,1000,1001,0,0,0,0,0,0,0,0,0,1,1,0,5,5,0,0
964,964,963,965,1001,1002,0,0,0,0,0,0,0,0,0,1,1,0,5,5,0,0
965,965,964,966,1002,1003,0,0,0,0,0,0,0,0,0,1,1,0,5,5,0,0
966,966,965,967,1003,1004,0,0,0,0,0,0,0,0,0,1,1,0,5,5,0,0
967,967,966,968,1004,1005,0,0,0,0,0,0,0,0,0,1,1,0,5,5,0,0
968,968,967,969,1005,1006,0,0,0,0,0,0,0,0,0,1,1,0,5,5,0,0
969,969,968,970,1007,1008,1,0,0,0,0,0,0,0,0,1,1,0,5,5,0,0
970,970,969,971,1009,1010,0,0,0,0,0,0,0,0,0,1,1,0,5,5,0,0
971,971,970,972,1010,1011,0,0,0,0,0,0,0,0,0,1,1,0,5,5,0,0
972,972,971,973,1011,1012,0,0,0,0,0,0,0,0,0,1,1,0,5,5,0,0
973,973,972,974,1012,1013,0,0,0,0,0,0,0,0,0,1,1,0,5,5,0,0
974,974,973,975,1013,1014,0,0,0,0,0,0,0,0,0,1,1,0,5,5,0,0
975,975,974,976,1014,1015,0,0,0,0,0,0,0,0,0,1,1,0,5,5,0,0
976,976,975,977,1015,1016,0,0,0,0,0,0,0,0,0,1,1,0,5,5,0,0
977,977,976,978,1016,1017,0,0,0,0,0,0,0,0,0,1,1,0,5,5,0,0
978,978,977,0,1018,1019,3,0,0,0,0,0,0,0,0,1,1,0,5,5,0,0
979,979,0,980,1020,1021,1,0,0,0,0,0,0,0,0,1,1,0,5,5,0,0
980,980,979,981,1022,1023,0,0,0,0,0,0,0,0,0,1,1,0,5,5,0,0
981,981,980,982,1023,1024,0,0,0,0,0,0,0,0,0,1,1,0,5,5,0,0
982,982,981,983,1024,1025,0,0,0,0,0,0,0,0,0,1,1,0,5,5,0,0
983,983,982,984,1025,1026,0,0,0,0,0,0,0,0,0,1,1,0,5,5,0,0
984,984,983,985,1026,1027,0,0,0,0,0,0,0,0,0,1,1,0,5,5,0,0
985,985,984,986,1027,1028,0,0,0,0,0,0,0,0,0,1,1,0,5,5,0,0
986,986,985,987,1028,1029,0,0,0,0,0,0,0,0,0,1,1,0,5,5,0,0
987,987,986,988,1029,1030,0,0,0,0,0,0,0,0,0,1,1,0,5,5,0,0
988,988,987,989,1030,1031,0,0,0,0,0,0,0,0,0,1,1,0,5,5,0,0
989,989,988,990,1031,1032,0,0,0,0,0,0,0,0,0,1,1,0,5,5,0,0
990,990,989,991,1033,1034,3,0,0,0,0,0,0,0,0,1,1,0,5,5,0,0
991,991,990,992,1035,1036,0,0,0,0,0,0,0,0,0,1,1,0,5,5,0,0
992,992,991,993,1036,1037,0,0,0,0,0,0,0,0,0,1,1,0,5,5,0,0
993,993,992,994,1037,1038,0,0,0,0,0,0,0,0,0,1,1,0,5,5,0,0
994,994,993,995,1038,1039,0,0,0,0,0,0,0,0,0,1,1,0,5,5,0,0
995,995,994,996,1039,1040,0,0,0,0,0,0,0,0,0,1,1,0,5,5,0,0
996,996,995,997,1040,1041,0,0,0,0,0,0,0,0,0,1,1,0,5,5,0,0
997,997,996,998,1041,1042,0,0,0,0,0,0,0,0,0,1,1,0,5,5,0,0
998,998,997,999,1042,1043,0,0,0,0,0,0,0,0,0,1,1,0,5,5,0,0
999,999,998,1000,1043,1044,0,0,0,0,0,0,0,0,0,1,1,0,5,5,0,0
1000,1000,999,1001,1044,1045,0,0,0,0,0,0,0,0,0,1,1,0,5,5,0,0
1001,1001,1000,1002,1045,1046,0,0,0,0,0,0,0,0,0,1,1,0,5,5,0,0
1002,1002,1001,1003,1046,1047,0,0,0,0,0,0,0,0,0,1,1,0,5,5,0,0
1003,1003,1002,1004,1047,1048,0,0,0,0,0,0,0,0,0,1,1,0,5,5,0,0
1004,1004,1003,1005,1048,1049,0,0,0,0,0,0,0,0,0,1,1,0,5,5,0,0
1005,1005,1004,1006,1049,1050,0,0,0,0,0,0,0,0,0,1,1,0,5,5,0,0
1006,1006,1005,1007,1050,1051,0,0,0,0,0,0,0,0,0,1,1,0,5,5,0,0
1007,1007,1006,1008,1051,1052,0,0,0,0,0,0,0,0,0,1,1,0,5,5,0,0
1008,1008,1007,1009,1052,1053,0,0,0,0,0,0,0,0,0,1,1,0,5,5,0,0
1009,1009,1008,1010,1053,1054,0,0,0,0,0,0,0,0,0,1,1,0,5,5,0,0
1010,1010,1009,1011,1054,1055,0,0,0,0,0,0,0,0,0,1,1,0,5,5,0,0
1011,1011,1010,1012,1055,1056,0,0,0,0,0,0,0,0,0,1,1,0,5,5,0,0
1012,1012,1011,1013,1056,1057,0,0,0,0,0,0,0,0,0,1,1,0,5,5,0,0
1013,1013,1012,1014,1057,1058,0,0,0,0,0,0,0,0,0,1,1,0,5,5,0,0
1014,1014,1013,1015,1058,1059,0,0,0,0,0,0,0,0,0,1,1,0,5,5,0,0
1015,1015,1014,1016,1059,1060,0,0,0,0,0,0,0,0,0,1,1,0,5,5,0,0
1016,1016,1015,1017,1060,1061,0,0,0,0,0,0,0,0,0,1,1,0,5,5,0,0
1017,1017,1016,1018,1061,1062,0,0,0,0,0,0,0,0,0,1,1,0,5,5,0,0
1018,1018,1017,1019,1062,1063,0,0,0,0,0,0,0,0,0,1,1,0,5,5,0,0
1019,1019,1018,1020,1063,1064,0,0,0,0,0,0,0,0,0,1,1,0,5,5,0,0
1020,1020,1019,1021,1064,1065,0,0,0,0,0,0,0,0,0,1,1,0,5,5,0,0
1021,1021,1020,1022,1065,1066,0,0,0,0,0,0,0,0,0,1,1,0,5,5,0,0
1022,1022,1021,1023,1066,1067,0,0,0,0,0,0,0,0,0,1,1,0,5,5,0,0
1023,1023,1022,1024,1067,1068,0,0,0,0,0,0,0,0,0,1,1,0,5,5,0,0
1024,1024,1023,1025,1068,1069,0,0,0,0,0,0,0,0,0,1,1,0,5,5,0,0
1025,1025,1024,1026,1069,1070,0,0,0,0,0,0,0,0,0,1,1,0,5,5,0,0
1026,1026,1025,1027,1070,1071,0,0,0,0,0,0,0,0,0,1,1,0,5,5,0,0
1027,1027,1026,1028,1071,1072,0,0,0,0,0,0,0,0,0,1,1,0,5,5,0,0
1028,1028,1027,1029,1072,1073,0,0,0,0,0,0,0,0,0,1,1,0,5,5,0,0
1029,1029,1028,1030,1073,1074,0,0,0,0,0,0,0,0,0,1,1,0,5,5,0,0
1030,1030,1029,1031,1074,1075,0,0,0,0,0,0,0,0,0,1,1,0,5,5,0,0
1031,1031,1030,1032,1075,1076,0,0,0,0,0,0,0,0,0,1,1,0,5,5,0,0
1032,1032,1031,1033,1076,1077,0,0,0,0,0,0,0,0,0,1,1,0,5,5,0,0
1033,1033,1032,1034,1077,1078,0,0,0,0,0,0,0,0,0,1,1,0,5,5,0,0
1034,1034,1033,1035,1078,1079,0,0,0,0,0,0,0,0,0,1,1,0,5,5,0,0
1035,1035,1034,1036,1079,1080,0,0,0,0,0,0,0,0,0,1,1,0,5,5,0,0
1036,1036,1035,1037,1080,1081,0,0,0,0,0,0,0,0,0,1,1,0,5,5,0,0
1037,1037,1036,1038,1081,1082,0,0,0,0,0,0,0,0,0,1,1,0,5,5,0,0
1038,1038,1037,1039,1082,1083,0,0,0,0,0,0,0,0,0,1,1,0,5,5,0,0
1039,1039,1038,1040,1083,1084,0,0,0,0,0,0,0,0,0,1,1,0,5,5,0,0
1040,1040,1039,1041,1084,1085,0,0,0,0,0,0,0,0,0,1,1,0,5,5,0,0
1041,1041,1040,1042,1085,1086,0,0,0,0,0,0,0,0,0,1,1,0,5,5,0,0
1042,1042,1041,1043,1086,1087,0,0,0,0,0,0,0,0,0,1,1,0,5,5,0,0
1043,1043,1042,1044,1087,1088,0,0,0,0,0,0,0,0,0,1,1,0,5,5,0,0
1044,1044,1043,1045,1088,1089,0,0,0,0,0,0,0,0,0,1,1,0,5,5,0,0
1045,1045,1044,1046,1089,1090,0,0,0,0,0,0,0,0,0,1,1,0,5,5,0,0
1046,1046,1045,1047,1090,1091,0,0,0,0,0,0,0,0,0,1,1,0,5,5,0,0
1047,1047,1046,1048,1091,1092,0,0,0,0,0,0,0,0,0,1,1,0,5,5,0,0
1048,1048,1047,1049,1092,1093,0,0,0,0,0,0,0,0,0,1,1,0,5,5,0,0
1049,1049,1048,1050,1093,1094,0,0,0,0,0,0,0,0,0,1,1,0,5,5,0,0
1050,1050,1049,1051,1094,1095,0,0,0,0,0,0,0,0,0,1,1,0,5,5,0,0
1051,1051,1050,1052,1095,1096,0,0,0,0,0,0,0,0,0,1,1,0,5,5,0,0
1052,1052,1051,1053,1096,1097,0,0,0,0,0,0,0,0,0,1,1,0,5,5,0,0
1053,1053,1052,1054,1097,1098,0,0,0,0,0,0,0,0,0,1,1,0,5,5,0,0
1054,1054,1053,1055,1098,1099,0,0,0,0,0,0,0,0,0,1,1,0,5,5,0,0
1055,1055,1054,1056,1099,1100,0,0,0,0,0,0,0,0,0,1,1,0,5,5,0,0
1056,1056,1055,1057,1100,1101,0,0,0,0,0,0,0,0,0,1,1,0,5,5,0,0
1057,1057,1056,1058,1101,1102,0,0,0,0,0,0,0,0,0,1,1,0,5,5,0,0
1058,1058,1057,1059,1102,1103,0,0,0,0,0,0,0,0,0,1,1,0,5,5,0,0
1059,1059,1058,1060,1103,1104,0,0,0,0,0,0,0,0,0,1,1,0,5,5,0,0
1060,1060,1059,1061,1104,1105,0,0,0,0,0,0,0,0,0,1,1,0,5,5,0,0
1061,1061,1060,1062,1105,1106,0,0,0,0,0,0,0,0,0,1,1,0,5,5,0,0
1062,1062,1061,1063,1106,1107,0,0,0,0,0,0,0,0,0,1,1,0,5,5,0,0
1063,1063,1062,1064,1107,1108,0,0,0,0,0,0,0,0,0,1,1,0,5,5,0,0
1064,1064,1063,1065,1108,1109,0,0,0,0,0,0,0,0,0,1,1,0,5,5,0,0
1065,1065,1064,1066,1109,1110,0,0,0,0,0,0,0,0,0,1,1,0,5,5,0,0
1066,1066,1065,1067,1110,1111,0,0,0,0,0,0,0,0,0,1,1,0,5,5,0,0
1067,1067,1066,1068,1111,1112,0,0,0,0,0,0,0,0,0,1,1,0,5,5,0,0
1068,1068,1067,1069,1112,1113,0,0,0,0,0,0,0,0,0,1,1,0,5,5,0,0
1069,1069,1068,1070,1113,1114,0,0,0,0,0,0,0,0,0,1,1,0,5,5,0,0
1070,1070,1069,1071,1114,1115,0,0,0,0,0,0,0,0,0,1,1,0,5,5,0,0
1071,1071,1070,1072,1115,1116,0,0,0,0,0,0,0,0,0,1,1,0,5,5,0,0
1072,1072,1071,1073,1116,1117,0,0,0,0,0,0,0,0,0,1,1,0,5,5,0,0
1073,1073,1072,1074,1117,1118,0,0,0,0,0,0,0,0,0,1,1,0,5,5,0,0
1074,1074,1073,1075,1118,1119,0,0,0,0,0,0,0,0,0,1,1,0,5,5,0,0
1075,1075,1074,1076,1119,1120,0,0,0,0,0,0,0,0,0,1,1,0,5,5,0,0
1076,1076,1075,1077,1120,1121,0,0,0,0,0,0,0,0,0,1,1,0,5,5,0,0
1077,1077,1076,1078,1121,1122,0,0,0,0,0,0,0,0,0,1,1,0,5,5,0,0
1078,1078,1077,1079,1122,1123,0,0,0,0,0,0,0,0,0,1,1,0,5,5,0,0
1079,1079,1078,1080,1123,1124,0,0,0,0,0,0,0,0,0,1,1,0,5,5,0,0
1080,1080,1079,1081,1124,1125,0,0,0,0,0,0,0,0,0,1,1,0,5,5,0,0
1081,1081,1080,1082,1125,1126,0,0,0,0,0,0,0,0,0,1,1,0,5,5,0,0
1082,1082,1081,1083,1126,1127,0,0,0,0,0,0,0,0,0,1,1,0,5,5,0,0
1083,1083,1082,1084,1127,1128,0,0,0,0,0,0,0,0,0,1,1,0,5,5,0,0
1084,1084,1083,1085,1128,1129,0,0,0,0,0,0,0,0,0,1,1,0,5,5,0,0
1085,1085,1084,1086,1129,1130,0,0,0,0,0,0,0,0,0,1,1,0,5,5,0,0
1086,1086,1085,1087,1130,1131,0,0,0,0,0,0,0,0,0,1,1,0,5,5,0,0
1087,1087,1086,1088,1131,1132,0,0,0,0,0,0,0,0,0,1,1,0,5,5,0,0
1088,1088,1087,1089,1132,1133,0,0,0,0,0,0,0,0,0,1,1,0,5,5,0,0
1089,1089,1088,1090,1133,1134,0,0,0,0,0,0,0,0,0,1,1,0,5,5,0,0
1090,1090,1089,1091,1134,1135,0,0,0,0,0,0,0,0,0,1,1,0,5,5,0,0
1091,1091,1090,1092,1135,1136,0,0,0,0,0,0,0,0,0,1,1,0,5,5,0,0
1092,1092,1091,1093,1136,1137,0,0,0,0,0,0,0,0,0,1,1,0,5,5,0,0
1093,1093,1092,1094,1137,1138,0,0,0,0,0,0,0,0,0,1,1,0,5,5,0,0
1094,1094,1093,1095,1138,1139,0,0,0,0,0,0,0,0,0,1,1,0,5,5,0,0
1095,1095,1094,1096,1139,1140,0,0,0,0,0,0,0,0,0,1,1,0,5,5,0,0
1096,1096,1095,1097,1140,1141,0,0,0,0,0,0,0,0,0,1,1,0,5,5,0,0
1097,1097,1096,1098,1141,1142,0,0,0,0,0,0,0,0,0,1,1,0,5,5,0,0
1098,1098,1097,1099,1142,1143,0,0,0,0,0,0,0,0,0,1,1,0,5,5,0,0
1099,1099,1098,1100,1143,1144,0,0,0,0,0,0,0,0,0,1,1,0,5,5,0,0
1100,1100,1099,1101,1144,1145,0,0,0,0,0,0,0,0,0,1,1,0,5,5,0,0
1101,1101,1100,1102,1145,1146,0,0,0,0,0,0,0,0,0,1,1,0,5,5,0,0
1102,1102,1101,1103,1146,1147,0,0,0,0,0,0,0,0,0,1,1,0,5,5,0,0
1103,1103,1102,1104,1147,1148,0,0,0,0,0,0,0,0,0,1,1,0,5,5,0,0
1104,1104,1103,1105,1148,1149,0,0,0,0,0,0,0,0,0,1,1,0,5,5,0,0
1105,1105,1104,1106,1149,1150,0,0,0,0,0,0,0,0,0,1,1,0,5,5,0,0
1106,1106,1105,1107,1150,1151,0,0,0,0,0,0,0,0,0,1,1,0,5,5,0,0
1107,1107,1106,1108,1151,1152,0,0,0,0,0,0,0,0,0,1,1,0,5,5,0,0
1108,1108,1107,1109,1152,1153,0,0,0,0,0,0,0,0,0,1,1,0,5,5,0,0
1109,1109,1108,1110,1153,1154,0,0,0,0,0,0,0,0,0,1,1,0,5,5,0,0
1110,1110,1109,1111,1154,1155,0,0,0,0,0,0,0,0,0,1,1,0,5,5,0,0
1111,1111,1110,1112,1155,1156,0,0,0,0,0,0,0,0,0,1,1,0,5,5,0,0
1112,1112,1111,1113,1156,1157,0,0,0,0,0,0,0,0,0,1,1,0,5,5,0,0
1113,1113,1112,1114,1157,1158,0,0,0,0,0,0,0,0,0,1,1,0,5,5,0,0
1114,1114,1113,1115,1158,1159,0,0,0,0,0,0,0,0,0,1,1,0,5,5,0,0
1115,1115,1114,1116,1159,1160,0,0,0,0,0,0,0,0,0,1,1,0,5,5,0,0
1116,1116,1115,1117,1160,1161,0,0,0,0,0,0,0,0,0,1,1,0,5,5,0,0
1117,1117,1116,1118,1161,1162,0,0,0,0,0,0,0,0,0,1,1,0,5,5,0,0
1118,1118,1117,1119,1162,1163,0,0,0,0,0,0,0,0,0,1,1,0,5,5,0,0
1119,1119,1118,1120,1163,1164,0,0,0,0,0,0,0,0,0,1,1,0,5,5,0,0
1120,1120,1119,1121,1164,1165,0,0,0,0,0,0,0,0,0,1,1,0,5,5,0,0
1121,1121,1120,1122,1165,1166,0,0,0,0,0,0,0,0,0,1,1,0,5,5,0,0
1122,1122,1121,1123,1166,1167,0,0,0,0,0,0,0,0,0,1,1,0,5,5,0,0
1123,1123,1122,1124,1167,1168,0,0,0,0,0,0,0,0,0,1,1,0,5,5,0,0
1124,1124,1123,1125,1168,1169,0,0,0,0,0,0,0,0,0,1,1,0,5,5,0,0
1125,1125,1124,1126,1169,1170,0,0,0,0,0,0,0,0,0,1,1,0,5,5,0,0
1126,1126,1125,1127,1170,1171,0,0,0,0,0,0,0,0,0,1,1,0,5,5,0,0
1127,1127,1126,1128,1171,1172,0,0,0,0,0,0,0,0,0,1,1,0,5,5,0,0
1128,1128,1127,1129,1172,1173,0,0,0,0,0,0,0,0,0,1,1,0,5,5,0,0
1129,1129,1128,1130,1173,1174,0,0,0,0,0,0,0,0,0,1,1,0,5,5,0,0
1130,1130,1129,1131,1174,1175,0,0,0,0,0,0,0,0,0,1,1,0,5,5,0,0
1131,1131,1130,1132,1175,1176,0,0,0,0,0,0,0,0,0,1,1,0,5,5,0,0
1132,1132,1131,1133,1176,1177,0,0,0,0,0,0,0,0,0,1,1,0,5,5,0,0
1133,1133,1132,1134,1177,1178,0,0,0,0,0,0,0,0,0,1,1,0,5,5,0,0
1134,1134,1133,1135,1178,1179,0,0,0,0,0,0,0,0,0,1,1,0,5,5,0,0
1135,1135,1134,1136,1179,1180,0,0,0,0,0,0,0,0,0,1,1,0,5,5,0,0
1136,1136,1135,1137,1180,1181,0,0,0,0,0,0,0,0,0,1,1,0,5,5,0,0
1137,1137,1136,1138,1181,1182,0,0,0,0,0,0,0,0,0,1,1,0,5,5,0,0
1138,1138,1137,1139,1182,1183,0,0,0,0,0,0,0,0,0,1,1,0,5,5,0,0
1139,1139,1138,1140,1183,1184,0,0,0,0,0,0,0,0,0,1,1,0,5,5,0,0
1140,1140,1139,1141,1184,1185,0,0,0,0,0,0,0,0,0,1,1,0,5,5,0,0
1141,1141,1140,1142,1185,1186,0,0,0,0,0,0,0,0,0,1,1,0,5,5,0,0
1142,1142,1141,1143,1186,1187,0,0,0,0,0,0,0,0,0,1,1,0,5,5,0,0
1143,1143,1142,1144,1187,1188,0,0,0,0,0,0,0,0,0,1,1,0,5,5,0,0
1144,1144,1143,1145,1188,1189,0,0,0,0,0,0,0,0,0,1,1,0,5,5,0,0
1145,1145,1144,1146,1189,1190,0,0,0,0,0,0,0,0,0,1,1,0,5,5,0,0
1146,1146,1145,1147,1191,1192,1,0,0,0,0,0,0,0,0,1,1,0,5,5,0,0
1147,1147,1146,1148,1193,1194,0,0,0,0,0,0,0,0,0,1,1,0,5,5,0,0
1148,1148,1147,1149,1194,1195,0,0,0,0,0,0,0,0,0,1,1,0,5,5,0,0
1149,1149,1148,1150,1195,1196,0,0,0,0,0,0,0,0,0,1,1,0,5,5,0,0
1150,1150,1149,1151,1196,1197,0,0,0,0,0,0,0,0,0,1,1,0,5,5,0,0
1151,1151,1150,1152,1197,1198,0,0,0,0,0,0,0,0,0,1,1,0,5,5,0,0
1152,1152,1151,1153,1198,1199,0,0,0,0,0,0,0,0,0,1,1,0,5,5,0,0
1153,1153,1152,1154,1199,1200,0,0,0,0,0,0,0,0,0,1,1,0,5,5,0,0
1154,1154,1153,1155,1200,1201,0,0,0,0,0,0,0,0,0,1,1,0,5,5,0,0
1155,1155,1154,1156,1201,1202,0,0,0,0,0,0,0,0,0,1,1,0,5,5,0,0
1156,1156,1155,1157,1202,1203,0,0,0,0,0,0,0,0,0,1,1,0,5,5,0,0
1157,1157,1156,1158,1203,1204,0,0,0,0,0,0,0,0,0,1,1,0,5,5,0,0
1158,1158,1157,1159,1204,1205,0,0,0,0,0,0,0,0,0,1,1,0,5,5,0,0
1159,1159,1158,0,1206,1207,3,0,0,0,0,0,0,0,0,1,1,0,5,5,0,0
1160,1160,0,1161,1208,1209,1,0,0,0,0,0,0,0,0,1,1,0,5,5,0,0
1161,1161,1160,1162,1210,1211,1,0,0,0,0,0,0,0,0,1,1,0,5,5,0,0
1162,1162,1161,1163,1212,1213,0,0,0,0,0,0,0,0,0,1,1,0,5,5,0,0
1163,1163,1162,1164,1213,1214,0,0,0,0,0,0,0,0,0,1,1,0,5,5,0,0
1164,1164,1163,1165,1214,1215,0,0,0,0,0,0,0,0,0,1,1,0,5,5,0,0
1165,1165,1164,1166,1215,1216,0,0,0,0,0,0,0,0,0,1,1,0,5,5,0,0
1166,1166,1165,1167,1216,1217,0,0,0,0,0,0,0,0,0,1,1,0,5,5,0,0
1167,1167,1166,1168,1217,1218,0,0,0,0,0,0,0,0,0,1,1,0,5,5,0,0
1168,1168,1167,1169,1218,1219,0,0,0,0,0,0,0,0,0,1,1,0,5,5,0,0
1169,1169,1168,1170,1220,1221,3,0,0,0,0,0,0,0,0,1,1,0,5,5,0,0
1170,1170,1169,1171,1222,1223,0,0,0,0,0,0,0,0,0,1,1,0,5,5,0,0
1171,1171,1170,1172,1223,1224,0,0,0,0,0,0,0,0,0,1,1,0,5,5,0,0
1172,1172,1171,1173,1224,1225,0,0,0,0,0,0,0,0,0,1,1,0,5,5,0,0
1173,1173,1172,1174,1225,1226,0,0,0,0,0,0,0,0,0,1,1,0,5,5,0,0
1174,1174,1173,1175,1226,1227,0,0,0,0,0,0,0,0,0,1,1,0,5,5,0,0
1175,1175,1174,1176,1227,1228,0,0,0,0,0,0,0,0,0,1,1,0,5,5,0,0
1176,1176,1175,1177,1228,1229,0,0,0,0,0,0,0,0,0,1,1,0,5,5,0,0
1177,1177,1176,1178,1229,1230,0,0,0,0,0,0,0,0,0,1,1,0,5,5,0,0
1178,1178,1177,1179,1230,1231,0,0,0,0,0,0,0,0,0,1,1,0,5,5,0,0
1179,1179,1178,1180,1231,1232,0,0,0,0,0,0,0,0,0,1,1,0,5,5,0,0
1180,1180,1179,1181,1232,1233,0,0,0,0,0,0,0,0,0,1,1,0,5,5,0,0
1181,1181,1180,1182,1233,1234,0,0,0,0,0,0,0,0,0,1,1,0,5,5,0,0
1182,1182,1181,1183,1234,1235,0,0,0,0,0,0,0,0,0,1,1,0,5,5,0,0
1183,1183,1182,1184,1235,1236,0,0,0,0,0,0,0,0,0,1,1,0,5,5,0,0
1184,1184,1183,1185,1236,1237,0,0,0,0,0,0,0,0,0,1,1,0,5,5,0,0
1185,1185,1184,1186,1237,1238,0,0,0,0,0,0,0,0,0,1,1,0,5,5,0,0
1186,1186,1185,1187,1238,1239,0,0,0,0,0,0,0,0,0,1,1,0,5,5,0,0
1187,1187,1186,1188,1239,1240,0,0,0,0,0,0,0,0,0,1,1,0,5,5,0,0
1188,1188,1187,1189,1240,1241,0,0,0,0,0,0,0,0,0,1,1,0,5,5,0,0
1189,1189,1188,1190,1241,1242,0,0,0,0,0,0,0,0,0,1,1,0,5,5,0,0
1190,1190,1189,1191,1242,1243,0,0,0,0,0,0,0,0,0,1,1,0,5,5,0,0
1191,1191,1190,1192,1243,1244,0,0,0,0,0,0,0,0,0,1,1,0,5,5,0,0
1192,1192,1191,1193,1244,1245,0,0,0,0,0,0,0,0,0,1,1,0,5,5,0,0
1193,1193,1192,1194,1245,1246,0,0,0,0,0,0,0,0,0,1,1,0,5,5,0,0
1194,1194,1193,1195,1246,1247,0,0,0,0,0,0,0,0,0,1,1,0,5,5,0,0
1195,1195,1194,1196,1247,1248,0,0,0,0,0,0,0,0,0,1,1,0,5,5,0,0
1196,1196,1195,1197,1248,1249,0,0,0,0,0,0,0,0,0,1,1,0,5,5,0,0
1197,1197,1196,1198,1249,1250,0,0,0,0,0,0,0,0,0,1,1,0,5,5,0,0
1198,1198,1197,1199,1250,1251,0,0,0,0,0,0,0,0,0,1,1,0,5,5,0,0
1199,1199,1198,1200,1251,1252,0,0,0,0,0,0,0,0,0,1,1,0,5,5,0,0
1200,1200,1199,1201,1252,1253,0,0,0,0,0,0,0,0,0,1,1,0,5,5,0,0
1201,1201,1200,1202,1253,1254,0,0,0,0,0,0,0,0,0,1,1,0,5,5,0,0
1202,1202,1201,1203,1254,1255,0,0,0,0,0,0,0,0,0,1,1,0,5,5,0,0
1203,1203,1202,1204,1255,1256,0,0,0,0,0,0,0,0,0,1,1,0,5,5,0,0
1204,1204,1203,1205,1256,1257,0,0,0,0,0,0,0,0,0,1,1,0,5,5,0,0
1205,1205,1204,1206,1257,1258,0,0,0,0,0,0,0,0,0,1,1,0,5,5,0,0
1206,1206,1205,1207,1258,1259,0,0,0,0,0,0,0,0,0,1,1,0,5,5,0,0
1207,1207,1206,1208,1259,1260,0,0,0,0,0,0,0,0,0,1,1,0,5,5,0,0
1208,1208,1207,1209,1260,1261,0,0,0,0,0,0,0,0,0,1,1,0,5,5,0,0
1209,1209,1208,1210,1261,1262,0,0,0,0,0,0,0,0,0,1,1,0,5,5,0,0
1210,1210,1209,1211,1262,1263,0,0,0,0,0,0,0,0,0,1,1,0,5,5,0,0
1211,1211,1210,1212,1263,1264,0,0,0,0,0,0,0,0,0,1,1,0,5,5,0,0
1212,1212,1211,1213,1264,1265,0,0,0,0,0,0,0,0,0,1,1,0,5,5,0,0
1213,1213,1212,1214,1265,1266,0,0,0,0,0,0,0,0,0,1,1,0,5,5,0,0
1214,1214,1213,1215,1266,1267,0,0,0,0,0,0,0,0,0,1,1,0,5,5,0,0
1215,1215,1214,1216,1267,1268,0,0,0,0,0,0,0,0,0,1,1,0,5,5,0,0
1216,1216,1215,1217,1268,1269,0,0,0,0,0,0,0,0,0,1,1,0,5,5,0,0
1217,1217,1216,1218,1269,1270,0,0,0,0,0,0,0,0,0,1,1,0,5,5,0,0
1218,1218,1217,1219,1270,1271,0,0,0,0,0,0,0,0,0,1,1,0,5,5,0,0
1219,1219,1218,1220,1271,1272,0,0,0,0,0,0,0,0,0,1,1,0,5,5,0,0
1220,1220,1219,1221,1272,1273,0,0,0,0,0,0,0,0,0,1,1,0,5,5,0,0
1221,1221,1220,1222,1273,1274,0,0,0,0,0,0,0,0,0,1,1,0,5,5,0,0
1222,1222,1221,1223,1274,1275,0,0,0,0,0,0,0,0,0,1,1,0,5,5,0,0
1223,1223,1222,1224,1275,1276,0,0,0,0,0,0,0,0,0,1,1,0,5,5,0,0
1224,1224,1223,1225,1276,1277,0,0,0,0,0,0,0,0,0,1,1,0,5,5,0,0
1225,1225,1224,1226,1277,1278,0,0,0,0,0,0,0,0,0,1,1,0,5,5,0,0
1226,1226,1225,1227,1278,1279,0,0,0,0,0,0,0,0,0,1,1,0,5,5,0,0
1227,1227,1226,1228,1279,1280,0,0,0,0,0,0,0,0,0,1,1,0,5,5,0,0
1228,1228,1227,1229,1280,1281,0,0,0,0,0,0,0,0,0,1,1,0,5,5,0,0
1229,1229,1228,1230,1281,1282,0,0,0,0,0,0,0,0,0,1,1,0,5,5,0,0
1230,1230,1229,1231,1282,1283,0,0,0,0,0,0,0,0,0,1,1,0,5,5,0,0
1231,1231,1230,1232,1283,1284,0,0,0,0,0,0,0,0,0,1,1,0,5,5,0,0
1232,1232,1231,1233,1284,1285,0,0,0,0,0,0,0,0,0,1,1,0,5,5,0,0
1233,1233,1232,1234,1285,1286,0,0,0,0,0,0,0,0,0,1,1,0,5,5,0,0
1234,1234,1233,1235,1286,1287,0,0,0,0,0,0,0,0,0,1,1,0,5,5,0,0
1235,1235,1234,1236,1287,1288,0,0,0,0,0,0,0,0,0,1,1,0,5,5,0,0
1236,1236,1235,1237,1288,1289,0,0,0,0,0,0,0,0,0,1,1,0,5,5,0,0
1237,1237,1236,1238,1289,1290,0,0,0,0,0,0,0,0,0,1,1,0,5,5,0,0
1238,1238,1237,1239,1290,1291,0,0,0,0,0,0,0,0,0,1,1,0,5,5,0,0
1239,1239,1238,1240,1291,1292,0,0,0,0,0,0,0,0,0,1,1,0,5,5,0,0
1240,1240,1239,1241,1292,1293,0,0,0,0,0,0,0,0,0,1,1,0,5,5,0,0
1241,1241,1240,1242,1293,1294,0,0,0,0,0,0,0,0,0,1,1,0,5,5,0,0
1242,1242,1241,1243,1294,1295,0,0,0,0,0,0,0,0,0,1,1,0,5,5,0,0
1243,1243,1242,1244,1295,1296,0,0,0,0,0,0,0,0,0,1,1,0,5,5,0,0
1244,1244,1243,1245,1296,1297,0,0,0,0,0,0,0,0,0,1,1,0,5,5,0,0
1245,1245,1244,1246,1297,1298,0,0,0,0,0,0,0,0,0,1,1,0,5,5,0,0
1246,1246,1245,1247,1298,1299,0,0,0,0,0,0,0,0,0,1,1,0,5,5,0,0
1247,1247,1246,1248,1299,1300,0,0,0,0,0,0,0,0,0,1,1,0,5,5,0,0
1248,1248,1247,1249,1300,1301,0,0,0,0,0,0,0,0,0,1,1,0,5,5,0,0
1249,1249,1248,1250,1301,1302,0,0,0,0,0,0,0,0,0,1,1,0,5,5,0,0
1250,1250,1249,1251,1302,1303,0,0,0,0,0,0,0,0,0,1,1,0,5,5,0,0
1251,1251,1250,1252,1303,1304,0,0,0,0,0,0,0,0,0,1,1,0,5,5,0,0
1252,1252,1251,1253,1304,1305,0,0,0,0,0,0,0,0,0,1,1,0,5,5,0,0
1253,1253,1252,1254,1305,1306,0,0,0,0,0,0,0,0,0,1,1,0,5,5,0,0
1254,1254,1253,1255,1306,1307,0,0,0,0,0,0,0,0,0,1,1,0,5,5,0,0
1255,1255,1254,1256,1307,1308,0,0,0,0,0,0,0,0,0,1,1,0,5,5,0,0
1256,1256,1255,1257,1308,1309,0,0,0,0,0,0,0,0,0,1,1,0,5,5,0,0
1257,1257,1256,1258,1309,1310,0,0,0,0,0,0,0,0,0,1,1,0,5,5,0,0
1258,1258,1257,1259,1310,1311,0,0,0,0,0,0,0,0,0,1,1,0,5,5,0,0
1259,1259,1258,1260,1311,1312,0,0,0,0,0,0,0,0,0,1,1,0,5,5,0,0
1260,1260,1259,1261,1312,1313,0,0,0,0,0,0,0,0,0,1,1,0,5,5,0,0
1261,1261,1260,1262,1313,1314,0,0,0,0,0,0,0,0,0,1,1,0,5,5,0,0
1262,1262,1261,1263,1314,1315,0,0,0,0,0,0,0,0,0,1,1,0,5,5,0,0
1263,1263,1262,1264,1315,1316,0,0,0,0,0,0,0,0,0,1,1,0,5,5,0,0
1264,1264,1263,1265,1316,1317,0,0,0,0,0,0,0,0,0,1,1,0,5,5,0,0
1265,1265,1264,1266,1317,1318,0,0,0,0,0,0,0,0,0,1,1,0,5,5,0,0
1266,1266,1265,1267,1318,1319,0,0,0,0,0,0,0,0,0,1,1,0,5,5,0,0
1267,1267,1266,1268,1319,1320,0,0,0,0,0,0,0,0,0,1,1,0,5,5,0,0
1268,1268,1267,1269,1320,1321,0,0,0,0,0,0,0,0,0,1,1,0,5,5,0,0
1269,1269,1268,1270,1321,1322,0,0,0,0,0,0,0,0,0,1,1,0,5,5,0,0
1270,1270,1269,1271,1322,1323,0,0,0,0,0,0,0,0,0,1,1,0,5,5,0,0
1271,1271,1270,1272,1323,1324,0,0,0,0,0,0,0,0,0,1,1,0,5,5,0,0
1272,1272,1271,1273,1324,1325,0,0,0,0,0,0,0,0,0,1,1,0,5,5,0,0
1273,1273,1272,1274,1325,1326,0,0,0,0,0,0,0,0,0,1,1,0,5,5,0,0
1274,1274,1273,1275,1326,1327,0,0,0,0,0,0,0,0,0,1,1,0,5,5,0,0
1275,1275,1274,1276,1327,1328,0,0,0,0,0,0,0,0,0,1,1,0,5,5,0,0
1276,1276,1275,1277,1328,1329,0,0,0,0,0,0,0,0,0,1,1,0,5,5,0,0
1277,1277,1276,1278,1329,1330,0,0,0,0,0,0,0,0,0,1,1,0,5,5,0,0
1278,1278,1277,1279,1330,1331,0,0,0,0,0,0,0,0,0,1,1,0,5,5,0,0
1279,1279,1278,1280,1331,1332,0,0,0,0,0,0,0,0,0,1,1,0,5,5,0,0
1280,1280,1279,1281,1332,1333,0,0,0,0,0,0,0,0,0,1,1,0,5,5,0,0
1281,1281,1280,1282,1333,1334,0,0,0,0,0,0,0,0,0,1,1,0,5,5,0,0
1282,1282,1281,1283,1334,1335,0,0,0,0,0,0,0,0,0,1,1,0,5,5,0,0
1283,1283,1282,1284,1335,1336,0,0,0,0,0,0,0,0,0,1,1,0,5,5,0,0
1284,1284,1283,1285,1336,1337,0,0,0,0,0,0,0,0,0,1,1,0,5,5,0,0
1285,1285,1284,1286,1337,1338,0,0,0,0,0,0,0,0,0,1,1,0,5,5,0,0
1286,1286,1285,1287,1338,1339,0,0,0,0,0,0,0,0,0,1,1,0,5,5,0,0
1287,1287,1286,1288,1339,1340,0,0,0,0,0,0,0,0,0,1,1,0,5,5,0,0
1288,1288,1287,1289,1340,1341,0,0,0,0,0,0,0,0,0,1,1,0,5,5,0,0
1289,1289,1288,1290,1341,1342,0,0,0,0,0,0,0,0,0,1,1,0,5,5,0,0
1290,1290,1289,1291,1342,1343,0,0,0,0,0,0,0,0,0,1,1,0,5,5,0,0
1291,1291,1290,1292,1343,1344,0,0,0,0,0,0,0,0,0,1,1,0,5,5,0,0
1292,1292,1291,1293,1344,1345,0,0,0,0,0,0,0,0,0,1,1,0,5,5,0,0
1293,1293,1292,1294,1345,1346,0,0,0,0,0,0,0,0,0,1,1,0,5,5,0,0
1294,1294,1293,1295,1346,1347,0,0,0,0,0,0,0,0,0,1,1,0,5,5,0,0
1295,1295,1294,1296,1347,1348,0,0,0,0,0,0,0,0,0,1,1,0,5,5,0,0
1296,1296,1295,1297,1348,1349,0,0,0,0,0,0,0,0,0,1,1,0,5,5,0,0
1297,1297,1296,1298,1349,1350,0,0,0,0,0,0,0,0,0,1,1,0,5,5,0,0
1298,1298,1297,1299,1350,1351,0,0,0,0,0,0,0,0,0,1,1,0,5,5,0,0
1299,1299,1298,1300,1351,1352,0,0,0,0,0,0,0,0,0,1,1,0,5,5,0,0
1300,1300,1299,1301,1352,1353,0,0,0,0,0,0,0,0,0,1,1,0,5,5,0,0
1301,1301,1300,1302,1353,1354,0,0,0,0,0,0,0,0,0,1,1,0,5,5,0,0
1302,1302,1301,1303,1354,1355,0,0,0,0,0,0,0,0,0,1,1,0,5,5,0,0
1303,1303,1302,1304,1355,1356,0,0,0,0,0,0,0,0,0,1,1,0,5,5,0,0
1304,1304,1303,1305,1356,1357,0,0,0,0,0,0,0,0,0,1,1,0,5,5,0,0
1305,1305,1304,1306,1357,1358,0,0,0,0,0,0,0,0,0,1,1,0,5,5,0,0
1306,1306,1305,1307,1358,1359,0,0,0,0,0,0,0,0,0,1,1,0,5,5,0,0
1307,1307,1306,1308,1359,1360,0,0,0,0,0,0,0,0,0,1,1,0,5,5,0,0
1308,1308,1307,1309,1360,1361,0,0,0,0,0,0,0,0,0,1,1,0,5,5,0,0
1309,1309,1308,1310,1361,1362,0,0,0,0,0,0,0,0,0,1,1,0,5,5,0,0
1310,1310,1309,1311,1362,1363,0,0,0,0,0,0,0,0,0,1,1,0,5,5,0,0
1311,1311,1310,1312,1363,1364,0,0,0,0,0,0,0,0,0,1,1,0,5,5,0,0
1312,1312,1311,1313,1364,1365,0,0,0,0,0,0,0,0,0,1,1,0,5,5,0,0
1313,1313,1312,1314,1365,1366,0,0,0,0,0,0,0,0,0,1,1,0,5,5,0,0
1314,1314,1313,1315,1366,1367,0,0,0,0,0,0,0,0,0,1,1,0,5,5,0,0
1315,1315,1314,1316,1367,1368,0,0,0,0,0,0,0,0,0,1,1,0,5,5,0,0
1316,1316,1315,1317,1368,1369,0,0,0,0,0,0,0,0,0,1,1,0,5,5,0,0
1317,1317,1316,1318,1369,1370,0,0,0,0,0,0,0,0,0,1,1,0,5,5,0,0
1318,1318,1317,1319,1370,1371,0,0,0,0,0,0,0,0,0,1,1,0,5,5,0,0
1319,1319,1318,1320,1371,1372,0,0,0,0,0,0,0,0,0,1,1,0,5,5,0,0
1320,1320,1319,1321,1372,1373,0,0,0,0,0,0,0,0,0,1,1,0,5,5,0,0
1321,1321,1320,1322,1373,1374,0,0,0,0,0,0,0,0,0,1,1,0,5,5,0,0
1322,1322,1321,1323,1374,1375,0,0,0,0,0,0,0,0,0,1,1,0,5,5,0,0
1323,1323,1322,1324,1375,1376,0,0,0,0,0,0,0,0,0,1,1,0,5,5,0,0
1324,1324,1323,1325,1376,1377,0,0,0,0,0,0,0,0,0,1,1,0,5,5,0,0
1325,1325,1324,1326,1377,1378,0,0,0,0,0,0,0,0,0,1,1,0,5,5,0,0
1326,1326,1325,1327,1378,1379,0,0,0,0,0,0,0,0,0,1,1,0,5,5,0,0
1327,1327,1326,1328,1379,1380,0,0,0,0,0,0,0,0,0,1,1,0,5,5,0,0
1328,1328,1327,1329,1381,1382,1,0,0,0,0,0,0,0,0,1,1,0,5,5,0,0
1329,1329,1328,1330,1383,1384,0,0,0,0,0,0,0,0,0,1,1,0,5,5,0,0
1330,1330,1329,1331,1384,1385,0,0,0,0,0,0,0,0,0,1,1,0,5,5,0,0
1331,1331,1330,1332,1385,1386,0,0,0,0,0,0,0,0,0,1,1,0,5,5,0,0
1332,1332,1331,1333,1386,1387,0,0,0,0,0,0,0,0,0,1,1,0,5,5,0,0
1333,1333,1332,1334,1387,1388,0,0,0,0,0,0,0,0,0,1,1,0,5,5,0,0
1334,1334,1333,1335,1388,1389,0,0,0,0,0,0,0,0,0,1,1,0,5,5,0,0
1335,1335,1334,1336,1389,1390,0,0,0,0,0,0,0,0,0,1,1,0,5,5,0,0
1336,1336,1335,1337,1390,1391,0,0,0,0,0,0,0,0,0,1,1,0,5,5,0,0
1337,1337,1336,1338,1391,1392,0,0,0,0,0,0,0,0,0,1,1,0,5,5,0,0
1338,1338,1337,1339,1392,1393,0,0,0,0,0,0,0,0,0,1,1,0,5,5,0,0
1339,1339,1338,0,1394,1395,3,0,0,0,0,0,0,0,0,1,1,0,5,5,0,0
1340,1340,0,0,1396,1397,4,0,0,0,0,0,0,0,0,1,1,0,5,5,0,0
1341,1341,0,0,1398,1399,2,0,0,0,0,0,0,0,0,1,1,0,5,5,0,0
1342,1342,0,0,1400,1401,2,0,0,0,0,0,0,0,0,1,1,0,5,5,0,0
1343,1343,0,0,1402,1403,4,0,0,0,0,0,0,0,0,1,1,0,5,5,0,0
1344,1344,0,0,1404,1405,3,0,0,0,0,0,0,0,0,1,1,0,5,5,0,0
1345,1345,0,1346,1406,1407,2,0,0,0,0,0,0,0,0,1,1,0,5,5,0,0
1346,1346,1345,1347,1408,1409,0,0,0,0,0,0,0,0,0,1,1,0,5,5,0,0
1347,1347,1346,1348,1409,1410,0,0,0,0,0,0,0,0,0,1,1,0,5,5,0,0
1348,1348,1347,1349,1410,1411,0,0,0,0,0,0,0,0,0,1,1,0,5,5,0,0
1349,1349,1348,1350,1411,1412,0,0,0,0,0,0,0,0,0,1,1,0,5,5,0,0
1350,1350,1349,1351,1412,1413,0,0,0,0,0,0,0,0,0,1,1,0,5,5,0,0
1351,1351,1350,1352,1413,1414,0,0,0,0,0,0,0,0,0,1,1,0,5,5,0,0
1352,1352,1351,1353,1414,1415,0,0,0,0,0,0,0,0,0,1,1,0,5,5,0,0
1353,1353,1352,1354,1415,1416,0,0,0,0,0,0,0,0,0,1,1,0,5,5,0,0
1354,1354,1353,1355,1416,1417,0,0,0,0,0,0,0,0,0,1,1,0,5,5,0,0
1355,1355,1354,1356,1417,1418,0,0,0,0,0,0,0,0,0,1,1,0,5,5,0,0
1356,1356,1355,1357,1418,1419,0,0,0,0,0,0,0,0,0,1,1,0,5,5,0,0
1357,1357,1356,1358,1419,1420,0,0,0,0,0,0,0,0,0,1,1,0,5,5,0,0
1358,1358,1357,1359,1420,1421,0,0,0,0,0,0,0,0,0,1,1,0,5,5,0,0
1359,1359,1358,1360,1421,1422,0,0,0,0,0,0,0,0,0,1,1,0,5,5,0,0
1360,1360,1359,1361,1422,1423,0,0,0,0,0,0,0,0,0,1,1,0,5,5,0,0
1361,1361,1360,1362,1424,1425,4,0,0,0,0,0,0,0,0,1,1,0,5,5,0,0
1362,1362,1361,1363,1426,1427,0,0,0,0,0,0,0,0,0,1,1,0,5,5,0,0
1363,1363,1362,1364,1427,1428,0,0,0,0,0,0,0,0,0,1,1,0,5,5,0,0
1364,1364,1363,1365,1428,1429,0,0,0,0,0,0,0,0,0,1,1,0,5,5,0,0
1365,1365,1364,1366,1429,1430,0,0,0,0,0,0,0,0,0,1,1,0,5,5,0,0
1366,1366,1365,1367,1430,1431,0,0,0,0,0,0,0,0,0,1,1,0,5,5,0,0
1367,1367,1366,1368,1431,1432,0,0,0,0,0,0,0,0,0,1,1,0,5,5,0,0
1368,1368,1367,1369,1432,1433,0,0,0,0,0,0,0,0,0,1,1,0,5,5,0,0
1369,1369,1368,1370,1433,1434,0,0,0,0,0,0,0,0,0,1,1,0,5,5,0,0
1370,1370,1369,1371,1434,1435,0,0,0,0,0,0,0,0,0,1,1,0,5,5,0,0
1371,1371,1370,1372,1435,1436,0,0,0,0,0,0,0,0,0,1,1,0,5,5,0,0
1372,1372,1371,1373,1436,1437,0,0,0,0,0,0,0,0,0,1,1,0,5,5,0,0
1373,1373,1372,1374,1437,1438,0,0,0,0,0,0,0,0,0,1,1,0,5,5,0,0
1374,1374,1373,1375,1438,1439,0,0,0,0,0,0,0,0,0,1,1,0,5,5,0,0
1375,1375,1374,1376,1439,1440,0,0,0,0,0,0,0,0,0,1,1,0,5,5,0,0
1376,1376,1375,1377,1440,1441,0,0,0,0,0,0,0,0,0,1,1,0,5,5,0,0
1377,1377,1376,1378,1441,1442,0,0,0,0,0,0,0,0,0,1,1,0,5,5,0,0
1378,1378,1377,1379,1442,1443,0,0,0,0,0,0,0,0,0,1,1,0,5,5,0,0
1379,1379,1378,1380,1443,1444,0,0,0,0,0,0,0,0,0,1,1,0,5,5,0,0
1380,1380,1379,1381,1444,1445,0,0,0,0,0,0,0,0,0,1,1,0,5,5,0,0
1381,1381,1380,1382,1445,1446,0,0,0,0,0,0,0,0,0,1,1,0,5,5,0,0
1382,1382,1381,1383,1446,1447,0,0,0,0,0,0,0,0,0,1,1,0,5,5,0,0
1383,1383,1382,1384,1447,1448,0,0,0,0,0,0,0,0,0,1,1,0,5,5,0,0
1384,1384,1383,1385,1448,1449,0,0,0,0,0,0,0,0,0,1,1,0,5,5,0,0
1385,1385,1384,1386,1449,1450,0,0,0,0,0,0,0,0,0,1,1,0,5,5,0,0
1386,1386,1385,1387,1450,1451,0,0,0,0,0,0,0,0,0,1,1,0,5,5,0,0
1387,1387,1386,1388,1451,1452,0,0,0,0,0,0,0,0,0,1,1,0,5,5,0,0
1388,1388,1387,1389,1452,1453,0,0,0,0,0,0,0,0,0,1,1,0,5,5,0,0
1389,1389,1388,1390,1453,1454,0,0,0,0,0,0,0,0,0,1,1,0,5,5,0,0
1390,1390,1389,1391,1454,1455,0,0,0,0,0,0,0,0,0,1,1,0,5,5,0,0
1391,1391,1390,1392,1455,1456,0,0,0,0,0,0,0,0,0,1,1,0,5,5,0,0
1392,1392,1391,1393,1456,1457,0,0,0,0,0,0,0,0,0,1,1,0,5,5,0,0
1393,1393,1392,1394,1457,1458,0,0,0,0,0,0,0,0,0,1,1,0,5,5,0,0
1394,1394,1393,1395,1458,1459,0,0,0,0,0,0,0,0,0,1,1,0,5,5,0,0
1395,1395,1394,1396,1459,1460,0,0,0,0,0,0,0,0,0,1,1,0,5,5,0,0
1396,1396,1395,1397,1460,1461,0,0,0,0,0,0,0,0,0,1,1,0,5,5,0,0
1397,1397,1396,1398,1461,1462,0,0,0,0,0,0,0,0,0,1,1,0,5,5,0,0
1398,1398,1397,1399,1462,1463,0,0,0,0,0,0,0,0,0,1,1,0,5,5,0,0
1399,1399,1398,1400,1463,1464,0,0,0,0,0,0,0,0,0,1,1,0,5,5,0,0
1400,1400,1399,1401,1464,1465,0,0,0,0,0,0,0,0,0,1,1,0,5,5,0,0
1401,1401,1400,1402,1465,1466,0,0,0,0,0,0,0,0,0,1,1,0,5,5,0,0
1402,1402,1401,1403,1466,1467,0,0,0,0,0,0,0,0,0,1,1,0,5,5,0,0
1403,1403,1402,1404,1467,1468,0,0,0,0,0,0,0,0,0,1,1,0,5,5,0,0
1404,1404,1403,1405,1468,1469,0,0,0,0,0,0,0,0,0,1,1,0,5,5,0,0
1405,1405,1404,1406,1469,1470,0,0,0,0,0,0,0,0,0,1,1,0,5,5,0,0
1406,1406,1405,1407,1470,1471,0,0,0,0,0,0,0,0,0,1,1,0,5,5,0,0
1407,1407,1406,1408,1471,1472,0,0,0,0,0,0,0,0,0,1,1,0,5,5,0,0
1408,1408,1407,1409,1472,1473,0,0,0,0,0,0,0,0,0,1,1,0,5,5,0,0
1409,1409,1408,1410,1473,1474,0,0,0,0,0,0,0,0,0,1,1,0,5,5,0,0
1410,1410,1409,1411,1474,1475,0,0,0,0,0,0,0,0,0,1,1,0,5,5,0,0
1411,1411,1410,1412,1475,1476,0,0,0,0,0,0,0,0,0,1,1,0,5,5,0,0
1412,1412,1411,1413,1476,1477,0,0,0,0,0,0,0,0,0,1,1,0,5,5,0,0
1413,1413,1412,1414,1477,1478,0,0,0,0,0,0,0,0,0,1,1,0,5,5,0,0
1414,1414,1413,1415,1478,1479,0,0,0,0,0,0,0,0,0,1,1,0,5,5,0,0
1415,1415,1414,1416,1479,1480,0,0,0,0,0,0,0,0,0,1,1,0,5,5,0,0
1416,1416,1415,1417,1480,1481,0,0,0,0,0,0,0,0,0,1,1,0,5,5,0,0
1417,1417,1416,1418,1481,1482,0,0,0,0,0,0,0,0,0,1,1,0,5,5,0,0
1418,1418,1417,1419,1482,1483,0,0,0,0,0,0,0,0,0,1,1,0,5,5,0,0
1419,1419,1418,1420,1483,1484,0,0,0,0,0,0,0,0,0,1,1,0,5,5,0,0
1420,1420,1419,1421,1484,1485,0,0,0,0,0,0,0,0,0,1,1,0,5,5,0,0
1421,1421,1420,1422,1485,1486,0,0,0,0,0,0,0,0,0,1,1,0,5,5,0,0
1422,1422,1421,1423,1486,1487,0,0,0,0,0,0,0,0,0,1,1,0,5,5,0,0
1423,1423,1422,1424,1487,1488,0,0,0,0,0,0,0,0,0,1,1,0,5,5,0,0
1424,1424,1423,1425,1488,1489,0,0,0,0,0,0,0,0,0,1,1,0,5,5,0,0
1425,1425,1424,1426,1489,1490,0,0,0,0,0,0,0,0,0,1,1,0,5,5,0,0
1426,1426,1425,1427,1490,1491,0,0,0,0,0,0,0,0,0,1,1,0,5,5,0,0
1427,1427,1426,1428,1491,1492,0,0,0,0,0,0,0,0,0,1,1,0,5,5,0,0
1428,1428,1427,1429,1492,1493,0,0,0,0,0,0,0,0,0,1,1,0,5,5,0,0
1429,1429,1428,1430,1493,1494,0,0,0,0,0,0,0,0,0,1,1,0,5,5,0,0
1430,1430,1429,1431,1494,1495,0,0,0,0,0,0,0,0,0,1,1,0,5,5,0,0
1431,1431,1430,1432,1495,1496,0,0,0,0,0,0,0,0,0,1,1,0,5,5,0,0
1432,1432,1431,1433,1496,1497,0,0,0,0,0,0,0,0,0,1,1,0,5,5,0,0
1433,1433,1432,1434,1497,1498,0,0,0,0,0,0,0,0,0,1,1,0,5,5,0,0
1434,1434,1433,1435,1498,1499,0,0,0,0,0,0,0,0,0,1,1,0,5,5,0,0
1435,1435,1434,1436,1499,1500,0,0,0,0,0,0,0,0,0,1,1,0,5,5,0,0
1436,1436,1435,1437,1500,1501,0,0,0,0,0,0,0,0,0,1,1,0,5,5,0,0
1437,1437,1436,1438,1501,1502,0,0,0,0,0,0,0,0,0,1,1,0,5,5,0,0
1438,1438,1437,1439,1502,1503,0,0,0,0,0,0,0,0,0,1,1,0,5,5,0,0
1439,1439,1438,1440,1503,1504,0,0,0,0,0,0,0,0,0,1,1,0,5,5,0,0
1440,1440,1439,1441,1504,1505,0,0,0,0,0,0,0,0,0,1,1,0,5,5,0,0
1441,1441,1440,1442,1505,1506,0,0,0,0,0,0,0,0,0,1,1,0,5,5,0,0
1442,1442,1441,1443,1506,1507,0,0,0,0,0,0,0,0,0,1,1,0,5,5,0,0
1443,1443,1442,1444,1507,1508,0,0,0,0,0,0,0,0,0,1,1,0,5,5,0,0
1444,1444,1443,1445,1508,1509,0,0,0,0,0,0,0,0,0,1,1,0,5,5,0,0
1445,1445,1444,1446,1509,1510,0,0,0,0,0,0,0,0,0,1,1,0,5,5,0,0
1446,1446,1445,1447,1510,1511,0,0,0,0,0,0,0,0,0,1,1,0,5,5,0,0
1447,1447,1446,1448,1511,1512,0,0,0,0,0,0,0,0,0,1,1,0,5,5,0,0
1448,1448,1447,1449,1512,1513,0,0,0,0,0,0,0,0,0,1,1,0,5,5,0,0
1449,1449,1448,1450,1513,1514,0,0,0,0,0,0,0,0,0,1,1,0,5,5,0,0
1450,1450,1449,1451,1514,1515,0,0,0,0,0,0,0,0,0,1,1,0,5,5,0,0
1451,1451,1450,1452,1515,1516,0,0,0,0,0,0,0,0,0,1,1,0,5,5,0,0
1452,1452,1451,1453,1516,1517,0,0,0,0,0,0,0,0,0,1,1,0,5,5,0,0
1453,1453,1452,1454,1517,1518,0,0,0,0,0,0,0,0,0,1,1,0,5,5,0,0
1454,1454,1453,1455,1518,1519,0,0,0,0,0,0,0,0,0,1,1,0,5,5,0,0
1455,1455,1454,1456,1519,1520,0,0,0,0,0,0,0,0,0,1,1,0,5,5,0,0
1456,1456,1455,1457,1520,1521,0,0,0,0,0,0,0,0,0,1,1,0,5,5,0,0
1457,1457,1456,1458,1521,1522,0,0,0,0,0,0,0,0,0,1,1,0,5,5,0,0
1458,1458,1457,1459,1522,1523,0,0,0,0,0,0,0,0,0,1,1,0,5,5,0,0
1459,1459,1458,1460,1523,1524,0,0,0,0,0,0,0,0,0,1,1,0,5,5,0,0
1460,1460,1459,1461,1524,1525,0,0,0,0,0,0,0,0,0,1,1,0,5,5,0,0
1461,1461,1460,1462,1525,1526,0,0,0,0,0,0,0,0,0,1,1,0,5,5,0,0
1462,1462,1461,1463,1526,1527,0,0,0,0,0,0,0,0,0,1,1,0,5,5,0,0
1463,1463,1462,1464,1527,1528,0,0,0,0,0,0,0,0,0,1,1,0,5,5,0,0
1464,1464,1463,1465,1528,1529,0,0,0,0,0,0,0,0,0,1,1,0,5,5,0,0
1465,1465,1464,1466,1529,1530,0,0,0,0,0,0,0,0,0,1,1,0,5,5,0,0
1466,1466,1465,1467,1530,1531,0,0,0,0,0,0,0,0,0,1,1,0,5,5,0,0
1467,1467,1466,1468,1531,1532,0,0,0,0,0,0,0,0,0,1,1,0,5,5,0,0
1468,1468,1467,1469,1532,1533,0,0,0,0,0,0,0,0,0,1,1,0,5,5,0,0
1469,1469,1468,1470,1533,1534,0,0,0,0,0,0,0,0,0,1,1,0,5,5,0,0
1470,1470,1469,1471,1534,1535,0,0,0,0,0,0,0,0,0,1,1,0,5,5,0,0
1471,1471,1470,1472,1535,1536,0,0,0,0,0,0,0,0,0,1,1,0,5,5,0,0
1472,1472,1471,1473,1536,1537,0,0,0,0,0,0,0,0,0,1,1,0,5,5,0,0
1473,1473,1472,1474,1537,1538,0,0,0,0,0,0,0,0,0,1,1,0,5,5,0,0
1474,1474,1473,1475,1538,1539,0,0,0,0,0,0,0,0,0,1,1,0,5,5,0,0
1475,1475,1474,1476,1539,1540,0,0,0,0,0,0,0,0,0,1,1,0,5,5,0,0
1476,1476,1475,1477,1540,1541,0,0,0,0,0,0,0,0,0,1,1,0,5,5,0,0
1477,1477,1476,1478,1541,1542,0,0,0,0,0,0,0,0,0,1,1,0,5,5,0,0
1478,1478,1477,1479,1542,1543,0,0,0,0,0,0,0,0,0,1,1,0,5,5,0,0
1479,1479,1478,1480,1543,1544,0,0,0,0,0,0,0,0,0,1,1,0,5,5,0,0
1480,1480,1479,1481,1544,1545,0,0,0,0,0,0,0,0,0,1,1,0,5,5,0,0
1481,1481,1480,1482,1545,1546,0,0,0,0,0,0,0,0,0,1,1,0,5,5,0,0
1482,1482,1481,1483,1546,1547,0,0,0,0,0,0,0,0,0,1,1,0,5,5,0,0
1483,1483,1482,1484,1547,1548,0,0,0,0,0,0,0,0,0,1,1,0,5,5,0,0
1484,1484,1483,1485,1548,1549,0,0,0,0,0,0,0,0,0,1,1,0,5,5,0,0
1485,1485,1484,1486,1549,1550,0,0,0,0,0,0,0,0,0,1,1,0,5,5,0,0
1486,1486,1485,1487,1550,1551,0,0,0,0,0,0,0,0,0,1,1,0,5,5,0,0
1487,1487,1486,1488,1551,1552,0,0,0,0,0,0,0,0,0,1,1,0,5,5,0,0
1488,1488,1487,1489,1552,1553,0,0,0,0,0,0,0,0,0,1,1,0,5,5,0,0
1489,1489,1488,1490,1553,1554,0,0,0,0,0,0,0,0,0,1,1,0,5,5,0,0
1490,1490,1489,1491,1554,1555,0,0,0,0,0,0,0,0,0,1,1,0,5,5,0,0
1491,1491,1490,1492,1555,1556,0,0,0,0,0,0,0,0,0,1,1,0,5,5,0,0
1492,1492,1491,1493,1556,1557,0,0,0,0,0,0,0,0,0,1,1,0,5,5,0,0
1493,1493,1492,1494,1557,1558,0,0,0,0,0,0,0,0,0,1,1,0,5,5,0,0
1494,1494,1493,1495,1558,1559,0,0,0,0,0,0,0,0,0,1,1,0,5,5,0,0
1495,1495,1494,1496,1559,1560,0,0,0,0,0,0,0,0,0,1,1,0,5,5,0,0
1496,1496,1495,1497,1560,1561,0,0,0,0,0,0,0,0,0,1,1,0,5,5,0,0
1497,1497,1496,1498,1561,1562,0,0,0,0,0,0,0,0,0,1,1,0,5,5,0,0
1498,1498,1497,1499,1562,1563,0,0,0,0,0,0,0,0,0,1,1,0,5,5,0,0
1499,1499,1498,1500,1563,1564,0,0,0,0,0,0,0,0,0,1,1,0,5,5,0,0
1500,1500,1499,1501,1564,1565,0,0,0,0,0,0,0,0,0,1,1,0,5,5,0,0
1501,1501,1500,1502,1565,1566,0,0,0,0,0,0,0,0,0,1,1,0,5,5,0,0
1502,1502,1501,1503,1566,1567,0,0,0,0,0,0,0,0,0,1,1,0,5,5,0,0
1503,1503,1502,1504,1567,1568,0,0,0,0,0,0,0,0,0,1,1,0,5,5,0,0
1504,1504,1503,1505,1568,1569,0,0,0,0,0,0,0,0,0,1,1,0,5,5,0,0
1505,1505,1504,1506,1569,1570,0,0,0,0,0,0,0,0,0,1,1,0,5,5,0,0
1506,1506,1505,1507,1570,1571,0,0,0,0,0,0,0,0,0,1,1,0,5,5,0,0
1507,1507,1506,1508,1571,1572,0,0,0,0,0,0,0,0,0,1,1,0,5,5,0,0
1508,1508,1507,1509,1572,1573,0,0,0,0,0,0,0,0,0,1,1,0,5,5,0,0
1509,1509,1508,1510,1573,1574,0,0,0,0,0,0,0,0,0,1,1,0,5,5,0,0
1510,1510,1509,1511,1574,1575,0,0,0,0,0,0,0,0,0,1,1,0,5,5,0,0
1511,1511,1510,1512,1575,1576,0,0,0,0,0,0,0,0,0,1,1,0,5,5,0,0
1512,1512,1511,1513,1576,1577,0,0,0,0,0,0,0,0,0,1,1,0,5,5,0,0
1513,1513,1512,1514,1577,1578,0,0,0,0,0,0,0,0,0,1,1,0,5,5,0,0
1514,1514,1513,1515,1578,1579,0,0,0,0,0,0,0,0,0,1,1,0,5,5,0,0
1515,1515,1514,1516,1579,1580,0,0,0,0,0,0,0,0,0,1,1,0,5,5,0,0
1516,1516,1515,1517,1580,1581,0,0,0,0,0,0,0,0,0,1,1,0,5,5,0,0
1517,1517,1516,1518,1581,1582,0,0,0,0,0,0,0,0,0,1,1,0,5,5,0,0
1518,1518,1517,1519,1582,1583,0,0,0,0,0,0,0,0,0,1,1,0,5,5,0,0
1519,1519,1518,1520,1584,1585,2,0,0,0,0,0,0,0,0,1,1,0,5,5,0,0
1520,1520,1519,1521,1586,1587,0,0,0,0,0,0,0,0,0,1,1,0,5,5,0,0
1521,1521,1520,1522,1587,1588,0,0,0,0,0,0,0,0,0,1,1,0,5,5,0,0
1522,1522,1521,1523,1588,1589,0,0,0,0,0,0,0,0,0,1,1,0,5,5,0,0
1523,1523,1522,1524,1589,1590,0,0,0,0,0,0,0,0,0,1,1,0,5,5,0,0
1524,1524,1523,1525,1590,1591,0,0,0,0,0,0,0,0,0,1,1,0,5,5,0,0
1525,1525,1524,1526,1591,1592,0,0,0,0,0,0,0,0,0,1,1,0,5,5,0,0
1526,1526,1525,1527,1592,1593,0,0,0,0,0,0,0,0,0,1,1,0,5,5,0,0
1527,1527,1526,1528,1593,1594,0,0,0,0,0,0,0,0,0,1,1,0,5,5,0,0
1528,1528,1527,1529,1594,1595,0,0,0,0,0,0,0,0,0,1,1,0,5,5,0,0
1529,1529,1528,1530,1595,1596,0,0,0,0,0,0,0,0,0,1,1,0,5,5,0,0
1530,1530,1529,0,1597,1598,4,0,0,0,0,0,0,0,0,1,1,0,5,5,0,0
1531,1531,0,1532,1599,1600,0,0,0,0,0,0,0,0,0,1,1,0,5,5,0,0
1532,1532,1531,1533,1600,1601,0,0,0,0,0,0,0,0,0,1,1,0,5,5,0,0
1533,1533,1532,1534,1601,1602,0,0,0,0,0,0,0,0,0,1,1,0,5,5,0,0
1534,1534,1533,1535,1602,1603,0,0,0,0,0,0,0,0,0,1,1,0,5,5,0,0
1535,1535,1534,1536,1603,1604,0,0,0,0,0,0,0,0,0,1,1,0,5,5,0,0
1536,1536,1535,1537,1604,1605,0,0,0,0,0,0,0,0,0,1,1,0,5,5,0,0
1537,1537,1536,1538,1605,1606,0,0,0,0,0,0,0,0,0,1,1,0,5,5,0,0
1538,1538,1537,1539,1606,1607,0,0,0,0,0,0,0,0,0,1,1,0,5,5,0,0
1539,1539,1538,1540,1607,1608,0,0,0,0,0,0,0,0,0,1,1,0,5,5,0,0
1540,1540,1539,1541,1608,1609,0,0,0,0,0,0,0,0,0,1,1,0,5,5,0,0
1541,1541,1540,1542,1609,1610,0,0,0,0,0,0,0,0,0,1,1,0,5,5,0,0
1542,1542,1541,1543,1610,1611,0,0,0,0,0,0,0,0,0,1,1,0,5,5,0,0
1543,1543,1542,1544,1611,1612,0,0,0,0,0,0,0,0,0,1,1,0,5,5,0,0
1544,1544,1543,1545,1612,1613,0,0,0,0,0,0,0,0,0,1,1,0,5,5,0,0
1545,1545,1544,1546,1613,1614,0,0,0,0,0,0,0,0,0,1,1,0,5,5,0,0
1546,1546,1545,1547,1614,1615,0,0,0,0,0,0,0,0,0,1,1,0,5,5,0,0
1547,1547,1546,1548,1615,1616,0,0,0,0,0,0,0,0,0,1,1,0,5,5,0,0
1548,1548,1547,1549,1616,1617,0,0,0,0,0,0,0,0,0,1,1,0,5,5,0,0
1549,1549,1548,1550,1617,1618,0,0,0,0,0,0,0,0,0,1,1,0,5,5,0,0
1550,1550,1549,1551,1618,1619,0,0,0,0,0,0,0,0,0,1,1,0,5,5,0,0
1551,1551,1550,1552,1619,1620,0,0,0,0,0,0,0,0,0,1,1,0,5,5,0,0
1552,1552,1551,1553,1620,1621,0,0,0,0,0,0,0,0,0,1,1,0,5,5,0,0
1553,1553,1552,1554,1621,1622,0,0,0,0,0,0,0,0,0,1,1,0,5,5,0,0
1554,1554,1553,1555,1622,1623,0,0,0,0,0,0,0,0,0,1,1,0,5,5,0,0
1555,1555,1554,1556,1623,1624,0,0,0,0,0,0,0,0,0,1,1,0,5,5,0,0
1556,1556,1555,1557,1624,1625,0,0,0,0,0,0,0,0,0,1,1,0,5,5,0,0
1557,1557,1556,1558,1625,1626,0,0,0,0,0,0,0,0,0,1,1,0,5,5,0,0
1558,1558,1557,1559,1626,1627,0,0,0,0,0,0,0,0,0,1,1,0,5,5,0,0
1559,1559,1558,1560,1627,1628,0,0,0,0,0,0,0,0,0,1,1,0,5,5,0,0
1560,1560,1559,1561,1628,1629,0,0,0,0,0,0,0,0,0,1,1,0,5,5,0,0
1561,1561,1560,1562,1629,1630,0,0,0,0,0,0,0,0,0,1,1,0,5,5,0,0
1562,1562,1561,1563,1630,1631,0,0,0,0,0,0,0,0,0,1,1,0,5,5,0,0
1563,1563,1562,1564,1631,1632,0,0,0,0,0,0,0,0,0,1,1,0,5,5,0,0
1564,1564,1563,1565,1632,1633,0,0,0,0,0,0,0,0,0,1,1,0,5,5,0,0
1565,1565,1564,1566,1633,1634,0,0,0,0,0,0,0,0,0,1,1,0,5,5,0,0
1566,1566,1565,1567,1634,1635,0,0,0,0,0,0,0,0,0,1,1,0,5,5,0,0
1567,1567,1566,1568,1635,1636,0,0,0,0,0,0,0,0,0,1,1,0,5,5,0,0
1568,1568,1567,1569,1636,1637,0,0,0,0,0,0,0,0,0,1,1,0,5,5,0,0
1569,1569,1568,1570,1637,1638,0,0,0,0,0,0,0,0,0,1,1,0,5,5,0,0
1570,1570,1569,1571,1638,1639,0,0,0,0,0,0,0,0,0,1,1,0,5,5,0,0
1571,1571,1570,1572,1639,1640,0,0,0,0,0,0,0,0,0,1,1,0,5,5,0,0
1572,1572,1571,1573,1640,1641,0,0,0,0,0,0,0,0,0,1,1,0,5,5,0,0
1573,1573,1572,1574,1641,1642,0,0,0,0,0,0,0,0,0,1,1,0,5,5,0,0
1574,1574,1573,1575,1642,1643,0,0,0,0,0,0,0,0,0,1,1,0,5,5,0,0
1575,1575,1574,1576,1643,1644,0,0,0,0,0,0,0,0,0,1,1,0,5,5,0,0
1576,1576,1575,1577,1644,1645,0,0,0,0,0,0,0,0,0,1,1,0,5,5,0,0
1577,1577,1576,1578,1645,1646,0,0,0,0,0,0,0,0,0,1,1,0,5,5,0,0
1578,1578,1577,1579,1646,1647,0,0,0,0,0,0,0,0,0,1,1,0,5,5,0,0
1579,1579,1578,1580,1647,1648,0,0,0,0,0,0,0,0,0,1,1,0,5,5,0,0
1580,1580,1579,1581,1648,1649,0,0,0,0,0,0,0,0,0,1,1,0,5,5,0,0
1581,1581,1580,1582,1649,1650,0,0,0,0,0,0,0,0,0,1,1,0,5,5,0,0
1582,1582,1581,1583,1650,1651,0,0,0,0,0,0,0,0,0,1,1,0,5,5,0,0
1583,1583,1582,1584,1651,1652,0,0,0,0,0,0,0,0,0,1,1,0,5,5,0,0
1584,1584,1583,1585,1652,1653,0,0,0,0,0,0,0,0,0,1,1,0,5,5,0,0
1585,1585,1584,1586,1653,1654,0,0,0,0,0,0,0,0,0,1,1,0,5,5,0,0
1586,1586,1585,1587,1654,1655,0,0,0,0,0,0,0,0,0,1,1,0,5,5,0,0
1587,1587,1586,1588,1655,1656,0,0,0,0,0,0,0,0,0,1,1,0,5,5,0,0
1588,1588,1587,1589,1656,1657,0,0,0,0,0,0,0,0,0,1,1,0,5,5,0,0
1589,1589,1588,1590,1657,1658,0,0,0,0,0,0,0,0,0,1,1,0,5,5,0,0
1590,1590,1589,1591,1658,1659,0,0,0,0,0,0,0,0,0,1,1,0,5,5,0,0
1591,1591,1590,1592,1659,1660,0,0,0,0,0,0,0,0,0,1,1,0,5,5,0,0
1592,1592,1591,1593,1660,1661,0,0,0,0,0,0,0,0,0,1,1,0,5,5,0,0
1593,1593,1592,1594,1661,1662,0,0,0,0,0,0,0,0,0,1,1,0,5,5,0,0
1594,1594,1593,1595,1662,1663,0,0,0,0,0,0,0,0,0,1,1,0,5,5,0,0
1595,1595,1594,1596,1663,1664,0,0,0,0,0,0,0,0,0,1,1,0,5,5,0,0
1596,1596,1595,1597,1665,1666,1,0,0,0,0,0,0,0,0,1,1,0,5,5,0,0
1597,1597,1596,1598,1667,1668,0,0,0,0,0,0,0,0,0,1,1,0,5,5,0,0
1598,1598,1597,1599,1668,1669,0,0,0,0,0,0,0,0,0,1,1,0,5,5,0,0
1599,1599,1598,1600,1669,1670,0,0,0,0,0,0,0,0,0,1,1,0,5,5,0,0
1600,1600,1599,1601,1670,1671,0,0,0,0,0,0,0,0,0,1,1,0,5,5,0,0
1601,1601,1600,1602,1671,1672,0,0,0,0,0,0,0,0,0,1,1,0,5,5,0,0
1602,1602,1601,1603,1672,1673,0,0,0,0,0,0,0,0,0,1,1,0,5,5,0,0
1603,1603,1602,1604,1673,1674,0,0,0,0,0,0,0,0,0,1,1,0,5,5,0,0
1604,1604,1603,1605,1674,1675,0,0,0,0,0,0,0,0,0,1,1,0,5,5,0,0
1605,1605,1604,1606,1675,1676,0,0,0,0,0,0,0,0,0,1,1,0,5,5,0,0
1606,1606,1605,1607,1676,1677,0,0,0,0,0,0,0,0,0,1,1,0,5,5,0,0
1607,1607,1606,1608,1677,1678,0,0,0,0,0,0,0,0,0,1,1,0,5,5,0,0
1608,1608,1607,1609,1678,1679,0,0,0,0,0,0,0,0,0,1,1,0,5,5,0,0
1609,1609,1608,1610,1679,1680,0,0,0,0,0,0,0,0,0,1,1,0,5,5,0,0
1610,1610,1609,1611,1681,1682,3,0,0,0,0,0,0,0,0,1,1,0,5,5,0,0
1611,1611,1610,1612,1683,1684,0,0,0,0,0,0,0,0,0,1,1,0,5,5,0,0
1612,1612,1611,1613,1684,1685,0,0,0,0,0,0,0,0,0,1,1,0,5,5,0,0
1613,1613,1612,1614,1685,1686,0,0,0,0,0,0,0,0,0,1,1,0,5,5,0,0
1614,1614,1613,1615,1686,1687,0,0,0,0,0,0,0,0,0,1,1,0,5,5,0,0
1615,1615,1614,1616,1687,1688,0,0,0,0,0,0,0,0,0,1,1,0,5,5,0,0
1616,1616,1615,1617,1688,1689,0,0,0,0,0,0,0,0,0,1,1,0,5,5,0,0
1617,1617,1616,1618,1689,1690,0,0,0,0,0,0,0,0,0,1,1,0,5,5,0,0
1618,1618,1617,1619,1690,1691,0,0,0,0,0,0,0,0,0,1,1,0,5,5,0,0
1619,1619,1618,1620,1691,1692,0,0,0,0,0,0,0,0,0,1,1,0,5,5,0,0
1620,1620,1619,1621,1692,1693,0,0,0,0,0,0,0,0,0,1,1,0,5,5,0,0
1621,1621,1620,1622,1693,1694,0,0,0,0,0,0,0,0,0,1,1,0,5,5,0,0
1622,1622,1621,1623,1694,1695,0,0,0,0,0,0,0,0,0,1,1,0,5,5,0,0
1623,1623,1622,1624,1695,1696,0,0,0,0,0,0,0,0,0,1,1,0,5,5,0,0
1624,1624,1623,1625,1696,1697,0,0,0,0,0,0,0,0,0,1,1,0,5,5,0,0
1625,1625,1624,1626,1697,1698,0,0,0,0,0,0,0,0,0,1,1,0,5,5,0,0
1626,1626,1625,1627,1698,1699,0,0,0,0,0,0,0,0,0,1,1,0,5,5,0,0
1627,1627,1626,1628,1699,1700,0,0,0,0,0,0,0,0,0,1,1,0,5,5,0,0
1628,1628,1627,1629,1700,1701,0,0,0,0,0,0,0,0,0,1,1,0,5,5,0,0
1629,1629,1628,1630,1701,1702,0,0,0,0,0,0,0,0,0,1,1,0,5,5,0,0
1630,1630,1629,1631,1702,1703,0,0,0,0,0,0,0,0,0,1,1,0,5,5,0,0
1631,1631,1630,1632,1703,1704,0,0,0,0,0,0,0,0,0,1,1,0,5,5,0,0
1632,1632,1631,1633,1704,1705,0,0,0,0,0,0,0,0,0,1,1,0,5,5,0,0
1633,1633,1632,1634,1705,1706,0,0,0,0,0,0,0,0,0,1,1,0,5,5,0,0
1634,1634,1633,1635,1706,1707,0,0,0,0,0,0,0,0,0,1,1,0,5,5,0,0
1635,1635,1634,1636,1707,1708,0,0,0,0,0,0,0,0,0,1,1,0,5,5,0,0
1636,1636,1635,1637,1708,1709,0,0,0,0,0,0,0,0,0,1,1,0,5,5,0,0
1637,1637,1636,1638,1709,1710,0,0,0,0,0,0,0,0,0,1,1,0,5,5,0,0
1638,1638,1637,1639,1710,1711,0,0,0,0,0,0,0,0,0,1,1,0,5,5,0,0
1639,1639,1638,1640,1711,1712,0,0,0,0,0,0,0,0,0,1,1,0,5,5,0,0
1640,1640,1639,1641,1712,1713,0,0,0,0,0,0,0,0,0,1,1,0,5,5,0,0
1641,1641,1640,1642,1713,1714,0,0,0,0,0,0,0,0,0,1,1,0,5,5,0,0
1642,1642,1641,1643,1714,1715,0,0,0,0,0,0,0,0,0,1,1,0,5,5,0,0
1643,1643,1642,1644,1715,1716,0,0,0,0,0,0,0,0,0,1,1,0,5,5,0,0
1644,1644,1643,1645,1716,1717,0,0,0,0,0,0,0,0,0,1,1,0,5,5,0,0
1645,1645,1644,1646,1717,1718,0,0,0,0,0,0,0,0,0,1,1,0,5,5,0,0
1646,1646,1645,1647,1718,1719,0,0,0,0,0,0,0,0,0,1,1,0,5,5,0,0
1647,1647,1646,1648,1719,1720,0,0,0,0,0,0,0,0,0,1,1,0,5,5,0,0
1648,1648,1647,1649,1720,1721,0,0,0,0,0,0,0,0,0,1,1,0,5,5,0,0
1649,1649,1648,1650,1721,1722,0,0,0,0,0,0,0,0,0,1,1,0,5,5,0,0
1650,1650,1649,1651,1722,1723,0,0,0,0,0,0,0,0,0,1,1,0,5,5,0,0
1651,1651,1650,1652,1723,1724,0,0,0,0,0,0,0,0,0,1,1,0,5,5,0,0
1652,1652,1651,1653,1724,1725,0,0,0,0,0,0,0,0,0,1,1,0,5,5,0,0
1653,1653,1652,1654,1725,1726,0,0,0,0,0,0,0,0,0,1,1,0,5,5,0,0
1654,1654,1653,1655,1726,1727,0,0,0,0,0,0,0,0,0,1,1,0,5,5,0,0
1655,1655,1654,1656,1727,1728,0,0,0,0,0,0,0,0,0,1,1,0,5,5,0,0
1656,1656,1655,1657,1728,1729,0,0,0,0,0,0,0,0,0,1,1,0,5,5,0,0
1657,1657,1656,1658,1729,1730,0,0,0,0,0,0,0,0,0,1,1,0,5,5,0,0
1658,1658,1657,1659,1730,1731,0,0,0,0,0,0,0,0,0,1,1,0,5,5,0,0
1659,1659,1658,1660,1731,1732,0,0,0,0,0,0,0,0,0,1,1,0,5,5,0,0
1660,1660,1659,1661,1732,1733,0,0,0,0,0,0,0,0,0,1,1,0,5,5,0,0
1661,1661,1660,1662,1733,1734,0,0,0,0,0,0,0,0,0,1,1,0,5,5,0,0
1662,1662,1661,1663,1734,1735,0,0,0,0,0,0,0,0,0,1,1,0,5,5,0,0
1663,1663,1662,1664,1735,1736,0,0,0,0,0,0,0,0,0,1,1,0,5,5,0,0
1664,1664,1663,1665,1736,1737,0,0,0,0,0,0,0,0,0,1,1,0,5,5,0,0
1665,1665,1664,1666,1737,1738,0,0,0,0,0,0,0,0,0,1,1,0,5,5,0,0
1666,1666,1665,1667,1738,1739,0,0,0,0,0,0,0,0,0,1,1,0,5,5,0,0
1667,1667,1666,1668,1739,1740,0,0,0,0,0,0,0,0,0,1,1,0,5,5,0,0
1668,1668,1667,1669,1740,1741,0,0,0,0,0,0,0,0,0,1,1,0,5,5,0,0
1669,1669,1668,1670,1741,1742,0,0,0,0,0,0,0,0,0,1,1,0,5,5,0,0
1670,1670,1669,1671,1742,1743,0,0,0,0,0,0,0,0,0,1,1,0,5,5,0,0
1671,1671,1670,1672,1743,1744,0,0,0,0,0,0,0,0,0,1,1,0,5,5,0,0
1672,1672,1671,1673,1744,1745,0,0,0,0,0,0,0,0,0,1,1,0,5,5,0,0
1673,1673,1672,1674,1745,1746,0,0,0,0,0,0,0,0,0,1,1,0,5,5,0,0
1674,1674,1673,1675,1746,1747,0,0,0,0,0,0,0,0,0,1,1,0,5,5,0,0
1675,1675,1674,1676,1747,1748,0,0,0,0,0,0,0,0,0,1,1,0,5,5,0,0
1676,1676,1675,1677,1748,1749,0,0,0,0,0,0,0,0,0,1,1,0,5,5,0,0
1677,1677,1676,1678,1749,1750,0,0,0,0,0,0,0,0,0,1,1,0,5,5,0,0
1678,1678,1677,1679,1750,1751,0,0,0,0,0,0,0,0,0,1,1,0,5,5,0,0
1679,1679,1678,1680,1751,1752,0,0,0,0,0,0,0,0,0,1,1,0,5,5,0,0
1680,1680,1679,1681,1752,1753,0,0,0,0,0,0,0,0,0,1,1,0,5,5,0,0
1681,1681,1680,1682,1753,1754,0,0,0,0,0,0,0,0,0,1,1,0,5,5,0,0
1682,1682,1681,1683,1754,1755,0,0,0,0,0,0,0,0,0,1,1,0,5,5,0,0
1683,1683,1682,1684,1755,1756,0,0,0,0,0,0,0,0,0,1,1,0,5,5,0,0
1684,1684,1683,1685,1756,1757,0,0,0,0,0,0,0,0,0,1,1,0,5,5,0,0
1685,1685,1684,1686,1757,1758,0,0,0,0,0,0,0,0,0,1,1,0,5,5,0,0
1686,1686,1685,1687,1758,1759,0,0,0,0,0,0,0,0,0,1,1,0,5,5,0,0
1687,1687,1686,1688,1759,1760,0,0,0,0,0,0,0,0,0,1,1,0,5,5,0,0
1688,1688,1687,1689,1760,1761,0,0,0,0,0,0,0,0,0,1,1,0,5,5,0,0
1689,1689,1688,1690,1761,1762,0,0,0,0,0,0,0,0,0,1,1,0,5,5,0,0
1690,1690,1689,1691,1762,1763,0,0,0,0,0,0,0,0,0,1,1,0,5,5,0,0
1691,1691,1690,1692,1763,1764,0,0,0,0,0,0,0,0,0,1,1,0,5,5,0,0
1692,1692,1691,1693,1764,1765,0,0,0,0,0,0,0,0,0,1,1,0,5,5,0,0
1693,1693,1692,1694,1765,1766,0,0,0,0,0,0,0,0,0,1,1,0,5,5,0,0
1694,1694,1693,1695,1766,1767,0,0,0,0,0,0,0,0,0,1,1,0,5,5,0,0
1695,1695,1694,1696,1767,1768,0,0,0,0,0,0,0,0,0,1,1,0,5,5,0,0
1696,1696,1695,1697,1768,1769,0,0,0,0,0,0,0,0,0,1,1,0,5,5,0,0
1697,1697,1696,1698,1769,1770,0,0,0,0,0,0,0,0,0,1,1,0,5,5,0,0
1698,1698,1697,1699,1770,1771,0,0,0,0,0,0,0,0,0,1,1,0,5,5,0,0
1699,1699,1698,1700,1771,1772,0,0,0,0,0,0,0,0,0,1,1,0,5,5,0,0
1700,1700,1699,1701,1772,1773,0,0,0,0,0,0,0,0,0,1,1,0,5,5,0,0
1701,1701,1700,1702,1773,1774,0,0,0,0,0,0,0,0,0,1,1,0,5,5,0,0
1702,1702,1701,1703,1774,1775,0,0,0,0,0,0,0,0,0,1,1,0,5,5,0,0
1703,1703,1702,1704,1775,1776,0,0,0,0,0,0,0,0,0,1,1,0,5,5,0,0
1704,1704,1703,1705,1776,1777,0,0,0,0,0,0,0,0,0,1,1,0,5,5,0,0
1705,1705,1704,1706,1777,1778,0,0,0,0,0,0,0,0,0,1,1,0,5,5,0,0
1706,1706,1705,1707,1779,1780,2,0,0,0,0,0,0,0,0,1,1,0,5,5,0,0
1707,1707,1706,1708,1781,1782,0,0,0,0,0,0,0,0,0,1,1,0,5,5,0,0
1708,1708,1707,1709,1782,1783,0,0,0,0,0,0,0,0,0,1,1,0,5,5,0,0
1709,1709,1708,1710,1783,1784,0,0,0,0,0,0,0,0,0,1,1,0,5,5,0,0
1710,1710,1709,1711,1784,1785,0,0,0,0,0,0,0,0,0,1,1,0,5,5,0,0
1711,1711,1710,1712,1785,1786,0,0,0,0,0,0,0,0,0,1,1,0,5,5,0,0
1712,1712,1711,1713,1786,1787,0,0,0,0,0,0,0,0,0,1,1,0,5,5,0,0
1713,1713,1712,1714,1787,1788,0,0,0,0,0,0,0,0,0,1,1,0,5,5,0,0
1714,1714,1713,1715,1788,1789,0,0,0,0,0,0,0,0,0,1,1,0,5,5,0,0
1715,1715,1714,1716,1789,1790,0,0,0,0,0,0,0,0,0,1,1,0,5,5,0,0
1716,1716,1715,1717,1790,1791,0,0,0,0,0,0,0,0,0,1,1,0,5,5,0,0
1717,1717,1716,1718,1791,1792,0,0,0,0,0,0,0,0,0,1,1,0,5,5,0,0
1718,1718,1717,1719,1792,1793,0,0,0,0,0,0,0,0,0,1,1,0,5,5,0,0
1719,1719,1718,1720,1793,1794,0,0,0,0,0,0,0,0,0,1,1,0,5,5,0,0
1720,1720,1719,1721,1794,1795,0,0,0,0,0,0,0,0,0,1,1,0,5,5,0,0
1721,1721,1720,0,1796,1797,4,0,0,0,0,0,0,0,0,1,1,0,5,5,0,0
1722,1722,2083,1723,1798,1799,0,0,0,0,0,0,0,0,0,1,1,0,5,5,0,0
1723,1723,1722,1724,1799,1800,0,0,0,0,0,0,0,0,0,1,1,0,5,5,0,0
1724,1724,1723,1725,1800,1801,0,0,0,0,0,0,0,0,0,1,1,0,5,5,0,0
1725,1725,1724,1726,1801,1802,0,0,0,0,0,0,0,0,0,1,1,0,5,5,0,0
1726,1726,1725,1727,1802,1803,0,0,0,0,0,0,0,0,0,1,1,0,5,5,0,0
1727,1727,1726,1728,1803,1804,0,0,0,0,0,0,0,0,0,1,1,0,5,5,0,0
1728,1728,1727,1729,1804,1805,0,0,0,0,0,0,0,0,0,1,1,0,5,5,0,0
1729,1729,1728,1730,1805,1806,0,0,0,0,0,0,0,0,0,1,1,0,5,5,0,0
1730,1730,1729,1731,1806,1807,0,0,0,0,0,0,0,0,0,1,1,0,5,5,0,0
1731,1731,1730,1732,1807,1808,0,0,0,0,0,0,0,0,0,1,1,0,5,5,0,0
1732,1732,1731,1733,1808,1809,0,0,0,0,0,0,0,0,0,1,1,0,5,5,0,0
1733,1733,1732,1734,1809,1810,0,0,0,0,0,0,0,0,0,1,1,0,5,5,0,0
1734,1734,1733,1735,1810,1811,0,0,0,0,0,0,0,0,0,1,1,0,5,5,0,0
1735,1735,1734,1736,1811,1812,0,0,0,0,0,0,0,0,0,1,1,0,5,5,0,0
1736,1736,1735,1737,1812,1813,0,0,0,0,0,0,0,0,0,1,1,0,5,5,0,0
1737,1737,1736,1738,1813,1814,0,0,0,0,0,0,0,0,0,1,1,0,5,5,0,0
1738,1738,1737,1739,1814,1815,0,0,0,0,0,0,0,0,0,1,1,0,5,5,0,0
1739,1739,1738,1740,1815,1816,0,0,0,0,0,0,0,0,0,1,1,0,5,5,0,0
1740,1740,1739,1741,1816,1817,0,0,0,0,0,0,0,0,0,1,1,0,5,5,0,0
1741,1741,1740,1742,1817,1818,0,0,0,0,0,0,0,0,0,1,1,0,5,5,0,0
1742,1742,1741,1743,1818,1819,0,0,0,0,0,0,0,0,0,1,1,0,5,5,0,0
1743,1743,1742,1744,1819,1820,0,0,0,0,0,0,0,0,0,1,1,0,5,5,0,0
1744,1744,1743,1745,1820,1821,0,0,0,0,0,0,0,0,0,1,1,0,5,5,0,0
1745,1745,1744,1746,1821,1822,0,0,0,0,0,0,0,0,0,1,1,0,5,5,0,0
1746,1746,1745,1747,1822,1823,0,0,0,0,0,0,0,0,0,1,1,0,5,5,0,0
1747,1747,1746,1748,1823,1824,0,0,0,0,0,0,0,0,0,1,1,0,5,5,0,0
1748,1748,1747,1749,1824,1825,0,0,0,0,0,0,0,0,0,1,1,0,5,5,0,0
1749,1749,1748,1750,1825,1826,0,0,0,0,0,0,0,0,0,1,1,0,5,5,0,0
1750,1750,1749,1751,1826,1827,0,0,0,0,0,0,0,0,0,1,1,0,5,5,0,0
1751,1751,1750,1752,1827,1828,0,0,0,0,0,0,0,0,0,1,1,0,5,5,0,0
1752,1752,1751,1753,1828,1829,0,0,0,0,0,0,0,0,0,1,1,0,5,5,0,0
1753,1753,1752,1754,1829,1830,0,0,0,0,0,0,0,0,0,1,1,0,5,5,0,0
1754,1754,1753,1755,1830,1831,0,0,0,0,0,0,0,0,0,1,1,0,5,5,0,0
1755,1755,1754,1756,1831,1832,0,0,0,0,0,0,0,0,0,1,1,0,5,5,0,0
1756,1756,1755,1757,1832,1833,0,0,0,0,0,0,0,0,0,1,1,0,5,5,0,0
1757,1757,1756,1758,1833,1834,0,0,0,0,0,0,0,0,0,1,1,0,5,5,0,0
1758,1758,1757,1759,1834,1835,0,0,0,0,0,0,0,0,0,1,1,0,5,5,0,0
1759,1759,1758,1760,1835,1836,0,0,0,0,0,0,0,0,0,1,1,0,5,5,0,0
1760,1760,1759,1761,1836,1837,0,0,0,0,0,0,0,0,0,1,1,0,5,5,0,0
1761,1761,1760,1762,1837,1838,0,0,0,0,0,0,0,0,0,1,1,0,5,5,0,0
1762,1762,1761,1763,1838,1839,0,0,0,0,0,0,0,0,0,1,1,0,5,5,0,0
1763,1763,1762,1764,1839,1840,0,0,0,0,0,0,0,0,0,1,1,0,5,5,0,0
1764,1764,1763,1765,1840,1841,0,0,0,0,0,0,0,0,0,1,1,0,5,5,0,0
1765,1765,1764,1766,1841,1842,0,0,0,0,0,0,0,0,0,1,1,0,5,5,0,0
1766,1766,1765,1767,1842,1843,0,0,0,0,0,0,0,0,0,1,1,0,5,5,0,0
1767,1767,1766,1768,1843,1844,0,0,0,0,0,0,0,0,0,1,1,0,5,5,0,0
1768,1768,1767,1769,1844,1845,0,0,0,0,0,0,0,0,0,1,1,0,5,5,0,0
1769,1769,1768,1770,1845,1846,0,0,0,0,0,0,0,0,0,1,1,0,5,5,0,0
1770,1770,1769,1771,1846,1847,0,0,0,0,0,0,0,0,0,1,1,0,5,5,0,0
1771,1771,1770,1772,1847,1848,0,0,0,0,0,0,0,0,0,1,1,0,5,5,0,0
1772,1772,1771,1773,1848,1849,0,0,0,0,0,0,0,0,0,1,1,0,5,5,0,0
1773,1773,1772,1774,1849,1850,0,0,0,0,0,0,0,0,0,1,1,0,5,5,0,0
1774,1774,1773,1775,1850,1851,0,0,0,0,0,0,0,0,0,1,1,0,5,5,0,0
1775,1775,1774,1776,1851,1852,0,0,0,0,0,0,0,0,0,1,1,0,5,5,0,0
1776,1776,1775,1777,1852,1853,0,0,0,0,0,0,0,0,0,1,1,0,5,5,0,0
1777,1777,1776,1778,1853,1854,0,0,0,0,0,0,0,0,0,1,1,0,5,5,0,0
1778,1778,1777,1779,1854,1855,0,0,0,0,0,0,0,0,0,1,1,0,5,5,0,0
1779,1779,1778,1780,1855,1856,0,0,0,0,0,0,0,0,0,1,1,0,5,5,0,0
1780,1780,1779,1781,1856,1857,0,0,0,0,0,0,0,0,0,1,1,0,5,5,0,0
1781,1781,1780,1782,1857,1858,0,0,0,0,0,0,0,0,0,1,1,0,5,5,0,0
1782,1782,1781,1783,1858,1859,0,0,0,0,0,0,0,0,0,1,1,0,5,5,0,0
1783,1783,1782,1784,1859,1860,0,0,0,0,0,0,0,0,0,1,1,0,5,5,0,0
1784,1784,1783,1785,1860,1861,0,0,0,0,0,0,0,0,0,1,1,0,5,5,0,0
1785,1785,1784,1786,1861,1862,0,0,0,0,0,0,0,0,0,1,1,0,5,5,0,0
1786,1786,1785,1787,1862,1863,0,0,0,0,0,0,0,0,0,1,1,0,5,5,0,0
1787,1787,1786,1788,1863,1864,0,0,0,0,0,0,0,0,0,1,1,0,5,5,0,0
1788,1788,1787,1789,1864,1865,0,0,0,0,0,0,0,0,0,1,1,0,5,5,0,0
1789,1789,1788,1790,1865,1866,0,0,0,0,0,0,0,0,0,1,1,0,5,5,0,0
1790,1790,1789,1791,1866,1867,0,0,0,0,0,0,0,0,0,1,1,0,5,5,0,0
1791,1791,1790,1792,1867,1868,0,0,0,0,0,0,0,0,0,1,1,0,5,5,0,0
1792,1792,1791,1793,1868,1869,0,0,0,0,0,0,0,0,0,1,1,0,5,5,0,0
1793,1793,1792,1794,1869,1870,0,0,0,0,0,0,0,0,0,1,1,0,5,5,0,0
1794,1794,1793,1795,1870,1871,0,0,0,0,0,0,0,0,0,1,1,0,5,5,0,0
1795,1795,1794,1796,1871,1872,0,0,0,0,0,0,0,0,0,1,1,0,5,5,0,0
1796,1796,1795,1797,1872,1873,0,0,0,0,0,0,0,0,0,1,1,0,5,5,0,0
1797,1797,1796,1798,1873,1874,0,0,0,0,0,0,0,0,0,1,1,0,5,5,0,0
1798,1798,1797,1799,1874,1875,0,0,0,0,0,0,0,0,0,1,1,0,5,5,0,0
1799,1799,1798,1800,1875,1876,0,0,0,0,0,0,0,0,0,1,1,0,5,5,0,0
1800,1800,1799,1801,1876,1877,0,0,0,0,0,0,0,0,0,1,1,0,5,5,0,0
1801,1801,1800,1802,1877,1878,0,0,0,0,0,0,0,0,0,1,1,0,5,5,0,0
1802,1802,1801,1803,1878,1879,0,0,0,0,0,0,0,0,0,1,1,0,5,5,0,0
1803,1803,1802,1804,1879,1880,0,0,0,0,0,0,0,0,0,1,1,0,5,5,0,0
1804,1804,1803,1805,1880,1881,0,0,0,0,0,0,0,0,0,1,1,0,5,5,0,0
1805,1805,1804,1806,1881,1882,0,0,0,0,0,0,0,0,0,1,1,0,5,5,0,0
1806,1806,1805,1807,1882,1883,0,0,0,0,0,0,0,0,0,1,1,0,5,5,0,0
1807,1807,1806,1808,1883,1884,0,0,0,0,0,0,0,0,0,1,1,0,5,5,0,0
1808,1808,1807,1809,1884,1885,0,0,0,0,0,0,0,0,0,1,1,0,5,5,0,0
1809,1809,1808,1810,1885,1886,0,0,0,0,0,0,0,0,0,1,1,0,5,5,0,0
1810,1810,1809,1811,1886,1887,0,0,0,0,0,0,0,0,0,1,1,0,5,5,0,0
1811,1811,1810,1812,1887,1888,0,0,0,0,0,0,0,0,0,1,1,0,5,5,0,0
1812,1812,1811,1813,1888,1889,0,0,0,0,0,0,0,0,0,1,1,0,5,5,0,0
1813,1813,1812,1814,1889,1890,0,0,0,0,0,0,0,0,0,1,1,0,5,5,0,0
1814,1814,1813,1815,1890,1891,0,0,0,0,0,0,0,0,0,1,1,0,5,5,0,0
1815,1815,1814,1816,1891,1892,0,0,0,0,0,0,0,0,0,1,1,0,5,5,0,0
1816,1816,1815,1817,1892,1893,0,0,0,0,0,0,0,0,0,1,1,0,5,5,0,0
1817,1817,1816,1818,1893,1894,0,0,0,0,0,0,0,0,0,1,1,0,5,5,0,0
1818,1818,1817,1819,1894,1895,0,0,0,0,0,0,0,0,0,1,1,0,5,5,0,0
1819,1819,1818,1820,1895,1896,0,0,0,0,0,0,0,0,0,1,1,0,5,5,0,0
1820,1820,1819,1821,1896,1897,0,0,0,0,0,0,0,0,0,1,1,0,5,5,0,0
1821,1821,1820,1822,1897,1898,0,0,0,0,0,0,0,0,0,1,1,0,5,5,0,0
1822,1822,1821,1823,1898,1899,0,0,0,0,0,0,0,0,0,1,1,0,5,5,0,0
1823,1823,1822,1824,1899,1900,0,0,0,0,0,0,0,0,0,1,1,0,5,5,0,0
1824,1824,1823,1825,1900,1901,0,0,0,0,0,0,0,0,0,1,1,0,5,5,0,0
1825,1825,1824,1826,1901,1902,0,0,0,0,0,0,0,0,0,1,1,0,5,5,0,0
1826,1826,1825,1827,1902,1903,0,0,0,0,0,0,0,0,0,1,1,0,5,5,0,0
1827,1827,1826,1828,1903,1904,0,0,0,0,0,0,0,0,0,1,1,0,5,5,0,0
1828,1828,1827,1829,1904,1905,0,0,0,0,0,0,0,0,0,1,1,0,5,5,0,0
1829,1829,1828,1830,1905,1906,0,0,0,0,0,0,0,0,0,1,1,0,5,5,0,0
1830,1830,1829,1831,1906,1907,0,0,0,0,0,0,0,0,0,1,1,0,5,5,0,0
1831,1831,1830,1832,1907,1908,0,0,0,0,0,0,0,0,0,1,1,0,5,5,0,0
1832,1832,1831,1833,1908,1909,0,0,0,0,0,0,0,0,0,1,1,0,5,5,0,0
1833,1833,1832,1834,1909,1910,0,0,0,0,0,0,0,0,0,1,1,0,5,5,0,0
1834,1834,1833,1835,1910,1911,0,0,0,0,0,0,0,0,0,1,1,0,5,5,0,0
1835,1835,1834,1836,1911,1912,0,0,0,0,0,0,0,0,0,1,1,0,5,5,0,0
1836,1836,1835,1837,1912,1913,0,0,0,0,0,0,0,0,0,1,1,0,5,5,0,0
1837,1837,1836,1838,1913,1914,0,0,0,0,0,0,0,0,0,1,1,0,5,5,0,0
1838,1838,1837,1839,1914,1915,0,0,0,0,0,0,0,0,0,1,1,0,5,5,0,0
1839,1839,1838,1840,1915,1916,0,0,0,0,0,0,0,0,0,1,1,0,5,5,0,0
1840,1840,1839,1841,1916,1917,0,0,0,0,0,0,0,0,0,1,1,0,5,5,0,0
1841,1841,1840,1842,1917,1918,0,0,0,0,0,0,0,0,0,1,1,0,5,5,0,0
1842,1842,1841,1843,1918,1919,0,0,0,0,0,0,0,0,0,1,1,0,5,5,0,0
1843,1843,1842,1844,1919,1920,0,0,0,0,0,0,0,0,0,1,1,0,5,5,0,0
1844,1844,1843,1845,1920,1921,0,0,0,0,0,0,0,0,0,1,1,0,5,5,0,0
1845,1845,1844,1846,1921,1922,0,0,0,0,0,0,0,0,0,1,1,0,5,5,0,0
1846,1846,1845,1847,1922,1923,0,0,0,0,0,0,0,0,0,1,1,0,5,5,0,0
1847,1847,1846,1848,1923,1924,0,0,0,0,0,0,0,0,0,1,1,0,5,5,0,0
1848,1848,1847,1849,1924,1925,0,0,0,0,0,0,0,0,0,1,1,0,5,5,0,0
1849,1849,1848,1850,1925,1926,0,0,0,0,0,0,0,0,0,1,1,0,5,5,0,0
1850,1850,1849,1851,1926,1927,0,0,0,0,0,0,0,0,0,1,1,0,5,5,0,0
1851,1851,1850,1852,1927,1928,0,0,0,0,0,0,0,0,0,1,1,0,5,5,0,0
1852,1852,1851,1853,1928,1929,0,0,0,0,0,0,0,0,0,1,1,0,5,5,0,0
1853,1853,1852,1854,1929,1930,0,0,0,0,0,0,0,0,0,1,1,0,5,5,0,0
1854,1854,1853,1855,1930,1931,0,0,0,0,0,0,0,0,0,1,1,0,5,5,0,0
1855,1855,1854,1856,1931,1932,0,0,0,0,0,0,0,0,0,1,1,0,5,5,0,0
1856,1856,1855,1857,1932,1933,0,0,0,0,0,0,0,0,0,1,1,0,5,5,0,0
1857,1857,1856,1858,1933,1934,0,0,0,0,0,0,0,0,0,1,1,0,5,5,0,0
1858,1858,1857,1859,1934,1935,0,0,0,0,0,0,0,0,0,1,1,0,5,5,0,0
1859,1859,1858,1860,1935,1936,0,0,0,0,0,0,0,0,0,1,1,0,5,5,0,0
1860,1860,1859,1861,1936,1937,0,0,0,0,0,0,0,0,0,1,1,0,5,5,0,0
1861,1861,1860,1862,1937,1938,0,0,0,0,0,0,0,0,0,1,1,0,5,5,0,0
1862,1862,1861,1863,1938,1939,0,0,0,0,0,0,0,0,0,1,1,0,5,5,0,0
1863,1863,1862,1864,1939,1940,0,0,0,0,0,0,0,0,0,1,1,0,5,5,0,0
1864,1864,1863,1865,1940,1941,0,0,0,0,0,0,0,0,0,1,1,0,5,5,0,0
1865,1865,1864,1866,1941,1942,0,0,0,0,0,0,0,0,0,1,1,0,5,5,0,0
1866,1866,1865,1867,1943,1944,2,0,0,0,0,0,0,0,0,1,1,0,5,5,0,0
1867,1867,1866,1868,1945,1946,0,0,0,0,0,0,0,0,0,1,1,0,5,5,0,0
1868,1868,1867,1869,1946,1947,0,0,0,0,0,0,0,0,0,1,1,0,5,5,0,0
1869,1869,1868,1870,1947,1948,0,0,0,0,0,0,0,0,0,1,1,0,5,5,0,0
1870,1870,1869,1871,1948,1949,0,0,0,0,0,0,0,0,0,1,1,0,5,5,0,0
1871,1871,1870,1872,1949,1950,0,0,0,0,0,0,0,0,0,1,1,0,5,5,0,0
1872,1872,1871,1873,1950,1951,0,0,0,0,0,0,0,0,0,1,1,0,5,5,0,0
1873,1873,1872,1874,1951,1952,0,0,0,0,0,0,0,0,0,1,1,0,5,5,0,0
1874,1874,1873,1875,1952,1953,0,0,0,0,0,0,0,0,0,1,1,0,5,5,0,0
1875,1875,1874,1876,1953,1954,0,0,0,0,0,0,0,0,0,1,1,0,5,5,0,0
1876,1876,1875,0,1955,1956,4,0,0,0,0,0,0,0,0,1,1,0,5,5,0,0
1877,1877,0,1878,1957,1958,0,0,0,0,0,0,0,0,0,1,1,0,5,5,0,0
1878,1878,1877,1879,1958,1959,0,0,0,0,0,0,0,0,0,1,1,0,5,5,0,0
1879,1879,1878,1880,1959,1960,0,0,0,0,0,0,0,0,0,1,1,0,5,5,0,0
1880,1880,1879,1881,1960,1961,0,0,0,0,0,0,0,0,0,1,1,0,5,5,0,0
1881,1881,1880,1882,1961,1962,0,0,0,0,0,0,0,0,0,1,1,0,5,5,0,0
1882,1882,1881,1883,1962,1963,0,0,0,0,0,0,0,0,0,1,1,0,5,5,0,0
1883,1883,1882,1884,1963,1964,0,0,0,0,0,0,0,0,0,1,1,0,5,5,0,0
1884,1884,1883,1885,1964,1965,0,0,0,0,0,0,0,0,0,1,1,0,5,5,0,0
1885,1885,1884,1886,1965,1966,0,0,0,0,0,0,0,0,0,1,1,0,5,5,0,0
1886,1886,1885,1887,1966,1967,0,0,0,0,0,0,0,0,0,1,1,0,5,5,0,0
1887,1887,1886,1888,1967,1968,0,0,0,0,0,0,0,0,0,1,1,0,5,5,0,0
1888,1888,1887,1889,1968,1969,0,0,0,0,0,0,0,0,0,1,1,0,5,5,0,0
1889,1889,1888,1890,1969,1970,0,0,0,0,0,0,0,0,0,1,1,0,5,5,0,0
1890,1890,1889,1891,1970,1971,0,0,0,0,0,0,0,0,0,1,1,0,5,5,0,0
1891,1891,1890,1892,1971,1972,0,0,0,0,0,0,0,0,0,1,1,0,5,5,0,0
1892,1892,1891,1893,1972,1973,0,0,0,0,0,0,0,0,0,1,1,0,5,5,0,0
1893,1893,1892,1894,1973,1974,0,0,0,0,0,0,0,0,0,1,1,0,5,5,0,0
1894,1894,1893,1895,1974,1975,0,0,0,0,0,0,0,0,0,1,1,0,5,5,0,0
1895,1895,1894,1896,1975,1976,0,0,0,0,0,0,0,0,0,1,1,0,5,5,0,0
1896,1896,1895,1897,1976,1977,0,0,0,0,0,0,0,0,0,1,1,0,5,5,0,0
1897,1897,1896,1898,1977,1978,0,0,0,0,0,0,0,0,0,1,1,0,5,5,0,0
1898,1898,1897,1899,1978,1979,0,0,0,0,0,0,0,0,0,1,1,0,5,5,0,0
1899,1899,1898,1900,1979,1980,0,0,0,0,0,0,0,0,0,1,1,0,5,5,0,0
1900,1900,1899,1901,1980,1981,0,0,0,0,0,0,0,0,0,1,1,0,5,5,0,0
1901,1901,1900,1902,1981,1982,0,0,0,0,0,0,0,0,0,1,1,0,5,5,0,0
1902,1902,1901,1903,1982,1983,0,0,0,0,0,0,0,0,0,1,1,0,5,5,0,0
1903,1903,1902,1904,1983,1984,0,0,0,0,0,0,0,0,0,1,1,0,5,5,0,0
1904,1904,1903,1905,1984,1985,0,0,0,0,0,0,0,0,0,1,1,0,5,5,0,0
1905,1905,1904,1906,1985,1986,0,0,0,0,0,0,0,0,0,1,1,0,5,5,0,0
1906,1906,1905,1907,1986,1987,0,0,0,0,0,0,0,0,0,1,1,0,5,5,0,0
1907,1907,1906,1908,1987,1988,0,0,0,0,0,0,0,0,0,1,1,0,5,5,0,0
1908,1908,1907,1909,1988,1989,0,0,0,0,0,0,0,0,0,1,1,0,5,5,0,0
1909,1909,1908,1910,1989,1990,0,0,0,0,0,0,0,0,0,1,1,0,5,5,0,0
1910,1910,1909,0,1990,1991,0,0,0,0,0,0,0,0,0,1,1,0,5,5,0,0
1911,1911,0,0,1992,1993,4,0,0,0,0,0,0,0,0,1,1,0,5,5,0,0
1912,1912,0,1913,1994,1995,2,0,0,0,0,0,0,0,0,1,1,0,5,5,0,0
1913,1913,1912,1914,1996,1997,0,0,0,0,0,0,0,0,0,1,1,0,5,5,0,0
1914,1914,1913,1915,1997,1998,0,0,0,0,0,0,0,0,0,1,1,0,5,5,0,0
1915,1915,1914,1916,1998,1999,0,0,0,0,0,0,0,0,0,1,1,0,5,5,0,0
1916,1916,1915,1917,1999,2000,0,0,0,0,0,0,0,0,0,1,1,0,5,5,0,0
1917,1917,1916,1918,2000,2001,0,0,0,0,0,0,0,0,0,1,1,0,5,5,0,0
1918,1918,1917,1919,2001,2002,0,0,0,0,0,0,0,0,0,1,1,0,5,5,0,0
1919,1919,1918,0,2002,2003,0,0,0,0,0,0,0,0,0,1,1,0,5,5,0,0
1920,1920,0,1921,2004,2005,0,0,0,0,0,0,0,0,0,1,1,0,5,5,0,0
1921,1921,1920,1922,2005,2006,0,0,0,0,0,0,0,0,0,1,1,0,5,5,0,0
1922,1922,1921,1923,2006,2007,0,0,0,0,0,0,0,0,0,1,1,0,5,5,0,0
1923,1923,1922,1924,2007,2008,0,0,0,0,0,0,0,0,0,1,1,0,5,5,0,0
1924,1924,1923,1925,2008,2009,0,0,0,0,0,0,0,0,0,1,1,0,5,5,0,0
1925,1925,1924,1926,2009,2010,0,0,0,0,0,0,0,0,0,1,1,0,5,5,0,0
1926,1926,1925,1927,2010,2011,0,0,0,0,0,0,0,0,0,1,1,0,5,5,0,0
1927,1927,1926,1928,2011,2012,0,0,0,0,0,0,0,0,0,1,1,0,5,5,0,0
1928,1928,1927,1929,2012,2013,0,0,0,0,0,0,0,0,0,1,1,0,5,5,0,0
1929,1929,1928,1930,2013,2014,0,0,0,0,0,0,0,0,0,1,1,0,5,5,0,0
1930,1930,1929,1931,2014,2015,0,0,0,0,0,0,0,0,0,1,1,0,5,5,0,0
1931,1931,1930,1932,2015,2016,0,0,0,0,0,0,0,0,0,1,1,0,5,5,0,0
1932,1932,1931,1933,2016,2017,0,0,0,0,0,0,0,0,0,1,1,0,5,5,0,0
1933,1933,1932,1934,2017,2018,0,0,0,0,0,0,0,0,0,1,1,0,5,5,0,0
1934,1934,1933,1935,2018,2019,0,0,0,0,0,0,0,0,0,1,1,0,5,5,0,0
1935,1935,1934,1936,2019,2020,0,0,0,0,0,0,0,0,0,1,1,0,5,5,0,0
1936,1936,1935,1937,2020,2021,0,0,0,0,0,0,0,0,0,1,1,0,5,5,0,0
1937,1937,1936,1938,2021,2022,0,0,0,0,0,0,0,0,0,1,1,0,5,5,0,0
1938,1938,1937,1939,2022,2023,0,0,0,0,0,0,0,0,0,1,1,0,5,5,0,0
1939,1939,1938,1940,2023,2024,0,0,0,0,0,0,0,0,0,1,1,0,5,5,0,0
1940,1940,1939,1941,2024,2025,0,0,0,0,0,0,0,0,0,1,1,0,5,5,0,0
1941,1941,1940,1942,2025,2026,0,0,0,0,0,0,0,0,0,1,1,0,5,5,0,0
1942,1942,1941,1943,2026,2027,0,0,0,0,0,0,0,0,0,1,1,0,5,5,0,0
1943,1943,1942,1944,2027,2028,0,0,0,0,0,0,0,0,0,1,1,0,5,5,0,0
1944,1944,1943,1945,2028,2029,0,0,0,0,0,0,0,0,0,1,1,0,5,5,0,0
1945,1945,1944,1946,2029,2030,0,0,0,0,0,0,0,0,0,1,1,0,5,5,0,0
1946,1946,1945,1947,2030,2031,0,0,0,0,0,0,0,0,0,1,1,0,5,5,0,0
1947,1947,1946,1948,2031,2032,0,0,0,0,0,0,0,0,0,1,1,0,5,5,0,0
1948,1948,1947,1949,2032,2033,0,0,0,0,0,0,0,0,0,1,1,0,5,5,0,0
1949,1949,1948,1950,2033,2034,0,0,0,0,0,0,0,0,0,1,1,0,5,5,0,0
1950,1950,1949,1951,2034,2035,0,0,0,0,0,0,0,0,0,1,1,0,5,5,0,0
1951,1951,1950,1952,2035,2036,0,0,0,0,0,0,0,0,0,1,1,0,5,5,0,0
1952,1952,1951,1953,2036,2037,0,0,0,0,0,0,0,0,0,1,1,0,5,5,0,0
1953,1953,1952,1954,2037,2038,0,0,0,0,0,0,0,0,0,1,1,0,5,5,0,0
1954,1954,1953,1955,2038,2039,0,0,0,0,0,0,0,0,0,1,1,0,5,5,0,0
1955,1955,1954,1956,2039,2040,0,0,0,0,0,0,0,0,0,1,1,0,5,5,0,0
1956,1956,1955,1957,2040,2041,0,0,0,0,0,0,0,0,0,1,1,0,5,5,0,0
1957,1957,1956,1958,2041,2042,0,0,0,0,0,0,0,0,0,1,1,0,5,5,0,0
1958,1958,1957,0,2042,2043,0,0,0,0,0,0,0,0,0,1,1,0,5,5,0,0
1959,1959,0,1960,2044,2045,2,0,0,0,0,0,0,0,0,1,1,0,5,5,0,0
1960,1960,1959,1961,2046,2047,0,0,0,0,0,0,0,0,0,1,1,0,5,5,0,0
1961,1961,1960,1962,2047,2048,0,0,0,0,0,0,0,0,0,1,1,0,5,5,0,0
1962,1962,1961,1963,2048,2049,0,0,0,0,0,0,0,0,0,1,1,0,5,5,0,0
1963,1963,1962,1964,2049,2050,0,0,0,0,0,0,0,0,0,1,1,0,5,5,0,0
1964,1964,1963,1965,2050,2051,0,0,0,0,0,0,0,0,0,1,1,0,5,5,0,0
1965,1965,1964,1966,2051,2052,0,0,0,0,0,0,0,0,0,1,1,0,5,5,0,0
1966,1966,1965,1967,2052,2053,0,0,0,0,0,0,0,0,0,1,1,0,5,5,0,0
1967,1967,1966,1968,2054,2055,4,0,0,0,0,0,0,0,0,1,1,0,5,5,0,0
1968,1968,1967,1969,2056,2057,0,0,0,0,0,0,0,0,0,1,1,0,5,5,0,0
1969,1969,1968,1970,2057,2058,0,0,0,0,0,0,0,0,0,1,1,0,5,5,0,0
1970,1970,1969,1971,2058,2059,0,0,0,0,0,0,0,0,0,1,1,0,5,5,0,0
1971,1971,1970,1972,2059,2060,0,0,0,0,0,0,0,0,0,1,1,0,5,5,0,0
1972,1972,1971,1973,2060,2061,0,0,0,0,0,0,0,0,0,1,1,0,5,5,0,0
1973,1973,1972,1974,2061,2062,0,0,0,0,0,0,0,0,0,1,1,0,5,5,0,0
1974,1974,1973,1975,2062,2063,0,0,0,0,0,0,0,0,0,1,1,0,5,5,0,0
1975,1975,1974,1976,2063,2064,0,0,0,0,0,0,0,0,0,1,1,0,5,5,0,0
1976,1976,1975,1977,2064,2065,0,0,0,0,0,0,0,0,0,1,1,0,5,5,0,0
1977,1977,1976,1978,2065,2066,0,0,0,0,0,0,0,0,0,1,1,0,5,5,0,0
1978,1978,1977,1979,2066,2067,0,0,0,0,0,0,0,0,0,1,1,0,5,5,0,0
1979,1979,1978,1980,2067,2068,0,0,0,0,0,0,0,0,0,1,1,0,5,5,0,0
1980,1980,1979,1981,2068,2069,0,0,0,0,0,0,0,0,0,1,1,0,5,5,0,0
1981,1981,1980,1982,2069,2070,0,0,0,0,0,0,0,0,0,1,1,0,5,5,0,0
1982,1982,1981,1983,2070,2071,0,0,0,0,0,0,0,0,0,1,1,0,5,5,0,0
1983,1983,1982,1984,2071,2072,0,0,0,0,0,0,0,0,0,1,1,0,5,5,0,0
1984,1984,1983,1985,2072,2073,0,0,0,0,0,0,0,0,0,1,1,0,5,5,0,0
1985,1985,1984,1986,2073,2074,0,0,0,0,0,0,0,0,0,1,1,0,5,5,0,0
1986,1986,1985,1987,2074,2075,0,0,0,0,0,0,0,0,0,1,1,0,5,5,0,0
1987,1987,1986,1988,2075,2076,0,0,0,0,0,0,0,0,0,1,1,0,5,5,0,0
1988,1988,1987,1989,2076,2077,0,0,0,0,0,0,0,0,0,1,1,0,5,5,0,0
1989,1989,1988,1990,2077,2078,0,0,0,0,0,0,0,0,0,1,1,0,5,5,0,0
1990,1990,1989,1991,2078,2079,0,0,0,0,0,0,0,0,0,1,1,0,5,5,0,0
1991,1991,1990,1992,2079,2080,0,0,0,0,0,0,0,0,0,1,1,0,5,5,0,0
1992,1992,1991,1993,2080,2081,0,0,0,0,0,0,0,0,0,1,1,0,5,5,0,0
1993,1993,1992,1994,2081,2082,0,0,0,0,0,0,0,0,0,1,1,0,5,5,0,0
1994,1994,1993,1995,2082,2083,0,0,0,0,0,0,0,0,0,1,1,0,5,5,0,0
1995,1995,1994,1996,2083,2084,0,0,0,0,0,0,0,0,0,1,1,0,5,5,0,0
1996,1996,1995,1997,2084,2085,0,0,0,0,0,0,0,0,0,1,1,0,5,5,0,0
1997,1997,1996,1998,2085,2086,0,0,0,0,0,0,0,0,0,1,1,0,5,5,0,0
1998,1998,1997,1999,2086,2087,0,0,0,0,0,0,0,0,0,1,1,0,5,5,0,0
1999,1999,1998,2000,2087,2088,0,0,0,0,0,0,0,0,0,1,1,0,5,5,0,0
2000,2000,1999,2001,2088,2089,0,0,0,0,0,0,0,0,0,1,1,0,5,5,0,0
2001,2001,2000,2002,2089,2090,0,0,0,0,0,0,0,0,0,1,1,0,5,5,0,0
2002,2002,2001,2003,2090,2091,0,0,0,0,0,0,0,0,0,1,1,0,5,5,0,0
2003,2003,2002,2004,2091,2092,0,0,0,0,0,0,0,0,0,1,1,0,5,5,0,0
2004,2004,2003,2005,2092,2093,0,0,0,0,0,0,0,0,0,1,1,0,5,5,0,0
2005,2005,2004,2006,2093,2094,0,0,0,0,0,0,0,0,0,1,1,0,5,5,0,0
2006,2006,2005,2007,2094,2095,0,0,0,0,0,0,0,0,0,1,1,0,5,5,0,0
2007,2007,2006,2008,2095,2096,0,0,0,0,0,0,0,0,0,1,1,0,5,5,0,0
2008,2008,2007,2009,2096,2097,0,0,0,0,0,0,0,0,0,1,1,0,5,5,0,0
2009,2009,2008,2010,2097,2098,0,0,0,0,0,0,0,0,0,1,1,0,5,5,0,0
2010,2010,2009,2011,2098,2099,0,0,0,0,0,0,0,0,0,1,1,0,5,5,0,0
2011,2011,2010,2012,2099,2100,0,0,0,0,0,0,0,0,0,1,1,0,5,5,0,0
2012,2012,2011,2013,2100,2101,0,0,0,0,0,0,0,0,0,1,1,0,5,5,0,0
2013,2013,2012,2014,2101,2102,0,0,0,0,0,0,0,0,0,1,1,0,5,5,0,0
2014,2014,2013,2015,2102,2103,0,0,0,0,0,0,0,0,0,1,1,0,5,5,0,0
2015,2015,2014,2016,2103,2104,0,0,0,0,0,0,0,0,0,1,1,0,5,5,0,0
2016,2016,2015,2017,2104,2105,0,0,0,0,0,0,0,0,0,1,1,0,5,5,0,0
2017,2017,2016,2018,2105,2106,0,0,0,0,0,0,0,0,0,1,1,0,5,5,0,0
2018,2018,2017,2019,2106,2107,0,0,0,0,0,0,0,0,0,1,1,0,5,5,0,0
2019,2019,2018,2020,2107,2108,0,0,0,0,0,0,0,0,0,1,1,0,5,5,0,0
2020,2020,2019,2021,2108,2109,0,0,0,0,0,0,0,0,0,1,1,0,5,5,0,0
2021,2021,2020,2022,2109,2110,0,0,0,0,0,0,0,0,0,1,1,0,5,5,0,0
2022,2022,2021,2023,2110,2111,0,0,0,0,0,0,0,0,0,1,1,0,5,5,0,0
2023,2023,2022,2024,2111,2112,0,0,0,0,0,0,0,0,0,1,1,0,5,5,0,0
2024,2024,2023,2025,2112,2113,0,0,0,0,0,0,0,0,0,1,1,0,5,5,0,0
2025,2025,2024,2026,2113,2114,0,0,0,0,0,0,0,0,0,1,1,0,5,5,0,0
2026,2026,2025,2027,2114,2115,0,0,0,0,0,0,0,0,0,1,1,0,5,5,0,0
2027,2027,2026,2028,2115,2116,0,0,0,0,0,0,0,0,0,1,1,0,5,5,0,0
2028,2028,2027,2029,2116,2117,0,0,0,0,0,0,0,0,0,1,1,0,5,5,0,0
2029,2029,2028,2030,2117,2118,0,0,0,0,0,0,0,0,0,1,1,0,5,5,0,0
2030,2030,2029,2031,2118,2119,0,0,0,0,0,0,0,0,0,1,1,0,5,5,0,0
2031,2031,2030,2032,2119,2120,0,0,0,0,0,0,0,0,0,1,1,0,5,5,0,0
2032,2032,2031,2033,2120,2121,0,0,0,0,0,0,0,0,0,1,1,0,5,5,0,0
2033,2033,2032,2034,2121,2122,0,0,0,0,0,0,0,0,0,1,1,0,5,5,0,0
2034,2034,2033,2035,2122,2123,0,0,0,0,0,0,0,0,0,1,1,0,5,5,0,0
2035,2035,2034,2036,2123,2124,0,0,0,0,0,0,0,0,0,1,1,0,5,5,0,0
2036,2036,2035,2037,2124,2125,0,0,0,0,0,0,0,0,0,1,1,0,5,5,0,0
2037,2037,2036,2038,2125,2126,0,0,0,0,0,0,0,0,0,1,1,0,5,5,0,0
2038,2038,2037,2039,2126,2127,0,0,0,0,0,0,0,0,0,1,1,0,5,5,0,0
2039,2039,2038,2040,2127,2128,0,0,0,0,0,0,0,0,0,1,1,0,5,5,0,0
2040,2040,2039,2041,2128,2129,0,0,0,0,0,0,0,0,0,1,1,0,5,5,0,0
2041,2041,2040,2042,2129,2130,0,0,0,0,0,0,0,0,0,1,1,0,5,5,0,0
2042,2042,2041,2043,2130,2131,0,0,0,0,0,0,0,0,0,1,1,0,5,5,0,0
2043,2043,2042,2044,2131,2132,0,0,0,0,0,0,0,0,0,1,1,0,5,5,0,0
2044,2044,2043,2045,2132,2133,0,0,0,0,0,0,0,0,0,1,1,0,5,5,0,0
2045,2045,2044,2046,2133,2134,0,0,0,0,0,0,0,0,0,1,1,0,5,5,0,0
2046,2046,2045,2047,2134,2135,0,0,0,0,0,0,0,0,0,1,1,0,5,5,0,0
2047,2047,2046,2048,2135,2136,0,0,0,0,0,0,0,0,0,1,1,0,5,5,0,0
2048,2048,2047,2049,2136,2137,0,0,0,0,0,0,0,0,0,1,1,0,5,5,0,0
2049,2049,2048,2050,2137,2138,0,0,0,0,0,0,0,0,0,1,1,0,5,5,0,0
2050,2050,2049,2051,2138,2139,0,0,0,0,0,0,0,0,0,1,1,0,5,5,0,0
2051,2051,2050,2052,2139,2140,0,0,0,0,0,0,0,0,0,1,1,0,5,5,0,0
2052,2052,2051,2053,2140,2141,0,0,0,0,0,0,0,0,0,1,1,0,5,5,0,0
2053,2053,2052,2054,2141,2142,0,0,0,0,0,0,0,0,0,1,1,0,5,5,0,0
2054,2054,2053,2055,2142,2143,0,0,0,0,0,0,0,0,0,1,1,0,5,5,0,0
2055,2055,2054,2056,2143,2144,0,0,0,0,0,0,0,0,0,1,1,0,5,5,0,0
2056,2056,2055,2057,2144,2145,0,0,0,0,0,0,0,0,0,1,1,0,5,5,0,0
2057,2057,2056,2058,2145,2146,0,0,0,0,0,0,0,0,0,1,1,0,5,5,0,0
2058,2058,2057,2059,2146,2147,0,0,0,0,0,0,0,0,0,1,1,0,5,5,0,0
2059,2059,2058,2060,2147,2148,0,0,0,0,0,0,0,0,0,1,1,0,5,5,0,0
2060,2060,2059,2061,2148,2149,0,0,0,0,0,0,0,0,0,1,1,0,5,5,0,0
2061,2061,2060,2062,2149,2150,0,0,0,0,0,0,0,0,0,1,1,0,5,5,0,0
2062,2062,2061,2063,2150,2151,0,0,0,0,0,0,0,0,0,1,1,0,5,5,0,0
2063,2063,2062,2064,2151,2152,0,0,0,0,0,0,0,0,0,1,1,0,5,5,0,0
2064,2064,2063,2065,2152,2153,0,0,0,0,0,0,0,0,0,1,1,0,5,5,0,0
2065,2065,2064,2066,2153,2154,0,0,0,0,0,0,0,0,0,1,1,0,5,5,0,0
2066,2066,2065,2067,2154,2155,0,0,0,0,0,0,0,0,0,1,1,0,5,5,0,0
2067,2067,2066,2068,2155,2156,0,0,0,0,0,0,0,0,0,1,1,0,5,5,0,0
2068,2068,2067,2069,2156,2157,0,0,0,0,0,0,0,0,0,1,1,0,5,5,0,0
2069,2069,2068,2070,2157,2158,0,0,0,0,0,0,0,0,0,1,1,0,5,5,0,0
2070,2070,2069,2071,2158,2159,0,0,0,0,0,0,0,0,0,1,1,0,5,5,0,0
2071,2071,2070,2072,2159,2160,0,0,0,0,0,0,0,0,0,1,1,0,5,5,0,0
2072,2072,2071,2073,2160,2161,0,0,0,0,0,0,0,0,0,1,1,0,5,5,0,0
2073,2073,2072,2074,2161,2162,0,0,0,0,0,0,0,0,0,1,1,0,5,5,0,0
2074,2074,2073,2075,2162,2163,0,0,0,0,0,0,0,0,0,1,1,0,5,5,0,0
2075,2075,2074,2076,2163,2164,0,0,0,0,0,0,0,0,0,1,1,0,5,5,0,0
2076,2076,2075,2077,2164,2165,0,0,0,0,0,0,0,0,0,1,1,0,5,5,0,0
2077,2077,2076,2078,2165,2166,0,0,0,0,0,0,0,0,0,1,1,0,5,5,0,0
2078,2078,2077,2079,2166,2167,0,0,0,0,0,0,0,0,0,1,1,0,5,5,0,0
2079,2079,2078,2080,2167,2168,0,0,0,0,0,0,0,0,0,1,1,0,5,5,0,0
2080,2080,2079,2081,2168,2169,0,0,0,0,0,0,0,0,0,1,1,0,5,5,0,0
2081,2081,2080,2082,2169,2170,0,0,0,0,0,0,0,0,0,1,1,0,5,5,0,0
2082,2082,2081,2083,2170,2171,0,0,0,0,0,0,0,0,0,1,1,0,5,5,0,0
2083,2083,2082,1722,2171,2172,0,0,0,0,0,0,0,0,0,1,1,0,5,5,0,0
2084,2084,0,2085,2173,2174,0,0,0,0,0,0,0,0,0,1,1,0,5,5,0,0
2085,2085,2084,2086,2174,2175,0,0,0,0,0,0,0,0,0,1,1,0,5,5,0,0
2086,2086,2085,2087,2175,2176,0,0,0,0,0,0,0,0,0,1,1,0,5,5,0,0
2087,2087,2086,2088,2176,2177,0,0,0,0,0,0,0,0,0,1,1,0,5,5,0,0
2088,2088,2087,2089,2177,2178,0,0,0,0,0,0,0,0,0,1,1,0,5,5,0,0
2089,2089,2088,2090,2178,2179,0,0,0,0,0,0,0,0,0,1,1,0,5,5,0,0
2090,2090,2089,2091,2179,2180,0,0,0,0,0,0,0,0,0,1,1,0,5,5,0,0
2091,2091,2090,2092,2180,2181,0,0,0,0,0,0,0,0,0,1,1,0,5,5,0,0
2092,2092,2091,2093,2181,2182,0,0,0,0,0,0,0,0,0,1,1,0,5,5,0,0
2093,2093,2092,2094,2182,2183,0,0,0,0,0,0,0,0,0,1,1,0,5,5,0,0
2094,2094,2093,2095,2183,2184,0,0,0,0,0,0,0,0,0,1,1,0,5,5,0,0
2095,2095,2094,2096,2184,2185,0,0,0,0,0,0,0,0,0,1,1,0,5,5,0,0
2096,2096,2095,2097,2185,2186,0,0,0,0,0,0,0,0,0,1,1,0,5,5,0,0
2097,2097,2096,2098,2186,2187,0,0,0,0,0,0,0,0,0,1,1,0,5,5,0,0
2098,2098,2097,2099,2187,2188,0,0,0,0,0,0,0,0,0,1,1,0,5,5,0,0
2099,2099,2098,2100,2188,2189,0,0,0,0,0,0,0,0,0,1,1,0,5,5,0,0
2100,2100,2099,2101,2189,2190,0,0,0,0,0,0,0,0,0,1,1,0,5,5,0,0
2101,2101,2100,2102,2190,2191,0,0,0,0,0,0,0,0,0,1,1,0,5,5,0,0
2102,2102,2101,2103,2191,2192,0,0,0,0,0,0,0,0,0,1,1,0,5,5,0,0
2103,2103,2102,2104,2192,2193,0,0,0,0,0,0,0,0,0,1,1,0,5,5,0,0
2104,2104,2103,2105,2193,2194,0,0,0,0,0,0,0,0,0,1,1,0,5,5,0,0
2105,2105,2104,2106,2194,2195,0,0,0,0,0,0,0,0,0,1,1,0,5,5,0,0
2106,2106,2105,2107,2195,2196,0,0,0,0,0,0,0,0,0,1,1,0,5,5,0,0
2107,2107,2106,2108,2196,2197,0,0,0,0,0,0,0,0,0,1,1,0,5,5,0,0
2108,2108,2107,2109,2197,2198,0,0,0,0,0,0,0,0,0,1,1,0,5,5,0,0
2109,2109,2108,2110,2198,2199,0,0,0,0,0,0,0,0,0,1,1,0,5,5,0,0
2110,2110,2109,2111,2199,2200,0,0,0,0,0,0,0,0,0,1,1,0,5,5,0,0
2111,2111,2110,2112,2200,2201,0,0,0,0,0,0,0,0,0,1,1,0,5,5,0,0
2112,2112,2111,2113,2201,2202,0,0,0,0,0,0,0,0,0,1,1,0,5,5,0,0
2113,2113,2112,2114,2202,2203,0,0,0,0,0,0,0,0,0,1,1,0,5,5,0,0
2114,2114,2113,2115,2203,2204,0,0,0,0,0,0,0,0,0,1,1,0,5,5,0,0
2115,2115,2114,2116,2204,2205,0,0,0,0,0,0,0,0,0,1,1,0,5,5,0,0
2116,2116,2115,2117,2205,2206,0,0,0,0,0,0,0,0,0,1,1,0,5,5,0,0
2117,2117,2116,2118,2206,2207,0,0,0,0,0,0,0,0,0,1,1,0,5,5,0,0
2118,2118,2117,2119,2207,2208,0,0,0,0,0,0,0,0,0,1,1,0,5,5,0,0
2119,2119,2118,2120,2208,2209,0,0,0,0,0,0,0,0,0,1,1,0,5,5,0,0
2120,2120,2119,2121,2209,2210,0,0,0,0,0,0,0,0,0,1,1,0,5,5,0,0
2121,2121,2120,2122,2210,2211,0,0,0,0,0,0,0,0,0,1,1,0,5,5,0,0
2122,2122,2121,2123,2211,2212,0,0,0,0,0,0,0,0,0,1,1,0,5,5,0,0
2123,2123,2122,2124,2212,2213,0,0,0,0,0,0,0,0,0,1,1,0,5,5,0,0
2124,2124,2123,2125,2213,2214,0,0,0,0,0,0,0,0,0,1,1,0,5,5,0,0
2125,2125,2124,2126,2214,2215,0,0,0,0,0,0,0,0,0,1,1,0,5,5,0,0
2126,2126,2125,2127,2215,2216,0,0,0,0,0,0,0,0,0,1,1,0,5,5,0,0
2127,2127,2126,2128,2216,2217,0,0,0,0,0,0,0,0,0,1,1,0,5,5,0,0
2128,2128,2127,2129,2217,2218,0,0,0,0,0,0,0,0,0,1,1,0,5,5,0,0
2129,2129,2128,2130,2218,2219,0,0,0,0,0,0,0,0,0,1,1,0,5,5,0,0
2130,2130,2129,2131,2219,2220,0,0,0,0,0,0,0,0,0,1,1,0,5,5,0,0
2131,2131,2130,2132,2220,2221,0,0,0,0,0,0,0,0,0,1,1,0,5,5,0,0
2132,2132,2131,2133,2221,2222,0,0,0,0,0,0,0,0,0,1,1,0,5,5,0,0
2133,2133,2132,2134,2222,2223,0,0,0,0,0,0,0,0,0,1,1,0,5,5,0,0
2134,2134,2133,2135,2223,2224,0,0,0,0,0,0,0,0,0,1,1,0,5,5,0,0
2135,2135,2134,2136,2224,2225,0,0,0,0,0,0,0,0,0,1,1,0,5,5,0,0
2136,2136,2135,2137,2225,2226,0,0,0,0,0,0,0,0,0,1,1,0,5,5,0,0
2137,2137,2136,2138,2226,2227,0,0,0,0,0,0,0,0,0,1,1,0,5,5,0,0
2138,2138,2137,2139,2227,2228,0,0,0,0,0,0,0,0,0,1,1,0,5,5,0,0
2139,2139,2138,2140,2228,2229,0,0,0,0,0,0,0,0,0,1,1,0,5,5,0,0
2140,2140,2139,2141,2229,2230,0,0,0,0,0,0,0,0,0,1,1,0,5,5,0,0
2141,2141,2140,2142,2230,2231,0,0,0,0,0,0,0,0,0,1,1,0,5,5,0,0
2142,2142,2141,2143,2231,2232,0,0,0,0,0,0,0,0,0,1,1,0,5,5,0,0
2143,2143,2142,2144,2232,2233,0,0,0,0,0,0,0,0,0,1,1,0,5,5,0,0
2144,2144,2143,2145,2233,2234,0,0,0,0,0,0,0,0,0,1,1,0,5,5,0,0
2145,2145,2144,2146,2234,2235,0,0,0,0,0,0,0,0,0,1,1,0,5,5,0,0
2146,2146,2145,2147,2235,2236,0,0,0,0,0,0,0,0,0,1,1,0,5,5,0,0
2147,2147,2146,2148,2236,2237,0,0,0,0,0,0,0,0,0,1,1,0,5,5,0,0
2148,2148,2147,2149,2237,2238,0,0,0,0,0,0,0,0,0,1,1,0,5,5,0,0
2149,2149,2148,2150,2238,2239,0,0,0,0,0,0,0,0,0,1,1,0,5,5,0,0
2150,2150,2149,2151,2239,2240,0,0,0,0,0,0,0,0,0,1,1,0,5,5,0,0
2151,2151,2150,2152,2240,2241,0,0,0,0,0,0,0,0,0,1,1,0,5,5,0,0
2152,2152,2151,2153,2241,2242,0,0,0,0,0,0,0,0,0,1,1,0,5,5,0,0
2153,2153,2152,2154,2242,2243,0,0,0,0,0,0,0,0,0,1,1,0,5,5,0,0
2154,2154,2153,2155,2243,2244,0,0,0,0,0,0,0,0,0,1,1,0,5,5,0,0
2155,2155,2154,2156,2244,2245,0,0,0,0,0,0,0,0,0,1,1,0,5,5,0,0
2156,2156,2155,2157,2245,2246,0,0,0,0,0,0,0,0,0,1,1,0,5,5,0,0
2157,2157,2156,2158,2246,2247,0,0,0,0,0,0,0,0,0,1,1,0,5,5,0,0
2158,2158,2157,2159,2247,2248,0,0,0,0,0,0,0,0,0,1,1,0,5,5,0,0
2159,2159,2158,2160,2248,2249,0,0,0,0,0,0,0,0,0,1,1,0,5,5,0,0
2160,2160,2159,2161,2249,2250,0,0,0,0,0,0,0,0,0,1,1,0,5,5,0,0
2161,2161,2160,2162,2250,2251,0,0,0,0,0,0,0,0,0,1,1,0,5,5,0,0
2162,2162,2161,2163,2251,2252,0,0,0,0,0,0,0,0,0,1,1,0,5,5,0,0
2163,2163,2162,2164,2252,2253,0,0,0,0,0,0,0,0,0,1,1,0,5,5,0,0
2164,2164,2163,2165,2253,2254,0,0,0,0,0,0,0,0,0,1,1,0,5,5,0,0
2165,2165,2164,2166,2254,2255,0,0,0,0,0,0,0,0,0,1,1,0,5,5,0,0
2166,2166,2165,2167,2255,2256,0,0,0,0,0,0,0,0,0,1,1,0,5,5,0,0
2167,2167,2166,2168,2256,2257,0,0,0,0,0,0,0,0,0,1,1,0,5,5,0,0
2168,2168,2167,2169,2257,2258,0,0,0,0,0,0,0,0,0,1,1,0,5,5,0,0
2169,2169,2168,2170,2258,2259,0,0,0,0,0,0,0,0,0,1,1,0,5,5,0,0
2170,2170,2169,2171,2259,2260,0,0,0,0,0,0,0,0,0,1,1,0,5,5,0,0
2171,2171,2170,2172,2260,2261,0,0,0,0,0,0,0,0,0,1,1,0,5,5,0,0
2172,2172,2171,2173,2261,2262,0,0,0,0,0,0,0,0,0,1,1,0,5,5,0,0
2173,2173,2172,2174,2262,2263,0,0,0,0,0,0,0,0,0,1,1,0,5,5,0,0
2174,2174,2173,2175,2263,2264,0,0,0,0,0,0,0,0,0,1,1,0,5,5,0,0
2175,2175,2174,2176,2264,2265,0,0,0,0,0,0,0,0,0,1,1,0,5,5,0,0
2176,2176,2175,2177,2265,2266,0,0,0,0,0,0,0,0,0,1,1,0,5,5,0,0
2177,2177,2176,2178,2266,2267,0,0,0,0,0,0,0,0,0,1,1,0,5,5,0,0
2178,2178,2177,2179,2267,2268,0,0,0,0,0,0,0,0,0,1,1,0,5,5,0,0
2179,2179,2178,2180,2268,2269,0,0,0,0,0,0,0,0,0,1,1,0,5,5,0,0
2180,2180,2179,2181,2269,2270,0,0,0,0,0,0,0,0,0,1,1,0,5,5,0,0
2181,2181,2180,2182,2270,2271,0,0,0,0,0,0,0,0,0,1,1,0,5,5,0,0
2182,2182,2181,2183,2271,2272,0,0,0,0,0,0,0,0,0,1,1,0,5,5,0,0
2183,2183,2182,2184,2272,2273,0,0,0,0,0,0,0,0,0,1,1,0,5,5,0,0
2184,2184,2183,2185,2273,2274,0,0,0,0,0,0,0,0,0,1,1,0,5,5,0,0
2185,2185,2184,2186,2274,2275,0,0,0,0,0,0,0,0,0,1,1,0,5,5,0,0
2186,2186,2185,2187,2275,2276,0,0,0,0,0,0,0,0,0,1,1,0,5,5,0,0
2187,2187,2186,2188,2276,2277,0,0,0,0,0,0,0,0,0,1,1,0,5,5,0,0
2188,2188,2187,2189,2277,2278,0,0,0,0,0,0,0,0,0,1,1,0,5,5,0,0
2189,2189,2188,2190,2278,2279,0,0,0,0,0,0,0,0,0,1,1,0,5,5,0,0
2190,2190,2189,2191,2279,2280,0,0,0,0,0,0,0,0,0,1,1,0,5,5,0,0
2191,2191,2190,2192,2280,2281,0,0,0,0,0,0,0,0,0,1,1,0,5,5,0,0
2192,2192,2191,2193,2281,2282,0,0,0,0,0,0,0,0,0,1,1,0,5,5,0,0
2193,2193,2192,2194,2282,2283,0,0,0,0,0,0,0,0,0,1,1,0,5,5,0,0
2194,2194,2193,2195,2283,2284,0,0,0,0,0,0,0,0,0,1,1,0,5,5,0,0
2195,2195,2194,2196,2284,2285,0,0,0,0,0,0,0,0,0,1,1,0,5,5,0,0
2196,2196,2195,2197,2285,2286,0,0,0,0,0,0,0,0,0,1,1,0,5,5,0,0
2197,2197,2196,2198,2286,2287,0,0,0,0,0,0,0,0,0,1,1,0,5,5,0,0
2198,2198,2197,2199,2287,2288,0,0,0,0,0,0,0,0,0,1,1,0,5,5,0,0
2199,2199,2198,2200,2288,2289,0,0,0,0,0,0,0,0,0,1,1,0,5,5,0,0
2200,2200,2199,2201,2289,2290,0,0,0,0,0,0,0,0,0,1,1,0,5,5,0,0
2201,2201,2200,2202,2290,2291,0,0,0,0,0,0,0,0,0,1,1,0,5,5,0,0
2202,2202,2201,2203,2291,2292,0,0,0,0,0,0,0,0,0,1,1,0,5,5,0,0
2203,2203,2202,2204,2292,2293,0,0,0,0,0,0,0,0,0,1,1,0,5,5,0,0
2204,2204,2203,2205,2293,2294,0,0,0,0,0,0,0,0,0,1,1,0,5,5,0,0
2205,2205,2204,2206,2294,2295,0,0,0,0,0,0,0,0,0,1,1,0,5,5,0,0
2206,2206,2205,2207,2295,2296,0,0,0,0,0,0,0,0,0,1,1,0,5,5,0,0
2207,2207,2206,2208,2296,2297,0,0,0,0,0,0,0,0,0,1,1,0,5,5,0,0
2208,2208,2207,2209,2297,2298,0,0,0,0,0,0,0,0,0,1,1,0,5,5,0,0
2209,2209,2208,2210,2298,2299,0,0,0,0,0,0,0,0,0,1,1,0,5,5,0,0
2210,2210,2209,2211,2299,2300,0,0,0,0,0,0,0,0,0,1,1,0,5,5,0,0
2211,2211,2210,2212,2300,2301,0,0,0,0,0,0,0,0,0,1,1,0,5,5,0,0
2212,2212,2211,2213,2301,2302,0,0,0,0,0,0,0,0,0,1,1,0,5,5,0,0
2213,2213,2212,2214,2302,2303,0,0,0,0,0,0,0,0,0,1,1,0,5,5,0,0
2214,2214,2213,2215,2303,2304,0,0,0,0,0,0,0,0,0,1,1,0,5,5,0,0
2215,2215,2214,2216,2304,2305,0,0,0,0,0,0,0,0,0,1,1,0,5,5,0,0
2216,2216,2215,2217,2305,2306,0,0,0,0,0,0,0,0,0,1,1,0,5,5,0,0
2217,2217,2216,2218,2306,2307,0,0,0,0,0,0,0,0,0,1,1,0,5,5,0,0
2218,2218,2217,2219,2307,2308,0,0,0,0,0,0,0,0,0,1,1,0,5,5,0,0
2219,2219,2218,2220,2308,2309,0,0,0,0,0,0,0,0,0,1,1,0,5,5,0,0
2220,2220,2219,2221,2309,2310,0,0,0,0,0,0,0,0,0,1,1,0,5,5,0,0
2221,2221,2220,2222,2310,2311,0,0,0,0,0,0,0,0,0,1,1,0,5,5,0,0
2222,2222,2221,2223,2311,2312,0,0,0,0,0,0,0,0,0,1,1,0,5,5,0,0
2223,2223,2222,2224,2312,2313,0,0,0,0,0,0,0,0,0,1,1,0,5,5,0,0
2224,2224,2223,2225,2313,2314,0,0,0,0,0,0,0,0,0,1,1,0,5,5,0,0
2225,2225,2224,2226,2314,2315,0,0,0,0,0,0,0,0,0,1,1,0,5,5,0,0
2226,2226,2225,2227,2315,2316,0,0,0,0,0,0,0,0,0,1,1,0,5,5,0,0
2227,2227,2226,2228,2316,2317,0,0,0,0,0,0,0,0,0,1,1,0,5,5,0,0
2228,2228,2227,2229,2317,2318,0,0,0,0,0,0,0,0,0,1,1,0,5,5,0,0
2229,2229,2228,2230,2318,2319,0,0,0,0,0,0,0,0,0,1,1,0,5,5,0,0
2230,2230,2229,2231,2319,2320,0,0,0,0,0,0,0,0,0,1,1,0,5,5,0,0
2231,2231,2230,2232,2320,2321,0,0,0,0,0,0,0,0,0,1,1,0,5,5,0,0
2232,2232,2231,2233,2321,2322,0,0,0,0,0,0,0,0,0,1,1,0,5,5,0,0
2233,2233,2232,2234,2322,2323,0,0,0,0,0,0,0,0,0,1,1,0,5,5,0,0
2234,2234,2233,2235,2323,2324,0,0,0,0,0,0,0,0,0,1,1,0,5,5,0,0
2235,2235,2234,2236,2324,2325,0,0,0,0,0,0,0,0,0,1,1,0,5,5,0,0
2236,2236,2235,2237,2325,2326,0,0,0,0,0,0,0,0,0,1,1,0,5,5,0,0
2237,2237,2236,2238,2326,2327,0,0,0,0,0,0,0,0,0,1,1,0,5,5,0,0
2238,2238,2237,2239,2327,2328,0,0,0,0,0,0,0,0,0,1,1,0,5,5,0,0
2239,2239,2238,2240,2328,2329,0,0,0,0,0,0,0,0,0,1,1,0,5,5,0,0
2240,2240,2239,2241,2329,2330,0,0,0,0,0,0,0,0,0,1,1,0,5,5,0,0
2241,2241,2240,2242,2330,2331,0,0,0,0,0,0,0,0,0,1,1,0,5,5,0,0
2242,2242,2241,2243,2331,2332,0,0,0,0,0,0,0,0,0,1,1,0,5,5,0,0
2243,2243,2242,2244,2332,2333,0,0,0,0,0,0,0,0,0,1,1,0,5,5,0,0
2244,2244,2243,2245,2333,2334,0,0,0,0,0,0,0,0,0,1,1,0,5,5,0,0
2245,2245,2244,2246,2334,2335,0,0,0,0,0,0,0,0,0,1,1,0,5,5,0,0
2246,2246,2245,2247,2335,2336,0,0,0,0,0,0,0,0,0,1,1,0,5,5,0,0
2247,2247,2246,2248,2336,2337,0,0,0,0,0,0,0,0,0,1,1,0,5,5,0,0
2248,2248,2247,2249,2337,2338,0,0,0,0,0,0,0,0,0,1,1,0,5,5,0,0
2249,2249,2248,2250,2338,2339,0,0,0,0,0,0,0,0,0,1,1,0,5,5,0,0
2250,2250,2249,2251,2339,2340,0,0,0,0,0,0,0,0,0,1,1,0,5,5,0,0
2251,2251,2250,2252,2340,2341,0,0,0,0,0,0,0,0,0,1,1,0,5,5,0,0
2252,2252,2251,2253,2341,2342,0,0,0,0,0,0,0,0,0,1,1,0,5,5,0,0
2253,2253,2252,2254,2342,2343,0,0,0,0,0,0,0,0,0,1,1,0,5,5,0,0
2254,2254,2253,2255,2343,2344,0,0,0,0,0,0,0,0,0,1,1,0,5,5,0,0
2255,2255,2254,2256,2344,2345,0,0,0,0,0,0,0,0,0,1,1,0,5,5,0,0
2256,2256,2255,2257,2345,2346,0,0,0,0,0,0,0,0,0,1,1,0,5,5,0,0
2257,2257,2256,2258,2346,2347,0,0,0,0,0,0,0,0,0,1,1,0,5,5,0,0
2258,2258,2257,2259,2348,2349,1,0,0,0,0,0,0,0,0,1,1,0,5,5,0,0
2259,2259,2258,2260,2350,2351,0,0,0,0,0,0,0,0,0,1,1,0,5,5,0,0
2260,2260,2259,2261,2351,2352,0,0,0,0,0,0,0,0,0,1,1,0,5,5,0,0
2261,2261,2260,2262,2352,2353,0,0,0,0,0,0,0,0,0,1,1,0,5,5,0,0
2262,2262,2261,2263,2353,2354,0,0,0,0,0,0,0,0,0,1,1,0,5,5,0,0
2263,2263,2262,2264,2354,2355,0,0,0,0,0,0,0,0,0,1,1,0,5,5,0,0
2264,2264,2263,2265,2355,2356,0,0,0,0,0,0,0,0,0,1,1,0,5,5,0,0
2265,2265,2264,2266,2356,2357,0,0,0,0,0,0,0,0,0,1,1,0,5,5,0,0
2266,2266,2265,2267,2357,2358,0,0,0,0,0,0,0,0,0,1,1,0,5,5,0,0
2267,2267,2266,2268,2358,2359,0,0,0,0,0,0,0,0,0,1,1,0,5,5,0,0
2268,2268,2267,2269,2359,2360,0,0,0,0,0,0,0,0,0,1,1,0,5,5,0,0
2269,2269,2268,2270,2360,2361,0,0,0,0,0,0,0,0,0,1,1,0,5,5,0,0
2270,2270,2269,0,2361,2362,0,0,0,0,0,0,0,0,0,1,1,0,5,5,0,0
2271,2271,0,2272,2363,2364,0,0,0,0,0,0,0,0,0,1,1,0,5,5,0,0
2272,2272,2271,2273,2364,2365,0,0,0,0,0,0,0,0,0,1,1,0,5,5,0,0
2273,2273,2272,2274,2365,2366,0,0,0,0,0,0,0,0,0,1,1,0,5,5,0,0
2274,2274,2273,2275,2366,2367,0,0,0,0,0,0,0,0,0,1,1,0,5,5,0,0
2275,2275,2274,2276,2367,2368,0,0,0,0,0,0,0,0,0,1,1,0,5,5,0,0
2276,2276,2275,2277,2368,2369,0,0,0,0,0,0,0,0,0,1,1,0,5,5,0,0
2277,2277,2276,2278,2369,2370,0,0,0,0,0,0,0,0,0,1,1,0,5,5,0,0
2278,2278,2277,2279,2370,2371,0,0,0,0,0,0,0,0,0,1,1,0,5,5,0,0
2279,2279,2278,2280,2371,2372,0,0,0,0,0,0,0,0,0,1,1,0,5,5,0,0
2280,2280,2279,2281,2372,2373,0,0,0,0,0,0,0,0,0,1,1,0,5,5,0,0
2281,2281,2280,2282,2373,2374,0,0,0,0,0,0,0,0,0,1,1,0,5,5,0,0
2282,2282,2281,2283,2374,2375,0,0,0,0,0,0,0,0,0,1,1,0,5,5,0,0
2283,2283,2282,2284,2375,2376,0,0,0,0,0,0,0,0,0,1,1,0,5,5,0,0
2284,2284,2283,2285,2376,2377,0,0,0,0,0,0,0,0,0,1,1,0,5,5,0,0
2285,2285,2284,2286,2377,2378,0,0,0,0,0,0,0,0,0,1,1,0,5,5,0,0
2286,2286,2285,2287,2378,2379,0,0,0,0,0,0,0,0,0,1,1,0,5,5,0,0
2287,2287,2286,2288,2379,2380,0,0,0,0,0,0,0,0,0,1,1,0,5,5,0,0
2288,2288,2287,2289,2380,2381,0,0,0,0,0,0,0,0,0,1,1,0,5,5,0,0
2289,2289,2288,2290,2381,2382,0,0,0,0,0,0,0,0,0,1,1,0,5,5,0,0
2290,2290,2289,2291,2382,2383,0,0,0,0,0,0,0,0,0,1,1,0,5,5,0,0
2291,2291,2290,2292,2383,2384,0,0,0,0,0,0,0,0,0,1,1,0,5,5,0,0
2292,2292,2291,2293,2384,2385,0,0,0,0,0,0,0,0,0,1,1,0,5,5,0,0
2293,2293,2292,2294,2385,2386,0,0,0,0,0,0,0,0,0,1,1,0,5,5,0,0
2294,2294,2293,2295,2386,2387,0,0,0,0,0,0,0,0,0,1,1,0,5,5,0,0
2295,2295,2294,2296,2387,2388,0,0,0,0,0,0,0,0,0,1,1,0,5,5,0,0
2296,2296,2295,2297,2388,2389,0,0,0,0,0,0,0,0,0,1,1,0,5,5,0,0
2297,2297,2296,2298,2389,2390,0,0,0,0,0,0,0,0,0,1,1,0,5,5,0,0
2298,2298,2297,2299,2390,2391,0,0,0,0,0,0,0,0,0,1,1,0,5,5,0,0
2299,2299,2298,2300,2391,2392,0,0,0,0,0,0,0,0,0,1,1,0,5,5,0,0
2300,2300,2299,2301,2392,2393,0,0,0,0,0,0,0,0,0,1,1,0,5,5,0,0
2301,2301,2300,2302,2393,2394,0,0,0,0,0,0,0,0,0,1,1,0,5,5,0,0
2302,2302,2301,2303,2394,2395,0,0,0,0,0,0,0,0,0,1,1,0,5,5,0,0
2303,2303,2302,2304,2395,2396,0,0,0,0,0,0,0,0,0,1,1,0,5,5,0,0
2304,2304,2303,2305,2396,2397,0,0,0,0,0,0,0,0,0,1,1,0,5,5,0,0
2305,2305,2304,2306,2397,2398,0,0,0,0,0,0,0,0,0,1,1,0,5,5,0,0
2306,2306,2305,2307,2398,2399,0,0,0,0,0,0,0,0,0,1,1,0,5,5,0,0
2307,2307,2306,2308,2399,2400,0,0,0,0,0,0,0,0,0,1,1,0,5,5,0,0
2308,2308,2307,2309,2400,2401,0,0,0,0,0,0,0,0,0,1,1,0,5,5,0,0
2309,2309,2308,2310,2401,2402,0,0,0,0,0,0,0,0,0,1,1,0,5,5,0,0
2310,2310,2309,2311,2402,2403,0,0,0,0,0,0,0,0,0,1,1,0,5,5,0,0
2311,2311,2310,2312,2403,2404,0,0,0,0,0,0,0,0,0,1,1,0,5,5,0,0
2312,2312,2311,2313,2404,2405,0,0,0,0,0,0,0,0,0,1,1,0,5,5,0,0
2313,2313,2312,2314,2405,2406,0,0,0,0,0,0,0,0,0,1,1,0,5,5,0,0
2314,2314,2313,2315,2406,2407,0,0,0,0,0,0,0,0,0,1,1,0,5,5,0,0
2315,2315,2314,2316,2407,2408,0,0,0,0,0,0,0,0,0,1,1,0,5,5,0,0
2316,2316,2315,2317,2408,2409,0,0,0,0,0,0,0,0,0,1,1,0,5,5,0,0
2317,2317,2316,2318,2409,2410,0,0,0,0,0,0,0,0,0,1,1,0,5,5,0,0
2318,2318,2317,2319,2410,2411,0,0,0,0,0,0,0,0,0,1,1,0,5,5,0,0
2319,2319,2318,2320,2411,2412,0,0,0,0,0,0,0,0,0,1,1,0,5,5,0,0
2320,2320,2319,2321,2412,2413,0,0,0,0,0,0,0,0,0,1,1,0,5,5,0,0
2321,2321,2320,2322,2413,2414,0,0,0,0,0,0,0,0,0,1,1,0,5,5,0,0
2322,2322,2321,2323,2414,2415,0,0,0,0,0,0,0,0,0,1,1,0,5,5,0,0
2323,2323,2322,2324,2415,2416,0,0,0,0,0,0,0,0,0,1,1,0,5,5,0,0
2324,2324,2323,2325,2416,2417,0,0,0,0,0,0,0,0,0,1,1,0,5,5,0,0
2325,2325,2324,2326,2417,2418,0,0,0,0,0,0,0,0,0,1,1,0,5,5,0,0
2326,2326,2325,2327,2418,2419,0,0,0,0,0,0,0,0,0,1,1,0,5,5,0,0
2327,2327,2326,2328,2419,2420,0,0,0,0,0,0,0,0,0,1,1,0,5,5,0,0
2328,2328,2327,2329,2420,2421,0,0,0,0,0,0,0,0,0,1,1,0,5,5,0,0
2329,2329,2328,2330,2421,2422,0,0,0,0,0,0,0,0,0,1,1,0,5,5,0,0
2330,2330,2329,2331,2422,2423,0,0,0,0,0,0,0,0,0,1,1,0,5,5,0,0
2331,2331,2330,2332,2423,2424,0,0,0,0,0,0,0,0,0,1,1,0,5,5,0,0
2332,2332,2331,2333,2424,2425,0,0,0,0,0,0,0,0,0,1,1,0,5,5,0,0
2333,2333,2332,2334,2425,2426,0,0,0,0,0,0,0,0,0,1,1,0,5,5,0,0
2334,2334,2333,2335,2426,2427,0,0,0,0,0,0,0,0,0,1,1,0,5,5,0,0
2335,2335,2334,2336,2427,2428,0,0,0,0,0,0,0,0,0,1,1,0,5,5,0,0
2336,2336,2335,2337,2428,2429,0,0,0,0,0,0,0,0,0,1,1,0,5,5,0,0
2337,2337,2336,2338,2429,2430,0,0,0,0,0,0,0,0,0,1,1,0,5,5,0,0
2338,2338,2337,2339,2430,2431,0,0,0,0,0,0,0,0,0,1,1,0,5,5,0,0
2339,2339,2338,2340,2431,2432,0,0,0,0,0,0,0,0,0,1,1,0,5,5,0,0
2340,2340,2339,2341,2432,2433,0,0,0,0,0,0,0,0,0,1,1,0,5,5,0,0
2341,2341,2340,2342,2433,2434,0,0,0,0,0,0,0,0,0,1,1,0,5,5,0,0
2342,2342,2341,2343,2434,2435,0,0,0,0,0,0,0,0,0,1,1,0,5,5,0,0
2343,2343,2342,2344,2435,2436,0,0,0,0,0,0,0,0,0,1,1,0,5,5,0,0
2344,2344,2343,2345,2436,2437,0,0,0,0,0,0,0,0,0,1,1,0,5,5,0,0
2345,2345,2344,2346,2437,2438,0,0,0,0,0,0,0,0,0,1,1,0,5,5,0,0
2346,2346,2345,2347,2438,2439,0,0,0,0,0,0,0,0,0,1,1,0,5,5,0,0
2347,2347,2346,2348,2439,2440,0,0,0,0,0,0,0,0,0,1,1,0,5,5,0,0
2348,2348,2347,2349,2440,2441,0,0,0,0,0,0,0,0,0,1,1,0,5,5,0,0
2349,2349,2348,2350,2441,2442,0,0,0,0,0,0,0,0,0,1,1,0,5,5,0,0
2350,2350,2349,2351,2442,2443,0,0,0,0,0,0,0,0,0,1,1,0,5,5,0,0
2351,2351,2350,2352,2443,2444,0,0,0,0,0,0,0,0,0,1,1,0,5,5,0,0
2352,2352,2351,2353,2444,2445,0,0,0,0,0,0,0,0,0,1,1,0,5,5,0,0
2353,2353,2352,2354,2445,2446,0,0,0,0,0,0,0,0,0,1,1,0,5,5,0,0
2354,2354,2353,2355,2446,2447,0,0,0,0,0,0,0,0,0,1,1,0,5,5,0,0
2355,2355,2354,2356,2447,2448,0,0,0,0,0,0,0,0,0,1,1,0,5,5,0,0
2356,2356,2355,2357,2448,2449,0,0,0,0,0,0,0,0,0,1,1,0,5,5,0,0
2357,2357,2356,2358,2449,2450,0,0,0,0,0,0,0,0,0,1,1,0,5,5,0,0
2358,2358,2357,2359,2450,2451,0,0,0,0,0,0,0,0,0,1,1,0,5,5,0,0
2359,2359,2358,2360,2451,2452,0,0,0,0,0,0,0,0,0,1,1,0,5,5,0,0
2360,2360,2359,2361,2452,2453,0,0,0,0,0,0,0,0,0,1,1,0,5,5,0,0
2361,2361,2360,2362,2453,2454,0,0,0,0,0,0,0,0,0,1,1,0,5,5,0,0
2362,2362,2361,2363,2454,2455,0,0,0,0,0,0,0,0,0,1,1,0,5,5,0,0
2363,2363,2362,2364,2455,2456,0,0,0,0,0,0,0,0,0,1,1,0,5,5,0,0
2364,2364,2363,2365,2456,2457,0,0,0,0,0,0,0,0,0,1,1,0,5,5,0,0
2365,2365,2364,2366,2457,2458,0,0,0,0,0,0,0,0,0,1,1,0,5,5,0,0
2366,2366,2365,2367,2458,2459,0,0,0,0,0,0,0,0,0,1,1,0,5,5,0,0
2367,2367,2366,2368,2459,2460,0,0,0,0,0,0,0,0,0,1,1,0,5,5,0,0
2368,2368,2367,2369,2460,2461,0,0,0,0,0,0,0,0,0,1,1,0,5,5,0,0
2369,2369,2368,2370,2461,2462,0,0,0,0,0,0,0,0,0,1,1,0,5,5,0,0
2370,2370,2369,2371,2463,2464,2,0,0,0,0,0,0,0,0,1,1,0,5,5,0,0
2371,2371,2370,2372,2465,2466,0,0,0,0,0,0,0,0,0,1,1,0,5,5,0,0
2372,2372,2371,2373,2466,2467,0,0,0,0,0,0,0,0,0,1,1,0,5,5,0,0
2373,2373,2372,2374,2467,2468,0,0,0,0,0,0,0,0,0,1,1,0,5,5,0,0
2374,2374,2373,2375,2468,2469,0,0,0,0,0,0,0,0,0,1,1,0,5,5,0,0
2375,2375,2374,2376,2469,2470,0,0,0,0,0,0,0,0,0,1,1,0,5,5,0,0
2376,2376,2375,2377,2470,2471,0,0,0,0,0,0,0,0,0,1,1,0,5,5,0,0
2377,2377,2376,2378,2471,2472,0,0,0,0,0,0,0,0,0,1,1,0,5,5,0,0
2378,2378,2377,2379,2473,2474,4,0,0,0,0,0,0,0,0,1,1,0,5,5,0,0
2379,2379,2378,2380,2475,2476,0,0,0,0,0,0,0,0,0,1,1,0,5,5,0,0
2380,2380,2379,2381,2476,2477,0,0,0,0,0,0,0,0,0,1,1,0,5,5,0,0
2381,2381,2380,2382,2477,2478,0,0,0,0,0,0,0,0,0,1,1,0,5,5,0,0
2382,2382,2381,2383,2478,2479,0,0,0,0,0,0,0,0,0,1,1,0,5,5,0,0
2383,2383,2382,2384,2479,2480,0,0,0,0,0,0,0,0,0,1,1,0,5,5,0,0
2384,2384,2383,2385,2480,2481,0,0,0,0,0,0,0,0,0,1,1,0,5,5,0,0
2385,2385,2384,2386,2481,2482,0,0,0,0,0,0,0,0,0,1,1,0,5,5,0,0
2386,2386,2385,2387,2482,2483,0,0,0,0,0,0,0,0,0,1,1,0,5,5,0,0
2387,2387,2386,2388,2483,2484,0,0,0,0,0,0,0,0,0,1,1,0,5,5,0,0
2388,2388,2387,2389,2484,2485,0,0,0,0,0,0,0,0,0,1,1,0,5,5,0,0
2389,2389,2388,2390,2485,2486,0,0,0,0,0,0,0,0,0,1,1,0,5,5,0,0
2390,2390,2389,2391,2486,2487,0,0,0,0,0,0,0,0,0,1,1,0,5,5,0,0
2391,2391,2390,2392,2487,2488,0,0,0,0,0,0,0,0,0,1,1,0,5,5,0,0
2392,2392,2391,2393,2488,2489,0,0,0,0,0,0,0,0,0,1,1,0,5,5,0,0
2393,2393,2392,2394,2489,2490,0,0,0,0,0,0,0,0,0,1,1,0,5,5,0,0
2394,2394,2393,2395,2490,2491,0,0,0,0,0,0,0,0,0,1,1,0,5,5,0,0
2395,2395,2394,2396,2491,2492,0,0,0,0,0,0,0,0,0,1,1,0,5,5,0,0
2396,2396,2395,2397,2492,2493,0,0,0,0,0,0,0,0,0,1,1,0,5,5,0,0
2397,2397,2396,2398,2493,2494,0,0,0,0,0,0,0,0,0,1,1,0,5,5,0,0
2398,2398,2397,2399,2494,2495,0,0,0,0,0,0,0,0,0,1,1,0,5,5,0,0
2399,2399,2398,2400,2495,2496,0,0,0,0,0,0,0,0,0,1,1,0,5,5,0,0
2400,2400,2399,2401,2496,2497,0,0,0,0,0,0,0,0,0,1,1,0,5,5,0,0
2401,2401,2400,2402,2497,2498,0,0,0,0,0,0,0,0,0,1,1,0,5,5,0,0
2402,2402,2401,2403,2498,2499,0,0,0,0,0,0,0,0,0,1,1,0,5,5,0,0
2403,2403,2402,2404,2499,2500,0,0,0,0,0,0,0,0,0,1,1,0,5,5,0,0
2404,2404,2403,2405,2500,2501,0,0,0,0,0,0,0,0,0,1,1,0,5,5,0,0
2405,2405,2404,2406,2501,2502,0,0,0,0,0,0,0,0,0,1,1,0,5,5,0,0
2406,2406,2405,2407,2502,2503,0,0,0,0,0,0,0,0,0,1,1,0,5,5,0,0
2407,2407,2406,2408,2503,2504,0,0,0,0,0,0,0,0,0,1,1,0,5,5,0,0
2408,2408,2407,2409,2504,2505,0,0,0,0,0,0,0,0,0,1,1,0,5,5,0,0
2409,2409,2408,2410,2505,2506,0,0,0,0,0,0,0,0,0,1,1,0,5,5,0,0
2410,2410,2409,2411,2506,2507,0,0,0,0,0,0,0,0,0,1,1,0,5,5,0,0
2411,2411,2410,2412,2507,2508,0,0,0,0,0,0,0,0,0,1,1,0,5,5,0,0
2412,2412,2411,2413,2509,2510,1,0,0,0,0,0,0,0,0,1,1,0,5,5,0,0
2413,2413,2412,2414,2511,2512,0,0,0,0,0,0,0,0,0,1,1,0,5,5,0,0
2414,2414,2413,2415,2512,2513,0,0,0,0,0,0,0,0,0,1,1,0,5,5,0,0
2415,2415,2414,2416,2513,2514,0,0,0,0,0,0,0,0,0,1,1,0,5,5,0,0
2416,2416,2415,2417,2514,2515,0,0,0,0,0,0,0,0,0,1,1,0,5,5,0,0
2417,2417,2416,2418,2515,2516,0,0,0,0,0,0,0,0,0,1,1,0,5,5,0,0
2418,2418,2417,2419,2516,2517,0,0,0,0,0,0,0,0,0,1,1,0,5,5,0,0
2419,2419,2418,2420,2517,2518,0,0,0,0,0,0,0,0,0,1,1,0,5,5,0,0
2420,2420,2419,2421,2518,2519,0,0,0,0,0,0,0,0,0,1,1,0,5,5,0,0
2421,2421,2420,2422,2519,2520,0,0,0,0,0,0,0,0,0,1,1,0,5,5,0,0
2422,2422,2421,2423,2521,2522,4,0,0,0,0,0,0,0,0,1,1,0,5,5,0,0
2423,2423,2422,2424,2523,2524,0,0,0,0,0,0,0,0,0,1,1,0,5,5,0,0
2424,2424,2423,2425,2524,2525,0,0,0,0,0,0,0,0,0,1,1,0,5,5,0,0
2425,2425,2424,2426,2525,2526,0,0,0,0,0,0,0,0,0,1,1,0,5,5,0,0
2426,2426,2425,2427,2526,2527,0,0,0,0,0,0,0,0,0,1,1,0,5,5,0,0
2427,2427,2426,2428,2527,2528,0,0,0,0,0,0,0,0,0,1,1,0,5,5,0,0
2428,2428,2427,2429,2528,2529,0,0,0,0,0,0,0,0,0,1,1,0,5,5,0,0
2429,2429,2428,2430,2529,2530,0,0,0,0,0,0,0,0,0,1,1,0,5,5,0,0
2430,2430,2429,2431,2530,2531,0,0,0,0,0,0,0,0,0,1,1,0,5,5,0,0
2431,2431,2430,2432,2531,2532,0,0,0,0,0,0,0,0,0,1,1,0,5,5,0,0
2432,2432,2431,2433,2532,2533,0,0,0,0,0,0,0,0,0,1,1,0,5,5,0,0
2433,2433,2432,2434,2533,2534,0,0,0,0,0,0,0,0,0,1,1,0,5,5,0,0
2434,2434,2433,2435,2534,2535,0,0,0,0,0,0,0,0,0,1,1,0,5,5,0,0
2435,2435,2434,2436,2535,2536,0,0,0,0,0,0,0,0,0,1,1,0,5,5,0,0
2436,2436,2435,2437,2536,2537,0,0,0,0,0,0,0,0,0,1,1,0,5,5,0,0
2437,2437,2436,2438,2537,2538,0,0,0,0,0,0,0,0,0,1,1,0,5,5,0,0
2438,2438,2437,2439,2538,2539,0,0,0,0,0,0,0,0,0,1,1,0,5,5,0,0
2439,2439,2438,2440,2539,2540,0,0,0,0,0,0,0,0,0,1,1,0,5,5,0,0
2440,2440,2439,2441,2540,2541,0,0,0,0,0,0,0,0,0,1,1,0,5,5,0,0
2441,2441,2440,2442,2541,2542,0,0,0,0,0,0,0,0,0,1,1,0,5,5,0,0
2442,2442,2441,2443,2542,2543,0,0,0,0,0,0,0,0,0,1,1,0,5,5,0,0
2443,2443,2442,2444,2543,2544,0,0,0,0,0,0,0,0,0,1,1,0,5,5,0,0
2444,2444,2443,2445,2544,2545,0,0,0,0,0,0,0,0,0,1,1,0,5,5,0,0
2445,2445,2444,2446,2545,2546,0,0,0,0,0,0,0,0,0,1,1,0,5,5,0,0
2446,2446,2445,2447,2546,2547,0,0,0,0,0,0,0,0,0,1,1,0,5,5,0,0
2447,2447,2446,2448,2547,2548,0,0,0,0,0,0,0,0,0,1,1,0,5,5,0,0
2448,2448,2447,2449,2548,2549,0,0,0,0,0,0,0,0,0,1,1,0,5,5,0,0
2449,2449,2448,2450,2549,2550,0,0,0,0,0,0,0,0,0,1,1,0,5,5,0,0
2450,2450,2449,2451,2550,2551,0,0,0,0,0,0,0,0,0,1,1,0,5,5,0,0
2451,2451,2450,2452,2551,2552,0,0,0,0,0,0,0,0,0,1,1,0,5,5,0,0
2452,2452,2451,2453,2552,2553,0,0,0,0,0,0,0,0,0,1,1,0,5,5,0,0
2453,2453,2452,2454,2553,2554,0,0,0,0,0,0,0,0,0,1,1,0,5,5,0,0
2454,2454,2453,2455,2554,2555,0,0,0,0,0,0,0,0,0,1,1,0,5,5,0,0
2455,2455,2454,2456,2555,2556,0,0,0,0,0,0,0,0,0,1,1,0,5,5,0,0
2456,2456,2455,2457,2556,2557,0,0,0,0,0,0,0,0,0,1,1,0,5,5,0,0
2457,2457,2456,2458,2557,2558,0,0,0,0,0,0,0,0,0,1,1,0,5,5,0,0
2458,2458,2457,2459,2558,2559,0,0,0,0,0,0,0,0,0,1,1,0,5,5,0,0
2459,2459,2458,2460,2559,2560,0,0,0,0,0,0,0,0,0,1,1,0,5,5,0,0
2460,2460,2459,2461,2560,2561,0,0,0,0,0,0,0,0,0,1,1,0,5,5,0,0
2461,2461,2460,2462,2561,2562,0,0,0,0,0,0,0,0,0,1,1,0,5,5,0,0
2462,2462,2461,2463,2562,2563,0,0,0,0,0,0,0,0,0,1,1,0,5,5,0,0
2463,2463,2462,2464,2563,2564,0,0,0,0,0,0,0,0,0,1,1,0,5,5,0,0
2464,2464,2463,2465,2564,2565,0,0,0,0,0,0,0,0,0,1,1,0,5,5,0,0
2465,2465,2464,2466,2565,2566,0,0,0,0,0,0,0,0,0,1,1,0,5,5,0,0
2466,2466,2465,2467,2566,2567,0,0,0,0,0,0,0,0,0,1,1,0,5,5,0,0
2467,2467,2466,2468,2567,2568,0,0,0,0,0,0,0,0,0,1,1,0,5,5,0,0
2468,2468,2467,2469,2568,2569,0,0,0,0,0,0,0,0,0,1,1,0,5,5,0,0
2469,2469,2468,2470,2569,2570,0,0,0,0,0,0,0,0,0,1,1,0,5,5,0,0
2470,2470,2469,2471,2570,2571,0,0,0,0,0,0,0,0,0,1,1,0,5,5,0,0
2471,2471,2470,2472,2571,2572,0,0,0,0,0,0,0,0,0,1,1,0,5,5,0,0
2472,2472,2471,2473,2572,2573,0,0,0,0,0,0,0,0,0,1,1,0,5,5,0,0
2473,2473,2472,2474,2573,2574,0,0,0,0,0,0,0,0,0,1,1,0,5,5,0,0
2474,2474,2473,2475,2574,2575,0,0,0,0,0,0,0,0,0,1,1,0,5,5,0,0
2475,2475,2474,2476,2575,2576,0,0,0,0,0,0,0,0,0,1,1,0,5,5,0,0
2476,2476,2475,2477,2576,2577,0,0,0,0,0,0,0,0,0,1,1,0,5,5,0,0
2477,2477,2476,2478,2577,2578,0,0,0,0,0,0,0,0,0,1,1,0,5,5,0,0
2478,2478,2477,2479,2578,2579,0,0,0,0,0,0,0,0,0,1,1,0,5,5,0,0
2479,2479,2478,2480,2579,2580,0,0,0,0,0,0,0,0,0,1,1,0,5,5,0,0
2480,2480,2479,2481,2580,2581,0,0,0,0,0,0,0,0,0,1,1,0,5,5,0,0
2481,2481,2480,2482,2581,2582,0,0,0,0,0,0,0,0,0,1,1,0,5,5,0,0
2482,2482,2481,2483,2582,2583,0,0,0,0,0,0,0,0,0,1,1,0,5,5,0,0
2483,2483,2482,2484,2583,2584,0,0,0,0,0,0,0,0,0,1,1,0,5,5,0,0
2484,2484,2483,2485,2584,2585,0,0,0,0,0,0,0,0,0,1,1,0,5,5,0,0
2485,2485,2484,2486,2585,2586,0,0,0,0,0,0,0,0,0,1,1,0,5,5,0,0
2486,2486,2485,2487,2586,2587,0,0,0,0,0,0,0,0,0,1,1,0,5,5,0,0
2487,2487,2486,2488,2587,2588,0,0,0,0,0,0,0,0,0,1,1,0,5,5,0,0
2488,2488,2487,2489,2588,2589,0,0,0,0,0,0,0,0,0,1,1,0,5,5,0,0
2489,2489,2488,2490,2589,2590,0,0,0,0,0,0,0,0,0,1,1,0,5,5,0,0
2490,2490,2489,2491,2590,2591,0,0,0,0,0,0,0,0,0,1,1,0,5,5,0,0
2491,2491,2490,2492,2591,2592,0,0,0,0,0,0,0,0,0,1,1,0,5,5,0,0
2492,2492,2491,2493,2592,2593,0,0,0,0,0,0,0,0,0,1,1,0,5,5,0,0
2493,2493,2492,2494,2593,2594,0,0,0,0,0,0,0,0,0,1,1,0,5,5,0,0
2494,2494,2493,2495,2594,2595,0,0,0,0,0,0,0,0,0,1,1,0,5,5,0,0
2495,2495,2494,2496,2595,2596,0,0,0,0,0,0,0,0,0,1,1,0,5,5,0,0
2496,2496,2495,2497,2596,2597,0,0,0,0,0,0,0,0,0,1,1,0,5,5,0,0
2497,2497,2496,2498,2597,2598,0,0,0,0,0,0,0,0,0,1,1,0,5,5,0,0
2498,2498,2497,2499,2598,2599,0,0,0,0,0,0,0,0,0,1,1,0,5,5,0,0
2499,2499,2498,2500,2599,2600,0,0,0,0,0,0,0,0,0,1,1,0,5,5,0,0
2500,2500,2499,2501,2600,2601,0,0,0,0,0,0,0,0,0,1,1,0,5,5,0,0
2501,2501,2500,2502,2601,2602,0,0,0,0,0,0,0,0,0,1,1,0,5,5,0,0
2502,2502,2501,2503,2602,2603,0,0,0,0,0,0,0,0,0,1,1,0,5,5,0,0
2503,2503,2502,2504,2603,2604,0,0,0,0,0,0,0,0,0,1,1,0,5,5,0,0
2504,2504,2503,2505,2604,2605,0,0,0,0,0,0,0,0,0,1,1,0,5,5,0,0
2505,2505,2504,2506,2605,2606,0,0,0,0,0,0,0,0,0,1,1,0,5,5,0,0
2506,2506,2505,2507,2606,2607,0,0,0,0,0,0,0,0,0,1,1,0,5,5,0,0
2507,2507,2506,2508,2607,2608,0,0,0,0,0,0,0,0,0,1,1,0,5,5,0,0
2508,2508,2507,2509,2608,2609,0,0,0,0,0,0,0,0,0,1,1,0,5,5,0,0
2509,2509,2508,2510,2609,2610,0,0,0,0,0,0,0,0,0,1,1,0,5,5,0,0
2510,2510,2509,2511,2610,2611,0,0,0,0,0,0,0,0,0,1,1,0,5,5,0,0
2511,2511,2510,2512,2611,2612,0,0,0,0,0,0,0,0,0,1,1,0,5,5,0,0
2512,2512,2511,2513,2612,2613,0,0,0,0,0,0,0,0,0,1,1,0,5,5,0,0
2513,2513,2512,2514,2613,2614,0,0,0,0,0,0,0,0,0,1,1,0,5,5,0,0
2514,2514,2513,2515,2614,2615,0,0,0,0,0,0,0,0,0,1,1,0,5,5,0,0
2515,2515,2514,2516,2615,2616,0,0,0,0,0,0,0,0,0,1,1,0,5,5,0,0
2516,2516,2515,2517,2616,2617,0,0,0,0,0,0,0,0,0,1,1,0,5,5,0,0
2517,2517,2516,2518,2617,2618,0,0,0,0,0,0,0,0,0,1,1,0,5,5,0,0
2518,2518,2517,2519,2618,2619,0,0,0,0,0,0,0,0,0,1,1,0,5,5,0,0
2519,2519,2518,2520,2619,2620,0,0,0,0,0,0,0,0,0,1,1,0,5,5,0,0
2520,2520,2519,2521,2620,2621,0,0,0,0,0,0,0,0,0,1,1,0,5,5,0,0
2521,2521,2520,2522,2621,2622,0,0,0,0,0,0,0,0,0,1,1,0,5,5,0,0
2522,2522,2521,2523,2622,2623,0,0,0,0,0,0,0,0,0,1,1,0,5,5,0,0
2523,2523,2522,2524,2623,2624,0,0,0,0,0,0,0,0,0,1,1,0,5,5,0,0
2524,2524,2523,2525,2624,2625,0,0,0,0,0,0,0,0,0,1,1,0,5,5,0,0
2525,2525,2524,2526,2625,2626,0,0,0,0,0,0,0,0,0,1,1,0,5,5,0,0
2526,2526,2525,2527,2626,2627,0,0,0,0,0,0,0,0,0,1,1,0,5,5,0,0
2527,2527,2526,2528,2627,2628,0,0,0,0,0,0,0,0,0,1,1,0,5,5,0,0
2528,2528,2527,2529,2628,2629,0,0,0,0,0,0,0,0,0,1,1,0,5,5,0,0
2529,2529,2528,2530,2629,2630,0,0,0,0,0,0,0,0,0,1,1,0,5,5,0,0
2530,2530,2529,2531,2630,2631,0,0,0,0,0,0,0,0,0,1,1,0,5,5,0,0
2531,2531,2530,2532,2631,2632,0,0,0,0,0,0,0,0,0,1,1,0,5,5,0,0
2532,2532,2531,2533,2632,2633,0,0,0,0,0,0,0,0,0,1,1,0,5,5,0,0
2533,2533,2532,2534,2633,2634,0,0,0,0,0,0,0,0,0,1,1,0,5,5,0,0
2534,2534,2533,2535,2634,2635,0,0,0,0,0,0,0,0,0,1,1,0,5,5,0,0
2535,2535,2534,2536,2635,2636,0,0,0,0,0,0,0,0,0,1,1,0,5,5,0,0
2536,2536,2535,2537,2636,2637,0,0,0,0,0,0,0,0,0,1,1,0,5,5,0,0
2537,2537,2536,2538,2637,2638,0,0,0,0,0,0,0,0,0,1,1,0,5,5,0,0
2538,2538,2537,2539,2638,2639,0,0,0,0,0,0,0,0,0,1,1,0,5,5,0,0
2539,2539,2538,2540,2639,2640,0,0,0,0,0,0,0,0,0,1,1,0,5,5,0,0
2540,2540,2539,2541,2640,2641,0,0,0,0,0,0,0,0,0,1,1,0,5,5,0,0
2541,2541,2540,2542,2641,2642,0,0,0,0,0,0,0,0,0,1,1,0,5,5,0,0
2542,2542,2541,2543,2642,2643,0,0,0,0,0,0,0,0,0,1,1,0,5,5,0,0
2543,2543,2542,2544,2643,2644,0,0,0,0,0,0,0,0,0,1,1,0,5,5,0,0
2544,2544,2543,2545,2644,2645,0,0,0,0,0,0,0,0,0,1,1,0,5,5,0,0
2545,2545,2544,2546,2645,2646,0,0,0,0,0,0,0,0,0,1,1,0,5,5,0,0
2546,2546,2545,2547,2646,2647,0,0,0,0,0,0,0,0,0,1,1,0,5,5,0,0
2547,2547,2546,2548,2647,2648,0,0,0,0,0,0,0,0,0,1,1,0,5,5,0,0
2548,2548,2547,2549,2648,2649,0,0,0,0,0,0,0,0,0,1,1,0,5,5,0,0
2549,2549,2548,2550,2649,2650,0,0,0,0,0,0,0,0,0,1,1,0,5,5,0,0
2550,2550,2549,2551,2650,2651,0,0,0,0,0,0,0,0,0,1,1,0,5,5,0,0
2551,2551,2550,2552,2651,2652,0,0,0,0,0,0,0,0,0,1,1,0,5,5,0,0
2552,2552,2551,2553,2652,2653,0,0,0,0,0,0,0,0,0,1,1,0,5,5,0,0
2553,2553,2552,2554,2653,2654,0,0,0,0,0,0,0,0,0,1,1,0,5,5,0,0
2554,2554,2553,2555,2654,2655,0,0,0,0,0,0,0,0,0,1,1,0,5,5,0,0
2555,2555,2554,2556,2655,2656,0,0,0,0,0,0,0,0,0,1,1,0,5,5,0,0
2556,2556,2555,2557,2656,2657,0,0,0,0,0,0,0,0,0,1,1,0,5,5,0,0
2557,2557,2556,2558,2657,2658,0,0,0,0,0,0,0,0,0,1,1,0,5,5,0,0
2558,2558,2557,2559,2658,2659,0,0,0,0,0,0,0,0,0,1,1,0,5,5,0,0
2559,2559,2558,2560,2659,2660,0,0,0,0,0,0,0,0,0,1,1,0,5,5,0,0
2560,2560,2559,2561,2660,2661,0,0,0,0,0,0,0,0,0,1,1,0,5,5,0,0
2561,2561,2560,2562,2661,2662,0,0,0,0,0,0,0,0,0,1,1,0,5,5,0,0
2562,2562,2561,2563,2662,2663,0,0,0,0,0,0,0,0,0,1,1,0,5,5,0,0
2563,2563,2562,2564,2663,2664,0,0,0,0,0,0,0,0,0,1,1,0,5,5,0,0
2564,2564,2563,2565,2664,2665,0,0,0,0,0,0,0,0,0,1,1,0,5,5,0,0
2565,2565,2564,2566,2665,2666,0,0,0,0,0,0,0,0,0,1,1,0,5,5,0,0
2566,2566,2565,2567,2666,2667,0,0,0,0,0,0,0,0,0,1,1,0,5,5,0,0
2567,2567,2566,2568,2667,2668,0,0,0,0,0,0,0,0,0,1,1,0,5,5,0,0
2568,2568,2567,2569,2668,2669,0,0,0,0,0,0,0,0,0,1,1,0,5,5,0,0
2569,2569,2568,2570,2669,2670,0,0,0,0,0,0,0,0,0,1,1,0,5,5,0,0
2570,2570,2569,2571,2670,2671,0,0,0,0,0,0,0,0,0,1,1,0,5,5,0,0
2571,2571,2570,2572,2671,2672,0,0,0,0,0,0,0,0,0,1,1,0,5,5,0,0
2572,2572,2571,2573,2672,2673,0,0,0,0,0,0,0,0,0,1,1,0,5,5,0,0
2573,2573,2572,2574,2673,2674,0,0,0,0,0,0,0,0,0,1,1,0,5,5,0,0
2574,2574,2573,2575,2674,2675,0,0,0,0,0,0,0,0,0,1,1,0,5,5,0,0
2575,2575,2574,2576,2675,2676,0,0,0,0,0,0,0,0,0,1,1,0,5,5,0,0
2576,2576,2575,2577,2676,2677,0,0,0,0,0,0,0,0,0,1,1,0,5,5,0,0
2577,2577,2576,0,2677,2678,0,0,0,0,0,0,0,0,0,1,1,0,5,5,0,0
2578,2578,0,2579,2679,2680,2,0,0,0,0,0,0,0,0,1,1,0,5,5,0,0
2579,2579,2578,2580,2681,2682,0,0,0,0,0,0,0,0,0,1,1,0,5,5,0,0
2580,2580,2579,2581,2682,2683,0,0,0,0,0,0,0,0,0,1,1,0,5,5,0,0
2581,2581,2580,2582,2683,2684,0,0,0,0,0,0,0,0,0,1,1,0,5,5,0,0
2582,2582,2581,2583,2684,2685,0,0,0,0,0,0,0,0,0,1,1,0,5,5,0,0
2583,2583,2582,2584,2685,2686,0,0,0,0,0,0,0,0,0,1,1,0,5,5,0,0
2584,2584,2583,2585,2686,2687,0,0,0,0,0,0,0,0,0,1,1,0,5,5,0,0
2585,2585,2584,2586,2687,2688,0,0,0,0,0,0,0,0,0,1,1,0,5,5,0,0
2586,2586,2585,2587,2688,2689,0,0,0,0,0,0,0,0,0,1,1,0,5,5,0,0
2587,2587,2586,2588,2690,2691,4,0,0,0,0,0,0,0,0,1,1,0,5,5,0,0
2588,2588,2587,2589,2692,2693,0,0,0,0,0,0,0,0,0,1,1,0,5,5,0,0
2589,2589,2588,2590,2693,2694,0,0,0,0,0,0,0,0,0,1,1,0,5,5,0,0
2590,2590,2589,2591,2694,2695,0,0,0,0,0,0,0,0,0,1,1,0,5,5,0,0
2591,2591,2590,2592,2695,2696,0,0,0,0,0,0,0,0,0,1,1,0,5,5,0,0
2592,2592,2591,2593,2696,2697,0,0,0,0,0,0,0,0,0,1,1,0,5,5,0,0
2593,2593,2592,2594,2697,2698,0,0,0,0,0,0,0,0,0,1,1,0,5,5,0,0
2594,2594,2593,2595,2698,2699,0,0,0,0,0,0,0,0,0,1,1,0,5,5,0,0
2595,2595,2594,2596,2699,2700,0,0,0,0,0,0,0,0,0,1,1,0,5,5,0,0
2596,2596,2595,2597,2700,2701,0,0,0,0,0,0,0,0,0,1,1,0,5,5,0,0
2597,2597,2596,2598,2701,2702,0,0,0,0,0,0,0,0,0,1,1,0,5,5,0,0
2598,2598,2597,2599,2702,2703,0,0,0,0,0,0,0,0,0,1,1,0,5,5,0,0
2599,2599,2598,2600,2703,2704,0,0,0,0,0,0,0,0,0,1,1,0,5,5,0,0
2600,2600,2599,2601,2704,2705,0,0,0,0,0,0,0,0,0,1,1,0,5,5,0,0
2601,2601,2600,2602,2705,2706,0,0,0,0,0,0,0,0,0,1,1,0,5,5,0,0
2602,2602,2601,2603,2706,2707,0,0,0,0,0,0,0,0,0,1,1,0,5,5,0,0
2603,2603,2602,2604,2707,2708,0,0,0,0,0,0,0,0,0,1,1,0,5,5,0,0
2604,2604,2603,2605,2708,2709,0,0,0,0,0,0,0,0,0,1,1,0,5,5,0,0
2605,2605,2604,2606,2709,2710,0,0,0,0,0,0,0,0,0,1,1,0,5,5,0,0
2606,2606,2605,2607,2710,2711,0,0,0,0,0,0,0,0,0,1,1,0,5,5,0,0
2607,2607,2606,2608,2711,2712,0,0,0,0,0,0,0,0,0,1,1,0,5,5,0,0
2608,2608,2607,2609,2712,2713,0,0,0,0,0,0,0,0,0,1,1,0,5,5,0,0
2609,2609,2608,2610,2713,2714,0,0,0,0,0,0,0,0,0,1,1,0,5,5,0,0
2610,2610,2609,2611,2714,2715,0,0,0,0,0,0,0,0,0,1,1,0,5,5,0,0
2611,2611,2610,2612,2715,2716,0,0,0,0,0,0,0,0,0,1,1,0,5,5,0,0
2612,2612,2611,2613,2716,2717,0,0,0,0,0,0,0,0,0,1,1,0,5,5,0,0
2613,2613,2612,2614,2717,2718,0,0,0,0,0,0,0,0,0,1,1,0,5,5,0,0
2614,2614,2613,2615,2718,2719,0,0,0,0,0,0,0,0,0,1,1,0,5,5,0,0
2615,2615,2614,2616,2719,2720,0,0,0,0,0,0,0,0,0,1,1,0,5,5,0,0
2616,2616,2615,2617,2720,2721,0,0,0,0,0,0,0,0,0,1,1,0,5,5,0,0
2617,2617,2616,2618,2721,2722,0,0,0,0,0,0,0,0,0,1,1,0,5,5,0,0
2618,2618,2617,2619,2722,2723,0,0,0,0,0,0,0,0,0,1,1,0,5,5,0,0
2619,2619,2618,2620,2723,2724,0,0,0,0,0,0,0,0,0,1,1,0,5,5,0,0
2620,2620,2619,2621,2724,2725,0,0,0,0,0,0,0,0,0,1,1,0,5,5,0,0
2621,2621,2620,2622,2725,2726,0,0,0,0,0,0,0,0,0,1,1,0,5,5,0,0
2622,2622,2621,2623,2726,2727,0,0,0,0,0,0,0,0,0,1,1,0,5,5,0,0
2623,2623,2622,2624,2727,2728,0,0,0,0,0,0,0,0,0,1,1,0,5,5,0,0
2624,2624,2623,2625,2728,2729,0,0,0,0,0,0,0,0,0,1,1,0,5,5,0,0
2625,2625,2624,2626,2729,2730,0,0,0,0,0,0,0,0,0,1,1,0,5,5,0,0
2626,2626,2625,2627,2730,2731,0,0,0,0,0,0,0,0,0,1,1,0,5,5,0,0
2627,2627,2626,2628,2731,2732,0,0,0,0,0,0,0,0,0,1,1,0,5,5,0,0
2628,2628,2627,2629,2732,2733,0,0,0,0,0,0,0,0,0,1,1,0,5,5,0,0
2629,2629,2628,2630,2733,2734,0,0,0,0,0,0,0,0,0,1,1,0,5,5,0,0
2630,2630,2629,2631,2734,2735,0,0,0,0,0,0,0,0,0,1,1,0,5,5,0,0
2631,2631,2630,2632,2735,2736,0,0,0,0,0,0,0,0,0,1,1,0,5,5,0,0
2632,2632,2631,2633,2736,2737,0,0,0,0,0,0,0,0,0,1,1,0,5,5,0,0
2633,2633,2632,2634,2737,2738,0,0,0,0,0,0,0,0,0,1,1,0,5,5,0,0
2634,2634,2633,2635,2738,2739,0,0,0,0,0,0,0,0,0,1,1,0,5,5,0,0
2635,2635,2634,2636,2739,2740,0,0,0,0,0,0,0,0,0,1,1,0,5,5,0,0
2636,2636,2635,2637,2740,2741,0,0,0,0,0,0,0,0,0,1,1,0,5,5,0,0
2637,2637,2636,2638,2741,2742,0,0,0,0,0,0,0,0,0,1,1,0,5,5,0,0
2638,2638,2637,2639,2742,2743,0,0,0,0,0,0,0,0,0,1,1,0,5,5,0,0
2639,2639,2638,2640,2743,2744,0,0,0,0,0,0,0,0,0,1,1,0,5,5,0,0
2640,2640,2639,2641,2744,2745,0,0,0,0,0,0,0,0,0,1,1,0,5,5,0,0
2641,2641,2640,2642,2745,2746,0,0,0,0,0,0,0,0,0,1,1,0,5,5,0,0
2642,2642,2641,2643,2746,2747,0,0,0,0,0,0,0,0,0,1,1,0,5,5,0,0
2643,2643,2642,0,2747,2748,0,0,0,0,0,0,0,0,0,1,1,0,5,5,0,0
2644,2644,0,2645,2749,2750,1,0,0,0,0,0,0,0,0,1,1,0,5,5,0,0
2645,2645,2644,2646,2751,2752,0,0,0,0,0,0,0,0,0,1,1,0,5,5,0,0
2646,2646,2645,2647,2752,2753,0,0,0,0,0,0,0,0,0,1,1,0,5,5,0,0
2647,2647,2646,2648,2753,2754,0,0,0,0,0,0,0,0,0,1,1,0,5,5,0,0
2648,2648,2647,2649,2754,2755,0,0,0,0,0,0,0,0,0,1,1,0,5,5,0,0
2649,2649,2648,2650,2755,2756,0,0,0,0,0,0,0,0,0,1,1,0,5,5,0,0
2650,2650,2649,2651,2756,2757,0,0,0,0,0,0,0,0,0,1,1,0,5,5,0,0
2651,2651,2650,2652,2757,2758,0,0,0,0,0,0,0,0,0,1,1,0,5,5,0,0
2652,2652,2651,2653,2758,2759,0,0,0,0,0,0,0,0,0,1,1,0,5,5,0,0
2653,2653,2652,2654,2759,2760,0,0,0,0,0,0,0,0,0,1,1,0,5,5,0,0
2654,2654,2653,2655,2760,2761,0,0,0,0,0,0,0,0,0,1,1,0,5,5,0,0
2655,2655,2654,2656,2761,2762,0,0,0,0,0,0,0,0,0,1,1,0,5,5,0,0
2656,2656,2655,2657,2762,2763,0,0,0,0,0,0,0,0,0,1,1,0,5,5,0,0
2657,2657,2656,2658,2763,2764,0,0,0,0,0,0,0,0,0,1,1,0,5,5,0,0
2658,2658,2657,2659,2764,2765,0,0,0,0,0,0,0,0,0,1,1,0,5,5,0,0
2659,2659,2658,2660,2765,2766,0,0,0,0,0,0,0,0,0,1,1,0,5,5,0,0
2660,2660,2659,2661,2766,2767,0,0,0,0,0,0,0,0,0,1,1,0,5,5,0,0
2661,2661,2660,2662,2767,2768,0,0,0,0,0,0,0,0,0,1,1,0,5,5,0,0
2662,2662,2661,2663,2768,2769,0,0,0,0,0,0,0,0,0,1,1,0,5,5,0,0
2663,2663,2662,2664,2769,2770,0,0,0,0,0,0,0,0,0,1,1,0,5,5,0,0
2664,2664,2663,2665,2770,2771,0,0,0,0,0,0,0,0,0,1,1,0,5,5,0,0
2665,2665,2664,2666,2771,2772,0,0,0,0,0,0,0,0,0,1,1,0,5,5,0,0
2666,2666,2665,2667,2772,2773,0,0,0,0,0,0,0,0,0,1,1,0,5,5,0,0
2667,2667,2666,2668,2773,2774,0,0,0,0,0,0,0,0,0,1,1,0,5,5,0,0
2668,2668,2667,2669,2774,2775,0,0,0,0,0,0,0,0,0,1,1,0,5,5,0,0
2669,2669,2668,2670,2775,2776,0,0,0,0,0,0,0,0,0,1,1,0,5,5,0,0
2670,2670,2669,2671,2776,2777,0,0,0,0,0,0,0,0,0,1,1,0,5,5,0,0
2671,2671,2670,2672,2777,2778,0,0,0,0,0,0,0,0,0,1,1,0,5,5,0,0
2672,2672,2671,2673,2778,2779,0,0,0,0,0,0,0,0,0,1,1,0,5,5,0,0
2673,2673,2672,2674,2779,2780,0,0,0,0,0,0,0,0,0,1,1,0,5,5,0,0
2674,2674,2673,2675,2780,2781,0,0,0,0,0,0,0,0,0,1,1,0,5,5,0,0
2675,2675,2674,2676,2781,2782,0,0,0,0,0,0,0,0,0,1,1,0,5,5,0,0
2676,2676,2675,2677,2782,2783,0,0,0,0,0,0,0,0,0,1,1,0,5,5,0,0
2677,2677,2676,2678,2783,2784,0,0,0,0,0,0,0,0,0,1,1,0,5,5,0,0
2678,2678,2677,2679,2784,2785,0,0,0,0,0,0,0,0,0,1,1,0,5,5,0,0
2679,2679,2678,2680,2785,2786,0,0,0,0,0,0,0,0,0,1,1,0,5,5,0,0
2680,2680,2679,2681,2786,2787,0,0,0,0,0,0,0,0,0,1,1,0,5,5,0,0
2681,2681,2680,2682,2787,2788,0,0,0,0,0,0,0,0,0,1,1,0,5,5,0,0
2682,2682,2681,2683,2788,2789,0,0,0,0,0,0,0,0,0,1,1,0,5,5,0,0
2683,2683,2682,2684,2789,2790,0,0,0,0,0,0,0,0,0,1,1,0,5,5,0,0
2684,2684,2683,2685,2790,2791,0,0,0,0,0,0,0,0,0,1,1,0,5,5,0,0
2685,2685,2684,2686,2791,2792,0,0,0,0,0,0,0,0,0,1,1,0,5,5,0,0
2686,2686,2685,2687,2792,2793,0,0,0,0,0,0,0,0,0,1,1,0,5,5,0,0
2687,2687,2686,2688,2793,2794,0,0,0,0,0,0,0,0,0,1,1,0,5,5,0,0
2688,2688,2687,2689,2794,2795,0,0,0,0,0,0,0,0,0,1,1,0,5,5,0,0
2689,2689,2688,2690,2795,2796,0,0,0,0,0,0,0,0,0,1,1,0,5,5,0,0
2690,2690,2689,2691,2796,2797,0,0,0,0,0,0,0,0,0,1,1,0,5,5,0,0
2691,2691,2690,2692,2797,2798,0,0,0,0,0,0,0,0,0,1,1,0,5,5,0,0
2692,2692,2691,2693,2798,2799,0,0,0,0,0,0,0,0,0,1,1,0,5,5,0,0
2693,2693,2692,2694,2799,2800,0,0,0,0,0,0,0,0,0,1,1,0,5,5,0,0
2694,2694,2693,2695,2800,2801,0,0,0,0,0,0,0,0,0,1,1,0,5,5,0,0
2695,2695,2694,2696,2801,2802,0,0,0,0,0,0,0,0,0,1,1,0,5,5,0,0
2696,2696,2695,2697,2802,2803,0,0,0,0,0,0,0,0,0,1,1,0,5,5,0,0
2697,2697,2696,2698,2803,2804,0,0,0,0,0,0,0,0,0,1,1,0,5,5,0,0
2698,2698,2697,2699,2804,2805,0,0,0,0,0,0,0,0,0,1,1,0,5,5,0,0
2699,2699,2698,2700,2805,2806,0,0,0,0,0,0,0,0,0,1,1,0,5,5,0,0
2700,2700,2699,2701,2806,2807,0,0,0,0,0,0,0,0,0,1,1,0,5,5,0,0
2701,2701,2700,2702,2807,2808,0,0,0,0,0,0,0,0,0,1,1,0,5,5,0,0
2702,2702,2701,2703,2808,2809,0,0,0,0,0,0,0,0,0,1,1,0,5,5,0,0
2703,2703,2702,2704,2809,2810,0,0,0,0,0,0,0,0,0,1,1,0,5,5,0,0
2704,2704,2703,2705,2810,2811,0,0,0,0,0,0,0,0,0,1,1,0,5,5,0,0
2705,2705,2704,2706,2811,2812,0,0,0,0,0,0,0,0,0,1,1,0,5,5,0,0
2706,2706,2705,2707,2812,2813,0,0,0,0,0,0,0,0,0,1,1,0,5,5,0,0
2707,2707,2706,2708,2813,2814,0,0,0,0,0,0,0,0,0,1,1,0,5,5,0,0
2708,2708,2707,2709,2814,2815,0,0,0,0,0,0,0,0,0,1,1,0,5,5,0,0
2709,2709,2708,2710,2815,2816,0,0,0,0,0,0,0,0,0,1,1,0,5,5,0,0
2710,2710,2709,2711,2816,2817,0,0,0,0,0,0,0,0,0,1,1,0,5,5,0,0
2711,2711,2710,2712,2817,2818,0,0,0,0,0,0,0,0,0,1,1,0,5,5,0,0
2712,2712,2711,2713,2818,2819,0,0,0,0,0,0,0,0,0,1,1,0,5,5,0,0
2713,2713,2712,2714,2819,2820,0,0,0,0,0,0,0,0,0,1,1,0,5,5,0,0
2714,2714,2713,2715,2820,2821,0,0,0,0,0,0,0,0,0,1,1,0,5,5,0,0
2715,2715,2714,2716,2821,2822,0,0,0,0,0,0,0,0,0,1,1,0,5,5,0,0
2716,2716,2715,2717,2822,2823,0,0,0,0,0,0,0,0,0,1,1,0,5,5,0,0
2717,2717,2716,2718,2823,2824,0,0,0,0,0,0,0,0,0,1,1,0,5,5,0,0
2718,2718,2717,2719,2824,2825,0,0,0,0,0,0,0,0,0,1,1,0,5,5,0,0
2719,2719,2718,2720,2825,2826,0,0,0,0,0,0,0,0,0,1,1,0,5,5,0,0
2720,2720,2719,2721,2826,2827,0,0,0,0,0,0,0,0,0,1,1,0,5,5,0,0
2721,2721,2720,2722,2827,2828,0,0,0,0,0,0,0,0,0,1,1,0,5,5,0,0
2722,2722,2721,2723,2828,2829,0,0,0,0,0,0,0,0,0,1,1,0,5,5,0,0
2723,2723,2722,0,2829,2830,0,0,0,0,0,0,0,0,0,1,1,0,5,5,0,0
2724,2724,0,2725,2831,2832,0,0,0,0,0,0,0,0,0,1,1,0,5,5,0,0
2725,2725,2724,2726,2832,2833,0,0,0,0,0,0,0,0,0,1,1,0,5,5,0,0
2726,2726,2725,2727,2833,2834,0,0,0,0,0,0,0,0,0,1,1,0,5,5,0,0
2727,2727,2726,2728,2834,2835,0,0,0,0,0,0,0,0,0,1,1,0,5,5,0,0
2728,2728,2727,2729,2835,2836,0,0,0,0,0,0,0,0,0,1,1,0,5,5,0,0
2729,2729,2728,2730,2836,2837,0,0,0,0,0,0,0,0,0,1,1,0,5,5,0,0
2730,2730,2729,2731,2837,2838,0,0,0,0,0,0,0,0,0,1,1,0,5,5,0,0
2731,2731,2730,2732,2838,2839,0,0,0,0,0,0,0,0,0,1,1,0,5,5,0,0
2732,2732,2731,2733,2839,2840,0,0,0,0,0,0,0,0,0,1,1,0,5,5,0,0
2733,2733,2732,2734,2840,2841,0,0,0,0,0,0,0,0,0,1,1,0,5,5,0,0
2734,2734,2733,2735,2841,2842,0,0,0,0,0,0,0,0,0,1,1,0,5,5,0,0
2735,2735,2734,2736,2842,2843,0,0,0,0,0,0,0,0,0,1,1,0,5,5,0,0
2736,2736,2735,2737,2843,2844,0,0,0,0,0,0,0,0,0,1,1,0,5,5,0,0
2737,2737,2736,2738,2844,2845,0,0,0,0,0,0,0,0,0,1,1,0,5,5,0,0
2738,2738,2737,2739,2845,2846,0,0,0,0,0,0,0,0,0,1,1,0,5,5,0,0
2739,2739,2738,2740,2846,2847,0,0,0,0,0,0,0,0,0,1,1,0,5,5,0,0
2740,2740,2739,2741,2847,2848,0,0,0,0,0,0,0,0,0,1,1,0,5,5,0,0
2741,2741,2740,2742,2848,2849,0,0,0,0,0,0,0,0,0,1,1,0,5,5,0,0
2742,2742,2741,2743,2849,2850,0,0,0,0,0,0,0,0,0,1,1,0,5,5,0,0
2743,2743,2742,2744,2850,2851,0,0,0,0,0,0,0,0,0,1,1,0,5,5,0,0
2744,2744,2743,2745,2851,2852,0,0,0,0,0,0,0,0,0,1,1,0,5,5,0,0
2745,2745,2744,2746,2852,2853,0,0,0,0,0,0,0,0,0,1,1,0,5,5,0,0
2746,2746,2745,2747,2853,2854,0,0,0,0,0,0,0,0,0,1,1,0,5,5,0,0
2747,2747,2746,2748,2854,2855,0,0,0,0,0,0,0,0,0,1,1,0,5,5,0,0
2748,2748,2747,2749,2855,2856,0,0,0,0,0,0,0,0,0,1,1,0,5,5,0,0
2749,2749,2748,2750,2856,2857,0,0,0,0,0,0,0,0,0,1,1,0,5,5,0,0
2750,2750,2749,2751,2857,2858,0,0,0,0,0,0,0,0,0,1,1,0,5,5,0,0
2751,2751,2750,2752,2858,2859,0,0,0,0,0,0,0,0,0,1,1,0,5,5,0,0
2752,2752,2751,2753,2859,2860,0,0,0,0,0,0,0,0,0,1,1,0,5,5,0,0
2753,2753,2752,2754,2860,2861,0,0,0,0,0,0,0,0,0,1,1,0,5,5,0,0
2754,2754,2753,2755,2861,2862,0,0,0,0,0,0,0,0,0,1,1,0,5,5,0,0
2755,2755,2754,2756,2862,2863,0,0,0,0,0,0,0,0,0,1,1,0,5,5,0,0
2756,2756,2755,2757,2863,2864,0,0,0,0,0,0,0,0,0,1,1,0,5,5,0,0
2757,2757,2756,2758,2864,2865,0,0,0,0,0,0,0,0,0,1,1,0,5,5,0,0
2758,2758,2757,2759,2865,2866,0,0,0,0,0,0,0,0,0,1,1,0,5,5,0,0
2759,2759,2758,2760,2866,2867,0,0,0,0,0,0,0,0,0,1,1,0,5,5,0,0
2760,2760,2759,2761,2867,2868,0,0,0,0,0,0,0,0,0,1,1,0,5,5,0,0
2761,2761,2760,2762,2868,2869,0,0,0,0,0,0,0,0,0,1,1,0,5,5,0,0
2762,2762,2761,2763,2869,2870,0,0,0,0,0,0,0,0,0,1,1,0,5,5,0,0
2763,2763,2762,2764,2870,2871,0,0,0,0,0,0,0,0,0,1,1,0,5,5,0,0
2764,2764,2763,2765,2871,2872,0,0,0,0,0,0,0,0,0,1,1,0,5,5,0,0
2765,2765,2764,2766,2872,2873,0,0,0,0,0,0,0,0,0,1,1,0,5,5,0,0
2766,2766,2765,2767,2873,2874,0,0,0,0,0,0,0,0,0,1,1,0,5,5,0,0
2767,2767,2766,2768,2874,2875,0,0,0,0,0,0,0,0,0,1,1,0,5,5,0,0
2768,2768,2767,2769,2875,2876,0,0,0,0,0,0,0,0,0,1,1,0,5,5,0,0
2769,2769,2768,2770,2876,2877,0,0,0,0,0,0,0,0,0,1,1,0,5,5,0,0
2770,2770,2769,2771,2877,2878,0,0,0,0,0,0,0,0,0,1,1,0,5,5,0,0
2771,2771,2770,2772,2878,2879,0,0,0,0,0,0,0,0,0,1,1,0,5,5,0,0
2772,2772,2771,2773,2879,2880,0,0,0,0,0,0,0,0,0,1,1,0,5,5,0,0
2773,2773,2772,2774,2880,2881,0,0,0,0,0,0,0,0,0,1,1,0,5,5,0,0
2774,2774,2773,2775,2881,2882,0,0,0,0,0,0,0,0,0,1,1,0,5,5,0,0
2775,2775,2774,2776,2882,2883,0,0,0,0,0,0,0,0,0,1,1,0,5,5,0,0
2776,2776,2775,2777,2883,2884,0,0,0,0,0,0,0,0,0,1,1,0,5,5,0,0
2777,2777,2776,2778,2884,2885,0,0,0,0,0,0,0,0,0,1,1,0,5,5,0,0
2778,2778,2777,2779,2885,2886,0,0,0,0,0,0,0,0,0,1,1,0,5,5,0,0
2779,2779,2778,2780,2886,2887,0,0,0,0,0,0,0,0,0,1,1,0,5,5,0,0
2780,2780,2779,2781,2887,2888,0,0,0,0,0,0,0,0,0,1,1,0,5,5,0,0
2781,2781,2780,2782,2888,2889,0,0,0,0,0,0,0,0,0,1,1,0,5,5,0,0
2782,2782,2781,2783,2889,2890,0,0,0,0,0,0,0,0,0,1,1,0,5,5,0,0
2783,2783,2782,2784,2890,2891,0,0,0,0,0,0,0,0,0,1,1,0,5,5,0,0
2784,2784,2783,2785,2891,2892,0,0,0,0,0,0,0,0,0,1,1,0,5,5,0,0
2785,2785,2784,2786,2892,2893,0,0,0,0,0,0,0,0,0,1,1,0,5,5,0,0
2786,2786,2785,2787,2893,2894,0,0,0,0,0,0,0,0,0,1,1,0,5,5,0,0
2787,2787,2786,2788,2894,2895,0,0,0,0,0,0,0,0,0,1,1,0,5,5,0,0
2788,2788,2787,2789,2895,2896,0,0,0,0,0,0,0,0,0,1,1,0,5,5,0,0
2789,2789,2788,2790,2896,2897,0,0,0,0,0,0,0,0,0,1,1,0,5,5,0,0
2790,2790,2789,2791,2897,2898,0,0,0,0,0,0,0,0,0,1,1,0,5,5,0,0
2791,2791,2790,2792,2898,2899,0,0,0,0,0,0,0,0,0,1,1,0,5,5,0,0
2792,2792,2791,2793,2899,2900,0,0,0,0,0,0,0,0,0,1,1,0,5,5,0,0
2793,2793,2792,2794,2900,2901,0,0,0,0,0,0,0,0,0,1,1,0,5,5,0,0
2794,2794,2793,2795,2901,2902,0,0,0,0,0,0,0,0,0,1,1,0,5,5,0,0
2795,2795,2794,2796,2902,2903,0,0,0,0,0,0,0,0,0,1,1,0,5,5,0,0
2796,2796,2795,2797,2903,2904,0,0,0,0,0,0,0,0,0,1,1,0,5,5,0,0
2797,2797,2796,2798,2904,2905,0,0,0,0,0,0,0,0,0,1,1,0,5,5,0,0
2798,2798,2797,2799,2905,2906,0,0,0,0,0,0,0,0,0,1,1,0,5,5,0,0
2799,2799,2798,2800,2906,2907,0,0,0,0,0,0,0,0,0,1,1,0,5,5,0,0
2800,2800,2799,2801,2907,2908,0,0,0,0,0,0,0,0,0,1,1,0,5,5,0,0
2801,2801,2800,0,2908,2909,0,0,0,0,0,0,0,0,0,1,1,0,5,5,0,0
2802,2802,0,2803,2910,2911,2,0,0,0,0,0,0,0,0,1,1,0,5,5,0,0
2803,2803,2802,2804,2912,2913,0,0,0,0,0,0,0,0,0,1,1,0,5,5,0,0
2804,2804,2803,2805,2913,2914,0,0,0,0,0,0,0,0,0,1,1,0,5,5,0,0
2805,2805,2804,2806,2914,2915,0,0,0,0,0,0,0,0,0,1,1,0,5,5,0,0
2806,2806,2805,2807,2915,2916,0,0,0,0,0,0,0,0,0,1,1,0,5,5,0,0
2807,2807,2806,2808,2916,2917,0,0,0,0,0,0,0,0,0,1,1,0,5,5,0,0
2808,2808,2807,2809,2917,2918,0,0,0,0,0,0,0,0,0,1,1,0,5,5,0,0
2809,2809,2808,2810,2918,2919,0,0,0,0,0,0,0,0,0,1,1,0,5,5,0,0
2810,2810,2809,2811,2919,2920,0,0,0,0,0,0,0,0,0,1,1,0,5,5,0,0
2811,2811,2810,2812,2920,2921,0,0,0,0,0,0,0,0,0,1,1,0,5,5,0,0
2812,2812,2811,2813,2921,2922,0,0,0,0,0,0,0,0,0,1,1,0,5,5,0,0
2813,2813,2812,2814,2922,2923,0,0,0,0,0,0,0,0,0,1,1,0,5,5,0,0
2814,2814,2813,0,2923,2924,0,0,0,0,0,0,0,0,0,1,1,0,5,5,0,0
2815,2815,0,2816,2925,2926,0,0,0,0,0,0,0,0,0,1,1,0,5,5,0,0
2816,2816,2815,2817,2926,2927,0,0,0,0,0,0,0,0,0,1,1,0,5,5,0,0
2817,2817,2816,2818,2927,2928,0,0,0,0,0,0,0,0,0,1,1,0,5,5,0,0
2818,2818,2817,2819,2928,2929,0,0,0,0,0,0,0,0,0,1,1,0,5,5,0,0
2819,2819,2818,2820,2929,2930,0,0,0,0,0,0,0,0,0,1,1,0,5,5,0,0
2820,2820,2819,2821,2930,2931,0,0,0,0,0,0,0,0,0,1,1,0,5,5,0,0
2821,2821,2820,2822,2931,2932,0,0,0,0,0,0,0,0,0,1,1,0,5,5,0,0
2822,2822,2821,2823,2932,2933,0,0,0,0,0,0,0,0,0,1,1,0,5,5,0,0
2823,2823,2822,2824,2933,2934,0,0,0,0,0,0,0,0,0,1,1,0,5,5,0,0
2824,2824,2823,2825,2934,2935,0,0,0,0,0,0,0,0,0,1,1,0,5,5,0,0
2825,2825,2824,2826,2935,2936,0,0,0,0,0,0,0,0,0,1,1,0,5,5,0,0
2826,2826,2825,2827,2936,2937,0,0,0,0,0,0,0,0,0,1,1,0,5,5,0,0
2827,2827,2826,2828,2937,2938,0,0,0,0,0,0,0,0,0,1,1,0,5,5,0,0
2828,2828,2827,2829,2938,2939,0,0,0,0,0,0,0,0,0,1,1,0,5,5,0,0
2829,2829,2828,2830,2939,2940,0,0,0,0,0,0,0,0,0,1,1,0,5,5,0,0
2830,2830,2829,2831,2940,2941,0,0,0,0,0,0,0,0,0,1,1,0,5,5,0,0
2831,2831,2830,2832,2941,2942,0,0,0,0,0,0,0,0,0,1,1,0,5,5,0,0
2832,2832,2831,2833,2942,2943,0,0,0,0,0,0,0,0,0,1,1,0,5,5,0,0
2833,2833,2832,2834,2943,2944,0,0,0,0,0,0,0,0,0,1,1,0,5,5,0,0
2834,2834,2833,2835,2944,2945,0,0,0,0,0,0,0,0,0,1,1,0,5,5,0,0
2835,2835,2834,2836,2945,2946,0,0,0,0,0,0,0,0,0,1,1,0,5,5,0,0
2836,2836,2835,2837,2946,2947,0,0,0,0,0,0,0,0,0,1,1,0,5,5,0,0
2837,2837,2836,2838,2947,2948,0,0,0,0,0,0,0,0,0,1,1,0,5,5,0,0
2838,2838,2837,2839,2948,2949,0,0,0,0,0,0,0,0,0,1,1,0,5,5,0,0
2839,2839,2838,2840,2949,2950,0,0,0,0,0,0,0,0,0,1,1,0,5,5,0,0
2840,2840,2839,2841,2950,2951,0,0,0,0,0,0,0,0,0,1,1,0,5,5,0,0
2841,2841,2840,2842,2951,2952,0,0,0,0,0,0,0,0,0,1,1,0,5,5,0,0
2842,2842,2841,2843,2952,2953,0,0,0,0,0,0,0,0,0,1,1,0,5,5,0,0
2843,2843,2842,2844,2953,2954,0,0,0,0,0,0,0,0,0,1,1,0,5,5,0,0
2844,2844,2843,2845,2954,2955,0,0,0,0,0,0,0,0,0,1,1,0,5,5,0,0
2845,2845,2844,2846,2955,2956,0,0,0,0,0,0,0,0,0,1,1,0,5,5,0,0
2846,2846,2845,2847,2956,2957,0,0,0,0,0,0,0,0,0,1,1,0,5,5,0,0
2847,2847,2846,2848,2957,2958,0,0,0,0,0,0,0,0,0,1,1,0,5,5,0,0
2848,2848,2847,2849,2958,2959,0,0,0,0,0,0,0,0,0,1,1,0,5,5,0,0
2849,2849,2848,2850,2959,2960,0,0,0,0,0,0,0,0,0,1,1,0,5,5,0,0
2850,2850,2849,2851,2960,2961,0,0,0,0,0,0,0,0,0,1,1,0,5,5,0,0
2851,2851,2850,2852,2961,2962,0,0,0,0,0,0,0,0,0,1,1,0,5,5,0,0
2852,2852,2851,2853,2962,2963,0,0,0,0,0,0,0,0,0,1,1,0,5,5,0,0
2853,2853,2852,2854,2963,2964,0,0,0,0,0,0,0,0,0,1,1,0,5,5,0,0
2854,2854,2853,2855,2964,2965,0,0,0,0,0,0,0,0,0,1,1,0,5,5,0,0
2855,2855,2854,2856,2965,2966,0,0,0,0,0,0,0,0,0,1,1,0,5,5,0,0
2856,2856,2855,2857,2966,2967,0,0,0,0,0,0,0,0,0,1,1,0,5,5,0,0
2857,2857,2856,2858,2967,2968,0,0,0,0,0,0,0,0,0,1,1,0,5,5,0,0
2858,2858,2857,2859,2968,2969,0,0,0,0,0,0,0,0,0,1,1,0,5,5,0,0
2859,2859,2858,2860,2969,2970,0,0,0,0,0,0,0,0,0,1,1,0,5,5,0,0
2860,2860,2859,2861,2970,2971,0,0,0,0,0,0,0,0,0,1,1,0,5,5,0,0
2861,2861,2860,2862,2971,2972,0,0,0,0,0,0,0,0,0,1,1,0,5,5,0,0
2862,2862,2861,2863,2972,2973,0,0,0,0,0,0,0,0,0,1,1,0,5,5,0,0
2863,2863,2862,2864,2973,2974,0,0,0,0,0,0,0,0,0,1,1,0,5,5,0,0
2864,2864,2863,2865,2974,2975,0,0,0,0,0,0,0,0,0,1,1,0,5,5,0,0
2865,2865,2864,2866,2975,2976,0,0,0,0,0,0,0,0,0,1,1,0,5,5,0,0
2866,2866,2865,2867,2976,2977,0,0,0,0,0,0,0,0,0,1,1,0,5,5,0,0
2867,2867,2866,2868,2977,2978,0,0,0,0,0,0,0,0,0,1,1,0,5,5,0,0
2868,2868,2867,2869,2978,2979,0,0,0,0,0,0,0,0,0,1,1,0,5,5,0,0
2869,2869,2868,2870,2979,2980,0,0,0,0,0,0,0,0,0,1,1,0,5,5,0,0
2870,2870,2869,2871,2980,2981,0,0,0,0,0,0,0,0,0,1,1,0,5,5,0,0
2871,2871,2870,2872,2981,2982,0,0,0,0,0,0,0,0,0,1,1,0,5,5,0,0
2872,2872,2871,2873,2982,2983,0,0,0,0,0,0,0,0,0,1,1,0,5,5,0,0
2873,2873,2872,2874,2983,2984,0,0,0,0,0,0,0,0,0,1,1,0,5,5,0,0
2874,2874,2873,2875,2984,2985,0,0,0,0,0,0,0,0,0,1,1,0,5,5,0,0
2875,2875,2874,2876,2985,2986,0,0,0,0,0,0,0,0,0,1,1,0,5,5,0,0
2876,2876,2875,2877,2987,2988,3,0,0,0,0,0,0,0,0,1,1,0,5,5,0,0
2877,2877,2876,2878,2989,2990,0,0,0,0,0,0,0,0,0,1,1,0,5,5,0,0
2878,2878,2877,2879,2990,2991,0,0,0,0,0,0,0,0,0,1,1,0,5,5,0,0
2879,2879,2878,2880,2991,2992,0,0,0,0,0,0,0,0,0,1,1,0,5,5,0,0
2880,2880,2879,2881,2992,2993,0,0,0,0,0,0,0,0,0,1,1,0,5,5,0,0
2881,2881,2880,2882,2993,2994,0,0,0,0,0,0,0,0,0,1,1,0,5,5,0,0
2882,2882,2881,2883,2994,2995,0,0,0,0,0,0,0,0,0,1,1,0,5,5,0,0
2883,2883,2882,2884,2995,2996,0,0,0,0,0,0,0,0,0,1,1,0,5,5,0,0
2884,2884,2883,2885,2996,2997,0,0,0,0,0,0,0,0,0,1,1,0,5,5,0,0
2885,2885,2884,2886,2997,2998,0,0,0,0,0,0,0,0,0,1,1,0,5,5,0,0
2886,2886,2885,2887,2999,3000,4,0,0,0,0,0,0,0,0,1,1,0,5,5,0,0
2887,2887,2886,2888,3001,3002,0,0,0,0,0,0,0,0,0,1,1,0,5,5,0,0
2888,2888,2887,2889,3002,3003,0,0,0,0,0,0,0,0,0,1,1,0,5,5,0,0
2889,2889,2888,2890,3003,3004,0,0,0,0,0,0,0,0,0,1,1,0,5,5,0,0
2890,2890,2889,2891,3004,3005,0,0,0,0,0,0,0,0,0,1,1,0,5,5,0,0
2891,2891,2890,2892,3005,3006,0,0,0,0,0,0,0,0,0,1,1,0,5,5,0,0
2892,2892,2891,2893,3006,3007,0,0,0,0,0,0,0,0,0,1,1,0,5,5,0,0
2893,2893,2892,2894,3007,3008,0,0,0,0,0,0,0,0,0,1,1,0,5,5,0,0
2894,2894,2893,2895,3008,3009,0,0,0,0,0,0,0,0,0,1,1,0,5,5,0,0
2895,2895,2894,2896,3009,3010,0,0,0,0,0,0,0,0,0,1,1,0,5,5,0,0
2896,2896,2895,2897,3010,3011,0,0,0,0,0,0,0,0,0,1,1,0,5,5,0,0
2897,2897,2896,2898,3011,3012,0,0,0,0,0,0,0,0,0,1,1,0,5,5,0,0
2898,2898,2897,2899,3012,3013,0,0,0,0,0,0,0,0,0,1,1,0,5,5,0,0
2899,2899,2898,2900,3013,3014,0,0,0,0,0,0,0,0,0,1,1,0,5,5,0,0
2900,2900,2899,2901,3014,3015,0,0,0,0,0,0,0,0,0,1,1,0,5,5,0,0
2901,2901,2900,2902,3015,3016,0,0,0,0,0,0,0,0,0,1,1,0,5,5,0,0
2902,2902,2901,2903,3016,3017,0,0,0,0,0,0,0,0,0,1,1,0,5,5,0,0
2903,2903,2902,2904,3017,3018,0,0,0,0,0,0,0,0,0,1,1,0,5,5,0,0
2904,2904,2903,2905,3018,3019,0,0,0,0,0,0,0,0,0,1,1,0,5,5,0,0
2905,2905,2904,2906,3019,3020,0,0,0,0,0,0,0,0,0,1,1,0,5,5,0,0
2906,2906,2905,2907,3020,3021,0,0,0,0,0,0,0,0,0,1,1,0,5,5,0,0
2907,2907,2906,2908,3021,3022,0,0,0,0,0,0,0,0,0,1,1,0,5,5,0,0
2908,2908,2907,2909,3022,3023,0,0,0,0,0,0,0,0,0,1,1,0,5,5,0,0
2909,2909,2908,2910,3023,3024,0,0,0,0,0,0,0,0,0,1,1,0,5,5,0,0
2910,2910,2909,2911,3024,3025,0,0,0,0,0,0,0,0,0,1,1,0,5,5,0,0
2911,2911,2910,2912,3025,3026,0,0,0,0,0,0,0,0,0,1,1,0,5,5,0,0
2912,2912,2911,2913,3026,3027,0,0,0,0,0,0,0,0,0,1,1,0,5,5,0,0
2913,2913,2912,2914,3027,3028,0,0,0,0,0,0,0,0,0,1,1,0,5,5,0,0
2914,2914,2913,2915,3028,3029,0,0,0,0,0,0,0,0,0,1,1,0,5,5,0,0
2915,2915,2914,2916,3029,3030,0,0,0,0,0,0,0,0,0,1,1,0,5,5,0,0
2916,2916,2915,2917,3030,3031,0,0,0,0,0,0,0,0,0,1,1,0,5,5,0,0
2917,2917,2916,2918,3031,3032,0,0,0,0,0,0,0,0,0,1,1,0,5,5,0,0
2918,2918,2917,2919,3032,3033,0,0,0,0,0,0,0,0,0,1,1,0,5,5,0,0
2919,2919,2918,2920,3033,3034,0,0,0,0,0,0,0,0,0,1,1,0,5,5,0,0
2920,2920,2919,2921,3034,3035,0,0,0,0,0,0,0,0,0,1,1,0,5,5,0,0
2921,2921,2920,2922,3035,3036,0,0,0,0,0,0,0,0,0,1,1,0,5,5,0,0
2922,2922,2921,2923,3036,3037,0,0,0,0,0,0,0,0,0,1,1,0,5,5,0,0
2923,2923,2922,2924,3037,3038,0,0,0,0,0,0,0,0,0,1,1,0,5,5,0,0
2924,2924,2923,2925,3038,3039,0,0,0,0,0,0,0,0,0,1,1,0,5,5,0,0
2925,2925,2924,2926,3039,3040,0,0,0,0,0,0,0,0,0,1,1,0,5,5,0,0
2926,2926,2925,2927,3040,3041,0,0,0,0,0,0,0,0,0,1,1,0,5,5,0,0
2927,2927,2926,2928,3041,3042,0,0,0,0,0,0,0,0,0,1,1,0,5,5,0,0
2928,2928,2927,2929,3042,3043,0,0,0,0,0,0,0,0,0,1,1,0,5,5,0,0
2929,2929,2928,2930,3043,3044,0,0,0,0,0,0,0,0,0,1,1,0,5,5,0,0
2930,2930,2929,2931,3044,3045,0,0,0,0,0,0,0,0,0,1,1,0,5,5,0,0
2931,2931,2930,2932,3045,3046,0,0,0,0,0,0,0,0,0,1,1,0,5,5,0,0
2932,2932,2931,2933,3046,3047,0,0,0,0,0,0,0,0,0,1,1,0,5,5,0,0
2933,2933,2932,2934,3047,3048,0,0,0,0,0,0,0,0,0,1,1,0,5,5,0,0
2934,2934,2933,2935,3048,3049,0,0,0,0,0,0,0,0,0,1,1,0,5,5,0,0
2935,2935,2934,2936,3049,3050,0,0,0,0,0,0,0,0,0,1,1,0,5,5,0,0
2936,2936,2935,2937,3050,3051,0,0,0,0,0,0,0,0,0,1,1,0,5,5,0,0
2937,2937,2936,2938,3051,3052,0,0,0,0,0,0,0,0,0,1,1,0,5,5,0,0
2938,2938,2937,2939,3052,3053,0,0,0,0,0,0,0,0,0,1,1,0,5,5,0,0
2939,2939,2938,2940,3053,3054,0,0,0,0,0,0,0,0,0,1,1,0,5,5,0,0
2940,2940,2939,2941,3054,3055,0,0,0,0,0,0,0,0,0,1,1,0,5,5,0,0
2941,2941,2940,2942,3055,3056,0,0,0,0,0,0,0,0,0,1,1,0,5,5,0,0
2942,2942,2941,2943,3056,3057,0,0,0,0,0,0,0,0,0,1,1,0,5,5,0,0
2943,2943,2942,2944,3057,3058,0,0,0,0,0,0,0,0,0,1,1,0,5,5,0,0
2944,2944,2943,2945,3058,3059,0,0,0,0,0,0,0,0,0,1,1,0,5,5,0,0
2945,2945,2944,2946,3059,3060,0,0,0,0,0,0,0,0,0,1,1,0,5,5,0,0
2946,2946,2945,2947,3060,3061,0,0,0,0,0,0,0,0,0,1,1,0,5,5,0,0
2947,2947,2946,2948,3061,3062,0,0,0,0,0,0,0,0,0,1,1,0,5,5,0,0
2948,2948,2947,2949,3062,3063,0,0,0,0,0,0,0,0,0,1,1,0,5,5,0,0
2949,2949,2948,2950,3063,3064,0,0,0,0,0,0,0,0,0,1,1,0,5,5,0,0
2950,2950,2949,2951,3064,3065,0,0,0,0,0,0,0,0,0,1,1,0,5,5,0,0
2951,2951,2950,2952,3065,3066,0,0,0,0,0,0,0,0,0,1,1,0,5,5,0,0
2952,2952,2951,2953,3066,3067,0,0,0,0,0,0,0,0,0,1,1,0,5,5,0,0
2953,2953,2952,2954,3067,3068,0,0,0,0,0,0,0,0,0,1,1,0,5,5,0,0
2954,2954,2953,2955,3068,3069,0,0,0,0,0,0,0,0,0,1,1,0,5,5,0,0
2955,2955,2954,2956,3069,3070,0,0,0,0,0,0,0,0,0,1,1,0,5,5,0,0
2956,2956,2955,2957,3070,3071,0,0,0,0,0,0,0,0,0,1,1,0,5,5,0,0
2957,2957,2956,2958,3071,3072,0,0,0,0,0,0,0,0,0,1,1,0,5,5,0,0
2958,2958,2957,2959,3072,3073,0,0,0,0,0,0,0,0,0,1,1,0,5,5,0,0
2959,2959,2958,2960,3073,3074,0,0,0,0,0,0,0,0,0,1,1,0,5,5,0,0
2960,2960,2959,2961,3074,3075,0,0,0,0,0,0,0,0,0,1,1,0,5,5,0,0
2961,2961,2960,2962,3075,3076,0,0,0,0,0,0,0,0,0,1,1,0,5,5,0,0
2962,2962,2961,2963,3076,3077,0,0,0,0,0,0,0,0,0,1,1,0,5,5,0,0
2963,2963,2962,2964,3077,3078,0,0,0,0,0,0,0,0,0,1,1,0,5,5,0,0
2964,2964,2963,2965,3078,3079,0,0,0,0,0,0,0,0,0,1,1,0,5,5,0,0
2965,2965,2964,2966,3079,3080,0,0,0,0,0,0,0,0,0,1,1,0,5,5,0,0
2966,2966,2965,2967,3080,3081,0,0,0,0,0,0,0,0,0,1,1,0,5,5,0,0
2967,2967,2966,2968,3081,3082,0,0,0,0,0,0,0,0,0,1,1,0,5,5,0,0
2968,2968,2967,2969,3082,3083,0,0,0,0,0,0,0,0,0,1,1,0,5,5,0,0
2969,2969,2968,2970,3083,3084,0,0,0,0,0,0,0,0,0,1,1,0,5,5,0,0
2970,2970,2969,2971,3084,3085,0,0,0,0,0,0,0,0,0,1,1,0,5,5,0,0
2971,2971,2970,2972,3085,3086,0,0,0,0,0,0,0,0,0,1,1,0,5,5,0,0
2972,2972,2971,2973,3086,3087,0,0,0,0,0,0,0,0,0,1,1,0,5,5,0,0
2973,2973,2972,2974,3087,3088,0,0,0,0,0,0,0,0,0,1,1,0,5,5,0,0
2974,2974,2973,2975,3088,3089,0,0,0,0,0,0,0,0,0,1,1,0,5,5,0,0
2975,2975,2974,2976,3089,3090,0,0,0,0,0,0,0,0,0,1,1,0,5,5,0,0
2976,2976,2975,2977,3090,3091,0,0,0,0,0,0,0,0,0,1,1,0,5,5,0,0
2977,2977,2976,2978,3091,3092,0,0,0,0,0,0,0,0,0,1,1,0,5,5,0,0
2978,2978,2977,2979,3092,3093,0,0,0,0,0,0,0,0,0,1,1,0,5,5,0,0
2979,2979,2978,2980,3093,3094,0,0,0,0,0,0,0,0,0,1,1,0,5,5,0,0
2980,2980,2979,2981,3094,3095,0,0,0,0,0,0,0,0,0,1,1,0,5,5,0,0
2981,2981,2980,2982,3095,3096,0,0,0,0,0,0,0,0,0,1,1,0,5,5,0,0
2982,2982,2981,2983,3096,3097,0,0,0,0,0,0,0,0,0,1,1,0,5,5,0,0
2983,2983,2982,2984,3097,3098,0,0,0,0,0,0,0,0,0,1,1,0,5,5,0,0
2984,2984,2983,2985,3098,3099,0,0,0,0,0,0,0,0,0,1,1,0,5,5,0,0
2985,2985,2984,2986,3099,3100,0,0,0,0,0,0,0,0,0,1,1,0,5,5,0,0
2986,2986,2985,2987,3100,3101,0,0,0,0,0,0,0,0,0,1,1,0,5,5,0,0
2987,2987,2986,2988,3101,3102,0,0,0,0,0,0,0,0,0,1,1,0,5,5,0,0
2988,2988,2987,2989,3102,3103,0,0,0,0,0,0,0,0,0,1,1,0,5,5,0,0
2989,2989,2988,2990,3103,3104,0,0,0,0,0,0,0,0,0,1,1,0,5,5,0,0
2990,2990,2989,2991,3104,3105,0,0,0,0,0,0,0,0,0,1,1,0,5,5,0,0
2991,2991,2990,2992,3105,3106,0,0,0,0,0,0,0,0,0,1,1,0,5,5,0,0
2992,2992,2991,2993,3106,3107,0,0,0,0,0,0,0,0,0,1,1,0,5,5,0,0
2993,2993,2992,2994,3107,3108,0,0,0,0,0,0,0,0,0,1,1,0,5,5,0,0
2994,2994,2993,2995,3108,3109,0,0,0,0,0,0,0,0,0,1,1,0,5,5,0,0
2995,2995,2994,2996,3109,3110,0,0,0,0,0,0,0,0,0,1,1,0,5,5,0,0
2996,2996,2995,2997,3110,3111,0,0,0,0,0,0,0,0,0,1,1,0,5,5,0,0
2997,2997,2996,2998,3111,3112,0,0,0,0,0,0,0,0,0,1,1,0,5,5,0,0
2998,2998,2997,2999,3112,3113,0,0,0,0,0,0,0,0,0,1,1,0,5,5,0,0
2999,2999,2998,3000,3113,3114,0,0,0,0,0,0,0,0,0,1,1,0,5,5,0,0
3000,3000,2999,3001,3114,3115,0,0,0,0,0,0,0,0,0,1,1,0,5,5,0,0
3001,3001,3000,3002,3115,3116,0,0,0,0,0,0,0,0,0,1,1,0,5,5,0,0
3002,3002,3001,3003,3116,3117,0,0,0,0,0,0,0,0,0,1,1,0,5,5,0,0
3003,3003,3002,3004,3117,3118,0,0,0,0,0,0,0,0,0,1,1,0,5,5,0,0
3004,3004,3003,3005,3118,3119,0,0,0,0,0,0,0,0,0,1,1,0,5,5,0,0
3005,3005,3004,3006,3119,3120,0,0,0,0,0,0,0,0,0,1,1,0,5,5,0,0
3006,3006,3005,3007,3120,3121,0,0,0,0,0,0,0,0,0,1,1,0,5,5,0,0
3007,3007,3006,3008,3121,3122,0,0,0,0,0,0,0,0,0,1,1,0,5,5,0,0
3008,3008,3007,3009,3122,3123,0,0,0,0,0,0,0,0,0,1,1,0,5,5,0,0
3009,3009,3008,3010,3123,3124,0,0,0,0,0,0,0,0,0,1,1,0,5,5,0,0
3010,3010,3009,3011,3124,3125,0,0,0,0,0,0,0,0,0,1,1,0,5,5,0,0
3011,3011,3010,3012,3125,3126,0,0,0,0,0,0,0,0,0,1,1,0,5,5,0,0
3012,3012,3011,3013,3126,3127,0,0,0,0,0,0,0,0,0,1,1,0,5,5,0,0
3013,3013,3012,3014,3127,3128,0,0,0,0,0,0,0,0,0,1,1,0,5,5,0,0
3014,3014,3013,3015,3128,3129,0,0,0,0,0,0,0,0,0,1,1,0,5,5,0,0
3015,3015,3014,3016,3129,3130,0,0,0,0,0,0,0,0,0,1,1,0,5,5,0,0
3016,3016,3015,3017,3130,3131,0,0,0,0,0,0,0,0,0,1,1,0,5,5,0,0
3017,3017,3016,3018,3131,3132,0,0,0,0,0,0,0,0,0,1,1,0,5,5,0,0
3018,3018,3017,3019,3132,3133,0,0,0,0,0,0,0,0,0,1,1,0,5,5,0,0
3019,3019,3018,3020,3133,3134,0,0,0,0,0,0,0,0,0,1,1,0,5,5,0,0
3020,3020,3019,3021,3134,3135,0,0,0,0,0,0,0,0,0,1,1,0,5,5,0,0
3021,3021,3020,3022,3135,3136,0,0,0,0,0,0,0,0,0,1,1,0,5,5,0,0
3022,3022,3021,3023,3136,3137,0,0,0,0,0,0,0,0,0,1,1,0,5,5,0,0
3023,3023,3022,3024,3137,3138,0,0,0,0,0,0,0,0,0,1,1,0,5,5,0,0
3024,3024,3023,3025,3138,3139,0,0,0,0,0,0,0,0,0,1,1,0,5,5,0,0
3025,3025,3024,3026,3139,3140,0,0,0,0,0,0,0,0,0,1,1,0,5,5,0,0
3026,3026,3025,3027,3140,3141,0,0,0,0,0,0,0,0,0,1,1,0,5,5,0,0
3027,3027,3026,3028,3141,3142,0,0,0,0,0,0,0,0,0,1,1,0,5,5,0,0
3028,3028,3027,3029,3142,3143,0,0,0,0,0,0,0,0,0,1,1,0,5,5,0,0
3029,3029,3028,3030,3143,3144,0,0,0,0,0,0,0,0,0,1,1,0,5,5,0,0
3030,3030,3029,3031,3144,3145,0,0,0,0,0,0,0,0,0,1,1,0,5,5,0,0
3031,3031,3030,3032,3145,3146,0,0,0,0,0,0,0,0,0,1,1,0,5,5,0,0
3032,3032,3031,3033,3146,3147,0,0,0,0,0,0,0,0,0,1,1,0,5,5,0,0
3033,3033,3032,3034,3147,3148,0,0,0,0,0,0,0,0,0,1,1,0,5,5,0,0
3034,3034,3033,3035,3148,3149,0,0,0,0,0,0,0,0,0,1,1,0,5,5,0,0
3035,3035,3034,3036,3149,3150,0,0,0,0,0,0,0,0,0,1,1,0,5,5,0,0
3036,3036,3035,3037,3150,3151,0,0,0,0,0,0,0,0,0,1,1,0,5,5,0,0
3037,3037,3036,3038,3151,3152,0,0,0,0,0,0,0,0,0,1,1,0,5,5,0,0
3038,3038,3037,3039,3152,3153,0,0,0,0,0,0,0,0,0,1,1,0,5,5,0,0
3039,3039,3038,3040,3153,3154,0,0,0,0,0,0,0,0,0,1,1,0,5,5,0,0
3040,3040,3039,3041,3154,3155,0,0,0,0,0,0,0,0,0,1,1,0,5,5,0,0
3041,3041,3040,3042,3155,3156,0,0,0,0,0,0,0,0,0,1,1,0,5,5,0,0
3042,3042,3041,3043,3156,3157,0,0,0,0,0,0,0,0,0,1,1,0,5,5,0,0
3043,3043,3042,3044,3157,3158,0,0,0,0,0,0,0,0,0,1,1,0,5,5,0,0
3044,3044,3043,3045,3158,3159,0,0,0,0,0,0,0,0,0,1,1,0,5,5,0,0
3045,3045,3044,3046,3159,3160,0,0,0,0,0,0,0,0,0,1,1,0,5,5,0,0
3046,3046,3045,3047,3160,3161,0,0,0,0,0,0,0,0,0,1,1,0,5,5,0,0
3047,3047,3046,3048,3161,3162,0,0,0,0,0,0,0,0,0,1,1,0,5,5,0,0
3048,3048,3047,3049,3162,3163,0,0,0,0,0,0,0,0,0,1,1,0,5,5,0,0
3049,3049,3048,3050,3163,3164,0,0,0,0,0,0,0,0,0,1,1,0,5,5,0,0
3050,3050,3049,3051,3164,3165,0,0,0,0,0,0,0,0,0,1,1,0,5,5,0,0
3051,3051,3050,3052,3165,3166,0,0,0,0,0,0,0,0,0,1,1,0,5,5,0,0
3052,3052,3051,3053,3166,3167,0,0,0,0,0,0,0,0,0,1,1,0,5,5,0,0
3053,3053,3052,3054,3167,3168,0,0,0,0,0,0,0,0,0,1,1,0,5,5,0,0
3054,3054,3053,3055,3168,3169,0,0,0,0,0,0,0,0,0,1,1,0,5,5,0,0
3055,3055,3054,3056,3169,3170,0,0,0,0,0,0,0,0,0,1,1,0,5,5,0,0
3056,3056,3055,3057,3170,3171,0,0,0,0,0,0,0,0,0,1,1,0,5,5,0,0
3057,3057,3056,3058,3171,3172,0,0,0,0,0,0,0,0,0,1,1,0,5,5,0,0
3058,3058,3057,3059,3172,3173,0,0,0,0,0,0,0,0,0,1,1,0,5,5,0,0
3059,3059,3058,3060,3173,3174,0,0,0,0,0,0,0,0,0,1,1,0,5,5,0,0
3060,3060,3059,3061,3174,3175,0,0,0,0,0,0,0,0,0,1,1,0,5,5,0,0
3061,3061,3060,3062,3175,3176,0,0,0,0,0,0,0,0,0,1,1,0,5,5,0,0
3062,3062,3061,3063,3176,3177,0,0,0,0,0,0,0,0,0,1,1,0,5,5,0,0
3063,3063,3062,0,3178,3179,2,0,0,0,0,0,0,0,0,1,1,0,5,5,0,0
3064,3064,0,0,3180,3181,3,0,0,0,0,0,0,0,0,1,1,0,5,5,0,0
3065,3065,0,3066,3182,3183,1,0,0,0,0,0,0,0,0,1,1,0,5,5,0,0
3066,3066,3065,3067,3184,3185,0,0,0,0,0,0,0,0,0,1,1,0,5,5,0,0
3067,3067,3066,3068,3185,3186,0,0,0,0,0,0,0,0,0,1,1,0,5,5,0,0
3068,3068,3067,3069,3186,3187,0,0,0,0,0,0,0,0,0,1,1,0,5,5,0,0
3069,3069,3068,3070,3187,3188,0,0,0,0,0,0,0,0,0,1,1,0,5,5,0,0
3070,3070,3069,3071,3188,3189,0,0,0,0,0,0,0,0,0,1,1,0,5,5,0,0
3071,3071,3070,3072,3189,3190,0,0,0,0,0,0,0,0,0,1,1,0,5,5,0,0
3072,3072,3071,3073,3190,3191,0,0,0,0,0,0,0,0,0,1,1,0,5,5,0,0
3073,3073,3072,3074,3191,3192,0,0,0,0,0,0,0,0,0,1,1,0,5,5,0,0
3074,3074,3073,3075,3192,3193,0,0,0,0,0,0,0,0,0,1,1,0,5,5,0,0
3075,3075,3074,3076,3193,3194,0,0,0,0,0,0,0,0,0,1,1,0,5,5,0,0
3076,3076,3075,3077,3194,3195,0,0,0,0,0,0,0,0,0,1,1,0,5,5,0,0
3077,3077,3076,3078,3195,3196,0,0,0,0,0,0,0,0,0,1,1,0,5,5,0,0
3078,3078,3077,3079,3196,3197,0,0,0,0,0,0,0,0,0,1,1,0,5,5,0,0
3079,3079,3078,3080,3197,3198,0,0,0,0,0,0,0,0,0,1,1,0,5,5,0,0
3080,3080,3079,3081,3198,3199,0,0,0,0,0,0,0,0,0,1,1,0,5,5,0,0
3081,3081,3080,3082,3199,3200,0,0,0,0,0,0,0,0,0,1,1,0,5,5,0,0
3082,3082,3081,3083,3201,3202,3,0,0,0,0,0,0,0,0,1,1,0,5,5,0,0
3083,3083,3082,3084,3203,3204,0,0,0,0,0,0,0,0,0,1,1,0,5,5,0,0
3084,3084,3083,3085,3204,3205,0,0,0,0,0,0,0,0,0,1,1,0,5,5,0,0
3085,3085,3084,3086,3205,3206,0,0,0,0,0,0,0,0,0,1,1,0,5,5,0,0
3086,3086,3085,3087,3206,3207,0,0,0,0,0,0,0,0,0,1,1,0,5,5,0,0
3087,3087,3086,3088,3207,3208,0,0,0,0,0,0,0,0,0,1,1,0,5,5,0,0
3088,3088,3087,3089,3208,3209,0,0,0,0,0,0,0,0,0,1,1,0,5,5,0,0
3089,3089,3088,3090,3209,3210,0,0,0,0,0,0,0,0,0,1,1,0,5,5,0,0
3090,3090,3089,3091,3210,3211,0,0,0,0,0,0,0,0,0,1,1,0,5,5,0,0
3091,3091,3090,3092,3211,3212,0,0,0,0,0,0,0,0,0,1,1,0,5,5,0,0
3092,3092,3091,3093,3212,3213,0,0,0,0,0,0,0,0,0,1,1,0,5,5,0,0
3093,3093,3092,3094,3213,3214,0,0,0,0,0,0,0,0,0,1,1,0,5,5,0,0
3094,3094,3093,3095,3214,3215,0,0,0,0,0,0,0,0,0,1,1,0,5,5,0,0
3095,3095,3094,3096,3215,3216,0,0,0,0,0,0,0,0,0,1,1,0,5,5,0,0
3096,3096,3095,3097,3216,3217,0,0,0,0,0,0,0,0,0,1,1,0,5,5,0,0
3097,3097,3096,3098,3217,3218,0,0,0,0,0,0,0,0,0,1,1,0,5,5,0,0
3098,3098,3097,3099,3218,3219,0,0,0,0,0,0,0,0,0,1,1,0,5,5,0,0
3099,3099,3098,3100,3219,3220,0,0,0,0,0,0,0,0,0,1,1,0,5,5,0,0
3100,3100,3099,3101,3220,3221,0,0,0,0,0,0,0,0,0,1,1,0,5,5,0,0
3101,3101,3100,3102,3221,3222,0,0,0,0,0,0,0,0,0,1,1,0,5,5,0,0
3102,3102,3101,3103,3222,3223,0,0,0,0,0,0,0,0,0,1,1,0,5,5,0,0
3103,3103,3102,3104,3223,3224,0,0,0,0,0,0,0,0,0,1,1,0,5,5,0,0
3104,3104,3103,3105,3224,3225,0,0,0,0,0,0,0,0,0,1,1,0,5,5,0,0
3105,3105,3104,3106,3225,3226,0,0,0,0,0,0,0,0,0,1,1,0,5,5,0,0
3106,3106,3105,3107,3226,3227,0,0,0,0,0,0,0,0,0,1,1,0,5,5,0,0
3107,3107,3106,3108,3227,3228,0,0,0,0,0,0,0,0,0,1,1,0,5,5,0,0
3108,3108,3107,3109,3228,3229,0,0,0,0,0,0,0,0,0,1,1,0,5,5,0,0
3109,3109,3108,3110,3229,3230,0,0,0,0,0,0,0,0,0,1,1,0,5,5,0,0
3110,3110,3109,3111,3230,3231,0,0,0,0,0,0,0,0,0,1,1,0,5,5,0,0
3111,3111,3110,3112,3231,3232,0,0,0,0,0,0,0,0,0,1,1,0,5,5,0,0
3112,3112,3111,3113,3232,3233,0,0,0,0,0,0,0,0,0,1,1,0,5,5,0,0
3113,3113,3112,3114,3233,3234,0,0,0,0,0,0,0,0,0,1,1,0,5,5,0,0
3114,3114,3113,3115,3234,3235,0,0,0,0,0,0,0,0,0,1,1,0,5,5,0,0
3115,3115,3114,3116,3235,3236,0,0,0,0,0,0,0,0,0,1,1,0,5,5,0,0
3116,3116,3115,3117,3236,3237,0,0,0,0,0,0,0,0,0,1,1,0,5,5,0,0
3117,3117,3116,3118,3237,3238,0,0,0,0,0,0,0,0,0,1,1,0,5,5,0,0
3118,3118,3117,3119,3238,3239,0,0,0,0,0,0,0,0,0,1,1,0,5,5,0,0
3119,3119,3118,3120,3239,3240,0,0,0,0,0,0,0,0,0,1,1,0,5,5,0,0
3120,3120,3119,3121,3240,3241,0,0,0,0,0,0,0,0,0,1,1,0,5,5,0,0
3121,3121,3120,3122,3241,3242,0,0,0,0,0,0,0,0,0,1,1,0,5,5,0,0
3122,3122,3121,3123,3242,3243,0,0,0,0,0,0,0,0,0,1,1,0,5,5,0,0
3123,3123,3122,3124,3243,3244,0,0,0,0,0,0,0,0,0,1,1,0,5,5,0,0
3124,3124,3123,3125,3244,3245,0,0,0,0,0,0,0,0,0,1,1,0,5,5,0,0
3125,3125,3124,3126,3245,3246,0,0,0,0,0,0,0,0,0,1,1,0,5,5,0,0
3126,3126,3125,3127,3246,3247,0,0,0,0,0,0,0,0,0,1,1,0,5,5,0,0
3127,3127,3126,3128,3247,3248,0,0,0,0,0,0,0,0,0,1,1,0,5,5,0,0
3128,3128,3127,3129,3248,3249,0,0,0,0,0,0,0,0,0,1,1,0,5,5,0,0
3129,3129,3128,3130,3249,3250,0,0,0,0,0,0,0,0,0,1,1,0,5,5,0,0
3130,3130,3129,3131,3250,3251,0,0,0,0,0,0,0,0,0,1,1,0,5,5,0,0
3131,3131,3130,3132,3251,3252,0,0,0,0,0,0,0,0,0,1,1,0,5,5,0,0
3132,3132,3131,3133,3252,3253,0,0,0,0,0,0,0,0,0,1,1,0,5,5,0,0
3133,3133,3132,3134,3253,3254,0,0,0,0,0,0,0,0,0,1,1,0,5,5,0,0
3134,3134,3133,3135,3254,3255,0,0,0,0,0,0,0,0,0,1,1,0,5,5,0,0
3135,3135,3134,3136,3255,3256,0,0,0,0,0,0,0,0,0,1,1,0,5,5,0,0
3136,3136,3135,3137,3256,3257,0,0,0,0,0,0,0,0,0,1,1,0,5,5,0,0
3137,3137,3136,3138,3257,3258,0,0,0,0,0,0,0,0,0,1,1,0,5,5,0,0
3138,3138,3137,3139,3258,3259,0,0,0,0,0,0,0,0,0,1,1,0,5,5,0,0
3139,3139,3138,3140,3259,3260,0,0,0,0,0,0,0,0,0,1,1,0,5,5,0,0
3140,3140,3139,3141,3260,3261,0,0,0,0,0,0,0,0,0,1,1,0,5,5,0,0
3141,3141,3140,3142,3261,3262,0,0,0,0,0,0,0,0,0,1,1,0,5,5,0,0
3142,3142,3141,3143,3262,3263,0,0,0,0,0,0,0,0,0,1,1,0,5,5,0,0
3143,3143,3142,3144,3263,3264,0,0,0,0,0,0,0,0,0,1,1,0,5,5,0,0
3144,3144,3143,3145,3264,3265,0,0,0,0,0,0,0,0,0,1,1,0,5,5,0,0
3145,3145,3144,3146,3265,3266,0,0,0,0,0,0,0,0,0,1,1,0,5,5,0,0
3146,3146,3145,3147,3266,3267,0,0,0,0,0,0,0,0,0,1,1,0,5,5,0,0
3147,3147,3146,3148,3267,3268,0,0,0,0,0,0,0,0,0,1,1,0,5,5,0,0
3148,3148,3147,3149,3268,3269,0,0,0,0,0,0,0,0,0,1,1,0,5,5,0,0
3149,3149,3148,3150,3269,3270,0,0,0,0,0,0,0,0,0,1,1,0,5,5,0,0
3150,3150,3149,3151,3270,3271,0,0,0,0,0,0,0,0,0,1,1,0,5,5,0,0
3151,3151,3150,3152,3271,3272,0,0,0,0,0,0,0,0,0,1,1,0,5,5,0,0
3152,3152,3151,3153,3272,3273,0,0,0,0,0,0,0,0,0,1,1,0,5,5,0,0
3153,3153,3152,3154,3273,3274,0,0,0,0,0,0,0,0,0,1,1,0,5,5,0,0
3154,3154,3153,3155,3274,3275,0,0,0,0,0,0,0,0,0,1,1,0,5,5,0,0
3155,3155,3154,3156,3275,3276,0,0,0,0,0,0,0,0,0,1,1,0,5,5,0,0
3156,3156,3155,3157,3276,3277,0,0,0,0,0,0,0,0,0,1,1,0,5,5,0,0
3157,3157,3156,3158,3277,3278,0,0,0,0,0,0,0,0,0,1,1,0,5,5,0,0
3158,3158,3157,3159,3278,3279,0,0,0,0,0,0,0,0,0,1,1,0,5,5,0,0
3159,3159,3158,3160,3279,3280,0,0,0,0,0,0,0,0,0,1,1,0,5,5,0,0
3160,3160,3159,3161,3280,3281,0,0,0,0,0,0,0,0,0,1,1,0,5,5,0,0
3161,3161,3160,3162,3281,3282,0,0,0,0,0,0,0,0,0,1,1,0,5,5,0,0
3162,3162,3161,3163,3282,3283,0,0,0,0,0,0,0,0,0,1,1,0,5,5,0,0
3163,3163,3162,3164,3283,3284,0,0,0,0,0,0,0,0,0,1,1,0,5,5,0,0
3164,3164,3163,3165,3284,3285,0,0,0,0,0,0,0,0,0,1,1,0,5,5,0,0
3165,3165,3164,3166,3285,3286,0,0,0,0,0,0,0,0,0,1,1,0,5,5,0,0
3166,3166,3165,3167,3286,3287,0,0,0,0,0,0,0,0,0,1,1,0,5,5,0,0
3167,3167,3166,3168,3287,3288,0,0,0,0,0,0,0,0,0,1,1,0,5,5,0,0
3168,3168,3167,3169,3288,3289,0,0,0,0,0,0,0,0,0,1,1,0,5,5,0,0
3169,3169,3168,3170,3289,3290,0,0,0,0,0,0,0,0,0,1,1,0,5,5,0,0
3170,3170,3169,3171,3290,3291,0,0,0,0,0,0,0,0,0,1,1,0,5,5,0,0
3171,3171,3170,3172,3291,3292,0,0,0,0,0,0,0,0,0,1,1,0,5,5,0,0
3172,3172,3171,3173,3292,3293,0,0,0,0,0,0,0,0,0,1,1,0,5,5,0,0
3173,3173,3172,3174,3294,3295,2,0,0,0,0,0,0,0,0,1,1,0,5,5,0,0
3174,3174,3173,3175,3296,3297,0,0,0,0,0,0,0,0,0,1,1,0,5,5,0,0
3175,3175,3174,3176,3297,3298,0,0,0,0,0,0,0,0,0,1,1,0,5,5,0,0
3176,3176,3175,3177,3298,3299,0,0,0,0,0,0,0,0,0,1,1,0,5,5,0,0
3177,3177,3176,3178,3299,3300,0,0,0,0,0,0,0,0,0,1,1,0,5,5,0,0
3178,3178,3177,3179,3300,3301,0,0,0,0,0,0,0,0,0,1,1,0,5,5,0,0
3179,3179,3178,3180,3301,3302,0,0,0,0,0,0,0,0,0,1,1,0,5,5,0,0
3180,3180,3179,3181,3302,3303,0,0,0,0,0,0,0,0,0,1,1,0,5,5,0,0
3181,3181,3180,3182,3303,3304,0,0,0,0,0,0,0,0,0,1,1,0,5,5,0,0
3182,3182,3181,3183,3304,3305,0,0,0,0,0,0,0,0,0,1,1,0,5,5,0,0
3183,3183,3182,3184,3305,3306,0,0,0,0,0,0,0,0,0,1,1,0,5,5,0,0
3184,3184,3183,3185,3306,3307,0,0,0,0,0,0,0,0,0,1,1,0,5,5,0,0
3185,3185,3184,3186,3307,3308,0,0,0,0,0,0,0,0,0,1,1,0,5,5,0,0
3186,3186,3185,3187,3309,3310,4,0,0,0,0,0,0,0,0,1,1,0,5,5,0,0
3187,3187,3186,3188,3311,3312,0,0,0,0,0,0,0,0,0,1,1,0,5,5,0,0
3188,3188,3187,3189,3312,3313,0,0,0,0,0,0,0,0,0,1,1,0,5,5,0,0
3189,3189,3188,3190,3313,3314,0,0,0,0,0,0,0,0,0,1,1,0,5,5,0,0
3190,3190,3189,3191,3314,3315,0,0,0,0,0,0,0,0,0,1,1,0,5,5,0,0
3191,3191,3190,3192,3315,3316,0,0,0,0,0,0,0,0,0,1,1,0,5,5,0,0
3192,3192,3191,3193,3316,3317,0,0,0,0,0,0,0,0,0,1,1,0,5,5,0,0
3193,3193,3192,3194,3317,3318,0,0,0,0,0,0,0,0,0,1,1,0,5,5,0,0
3194,3194,3193,3195,3318,3319,0,0,0,0,0,0,0,0,0,1,1,0,5,5,0,0
3195,3195,3194,3196,3319,3320,0,0,0,0,0,0,0,0,0,1,1,0,5,5,0,0
3196,3196,3195,3197,3320,3321,0,0,0,0,0,0,0,0,0,1,1,0,5,5,0,0
3197,3197,3196,3198,3321,3322,0,0,0,0,0,0,0,0,0,1,1,0,5,5,0,0
3198,3198,3197,3199,3322,3323,0,0,0,0,0,0,0,0,0,1,1,0,5,5,0,0
3199,3199,3198,3200,3323,3324,0,0,0,0,0,0,0,0,0,1,1,0,5,5,0,0
3200,3200,3199,3201,3324,3325,0,0,0,0,0,0,0,0,0,1,1,0,5,5,0,0
3201,3201,3200,3202,3325,3326,0,0,0,0,0,0,0,0,0,1,1,0,5,5,0,0
3202,3202,3201,3203,3326,3327,0,0,0,0,0,0,0,0,0,1,1,0,5,5,0,0
3203,3203,3202,3204,3327,3328,0,0,0,0,0,0,0,0,0,1,1,0,5,5,0,0
3204,3204,3203,3205,3328,3329,0,0,0,0,0,0,0,0,0,1,1,0,5,5,0,0
3205,3205,3204,3206,3329,3330,0,0,0,0,0,0,0,0,0,1,1,0,5,5,0,0
3206,3206,3205,3207,3330,3331,0,0,0,0,0,0,0,0,0,1,1,0,5,5,0,0
3207,3207,3206,3208,3331,3332,0,0,0,0,0,0,0,0,0,1,1,0,5,5,0,0
3208,3208,3207,3209,3332,3333,0,0,0,0,0,0,0,0,0,1,1,0,5,5,0,0
3209,3209,3208,3210,3333,3334,0,0,0,0,0,0,0,0,0,1,1,0,5,5,0,0
3210,3210,3209,3211,3334,3335,0,0,0,0,0,0,0,0,0,1,1,0,5,5,0,0
3211,3211,3210,3212,3335,3336,0,0,0,0,0,0,0,0,0,1,1,0,5,5,0,0
3212,3212,3211,3213,3336,3337,0,0,0,0,0,0,0,0,0,1,1,0,5,5,0,0
3213,3213,3212,3214,3337,3338,0,0,0,0,0,0,0,0,0,1,1,0,5,5,0,0
3214,3214,3213,3215,3338,3339,0,0,0,0,0,0,0,0,0,1,1,0,5,5,0,0
3215,3215,3214,3216,3339,3340,0,0,0,0,0,0,0,0,0,1,1,0,5,5,0,0
3216,3216,3215,3217,3340,3341,0,0,0,0,0,0,0,0,0,1,1,0,5,5,0,0
3217,3217,3216,3218,3341,3342,0,0,0,0,0,0,0,0,0,1,1,0,5,5,0,0
3218,3218,3217,3219,3342,3343,0,0,0,0,0,0,0,0,0,1,1,0,5,5,0,0
3219,3219,3218,3220,3343,3344,0,0,0,0,0,0,0,0,0,1,1,0,5,5,0,0
3220,3220,3219,3221,3344,3345,0,0,0,0,0,0,0,0,0,1,1,0,5,5,0,0
3221,3221,3220,3222,3345,3346,0,0,0,0,0,0,0,0,0,1,1,0,5,5,0,0
3222,3222,3221,3223,3346,3347,0,0,0,0,0,0,0,0,0,1,1,0,5,5,0,0
3223,3223,3222,3224,3347,3348,0,0,0,0,0,0,0,0,0,1,1,0,5,5,0,0
3224,3224,3223,3225,3348,3349,0,0,0,0,0,0,0,0,0,1,1,0,5,5,0,0
3225,3225,3224,3226,3349,3350,0,0,0,0,0,0,0,0,0,1,1,0,5,5,0,0
3226,3226,3225,3227,3350,3351,0,0,0,0,0,0,0,0,0,1,1,0,5,5,0,0
3227,3227,3226,3228,3351,3352,0,0,0,0,0,0,0,0,0,1,1,0,5,5,0,0
3228,3228,3227,3229,3352,3353,0,0,0,0,0,0,0,0,0,1,1,0,5,5,0,0
3229,3229,3228,3230,3353,3354,0,0,0,0,0,0,0,0,0,1,1,0,5,5,0,0
3230,3230,3229,3231,3354,3355,0,0,0,0,0,0,0,0,0,1,1,0,5,5,0,0
3231,3231,3230,3232,3355,3356,0,0,0,0,0,0,0,0,0,1,1,0,5,5,0,0
3232,3232,3231,3233,3356,3357,0,0,0,0,0,0,0,0,0,1,1,0,5,5,0,0
3233,3233,3232,3234,3357,3358,0,0,0,0,0,0,0,0,0,1,1,0,5,5,0,0
3234,3234,3233,3235,3358,3359,0,0,0,0,0,0,0,0,0,1,1,0,5,5,0,0
3235,3235,3234,3236,3359,3360,0,0,0,0,0,0,0,0,0,1,1,0,5,5,0,0
3236,3236,3235,3237,3360,3361,0,0,0,0,0,0,0,0,0,1,1,0,5,5,0,0
3237,3237,3236,3238,3361,3362,0,0,0,0,0,0,0,0,0,1,1,0,5,5,0,0
3238,3238,3237,3239,3362,3363,0,0,0,0,0,0,0,0,0,1,1,0,5,5,0,0
3239,3239,3238,3240,3363,3364,0,0,0,0,0,0,0,0,0,1,1,0,5,5,0,0
3240,3240,3239,3241,3364,3365,0,0,0,0,0,0,0,0,0,1,1,0,5,5,0,0
3241,3241,3240,3242,3365,3366,0,0,0,0,0,0,0,0,0,1,1,0,5,5,0,0
3242,3242,3241,3243,3366,3367,0,0,0,0,0,0,0,0,0,1,1,0,5,5,0,0
3243,3243,3242,3244,3367,3368,0,0,0,0,0,0,0,0,0,1,1,0,5,5,0,0
3244,3244,3243,3245,3368,3369,0,0,0,0,0,0,0,0,0,1,1,0,5,5,0,0
3245,3245,3244,3246,3369,3370,0,0,0,0,0,0,0,0,0,1,1,0,5,5,0,0
3246,3246,3245,3247,3370,3371,0,0,0,0,0,0,0,0,0,1,1,0,5,5,0,0
3247,3247,3246,3248,3371,3372,0,0,0,0,0,0,0,0,0,1,1,0,5,5,0,0
3248,3248,3247,3249,3372,3373,0,0,0,0,0,0,0,0,0,1,1,0,5,5,0,0
3249,3249,3248,3250,3373,3374,0,0,0,0,0,0,0,0,0,1,1,0,5,5,0,0
3250,3250,3249,3251,3374,3375,0,0,0,0,0,0,0,0,0,1,1,0,5,5,0,0
3251,3251,3250,3252,3376,3377,1,0,0,0,0,0,0,0,0,1,1,0,5,5,0,0
3252,3252,3251,3253,3378,3379,0,0,0,0,0,0,0,0,0,1,1,0,5,5,0,0
3253,3253,3252,3254,3379,3380,0,0,0,0,0,0,0,0,0,1,1,0,5,5,0,0
3254,3254,3253,3255,3380,3381,0,0,0,0,0,0,0,0,0,1,1,0,5,5,0,0
3255,3255,3254,3256,3381,3382,0,0,0,0,0,0,0,0,0,1,1,0,5,5,0,0
3256,3256,3255,3257,3382,3383,0,0,0,0,0,0,0,0,0,1,1,0,5,5,0,0
3257,3257,3256,3258,3383,3384,0,0,0,0,0,0,0,0,0,1,1,0,5,5,0,0
3258,3258,3257,3259,3384,3385,0,0,0,0,0,0,0,0,0,1,1,0,5,5,0,0
3259,3259,3258,3260,3385,3386,0,0,0,0,0,0,0,0,0,1,1,0,5,5,0,0
3260,3260,3259,3261,3386,3387,0,0,0,0,0,0,0,0,0,1,1,0,5,5,0,0
3261,3261,3260,3262,3387,3388,0,0,0,0,0,0,0,0,0,1,1,0,5,5,0,0
3262,3262,3261,3263,3388,3389,0,0,0,0,0,0,0,0,0,1,1,0,5,5,0,0
3263,3263,3262,3264,3390,3391,3,0,0,0,0,0,0,0,0,1,1,0,5,5,0,0
3264,3264,3263,3265,3392,3393,0,0,0,0,0,0,0,0,0,1,1,0,5,5,0,0
3265,3265,3264,3266,3393,3394,0,0,0,0,0,0,0,0,0,1,1,0,5,5,0,0
3266,3266,3265,3267,3394,3395,0,0,0,0,0,0,0,0,0,1,1,0,5,5,0,0
3267,3267,3266,3268,3395,3396,0,0,0,0,0,0,0,0,0,1,1,0,5,5,0,0
3268,3268,3267,3269,3396,3397,0,0,0,0,0,0,0,0,0,1,1,0,5,5,0,0
3269,3269,3268,3270,3397,3398,0,0,0,0,0,0,0,0,0,1,1,0,5,5,0,0
3270,3270,3269,3271,3398,3399,0,0,0,0,0,0,0,0,0,1,1,0,5,5,0,0
3271,3271,3270,3272,3399,3400,0,0,0,0,0,0,0,0,0,1,1,0,5,5,0,0
3272,3272,3271,3273,3400,3401,0,0,0,0,0,0,0,0,0,1,1,0,5,5,0,0
3273,3273,3272,3274,3401,3402,0,0,0,0,0,0,0,0,0,1,1,0,5,5,0,0
3274,3274,3273,3275,3402,3403,0,0,0,0,0,0,0,0,0,1,1,0,5,5,0,0
3275,3275,3274,3276,3403,3404,0,0,0,0,0,0,0,0,0,1,1,0,5,5,0,0
3276,3276,3275,3277,3404,3405,0,0,0,0,0,0,0,0,0,1,1,0,5,5,0,0
3277,3277,3276,3278,3405,3406,0,0,0,0,0,0,0,0,0,1,1,0,5,5,0,0
3278,3278,3277,3279,3406,3407,0,0,0,0,0,0,0,0,0,1,1,0,5,5,0,0
3279,3279,3278,3280,3407,3408,0,0,0,0,0,0,0,0,0,1,1,0,5,5,0,0
3280,3280,3279,3281,3408,3409,0,0,0,0,0,0,0,0,0,1,1,0,5,5,0,0
3281,3281,3280,3282,3409,3410,0,0,0,0,0,0,0,0,0,1,1,0,5,5,0,0
3282,3282,3281,3283,3410,3411,0,0,0,0,0,0,0,0,0,1,1,0,5,5,0,0
3283,3283,3282,3284,3411,3412,0,0,0,0,0,0,0,0,0,1,1,0,5,5,0,0
3284,3284,3283,3285,3412,3413,0,0,0,0,0,0,0,0,0,1,1,0,5,5,0,0
3285,3285,3284,3286,3413,3414,0,0,0,0,0,0,0,0,0,1,1,0,5,5,0,0
3286,3286,3285,3287,3414,3415,0,0,0,0,0,0,0,0,0,1,1,0,5,5,0,0
3287,3287,3286,3288,3415,3416,0,0,0,0,0,0,0,0,0,1,1,0,5,5,0,0
3288,3288,3287,3289,3416,3417,0,0,0,0,0,0,0,0,0,1,1,0,5,5,0,0
3289,3289,3288,3290,3417,3418,0,0,0,0,0,0,0,0,0,1,1,0,5,5,0,0
3290,3290,3289,3291,3418,3419,0,0,0,0,0,0,0,0,0,1,1,0,5,5,0,0
3291,3291,3290,3292,3419,3420,0,0,0,0,0,0,0,0,0,1,1,0,5,5,0,0
3292,3292,3291,3293,3420,3421,0,0,0,0,0,0,0,0,0,1,1,0,5,5,0,0
3293,3293,3292,3294,3421,3422,0,0,0,0,0,0,0,0,0,1,1,0,5,5,0,0
3294,3294,3293,3295,3422,3423,0,0,0,0,0,0,0,0,0,1,1,0,5,5,0,0
3295,3295,3294,3296,3423,3424,0,0,0,0,0,0,0,0,0,1,1,0,5,5,0,0
3296,3296,3295,3297,3424,3425,0,0,0,0,0,0,0,0,0,1,1,0,5,5,0,0
3297,3297,3296,3298,3425,3426,0,0,0,0,0,0,0,0,0,1,1,0,5,5,0,0
3298,3298,3297,3299,3426,3427,0,0,0,0,0,0,0,0,0,1,1,0,5,5,0,0
3299,3299,3298,3300,3427,3428,0,0,0,0,0,0,0,0,0,1,1,0,5,5,0,0
3300,3300,3299,3301,3428,3429,0,0,0,0,0,0,0,0,0,1,1,0,5,5,0,0
3301,3301,3300,3302,3429,3430,0,0,0,0,0,0,0,0,0,1,1,0,5,5,0,0
3302,3302,3301,3303,3430,3431,0,0,0,0,0,0,0,0,0,1,1,0,5,5,0,0
3303,3303,3302,3304,3431,3432,0,0,0,0,0,0,0,0,0,1,1,0,5,5,0,0
3304,3304,3303,3305,3432,3433,0,0,0,0,0,0,0,0,0,1,1,0,5,5,0,0
3305,3305,3304,3306,3433,3434,0,0,0,0,0,0,0,0,0,1,1,0,5,5,0,0
3306,3306,3305,3307,3434,3435,0,0,0,0,0,0,0,0,0,1,1,0,5,5,0,0
3307,3307,3306,3308,3435,3436,0,0,0,0,0,0,0,0,0,1,1,0,5,5,0,0
3308,3308,3307,3309,3436,3437,0,0,0,0,0,0,0,0,0,1,1,0,5,5,0,0
3309,3309,3308,3310,3437,3438,0,0,0,0,0,0,0,0,0,1,1,0,5,5,0,0
3310,3310,3309,3311,3438,3439,0,0,0,0,0,0,0,0,0,1,1,0,5,5,0,0
3311,3311,3310,3312,3439,3440,0,0,0,0,0,0,0,0,0,1,1,0,5,5,0,0
3312,3312,3311,3313,3440,3441,0,0,0,0,0,0,0,0,0,1,1,0,5,5,0,0
3313,3313,3312,3314,3441,3442,0,0,0,0,0,0,0,0,0,1,1,0,5,5,0,0
3314,3314,3313,3315,3442,3443,0,0,0,0,0,0,0,0,0,1,1,0,5,5,0,0
3315,3315,3314,3316,3443,3444,0,0,0,0,0,0,0,0,0,1,1,0,5,5,0,0
3316,3316,3315,3317,3444,3445,0,0,0,0,0,0,0,0,0,1,1,0,5,5,0,0
3317,3317,3316,3318,3445,3446,0,0,0,0,0,0,0,0,0,1,1,0,5,5,0,0
3318,3318,3317,3319,3446,3447,0,0,0,0,0,0,0,0,0,1,1,0,5,5,0,0
3319,3319,3318,3320,3447,3448,0,0,0,0,0,0,0,0,0,1,1,0,5,5,0,0
3320,3320,3319,3321,3448,3449,0,0,0,0,0,0,0,0,0,1,1,0,5,5,0,0
3321,3321,3320,3322,3449,3450,0,0,0,0,0,0,0,0,0,1,1,0,5,5,0,0
3322,3322,3321,3323,3450,3451,0,0,0,0,0,0,0,0,0,1,1,0,5,5,0,0
3323,3323,3322,3324,3451,3452,0,0,0,0,0,0,0,0,0,1,1,0,5,5,0,0
3324,3324,3323,3325,3452,3453,0,0,0,0,0,0,0,0,0,1,1,0,5,5,0,0
3325,3325,3324,3326,3453,3454,0,0,0,0,0,0,0,0,0,1,1,0,5,5,0,0
3326,3326,3325,3327,3454,3455,0,0,0,0,0,0,0,0,0,1,1,0,5,5,0,0
3327,3327,3326,3328,3455,3456,0,0,0,0,0,0,0,0,0,1,1,0,5,5,0,0
3328,3328,3327,3329,3456,3457,0,0,0,0,0,0,0,0,0,1,1,0,5,5,0,0
3329,3329,3328,3330,3457,3458,0,0,0,0,0,0,0,0,0,1,1,0,5,5,0,0
3330,3330,3329,3331,3458,3459,0,0,0,0,0,0,0,0,0,1,1,0,5,5,0,0
3331,3331,3330,3332,3459,3460,0,0,0,0,0,0,0,0,0,1,1,0,5,5,0,0
3332,3332,3331,3333,3460,3461,0,0,0,0,0,0,0,0,0,1,1,0,5,5,0,0
3333,3333,3332,3334,3461,3462,0,0,0,0,0,0,0,0,0,1,1,0,5,5,0,0
3334,3334,3333,3335,3462,3463,0,0,0,0,0,0,0,0,0,1,1,0,5,5,0,0
3335,3335,3334,3336,3463,3464,0,0,0,0,0,0,0,0,0,1,1,0,5,5,0,0
3336,3336,3335,3337,3464,3465,0,0,0,0,0,0,0,0,0,1,1,0,5,5,0,0
3337,3337,3336,3338,3465,3466,0,0,0,0,0,0,0,0,0,1,1,0,5,5,0,0
3338,3338,3337,3339,3466,3467,0,0,0,0,0,0,0,0,0,1,1,0,5,5,0,0
3339,3339,3338,3340,3467,3468,0,0,0,0,0,0,0,0,0,1,1,0,5,5,0,0
3340,3340,3339,3341,3468,3469,0,0,0,0,0,0,0,0,0,1,1,0,5,5,0,0
3341,3341,3340,3342,3469,3470,0,0,0,0,0,0,0,0,0,1,1,0,5,5,0,0
3342,3342,3341,3343,3470,3471,0,0,0,0,0,0,0,0,0,1,1,0,5,5,0,0
3343,3343,3342,3344,3471,3472,0,0,0,0,0,0,0,0,0,1,1,0,5,5,0,0
3344,3344,3343,3345,3472,3473,0,0,0,0,0,0,0,0,0,1,1,0,5,5,0,0
3345,3345,3344,3346,3473,3474,0,0,0,0,0,0,0,0,0,1,1,0,5,5,0,0
3346,3346,3345,3347,3474,3475,0,0,0,0,0,0,0,0,0,1,1,0,5,5,0,0
3347,3347,3346,3348,3475,3476,0,0,0,0,0,0,0,0,0,1,1,0,5,5,0,0
3348,3348,3347,3349,3476,3477,0,0,0,0,0,0,0,0,0,1,1,0,5,5,0,0
3349,3349,3348,3350,3477,3478,0,0,0,0,0,0,0,0,0,1,1,0,5,5,0,0
3350,3350,3349,3351,3478,3479,0,0,0,0,0,0,0,0,0,1,1,0,5,5,0,0
3351,3351,3350,3352,3479,3480,0,0,0,0,0,0,0,0,0,1,1,0,5,5,0,0
3352,3352,3351,3353,3480,3481,0,0,0,0,0,0,0,0,0,1,1,0,5,5,0,0
3353,3353,3352,3354,3481,3482,0,0,0,0,0,0,0,0,0,1,1,0,5,5,0,0
3354,3354,3353,3355,3482,3483,0,0,0,0,0,0,0,0,0,1,1,0,5,5,0,0
3355,3355,3354,3356,3483,3484,0,0,0,0,0,0,0,0,0,1,1,0,5,5,0,0
3356,3356,3355,3357,3484,3485,0,0,0,0,0,0,0,0,0,1,1,0,5,5,0,0
3357,3357,3356,3358,3485,3486,0,0,0,0,0,0,0,0,0,1,1,0,5,5,0,0
3358,3358,3357,3359,3486,3487,0,0,0,0,0,0,0,0,0,1,1,0,5,5,0,0
3359,3359,3358,3360,3487,3488,0,0,0,0,0,0,0,0,0,1,1,0,5,5,0,0
3360,3360,3359,3361,3488,3489,0,0,0,0,0,0,0,0,0,1,1,0,5,5,0,0
3361,3361,3360,3362,3489,3490,0,0,0,0,0,0,0,0,0,1,1,0,5,5,0,0
3362,3362,3361,3363,3490,3491,0,0,0,0,0,0,0,0,0,1,1,0,5,5,0,0
3363,3363,3362,3364,3491,3492,0,0,0,0,0,0,0,0,0,1,1,0,5,5,0,0
3364,3364,3363,3365,3492,3493,0,0,0,0,0,0,0,0,0,1,1,0,5,5,0,0
3365,3365,3364,3366,3493,3494,0,0,0,0,0,0,0,0,0,1,1,0,5,5,0,0
3366,3366,3365,3367,3494,3495,0,0,0,0,0,0,0,0,0,1,1,0,5,5,0,0
3367,3367,3366,3368,3495,3496,0,0,0,0,0,0,0,0,0,1,1,0,5,5,0,0
3368,3368,3367,3369,3496,3497,0,0,0,0,0,0,0,0,0,1,1,0,5,5,0,0
3369,3369,3368,3370,3497,3498,0,0,0,0,0,0,0,0,0,1,1,0,5,5,0,0
3370,3370,3369,3371,3498,3499,0,0,0,0,0,0,0,0,0,1,1,0,5,5,0,0
3371,3371,3370,3372,3499,3500,0,0,0,0,0,0,0,0,0,1,1,0,5,5,0,0
3372,3372,3371,3373,3500,3501,0,0,0,0,0,0,0,0,0,1,1,0,5,5,0,0
3373,3373,3372,3374,3501,3502,0,0,0,0,0,0,0,0,0,1,1,0,5,5,0,0
3374,3374,3373,3375,3502,3503,0,0,0,0,0,0,0,0,0,1,1,0,5,5,0,0
3375,3375,3374,3376,3503,3504,0,0,0,0,0,0,0,0,0,1,1,0,5,5,0,0
3376,3376,3375,3377,3504,3505,0,0,0,0,0,0,0,0,0,1,1,0,5,5,0,0
3377,3377,3376,3378,3505,3506,0,0,0,0,0,0,0,0,0,1,1,0,5,5,0,0
3378,3378,3377,3379,3506,3507,0,0,0,0,0,0,0,0,0,1,1,0,5,5,0,0
3379,3379,3378,3380,3507,3508,0,0,0,0,0,0,0,0,0,1,1,0,5,5,0,0
3380,3380,3379,3381,3508,3509,0,0,0,0,0,0,0,0,0,1,1,0,5,5,0,0
3381,3381,3380,3382,3509,3510,0,0,0,0,0,0,0,0,0,1,1,0,5,5,0,0
3382,3382,3381,3383,3510,3511,0,0,0,0,0,0,0,0,0,1,1,0,5,5,0,0
3383,3383,3382,3384,3511,3512,0,0,0,0,0,0,0,0,0,1,1,0,5,5,0,0
3384,3384,3383,3385,3512,3513,0,0,0,0,0,0,0,0,0,1,1,0,5,5,0,0
3385,3385,3384,3386,3513,3514,0,0,0,0,0,0,0,0,0,1,1,0,5,5,0,0
3386,3386,3385,3387,3514,3515,0,0,0,0,0,0,0,0,0,1,1,0,5,5,0,0
3387,3387,3386,3388,3515,3516,0,0,0,0,0,0,0,0,0,1,1,0,5,5,0,0
3388,3388,3387,3389,3516,3517,0,0,0,0,0,0,0,0,0,1,1,0,5,5,0,0
3389,3389,3388,3390,3517,3518,0,0,0,0,0,0,0,0,0,1,1,0,5,5,0,0
3390,3390,3389,3391,3518,3519,0,0,0,0,0,0,0,0,0,1,1,0,5,5,0,0
3391,3391,3390,3392,3519,3520,0,0,0,0,0,0,0,0,0,1,1,0,5,5,0,0
3392,3392,3391,3393,3520,3521,0,0,0,0,0,0,0,0,0,1,1,0,5,5,0,0
3393,3393,3392,3394,3521,3522,0,0,0,0,0,0,0,0,0,1,1,0,5,5,0,0
3394,3394,3393,3395,3522,3523,0,0,0,0,0,0,0,0,0,1,1,0,5,5,0,0
3395,3395,3394,3396,3523,3524,0,0,0,0,0,0,0,0,0,1,1,0,5,5,0,0
3396,3396,3395,3397,3524,3525,0,0,0,0,0,0,0,0,0,1,1,0,5,5,0,0
3397,3397,3396,3398,3525,3526,0,0,0,0,0,0,0,0,0,1,1,0,5,5,0,0
3398,3398,3397,3399,3526,3527,0,0,0,0,0,0,0,0,0,1,1,0,5,5,0,0
3399,3399,3398,3400,3527,3528,0,0,0,0,0,0,0,0,0,1,1,0,5,5,0,0
3400,3400,3399,3401,3528,3529,0,0,0,0,0,0,0,0,0,1,1,0,5,5,0,0
3401,3401,3400,3402,3529,3530,0,0,0,0,0,0,0,0,0,1,1,0,5,5,0,0
3402,3402,3401,3403,3530,3531,0,0,0,0,0,0,0,0,0,1,1,0,5,5,0,0
3403,3403,3402,3404,3531,3532,0,0,0,0,0,0,0,0,0,1,1,0,5,5,0,0
3404,3404,3403,3405,3532,3533,0,0,0,0,0,0,0,0,0,1,1,0,5,5,0,0
3405,3405,3404,3406,3533,3534,0,0,0,0,0,0,0,0,0,1,1,0,5,5,0,0
3406,3406,3405,3407,3534,3535,0,0,0,0,0,0,0,0,0,1,1,0,5,5,0,0
3407,3407,3406,3408,3535,3536,0,0,0,0,0,0,0,0,0,1,1,0,5,5,0,0
3408,3408,3407,3409,3536,3537,0,0,0,0,0,0,0,0,0,1,1,0,5,5,0,0
3409,3409,3408,3410,3537,3538,0,0,0,0,0,0,0,0,0,1,1,0,5,5,0,0
3410,3410,3409,3411,3538,3539,0,0,0,0,0,0,0,0,0,1,1,0,5,5,0,0
3411,3411,3410,3412,3539,3540,0,0,0,0,0,0,0,0,0,1,1,0,5,5,0,0
3412,3412,3411,3413,3540,3541,0,0,0,0,0,0,0,0,0,1,1,0,5,5,0,0
3413,3413,3412,3414,3541,3542,0,0,0,0,0,0,0,0,0,1,1,0,5,5,0,0
3414,3414,3413,3415,3542,3543,0,0,0,0,0,0,0,0,0,1,1,0,5,5,0,0
3415,3415,3414,3416,3543,3544,0,0,0,0,0,0,0,0,0,1,1,0,5,5,0,0
3416,3416,3415,3417,3544,3545,0,0,0,0,0,0,0,0,0,1,1,0,5,5,0,0
3417,3417,3416,3418,3545,3546,0,0,0,0,0,0,0,0,0,1,1,0,5,5,0,0
3418,3418,3417,3419,3547,3548,1,0,0,0,0,0,0,0,0,1,1,0,5,5,0,0
3419,3419,3418,3420,3549,3550,0,0,0,0,0,0,0,0,0,1,1,0,5,5,0,0
3420,3420,3419,3421,3550,3551,0,0,0,0,0,0,0,0,0,1,1,0,5,5,0,0
3421,3421,3420,3422,3551,3552,0,0,0,0,0,0,0,0,0,1,1,0,5,5,0,0
3422,3422,3421,3423,3552,3553,0,0,0,0,0,0,0,0,0,1,1,0,5,5,0,0
3423,3423,3422,3424,3553,3554,0,0,0,0,0,0,0,0,0,1,1,0,5,5,0,0
3424,3424,3423,3425,3554,3555,0,0,0,0,0,0,0,0,0,1,1,0,5,5,0,0
3425,3425,3424,3426,3555,3556,0,0,0,0,0,0,0,0,0,1,1,0,5,5,0,0
3426,3426,3425,3427,3556,3557,0,0,0,0,0,0,0,0,0,1,1,0,5,5,0,0
3427,3427,3426,3428,3557,3558,0,0,0,0,0,0,0,0,0,1,1,0,5,5,0,0
3428,3428,3427,3429,3558,3559,0,0,0,0,0,0,0,0,0,1,1,0,5,5,0,0
3429,3429,3428,3430,3559,3560,0,0,0,0,0,0,0,0,0,1,1,0,5,5,0,0
3430,3430,3429,3431,3560,3561,0,0,0,0,0,0,0,0,0,1,1,0,5,5,0,0
3431,3431,3430,3432,3561,3562,0,0,0,0,0,0,0,0,0,1,1,0,5,5,0,0
3432,3432,3431,3433,3562,3563,0,0,0,0,0,0,0,0,0,1,1,0,5,5,0,0
3433,3433,3432,3434,3563,3564,0,0,0,0,0,0,0,0,0,1,1,0,5,5,0,0
3434,3434,3433,3435,3564,3565,0,0,0,0,0,0,0,0,0,1,1,0,5,5,0,0
3435,3435,3434,3436,3565,3566,0,0,0,0,0,0,0,0,0,1,1,0,5,5,0,0
3436,3436,3435,3437,3566,3567,0,0,0,0,0,0,0,0,0,1,1,0,5,5,0,0
3437,3437,3436,3438,3567,3568,0,0,0,0,0,0,0,0,0,1,1,0,5,5,0,0
3438,3438,3437,3439,3568,3569,0,0,0,0,0,0,0,0,0,1,1,0,5,5,0,0
3439,3439,3438,3440,3569,3570,0,0,0,0,0,0,0,0,0,1,1,0,5,5,0,0
3440,3440,3439,0,3571,3572,3,0,0,0,0,0,0,0,0,1,1,0,5,5,0,0
3441,3441,0,0,3573,3574,2,0,0,0,0,0,0,0,0,1,1,0,5,5,0,0
3442,3442,0,0,3575,3576,2,0,0,0,0,0,0,0,0,1,1,0,5,5,0,0
3443,3443,0,3444,3577,3578,2,0,0,0,0,0,0,0,0,1,1,0,5,5,0,0
3444,3444,3443,3445,3579,3580,0,0,0,0,0,0,0,0,0,1,1,0,5,5,0,0
3445,3445,3444,3446,3580,3581,0,0,0,0,0,0,0,0,0,1,1,0,5,5,0,0
3446,3446,3445,3447,3581,3582,0,0,0,0,0,0,0,0,0,1,1,0,5,5,0,0
3447,3447,3446,3448,3582,3583,0,0,0,0,0,0,0,0,0,1,1,0,5,5,0,0
3448,3448,3447,3449,3583,3584,0,0,0,0,0,0,0,0,0,1,1,0,5,5,0,0
3449,3449,3448,3450,3584,3585,0,0,0,0,0,0,0,0,0,1,1,0,5,5,0,0
3450,3450,3449,3451,3585,3586,0,0,0,0,0,0,0,0,0,1,1,0,5,5,0,0
3451,3451,3450,3452,3587,3588,4,0,0,0,0,0,0,0,0,1,1,0,5,5,0,0
3452,3452,3451,3453,3589,3590,0,0,0,0,0,0,0,0,0,1,1,0,5,5,0,0
3453,3453,3452,3454,3590,3591,0,0,0,0,0,0,0,0,0,1,1,0,5,5,0,0
3454,3454,3453,3455,3591,3592,0,0,0,0,0,0,0,0,0,1,1,0,5,5,0,0
3455,3455,3454,3456,3592,3593,0,0,0,0,0,0,0,0,0,1,1,0,5,5,0,0
3456,3456,3455,3457,3593,3594,0,0,0,0,0,0,0,0,0,1,1,0,5,5,0,0
3457,3457,3456,3458,3594,3595,0,0,0,0,0,0,0,0,0,1,1,0,5,5,0,0
3458,3458,3457,3459,3595,3596,0,0,0,0,0,0,0,0,0,1,1,0,5,5,0,0
3459,3459,3458,3460,3596,3597,0,0,0,0,0,0,0,0,0,1,1,0,5,5,0,0
3460,3460,3459,3461,3597,3598,0,0,0,0,0,0,0,0,0,1,1,0,5,5,0,0
3461,3461,3460,3462,3598,3599,0,0,0,0,0,0,0,0,0,1,1,0,5,5,0,0
3462,3462,3461,3463,3599,3600,0,0,0,0,0,0,0,0,0,1,1,0,5,5,0,0
3463,3463,3462,3464,3600,3601,0,0,0,0,0,0,0,0,0,1,1,0,5,5,0,0
3464,3464,3463,3465,3601,3602,0,0,0,0,0,0,0,0,0,1,1,0,5,5,0,0
3465,3465,3464,3466,3602,3603,0,0,0,0,0,0,0,0,0,1,1,0,5,5,0,0
3466,3466,3465,3467,3603,3604,0,0,0,0,0,0,0,0,0,1,1,0,5,5,0,0
3467,3467,3466,3468,3604,3605,0,0,0,0,0,0,0,0,0,1,1,0,5,5,0,0
3468,3468,3467,3469,3605,3606,0,0,0,0,0,0,0,0,0,1,1,0,5,5,0,0
3469,3469,3468,3470,3606,3607,0,0,0,0,0,0,0,0,0,1,1,0,5,5,0,0
3470,3470,3469,3471,3607,3608,0,0,0,0,0,0,0,0,0,1,1,0,5,5,0,0
3471,3471,3470,3472,3608,3609,0,0,0,0,0,0,0,0,0,1,1,0,5,5,0,0
3472,3472,3471,3473,3609,3610,0,0,0,0,0,0,0,0,0,1,1,0,5,5,0,0
3473,3473,3472,3474,3610,3611,0,0,0,0,0,0,0,0,0,1,1,0,5,5,0,0
3474,3474,3473,3475,3611,3612,0,0,0,0,0,0,0,0,0,1,1,0,5,5,0,0
3475,3475,3474,3476,3612,3613,0,0,0,0,0,0,0,0,0,1,1,0,5,5,0,0
3476,3476,3475,3477,3613,3614,0,0,0,0,0,0,0,0,0,1,1,0,5,5,0,0
3477,3477,3476,3478,3614,3615,0,0,0,0,0,0,0,0,0,1,1,0,5,5,0,0
3478,3478,3477,3479,3615,3616,0,0,0,0,0,0,0,0,0,1,1,0,5,5,0,0
3479,3479,3478,3480,3616,3617,0,0,0,0,0,0,0,0,0,1,1,0,5,5,0,0
3480,3480,3479,3481,3617,3618,0,0,0,0,0,0,0,0,0,1,1,0,5,5,0,0
3481,3481,3480,3482,3618,3619,0,0,0,0,0,0,0,0,0,1,1,0,5,5,0,0
3482,3482,3481,3483,3619,3620,0,0,0,0,0,0,0,0,0,1,1,0,5,5,0,0
3483,3483,3482,3484,3620,3621,0,0,0,0,0,0,0,0,0,1,1,0,5,5,0,0
3484,3484,3483,3485,3621,3622,0,0,0,0,0,0,0,0,0,1,1,0,5,5,0,0
3485,3485,3484,3486,3622,3623,0,0,0,0,0,0,0,0,0,1,1,0,5,5,0,0
3486,3486,3485,3487,3623,3624,0,0,0,0,0,0,0,0,0,1,1,0,5,5,0,0
3487,3487,3486,3488,3624,3625,0,0,0,0,0,0,0,0,0,1,1,0,5,5,0,0
3488,3488,3487,3489,3625,3626,0,0,0,0,0,0,0,0,0,1,1,0,5,5,0,0
3489,3489,3488,3490,3626,3627,0,0,0,0,0,0,0,0,0,1,1,0,5,5,0,0
3490,3490,3489,3491,3627,3628,0,0,0,0,0,0,0,0,0,1,1,0,5,5,0,0
3491,3491,3490,3492,3628,3629,0,0,0,0,0,0,0,0,0,1,1,0,5,5,0,0
3492,3492,3491,3493,3629,3630,0,0,0,0,0,0,0,0,0,1,1,0,5,5,0,0
3493,3493,3492,3494,3630,3631,0,0,0,0,0,0,0,0,0,1,1,0,5,5,0,0
3494,3494,3493,3495,3631,3632,0,0,0,0,0,0,0,0,0,1,1,0,5,5,0,0
3495,3495,3494,3496,3632,3633,0,0,0,0,0,0,0,0,0,1,1,0,5,5,0,0
3496,3496,3495,3497,3633,3634,0,0,0,0,0,0,0,0,0,1,1,0,5,5,0,0
3497,3497,3496,3498,3634,3635,0,0,0,0,0,0,0,0,0,1,1,0,5,5,0,0
3498,3498,3497,3499,3635,3636,0,0,0,0,0,0,0,0,0,1,1,0,5,5,0,0
3499,3499,3498,3500,3636,3637,0,0,0,0,0,0,0,0,0,1,1,0,5,5,0,0
3500,3500,3499,3501,3637,3638,0,0,0,0,0,0,0,0,0,1,1,0,5,5,0,0
3501,3501,3500,3502,3638,3639,0,0,0,0,0,0,0,0,0,1,1,0,5,5,0,0
3502,3502,3501,3503,3639,3640,0,0,0,0,0,0,0,0,0,1,1,0,5,5,0,0
3503,3503,3502,3504,3640,3641,0,0,0,0,0,0,0,0,0,1,1,0,5,5,0,0
3504,3504,3503,3505,3641,3642,0,0,0,0,0,0,0,0,0,1,1,0,5,5,0,0
3505,3505,3504,3506,3642,3643,0,0,0,0,0,0,0,0,0,1,1,0,5,5,0,0
3506,3506,3505,3507,3643,3644,0,0,0,0,0,0,0,0,0,1,1,0,5,5,0,0
3507,3507,3506,3508,3644,3645,0,0,0,0,0,0,0,0,0,1,1,0,5,5,0,0
3508,3508,3507,3509,3645,3646,0,0,0,0,0,0,0,0,0,1,1,0,5,5,0,0
3509,3509,3508,3510,3646,3647,0,0,0,0,0,0,0,0,0,1,1,0,5,5,0,0
3510,3510,3509,3511,3647,3648,0,0,0,0,0,0,0,0,0,1,1,0,5,5,0,0
3511,3511,3510,3512,3648,3649,0,0,0,0,0,0,0,0,0,1,1,0,5,5,0,0
3512,3512,3511,3513,3649,3650,0,0,0,0,0,0,0,0,0,1,1,0,5,5,0,0
3513,3513,3512,3514,3650,3651,0,0,0,0,0,0,0,0,0,1,1,0,5,5,0,0
3514,3514,3513,3515,3651,3652,0,0,0,0,0,0,0,0,0,1,1,0,5,5,0,0
3515,3515,3514,3516,3652,3653,0,0,0,0,0,0,0,0,0,1,1,0,5,5,0,0
3516,3516,3515,3517,3653,3654,0,0,0,0,0,0,0,0,0,1,1,0,5,5,0,0
3517,3517,3516,3518,3654,3655,0,0,0,0,0,0,0,0,0,1,1,0,5,5,0,0
3518,3518,3517,3519,3655,3656,0,0,0,0,0,0,0,0,0,1,1,0,5,5,0,0
3519,3519,3518,3520,3656,3657,0,0,0,0,0,0,0,0,0,1,1,0,5,5,0,0
3520,3520,3519,3521,3657,3658,0,0,0,0,0,0,0,0,0,1,1,0,5,5,0,0
3521,3521,3520,3522,3658,3659,0,0,0,0,0,0,0,0,0,1,1,0,5,5,0,0
3522,3522,3521,3523,3659,3660,0,0,0,0,0,0,0,0,0,1,1,0,5,5,0,0
3523,3523,3522,3524,3660,3661,0,0,0,0,0,0,0,0,0,1,1,0,5,5,0,0
3524,3524,3523,3525,3661,3662,0,0,0,0,0,0,0,0,0,1,1,0,5,5,0,0
3525,3525,3524,3526,3662,3663,0,0,0,0,0,0,0,0,0,1,1,0,5,5,0,0
3526,3526,3525,3527,3663,3664,0,0,0,0,0,0,0,0,0,1,1,0,5,5,0,0
3527,3527,3526,3528,3664,3665,0,0,0,0,0,0,0,0,0,1,1,0,5,5,0,0
3528,3528,3527,3529,3665,3666,0,0,0,0,0,0,0,0,0,1,1,0,5,5,0,0
3529,3529,3528,3530,3666,3667,0,0,0,0,0,0,0,0,0,1,1,0,5,5,0,0
3530,3530,3529,3531,3667,3668,0,0,0,0,0,0,0,0,0,1,1,0,5,5,0,0
3531,3531,3530,3532,3668,3669,0,0,0,0,0,0,0,0,0,1,1,0,5,5,0,0
3532,3532,3531,3533,3669,3670,0,0,0,0,0,0,0,0,0,1,1,0,5,5,0,0
3533,3533,3532,3534,3670,3671,0,0,0,0,0,0,0,0,0,1,1,0,5,5,0,0
3534,3534,3533,3535,3671,3672,0,0,0,0,0,0,0,0,0,1,1,0,5,5,0,0
3535,3535,3534,3536,3672,3673,0,0,0,0,0,0,0,0,0,1,1,0,5,5,0,0
3536,3536,3535,3537,3673,3674,0,0,0,0,0,0,0,0,0,1,1,0,5,5,0,0
3537,3537,3536,3538,3674,3675,0,0,0,0,0,0,0,0,0,1,1,0,5,5,0,0
3538,3538,3537,3539,3675,3676,0,0,0,0,0,0,0,0,0,1,1,0,5,5,0,0
3539,3539,3538,3540,3676,3677,0,0,0,0,0,0,0,0,0,1,1,0,5,5,0,0
3540,3540,3539,3541,3677,3678,0,0,0,0,0,0,0,0,0,1,1,0,5,5,0,0
3541,3541,3540,3542,3678,3679,0,0,0,0,0,0,0,0,0,1,1,0,5,5,0,0
3542,3542,3541,3543,3679,3680,0,0,0,0,0,0,0,0,0,1,1,0,5,5,0,0
3543,3543,3542,3544,3680,3681,0,0,0,0,0,0,0,0,0,1,1,0,5,5,0,0
3544,3544,3543,3545,3681,3682,0,0,0,0,0,0,0,0,0,1,1,0,5,5,0,0
3545,3545,3544,3546,3682,3683,0,0,0,0,0,0,0,0,0,1,1,0,5,5,0,0
3546,3546,3545,3547,3683,3684,0,0,0,0,0,0,0,0,0,1,1,0,5,5,0,0
3547,3547,3546,3548,3684,3685,0,0,0,0,0,0,0,0,0,1,1,0,5,5,0,0
3548,3548,3547,3549,3685,3686,0,0,0,0,0,0,0,0,0,1,1,0,5,5,0,0
3549,3549,3548,3550,3686,3687,0,0,0,0,0,0,0,0,0,1,1,0,5,5,0,0
3550,3550,3549,3551,3687,3688,0,0,0,0,0,0,0,0,0,1,1,0,5,5,0,0
3551,3551,3550,3552,3688,3689,0,0,0,0,0,0,0,0,0,1,1,0,5,5,0,0
3552,3552,3551,3553,3689,3690,0,0,0,0,0,0,0,0,0,1,1,0,5,5,0,0
3553,3553,3552,3554,3690,3691,0,0,0,0,0,0,0,0,0,1,1,0,5,5,0,0
3554,3554,3553,3555,3691,3692,0,0,0,0,0,0,0,0,0,1,1,0,5,5,0,0
3555,3555,3554,3556,3692,3693,0,0,0,0,0,0,0,0,0,1,1,0,5,5,0,0
3556,3556,3555,3557,3693,3694,0,0,0,0,0,0,0,0,0,1,1,0,5,5,0,0
3557,3557,3556,3558,3694,3695,0,0,0,0,0,0,0,0,0,1,1,0,5,5,0,0
3558,3558,3557,3559,3695,3696,0,0,0,0,0,0,0,0,0,1,1,0,5,5,0,0
3559,3559,3558,3560,3696,3697,0,0,0,0,0,0,0,0,0,1,1,0,5,5,0,0
3560,3560,3559,3561,3697,3698,0,0,0,0,0,0,0,0,0,1,1,0,5,5,0,0
3561,3561,3560,3562,3698,3699,0,0,0,0,0,0,0,0,0,1,1,0,5,5,0,0
3562,3562,3561,3563,3699,3700,0,0,0,0,0,0,0,0,0,1,1,0,5,5,0,0
3563,3563,3562,3564,3700,3701,0,0,0,0,0,0,0,0,0,1,1,0,5,5,0,0
3564,3564,3563,3565,3701,3702,0,0,0,0,0,0,0,0,0,1,1,0,5,5,0,0
3565,3565,3564,3566,3702,3703,0,0,0,0,0,0,0,0,0,1,1,0,5,5,0,0
3566,3566,3565,3567,3703,3704,0,0,0,0,0,0,0,0,0,1,1,0,5,5,0,0
3567,3567,3566,3568,3704,3705,0,0,0,0,0,0,0,0,0,1,1,0,5,5,0,0
3568,3568,3567,3569,3705,3706,0,0,0,0,0,0,0,0,0,1,1,0,5,5,0,0
3569,3569,3568,3570,3706,3707,0,0,0,0,0,0,0,0,0,1,1,0,5,5,0,0
3570,3570,3569,3571,3707,3708,0,0,0,0,0,0,0,0,0,1,1,0,5,5,0,0
3571,3571,3570,3572,3708,3709,0,0,0,0,0,0,0,0,0,1,1,0,5,5,0,0
3572,3572,3571,3573,3709,3710,0,0,0,0,0,0,0,0,0,1,1,0,5,5,0,0
3573,3573,3572,3574,3710,3711,0,0,0,0,0,0,0,0,0,1,1,0,5,5,0,0
3574,3574,3573,3575,3711,3712,0,0,0,0,0,0,0,0,0,1,1,0,5,5,0,0
3575,3575,3574,3576,3712,3713,0,0,0,0,0,0,0,0,0,1,1,0,5,5,0,0
3576,3576,3575,3577,3713,3714,0,0,0,0,0,0,0,0,0,1,1,0,5,5,0,0
3577,3577,3576,3578,3714,3715,0,0,0,0,0,0,0,0,0,1,1,0,5,5,0,0
3578,3578,3577,3579,3715,3716,0,0,0,0,0,0,0,0,0,1,1,0,5,5,0,0
3579,3579,3578,3580,3716,3717,0,0,0,0,0,0,0,0,0,1,1,0,5,5,0,0
3580,3580,3579,3581,3717,3718,0,0,0,0,0,0,0,0,0,1,1,0,5,5,0,0
3581,3581,3580,3582,3718,3719,0,0,0,0,0,0,0,0,0,1,1,0,5,5,0,0
3582,3582,3581,3583,3719,3720,0,0,0,0,0,0,0,0,0,1,1,0,5,5,0,0
3583,3583,3582,3584,3720,3721,0,0,0,0,0,0,0,0,0,1,1,0,5,5,0,0
3584,3584,3583,3585,3721,3722,0,0,0,0,0,0,0,0,0,1,1,0,5,5,0,0
3585,3585,3584,3586,3722,3723,0,0,0,0,0,0,0,0,0,1,1,0,5,5,0,0
3586,3586,3585,3587,3723,3724,0,0,0,0,0,0,0,0,0,1,1,0,5,5,0,0
3587,3587,3586,3588,3724,3725,0,0,0,0,0,0,0,0,0,1,1,0,5,5,0,0
3588,3588,3587,3589,3725,3726,0,0,0,0,0,0,0,0,0,1,1,0,5,5,0,0
3589,3589,3588,3590,3726,3727,0,0,0,0,0,0,0,0,0,1,1,0,5,5,0,0
3590,3590,3589,3591,3727,3728,0,0,0,0,0,0,0,0,0,1,1,0,5,5,0,0
3591,3591,3590,3592,3728,3729,0,0,0,0,0,0,0,0,0,1,1,0,5,5,0,0
3592,3592,3591,3593,3729,3730,0,0,0,0,0,0,0,0,0,1,1,0,5,5,0,0
3593,3593,3592,3594,3730,3731,0,0,0,0,0,0,0,0,0,1,1,0,5,5,0,0
3594,3594,3593,3595,3731,3732,0,0,0,0,0,0,0,0,0,1,1,0,5,5,0,0
3595,3595,3594,3596,3732,3733,0,0,0,0,0,0,0,0,0,1,1,0,5,5,0,0
3596,3596,3595,3597,3733,3734,0,0,0,0,0,0,0,0,0,1,1,0,5,5,0,0
3597,3597,3596,3598,3734,3735,0,0,0,0,0,0,0,0,0,1,1,0,5,5,0,0
3598,3598,3597,3599,3735,3736,0,0,0,0,0,0,0,0,0,1,1,0,5,5,0,0
3599,3599,3598,3600,3736,3737,0,0,0,0,0,0,0,0,0,1,1,0,5,5,0,0
3600,3600,3599,3601,3737,3738,0,0,0,0,0,0,0,0,0,1,1,0,5,5,0,0
3601,3601,3600,3602,3738,3739,0,0,0,0,0,0,0,0,0,1,1,0,5,5,0,0
3602,3602,3601,3603,3739,3740,0,0,0,0,0,0,0,0,0,1,1,0,5,5,0,0
3603,3603,3602,3604,3740,3741,0,0,0,0,0,0,0,0,0,1,1,0,5,5,0,0
3604,3604,3603,3605,3741,3742,0,0,0,0,0,0,0,0,0,1,1,0,5,5,0,0
3605,3605,3604,3606,3742,3743,0,0,0,0,0,0,0,0,0,1,1,0,5,5,0,0
3606,3606,3605,3607,3743,3744,0,0,0,0,0,0,0,0,0,1,1,0,5,5,0,0
3607,3607,3606,3608,3745,3746,2,0,0,0,0,0,0,0,0,1,1,0,5,5,0,0
3608,3608,3607,3609,3747,3748,0,0,0,0,0,0,0,0,0,1,1,0,5,5,0,0
3609,3609,3608,3610,3748,3749,0,0,0,0,0,0,0,0,0,1,1,0,5,5,0,0
3610,3610,3609,3611,3749,3750,0,0,0,0,0,0,0,0,0,1,1,0,5,5,0,0
3611,3611,3610,3612,3750,3751,0,0,0,0,0,0,0,0,0,1,1,0,5,5,0,0
3612,3612,3611,3613,3751,3752,0,0,0,0,0,0,0,0,0,1,1,0,5,5,0,0
3613,3613,3612,3614,3752,3753,0,0,0,0,0,0,0,0,0,1,1,0,5,5,0,0
3614,3614,3613,3615,3753,3754,0,0,0,0,0,0,0,0,0,1,1,0,5,5,0,0
3615,3615,3614,0,3754,3755,0,0,0,0,0,0,0,0,0,1,1,0,5,5,0,0
3616,3616,0,0,3756,3757,4,0,0,0,0,0,0,0,0,1,1,0,5,5,0,0
3617,3617,0,0,3758,3759,3,0,0,0,0,0,0,0,0,1,1,0,5,5,0,0
3618,3618,0,0,3760,3761,3,0,0,0,0,0,0,0,0,1,1,0,5,5,0,0
3619,3619,0,3620,3762,3763,1,0,0,0,0,0,0,0,0,1,1,0,5,5,0,0
3620,3620,3619,3621,3764,3765,0,0,0,0,0,0,0,0,0,1,1,0,5,5,0,0
3621,3621,3620,3622,3765,3766,0,0,0,0,0,0,0,0,0,1,1,0,5,5,0,0
3622,3622,3621,3623,3766,3767,0,0,0,0,0,0,0,0,0,1,1,0,5,5,0,0
3623,3623,3622,3624,3767,3768,0,0,0,0,0,0,0,0,0,1,1,0,5,5,0,0
3624,3624,3623,3625,3768,3769,0,0,0,0,0,0,0,0,0,1,1,0,5,5,0,0
3625,3625,3624,3626,3769,3770,0,0,0,0,0,0,0,0,0,1,1,0,5,5,0,0
3626,3626,3625,3627,3770,3771,0,0,0,0,0,0,0,0,0,1,1,0,5,5,0,0
3627,3627,3626,3628,3771,3772,0,0,0,0,0,0,0,0,0,1,1,0,5,5,0,0
3628,3628,3627,3629,3772,3773,0,0,0,0,0,0,0,0,0,1,1,0,5,5,0,0
3629,3629,3628,3630,3773,3774,0,0,0,0,0,0,0,0,0,1,1,0,5,5,0,0
3630,3630,3629,0,3775,3776,3,0,0,0,0,0,0,0,0,1,1,0,5,5,0,0
3631,3631,0,3632,3777,3778,2,0,0,0,0,0,0,0,0,1,1,0,5,5,0,0
3632,3632,3631,3633,3779,3780,0,0,0,0,0,0,0,0,0,1,1,0,5,5,0,0
3633,3633,3632,3634,3780,3781,0,0,0,0,0,0,0,0,0,1,1,0,5,5,0,0
3634,3634,3633,3635,3781,3782,0,0,0,0,0,0,0,0,0,1,1,0,5,5,0,0
3635,3635,3634,3636,3782,3783,0,0,0,0,0,0,0,0,0,1,1,0,5,5,0,0
3636,3636,3635,3637,3783,3784,0,0,0,0,0,0,0,0,0,1,1,0,5,5,0,0
3637,3637,3636,0,3785,3786,3,0,0,0,0,0,0,0,0,1,1,0,5,5,0,0
3638,3638,0,0,3787,3788,1,0,0,0,0,0,0,0,0,1,1,0,5,5,0,0
3639,3639,0,3640,3789,3790,1,0,0,0,0,0,0,0,0,1,1,0,5,5,0,0
3640,3640,3639,3641,3791,3792,0,0,0,0,0,0,0,0,0,1,1,0,5,5,0,0
3641,3641,3640,3642,3792,3793,0,0,0,0,0,0,0,0,0,1,1,0,5,5,0,0
3642,3642,3641,3643,3793,3794,0,0,0,0,0,0,0,0,0,1,1,0,5,5,0,0
3643,3643,3642,3644,3794,3795,0,0,0,0,0,0,0,0,0,1,1,0,5,5,0,0
3644,3644,3643,3645,3795,3796,0,0,0,0,0,0,0,0,0,1,1,0,5,5,0,0
3645,3645,3644,3646,3796,3797,0,0,0,0,0,0,0,0,0,1,1,0,5,5,0,0
3646,3646,3645,3647,3797,3798,0,0,0,0,0,0,0,0,0,1,1,0,5,5,0,0
3647,3647,3646,3648,3798,3799,0,0,0,0,0,0,0,0,0,1,1,0,5,5,0,0
3648,3648,3647,0,3800,3801,3,0,0,0,0,0,0,0,0,1,1,0,5,5,0,0
3649,3649,0,3650,3802,3803,0,0,0,0,0,0,0,0,0,1,1,0,5,5,0,0
3650,3650,3649,3651,3803,3804,0,0,0,0,0,0,0,0,0,1,1,0,5,5,0,0
3651,3651,3650,3652,3804,3805,0,0,0,0,0,0,0,0,0,1,1,0,5,5,0,0
3652,3652,3651,3653,3805,3806,0,0,0,0,0,0,0,0,0,1,1,0,5,5,0,0
3653,3653,3652,3654,3806,3807,0,0,0,0,0,0,0,0,0,1,1,0,5,5,0,0
3654,3654,3653,3655,3807,3808,0,0,0,0,0,0,0,0,0,1,1,0,5,5,0,0
3655,3655,3654,0,3808,3809,0,0,0,0,0,0,0,0,0,1,1,0,5,5,0,0
3656,3656,0,0,3810,3811,4,0,0,0,0,0,0,0,0,1,1,0,5,5,0,0
3657,3657,0,3658,3812,3813,2,0,0,0,0,0,0,0,0,1,1,0,5,5,0,0
3658,3658,3657,3659,3814,3815,0,0,0,0,0,0,0,0,0,1,1,0,5,5,0,0
3659,3659,3658,3660,3815,3816,0,0,0,0,0,0,0,0,0,1,1,0,5,5,0,0
3660,3660,3659,3661,3816,3817,0,0,0,0,0,0,0,0,0,1,1,0,5,5,0,0
3661,3661,3660,3662,3817,3818,0,0,0,0,0,0,0,0,0,1,1,0,5,5,0,0
3662,3662,3661,3663,3818,3819,0,0,0,0,0,0,0,0,0,1,1,0,5,5,0,0
3663,3663,3662,3664,3819,3820,0,0,0,0,0,0,0,0,0,1,1,0,5,5,0,0
3664,3664,3663,3665,3820,3821,0,0,0,0,0,0,0,0,0,1,1,0,5,5,0,0
3665,3665,3664,3666,3821,3822,0,0,0,0,0,0,0,0,0,1,1,0,5,5,0,0
3666,3666,3665,3667,3822,3823,0,0,0,0,0,0,0,0,0,1,1,0,5,5,0,0
3667,3667,3666,0,3823,3824,0,0,0,0,0,0,0,0,0,1,1,0,5,5,0,0
3668,3668,3661,0,3825,3826,4,0,0,0,0,0,0,0,0,1,1,0,5,5,0,0
3669,3669,0,3670,3827,3828,0,0,0,0,0,0,0,0,0,1,1,0,5,5,0,0
3670,3670,3669,3671,3828,3829,0,0,0,0,0,0,0,0,0,1,1,0,5,5,0,0
3671,3671,3670,3672,3829,3830,0,0,0,0,0,0,0,0,0,1,1,0,5,5,0,0
3672,3672,3671,3673,3830,3831,0,0,0,0,0,0,0,0,0,1,1,0,5,5,0,0
3673,3673,3672,3674,3831,3832,0,0,0,0,0,0,0,0,0,1,1,0,5,5,0,0
3674,3674,3673,3675,3832,3833,0,0,0,0,0,0,0,0,0,1,1,0,5,5,0,0
3675,3675,3674,3676,3833,3834,0,0,0,0,0,0,0,0,0,1,1,0,5,5,0,0
3676,3676,3675,3677,3834,3835,0,0,0,0,0,0,0,0,0,1,1,0,5,5,0,0
3677,3677,3676,3678,3835,3836,0,0,0,0,0,0,0,0,0,1,1,0,5,5,0,0
3678,3678,3677,3679,3836,3837,0,0,0,0,0,0,0,0,0,1,1,0,5,5,0,0
3679,3679,3678,3680,3837,3838,0,0,0,0,0,0,0,0,0,1,1,0,5,5,0,0
3680,3680,3679,3681,3838,3839,0,0,0,0,0,0,0,0,0,1,1,0,5,5,0,0
3681,3681,3680,3682,3839,3840,0,0,0,0,0,0,0,0,0,1,1,0,5,5,0,0
3682,3682,3681,3683,3840,3841,0,0,0,0,0,0,0,0,0,1,1,0,5,5,0,0
3683,3683,3682,0,3842,3843,4,0,0,0,0,0,0,0,0,1,1,0,5,5,0,0
3684,3684,0,0,3844,3845,1,0,0,0,0,0,0,0,0,1,1,0,5,5,0,0
3685,3685,0,0,3846,3847,4,0,0,0,0,0,0,0,0,1,1,0,5,5,0,0
3686,3686,0,3687,3848,3849,2,0,0,0,0,0,0,0,0,1,1,0,5,5,0,0
3687,3687,3686,3688,3850,3851,0,0,0,0,0,0,0,0,0,1,1,0,5,5,0,0
3688,3688,3687,3689,3851,3852,0,0,0,0,0,0,0,0,0,1,1,0,5,5,0,0
3689,3689,3688,3690,3852,3853,0,0,0,0,0,0,0,0,0,1,1,0,5,5,0,0
3690,3690,3689,3691,3853,3854,0,0,0,0,0,0,0,0,0,1,1,0,5,5,0,0
3691,3691,3690,3692,3854,3855,0,0,0,0,0,0,0,0,0,1,1,0,5,5,0,0
3692,3692,3691,3693,3855,3856,0,0,0,0,0,0,0,0,0,1,1,0,5,5,0,0
3693,3693,3692,0,3857,3858,4,0,0,0,0,0,0,0,0,1,1,0,5,5,0,0
3694,3694,0,0,3859,3860,3,0,0,0,0,0,0,0,0,1,1,0,5,5,0,0
3695,3695,0,0,3861,3862,1,0,0,0,0,0,0,0,0,1,1,0,5,5,0,0
3696,3696,0,3697,3863,3864,1,0,0,0,0,0,0,0,0,1,1,0,5,5,0,0
3697,3697,3696,3698,3865,3866,0,0,0,0,0,0,0,0,0,1,1,0,5,5,0,0
3698,3698,3697,3699,3866,3867,0,0,0,0,0,0,0,0,0,1,1,0,5,5,0,0
3699,3699,3698,3700,3867,3868,0,0,0,0,0,0,0,0,0,1,1,0,5,5,0,0
3700,3700,3699,3701,3868,3869,0,0,0,0,0,0,0,0,0,1,1,0,5,5,0,0
3701,3701,3700,3702,3869,3870,0,0,0,0,0,0,0,0,0,1,1,0,5,5,0,0
3702,3702,3701,3703,3870,3871,0,0,0,0,0,0,0,0,0,1,1,0,5,5,0,0
3703,3703,3702,3704,3871,3872,0,0,0,0,0,0,0,0,0,1,1,0,5,5,0,0
3704,3704,3703,3705,3872,3873,0,0,0,0,0,0,0,0,0,1,1,0,5,5,0,0
3705,3705,3704,3706,3873,3874,0,0,0,0,0,0,0,0,0,1,1,0,5,5,0,0
3706,3706,3705,0,3875,3876,3,0,0,0,0,0,0,0,0,1,1,0,5,5,0,0
3707,3707,0,3708,3877,3878,1,0,0,0,0,0,0,0,0,1,1,0,5,5,0,0
3708,3708,3707,3709,3879,3880,0,0,0,0,0,0,0,0,0,1,1,0,5,5,0,0
3709,3709,3708,3710,3880,3881,0,0,0,0,0,0,0,0,0,1,1,0,5,5,0,0
3710,3710,3709,3711,3881,3882,0,0,0,0,0,0,0,0,0,1,1,0,5,5,0,0
3711,3711,3710,3712,3882,3883,0,0,0,0,0,0,0,0,0,1,1,0,5,5,0,0
3712,3712,3711,3713,3883,3884,0,0,0,0,0,0,0,0,0,1,1,0,5,5,0,0
3713,3713,3712,3714,3884,3885,0,0,0,0,0,0,0,0,0,1,1,0,5,5,0,0
3714,3714,3713,3715,3885,3886,0,0,0,0,0,0,0,0,0,1,1,0,5,5,0,0
3715,3715,3714,3716,3886,3887,0,0,0,0,0,0,0,0,0,1,1,0,5,5,0,0
3716,3716,3715,3717,3887,3888,0,0,0,0,0,0,0,0,0,1,1,0,5,5,0,0
3717,3717,3716,3718,3888,3889,0,0,0,0,0,0,0,0,0,1,1,0,5,5,0,0
3718,3718,3717,0,3890,3891,3,0,0,0,0,0,0,0,0,1,1,0,5,5,0,0
3719,3719,0,3720,3892,3893,4,0,0,0,0,0,0,0,0,1,1,0,5,5,0,0
3720,3720,3719,3721,3894,3895,0,0,0,0,0,0,0,0,0,1,1,0,5,5,0,0
3721,3721,3720,3722,3895,3896,0,0,0,0,0,0,0,0,0,1,1,0,5,5,0,0
3722,3722,3721,3723,3896,3897,0,0,0,0,0,0,0,0,0,1,1,0,5,5,0,0
3723,3723,3722,3724,3897,3898,0,0,0,0,0,0,0,0,0,1,1,0,5,5,0,0
3724,3724,3723,3725,3898,3899,0,0,0,0,0,0,0,0,0,1,1,0,5,5,0,0
3725,3725,3724,3726,3899,3900,0,0,0,0,0,0,0,0,0,1,1,0,5,5,0,0
3726,3726,3725,3727,3900,3901,0,0,0,0,0,0,0,0,0,1,1,0,5,5,0,0
3727,3727,3726,3728,3901,3902,0,0,0,0,0,0,0,0,0,1,1,0,5,5,0,0
3728,3728,3727,3729,3902,3903,0,0,0,0,0,0,0,0,0,1,1,0,5,5,0,0
3729,3729,3728,3730,3903,3904,0,0,0,0,0,0,0,0,0,1,1,0,5,5,0,0
3730,3730,3729,0,3905,3906,2,0,0,0,0,0,0,0,0,1,1,0,5,5,0,0
3731,3731,0,3732,3907,3908,2,0,0,0,0,0,0,0,0,1,1,0,5,5,0,0
3732,3732,3731,3733,3909,3910,0,0,0,0,0,0,0,0,0,1,1,0,5,5,0,0
3733,3733,3732,3734,3910,3911,0,0,0,0,0,0,0,0,0,1,1,0,5,5,0,0
3734,3734,3733,3735,3911,3912,0,0,0,0,0,0,0,0,0,1,1,0,5,5,0,0
3735,3735,3734,3736,3912,3913,0,0,0,0,0,0,0,0,0,1,1,0,5,5,0,0
3736,3736,3735,3737,3913,3914,0,0,0,0,0,0,0,0,0,1,1,0,5,5,0,0
3737,3737,3736,0,3915,3916,4,0,0,0,0,0,0,0,0,1,1,0,5,5,0,0
3738,3738,0,3739,3917,3918,1,0,0,0,0,0,0,0,0,1,1,0,5,5,0,0
3739,3739,3738,3740,3919,3920,0,0,0,0,0,0,0,0,0,1,1,0,5,5,0,0
3740,3740,3739,3741,3920,3921,0,0,0,0,0,0,0,0,0,1,1,0,5,5,0,0
3741,3741,3740,3742,3921,3922,0,0,0,0,0,0,0,0,0,1,1,0,5,5,0,0
3742,3742,3741,3743,3922,3923,0,0,0,0,0,0,0,0,0,1,1,0,5,5,0,0
3743,3743,3742,3744,3923,3924,0,0,0,0,0,0,0,0,0,1,1,0,5,5,0,0
3744,3744,3743,3745,3924,3925,0,0,0,0,0,0,0,0,0,1,1,0,5,5,0,0
3745,3745,3744,3746,3925,3926,0,0,0,0,0,0,0,0,0,1,1,0,5,5,0,0
3746,3746,3745,3747,3926,3927,0,0,0,0,0,0,0,0,0,1,1,0,5,5,0,0
3747,3747,3746,3748,3927,3928,0,0,0,0,0,0,0,0,0,1,1,0,5,5,0,0
3748,3748,3747,3749,3928,3929,0,0,0,0,0,0,0,0,0,1,1,0,5,5,0,0
3749,3749,3748,3750,3929,3930,0,0,0,0,0,0,0,0,0,1,1,0,5,5,0,0
3750,3750,3749,0,3931,3932,3,0,0,0,0,0,0,0,0,1,1,0,5,5,0,0
3751,3751,0,3752,3933,3934,2,0,0,0,0,0,0,0,0,1,1,0,5,5,0,0
3752,3752,3751,3753,3935,3936,0,0,0,0,0,0,0,0,0,1,1,0,5,5,0,0
3753,3753,3752,3754,3936,3937,0,0,0,0,0,0,0,0,0,1,1,0,5,5,0,0
3754,3754,3753,3755,3937,3938,0,0,0,0,0,0,0,0,0,1,1,0,5,5,0,0
3755,3755,3754,3756,3938,3939,0,0,0,0,0,0,0,0,0,1,1,0,5,5,0,0
3756,3756,3755,3757,3939,3940,0,0,0,0,0,0,0,0,0,1,1,0,5,5,0,0
3757,3757,3756,3758,3940,3941,0,0,0,0,0,0,0,0,0,1,1,0,5,5,0,0
3758,3758,3757,3759,3941,3942,0,0,0,0,0,0,0,0,0,1,1,0,5,5,0,0
3759,3759,3758,3760,3942,3943,0,0,0,0,0,0,0,0,0,1,1,0,5,5,0,0
3760,3760,3759,3761,3943,3944,0,0,0,0,0,0,0,0,0,1,1,0,5,5,0,0
3761,3761,3760,3762,3944,3945,0,0,0,0,0,0,0,0,0,1,1,0,5,5,0,0
3762,3762,3761,0,3946,3947,4,0,0,0,0,0,0,0,0,1,1,0,5,5,0,0
3763,3763,0,3764,3948,3949,1,0,0,0,0,0,0,0,0,1,1,0,5,5,0,0
3764,3764,3763,3765,3950,3951,0,0,0,0,0,0,0,0,0,1,1,0,5,5,0,0
3765,3765,3764,3766,3951,3952,0,0,0,0,0,0,0,0,0,1,1,0,5,5,0,0
3766,3766,3765,3767,3952,3953,0,0,0,0,0,0,0,0,0,1,1,0,5,5,0,0
3767,3767,3766,3768,3953,3954,0,0,0,0,0,0,0,0,0,1,1,0,5,5,0,0
3768,3768,3767,3769,3954,3955,0,0,0,0,0,0,0,0,0,1,1,0,5,5,0,0
3769,3769,3768,3770,3955,3956,0,0,0,0,0,0,0,0,0,1,1,0,5,5,0,0
3770,3770,3769,3771,3956,3957,0,0,0,0,0,0,0,0,0,1,1,0,5,5,0,0
3771,3771,3770,3772,3957,3958,0,0,0,0,0,0,0,0,0,1,1,0,5,5,0,0
3772,3772,3771,3773,3958,3959,0,0,0,0,0,0,0,0,0,1,1,0,5,5,0,0
3773,3773,3772,3774,3959,3960,0,0,0,0,0,0,0,0,0,1,1,0,5,5,0,0
3774,3774,3773,3775,3960,3961,0,0,0,0,0,0,0,0,0,1,1,0,5,5,0,0
3775,3775,3774,3776,3961,3962,0,0,0,0,0,0,0,0,0,1,1,0,5,5,0,0
3776,3776,3775,3777,3962,3963,0,0,0,0,0,0,0,0,0,1,1,0,5,5,0,0
3777,3777,3776,3778,3963,3964,0,0,0,0,0,0,0,0,0,1,1,0,5,5,0,0
3778,3778,3777,3779,3964,3965,0,0,0,0,0,0,0,0,0,1,1,0,5,5,0,0
3779,3779,3778,3780,3965,3966,0,0,0,0,0,0,0,0,0,1,1,0,5,5,0,0
3780,3780,3779,3781,3966,3967,0,0,0,0,0,0,0,0,0,1,1,0,5,5,0,0
3781,3781,3780,3782,3967,3968,0,0,0,0,0,0,0,0,0,1,1,0,5,5,0,0
3782,3782,3781,0,3969,3970,3,0,0,0,0,0,0,0,0,1,1,0,5,5,0,0
3783,3783,0,3784,3971,3972,0,0,0,0,0,0,0,0,0,1,1,0,5,5,0,0
3784,3784,3783,3785,3972,3973,0,0,0,0,0,0,0,0,0,1,1,0,5,5,0,0
3785,3785,3784,3786,3973,3974,0,0,0,0,0,0,0,0,0,1,1,0,5,5,0,0
3786,3786,3785,3787,3974,3975,0,0,0,0,0,0,0,0,0,1,1,0,5,5,0,0
3787,3787,3786,3788,3975,3976,0,0,0,0,0,0,0,0,0,1,1,0,5,5,0,0
3788,3788,3787,3789,3976,3977,0,0,0,0,0,0,0,0,0,1,1,0,5,5,0,0
3789,3789,3788,3790,3977,3978,0,0,0,0,0,0,0,0,0,1,1,0,5,5,0,0
3790,3790,3789,3791,3978,3979,0,0,0,0,0,0,0,0,0,1,1,0,5,5,0,0
3791,3791,3790,3792,3979,3980,0,0,0,0,0,0,0,0,0,1,1,0,5,5,0,0
3792,3792,3791,3793,3980,3981,0,0,0,0,0,0,0,0,0,1,1,0,5,5,0,0
3793,3793,3792,3794,3981,3982,0,0,0,0,0,0,0,0,0,1,1,0,5,5,0,0
3794,3794,3793,3795,3982,3983,0,0,0,0,0,0,0,0,0,1,1,0,5,5,0,0
3795,3795,3794,3796,3983,3984,0,0,0,0,0,0,0,0,0,1,1,0,5,5,0,0
3796,3796,3795,3797,3984,3985,0,0,0,0,0,0,0,0,0,1,1,0,5,5,0,0
3797,3797,3796,3798,3985,3986,0,0,0,0,0,0,0,0,0,1,1,0,5,5,0,0
3798,3798,3797,3799,3986,3987,0,0,0,0,0,0,0,0,0,1,1,0,5,5,0,0
3799,3799,3798,3800,3987,3988,0,0,0,0,0,0,0,0,0,1,1,0,5,5,0,0
3800,3800,3799,3801,3988,3989,0,0,0,0,0,0,0,0,0,1,1,0,5,5,0,0
3801,3801,3800,3802,3989,3990,0,0,0,0,0,0,0,0,0,1,1,0,5,5,0,0
3802,3802,3801,3803,3990,3991,0,0,0,0,0,0,0,0,0,1,1,0,5,5,0,0
3803,3803,3802,0,3991,3992,0,0,0,0,0,0,0,0,0,1,1,0,5,5,0,0
3804,3804,0,3805,3993,3994,0,0,0,0,0,0,0,0,0,1,1,0,5,5,0,0
3805,3805,3804,3806,3994,3995,0,0,0,0,0,0,0,0,0,1,1,0,5,5,0,0
3806,3806,3805,3807,3995,3996,0,0,0,0,0,0,0,0,0,1,1,0,5,5,0,0
3807,3807,3806,3808,3996,3997,0,0,0,0,0,0,0,0,0,1,1,0,5,5,0,0
3808,3808,3807,3809,3997,3998,0,0,0,0,0,0,0,0,0,1,1,0,5,5,0,0
3809,3809,3808,3810,3998,3999,0,0,0,0,0,0,0,0,0,1,1,0,5,5,0,0
3810,3810,3809,3811,3999,4000,0,0,0,0,0,0,0,0,0,1,1,0,5,5,0,0
3811,3811,3810,3812,4000,4001,0,0,0,0,0,0,0,0,0,1,1,0,5,5,0,0
3812,3812,3811,3813,4001,4002,0,0,0,0,0,0,0,0,0,1,1,0,5,5,0,0
3813,3813,3812,3814,4002,4003,0,0,0,0,0,0,0,0,0,1,1,0,5,5,0,0
3814,3814,3813,3815,4003,4004,0,0,0,0,0,0,0,0,0,1,1,0,5,5,0,0
3815,3815,3814,3816,4004,4005,0,0,0,0,0,0,0,0,0,1,1,0,5,5,0,0
3816,3816,3815,3817,4005,4006,0,0,0,0,0,0,0,0,0,1,1,0,5,5,0,0
3817,3817,3816,3818,4006,4007,0,0,0,0,0,0,0,0,0,1,1,0,5,5,0,0
3818,3818,3817,3819,4007,4008,0,0,0,0,0,0,0,0,0,1,1,0,5,5,0,0
3819,3819,3818,3820,4008,4009,0,0,0,0,0,0,0,0,0,1,1,0,5,5,0,0
3820,3820,3819,3821,4009,4010,0,0,0,0,0,0,0,0,0,1,1,0,5,5,0,0
3821,3821,3820,3822,4010,4011,0,0,0,0,0,0,0,0,0,1,1,0,5,5,0,0
3822,3822,3821,0,4011,4012,0,0,0,0,0,0,0,0,0,1,1,0,5,5,0,0
3823,3823,0,0,4013,4014,1,0,0,0,0,0,0,0,0,1,1,0,5,5,0,0
3824,3824,0,0,4015,4016,4,0,0,0,0,0,0,0,0,1,1,0,5,5,0,0
3825,3825,0,0,4017,4018,4,0,0,0,0,0,0,0,0,1,1,0,5,5,0,0
3826,3826,0,0,4019,4020,1,0,0,0,0,0,0,0,0,1,1,0,5,5,0,0
3827,3827,0,0,4021,4022,3,0,0,0,0,0,0,0,0,1,1,0,5,5,0,0
3828,3828,0,3829,4023,4024,2,0,0,0,0,0,0,0,0,1,1,0,5,5,0,0
3829,3829,3828,3830,4025,4026,0,0,0,0,0,0,0,0,0,1,1,0,5,5,0,0
3830,3830,3829,3831,4026,4027,0,0,0,0,0,0,0,0,0,1,1,0,5,5,0,0
3831,3831,3830,3832,4027,4028,0,0,0,0,0,0,0,0,0,1,1,0,5,5,0,0
3832,3832,3831,3833,4028,4029,0,0,0,0,0,0,0,0,0,1,1,0,5,5,0,0
3833,3833,3832,3834,4029,4030,0,0,0,0,0,0,0,0,0,1,1,0,5,5,0,0
3834,3834,3833,3835,4030,4031,0,0,0,0,0,0,0,0,0,1,1,0,5,5,0,0
3835,3835,3834,3836,4031,4032,0,0,0,0,0,0,0,0,0,1,1,0,5,5,0,0
3836,3836,3835,3837,4032,4033,0,0,0,0,0,0,0,0,0,1,1,0,5,5,0,0
3837,3837,3836,3838,4033,4034,0,0,0,0,0,0,0,0,0,1,1,0,5,5,0,0
3838,3838,3837,3839,4034,4035,0,0,0,0,0,0,0,0,0,1,1,0,5,5,0,0
3839,3839,3838,3840,4035,4036,0,0,0,0,0,0,0,0,0,1,1,0,5,5,0,0
3840,3840,3839,3841,4036,4037,0,0,0,0,0,0,0,0,0,1,1,0,5,5,0,0
3841,3841,3840,3842,4037,4038,0,0,0,0,0,0,0,0,0,1,1,0,5,5,0,0
3842,3842,3841,3843,4038,4039,0,0,0,0,0,0,0,0,0,1,1,0,5,5,0,0
3843,3843,3842,3844,4039,4040,0,0,0,0,0,0,0,0,0,1,1,0,5,5,0,0
3844,3844,3843,3845,4040,4041,0,0,0,0,0,0,0,0,0,1,1,0,5,5,0,0
3845,3845,3844,0,4042,4043,4,0,0,0,0,0,0,0,0,1,1,0,5,5,0,0
3846,3846,0,3847,4044,4045,0,0,0,0,0,0,0,0,0,1,1,0,5,5,0,0
3847,3847,3846,3848,4045,4046,0,0,0,0,0,0,0,0,0,1,1,0,5,5,0,0
3848,3848,3847,3849,4046,4047,0,0,0,0,0,0,0,0,0,1,1,0,5,5,0,0
3849,3849,3848,3850,4047,4048,0,0,0,0,0,0,0,0,0,1,1,0,5,5,0,0
3850,3850,3849,3851,4048,4049,0,0,0,0,0,0,0,0,0,1,1,0,5,5,0,0
3851,3851,3850,3852,4049,4050,0,0,0,0,0,0,0,0,0,1,1,0,5,5,0,0
3852,3852,3851,3853,4050,4051,0,0,0,0,0,0,0,0,0,1,1,0,5,5,0,0
3853,3853,3852,3854,4051,4052,0,0,0,0,0,0,0,0,0,1,1,0,5,5,0,0
3854,3854,3853,3855,4052,4053,0,0,0,0,0,0,0,0,0,1,1,0,5,5,0,0
3855,3855,3854,3856,4053,4054,0,0,0,0,0,0,0,0,0,1,1,0,5,5,0,0
3856,3856,3855,3857,4054,4055,0,0,0,0,0,0,0,0,0,1,1,0,5,5,0,0
3857,3857,3856,3858,4055,4056,0,0,0,0,0,0,0,0,0,1,1,0,5,5,0,0
3858,3858,3857,3859,4056,4057,0,0,0,0,0,0,0,0,0,1,1,0,5,5,0,0
3859,3859,3858,3860,4057,4058,0,0,0,0,0,0,0,0,0,1,1,0,5,5,0,0
3860,3860,3859,3861,4058,4059,0,0,0,0,0,0,0,0,0,1,1,0,5,5,0,0
3861,3861,3860,3862,4059,4060,0,0,0,0,0,0,0,0,0,1,1,0,5,5,0,0
3862,3862,3861,3863,4060,4061,0,0,0,0,0,0,0,0,0,1,1,0,5,5,0,0
3863,3863,3862,3864,4061,4062,0,0,0,0,0,0,0,0,0,1,1,0,5,5,0,0
3864,3864,3863,3865,4062,4063,0,0,0,0,0,0,0,0,0,1,1,0,5,5,0,0
3865,3865,3864,3866,4063,4064,0,0,0,0,0,0,0,0,0,1,1,0,5,5,0,0
3866,3866,3865,3867,4064,4065,0,0,0,0,0,0,0,0,0,1,1,0,5,5,0,0
3867,3867,3866,3868,4065,4066,0,0,0,0,0,0,0,0,0,1,1,0,5,5,0,0
3868,3868,3867,3869,4066,4067,0,0,0,0,0,0,0,0,0,1,1,0,5,5,0,0
3869,3869,3868,3870,4067,4068,0,0,0,0,0,0,0,0,0,1,1,0,5,5,0,0
3870,3870,3869,3871,4068,4069,0,0,0,0,0,0,0,0,0,1,1,0,5,5,0,0
3871,3871,3870,3872,4069,4070,0,0,0,0,0,0,0,0,0,1,1,0,5,5,0,0
3872,3872,3871,3873,4070,4071,0,0,0,0,0,0,0,0,0,1,1,0,5,5,0,0
3873,3873,3872,3874,4071,4072,0,0,0,0,0,0,0,0,0,1,1,0,5,5,0,0
3874,3874,3873,3875,4072,4073,0,0,0,0,0,0,0,0,0,1,1,0,5,5,0,0
3875,3875,3874,3876,4073,4074,0,0,0,0,0,0,0,0,0,1,1,0,5,5,0,0
3876,3876,3875,3877,4074,4075,0,0,0,0,0,0,0,0,0,1,1,0,5,5,0,0
3877,3877,3876,3878,4075,4076,0,0,0,0,0,0,0,0,0,1,1,0,5,5,0,0
3878,3878,3877,3879,4076,4077,0,0,0,0,0,0,0,0,0,1,1,0,5,5,0,0
3879,3879,3878,3880,4077,4078,0,0,0,0,0,0,0,0,0,1,1,0,5,5,0,0
3880,3880,3879,3881,4078,4079,0,0,0,0,0,0,0,0,0,1,1,0,5,5,0,0
3881,3881,3880,3882,4079,4080,0,0,0,0,0,0,0,0,0,1,1,0,5,5,0,0
3882,3882,3881,3883,4080,4081,0,0,0,0,0,0,0,0,0,1,1,0,5,5,0,0
3883,3883,3882,3884,4081,4082,0,0,0,0,0,0,0,0,0,1,1,0,5,5,0,0
3884,3884,3883,3885,4082,4083,0,0,0,0,0,0,0,0,0,1,1,0,5,5,0,0
3885,3885,3884,3886,4083,4084,0,0,0,0,0,0,0,0,0,1,1,0,5,5,0,0
3886,3886,3885,3887,4084,4085,0,0,0,0,0,0,0,0,0,1,1,0,5,5,0,0
3887,3887,3886,0,4085,4086,0,0,0,0,0,0,0,0,0,1,1,0,5,5,0,0
3888,3888,0,0,4087,4088,4,0,0,0,0,0,0,0,0,1,1,0,5,5,0,0
3889,3889,0,3890,4089,4090,2,0,0,0,0,0,0,0,0,1,1,0,5,5,0,0
3890,3890,3889,3891,4091,4092,0,0,0,0,0,0,0,0,0,1,1,0,5,5,0,0
3891,3891,3890,3892,4092,4093,0,0,0,0,0,0,0,0,0,1,1,0,5,5,0,0
3892,3892,3891,3893,4093,4094,0,0,0,0,0,0,0,0,0,1,1,0,5,5,0,0
3893,3893,3892,3894,4094,4095,0,0,0,0,0,0,0,0,0,1,1,0,5,5,0,0
3894,3894,3893,3895,4095,4096,0,0,0,0,0,0,0,0,0,1,1,0,5,5,0,0
3895,3895,3894,3896,4096,4097,0,0,0,0,0,0,0,0,0,1,1,0,5,5,0,0
3896,3896,3895,3897,4097,4098,0,0,0,0,0,0,0,0,0,1,1,0,5,5,0,0
3897,3897,3896,3898,4098,4099,0,0,0,0,0,0,0,0,0,1,1,0,5,5,0,0
3898,3898,3897,3899,4099,4100,0,0,0,0,0,0,0,0,0,1,1,0,5,5,0,0
3899,3899,3898,3900,4100,4101,0,0,0,0,0,0,0,0,0,1,1,0,5,5,0,0
3900,3900,3899,3901,4101,4102,0,0,0,0,0,0,0,0,0,1,1,0,5,5,0,0
3901,3901,3900,3902,4102,4103,0,0,0,0,0,0,0,0,0,1,1,0,5,5,0,0
3902,3902,3901,0,4104,4105,4,0,0,0,0,0,0,0,0,1,1,0,5,5,0,0
3903,3903,0,3904,4106,4107,0,0,0,0,0,0,0,0,0,1,1,0,5,5,0,0
3904,3904,3903,3905,4107,4108,0,0,0,0,0,0,0,0,0,1,1,0,5,5,0,0
3905,3905,3904,3906,4108,4109,0,0,0,0,0,0,0,0,0,1,1,0,5,5,0,0
3906,3906,3905,3907,4109,4110,0,0,0,0,0,0,0,0,0,1,1,0,5,5,0,0
3907,3907,3906,3908,4110,4111,0,0,0,0,0,0,0,0,0,1,1,0,5,5,0,0
3908,3908,3907,3909,4111,4112,0,0,0,0,0,0,0,0,0,1,1,0,5,5,0,0
3909,3909,3908,3910,4112,4113,0,0,0,0,0,0,0,0,0,1,1,0,5,5,0,0
3910,3910,3909,3911,4113,4114,0,0,0,0,0,0,0,0,0,1,1,0,5,5,0,0
3911,3911,3910,3912,4114,4115,0,0,0,0,0,0,0,0,0,1,1,0,5,5,0,0
3912,3912,3911,3913,4115,4116,0,0,0,0,0,0,0,0,0,1,1,0,5,5,0,0
3913,3913,3912,3914,4116,4117,0,0,0,0,0,0,0,0,0,1,1,0,5,5,0,0
3914,3914,3913,3915,4117,4118,0,0,0,0,0,0,0,0,0,1,1,0,5,5,0,0
3915,3915,3914,3916,4118,4119,0,0,0,0,0,0,0,0,0,1,1,0,5,5,0,0
3916,3916,3915,0,4119,4120,0,0,0,0,0,0,0,0,0,1,1,0,5,5,0,0
3917,3917,0,0,4121,4122,4,0,0,0,0,0,0,0,0,1,1,0,5,5,0,0
3918,3918,0,3919,4123,4124,2,0,0,0,0,0,0,0,0,1,1,0,5,5,0,0
3919,3919,3918,3920,4125,4126,0,0,0,0,0,0,0,0,0,1,1,0,5,5,0,0
3920,3920,3919,3921,4126,4127,0,0,0,0,0,0,0,0,0,1,1,0,5,5,0,0
3921,3921,3920,3922,4127,4128,0,0,0,0,0,0,0,0,0,1,1,0,5,5,0,0
3922,3922,3921,3923,4128,4129,0,0,0,0,0,0,0,0,0,1,1,0,5,5,0,0
3923,3923,3922,3924,4129,4130,0,0,0,0,0,0,0,0,0,1,1,0,5,5,0,0
3924,3924,3923,3925,4130,4131,0,0,0,0,0,0,0,0,0,1,1,0,5,5,0,0
3925,3925,3924,3926,4131,4132,0,0,0,0,0,0,0,0,0,1,1,0,5,5,0,0
3926,3926,3925,3927,4132,4133,0,0,0,0,0,0,0,0,0,1,1,0,5,5,0,0
3927,3927,3926,3928,4133,4134,0,0,0,0,0,0,0,0,0,1,1,0,5,5,0,0
3928,3928,3927,3929,4134,4135,0,0,0,0,0,0,0,0,0,1,1,0,5,5,0,0
3929,3929,3928,3930,4135,4136,0,0,0,0,0,0,0,0,0,1,1,0,5,5,0,0
3930,3930,3929,3931,4136,4137,0,0,0,0,0,0,0,0,0,1,1,0,5,5,0,0
3931,3931,3930,3932,4137,4138,0,0,0,0,0,0,0,0,0,1,1,0,5,5,0,0
3932,3932,3931,3933,4138,4139,0,0,0,0,0,0,0,0,0,1,1,0,5,5,0,0
3933,3933,3932,3934,4139,4140,0,0,0,0,0,0,0,0,0,1,1,0,5,5,0,0
3934,3934,3933,3935,4140,4141,0,0,0,0,0,0,0,0,0,1,1,0,5,5,0,0
3935,3935,3934,3936,4141,4142,0,0,0,0,0,0,0,0,0,1,1,0,5,5,0,0
3936,3936,3935,3937,4142,4143,0,0,0,0,0,0,0,0,0,1,1,0,5,5,0,0
3937,3937,3936,3938,4143,4144,0,0,0,0,0,0,0,0,0,1,1,0,5,5,0,0
3938,3938,3937,3939,4144,4145,0,0,0,0,0,0,0,0,0,1,1,0,5,5,0,0
3939,3939,3938,3940,4145,4146,0,0,0,0,0,0,0,0,0,1,1,0,5,5,0,0
3940,3940,3939,0,4147,4148,4,0,0,0,0,0,0,0,0,1,1,0,5,5,0,0
3941,3941,0,3942,4149,4150,2,0,0,0,0,0,0,0,0,1,1,0,5,5,0,0
3942,3942,3941,3943,4151,4152,0,0,0,0,0,0,0,0,0,1,1,0,5,5,0,0
3943,3943,3942,3944,4152,4153,0,0,0,0,0,0,0,0,0,1,1,0,5,5,0,0
3944,3944,3943,3945,4153,4154,0,0,0,0,0,0,0,0,0,1,1,0,5,5,0,0
3945,3945,3944,3946,4154,4155,0,0,0,0,0,0,0,0,0,1,1,0,5,5,0,0
3946,3946,3945,3947,4155,4156,0,0,0,0,0,0,0,0,0,1,1,0,5,5,0,0
3947,3947,3946,3948,4156,4157,0,0,0,0,0,0,0,0,0,1,1,0,5,5,0,0
3948,3948,3947,3949,4157,4158,0,0,0,0,0,0,0,0,0,1,1,0,5,5,0,0
3949,3949,3948,3950,4158,4159,0,0,0,0,0,0,0,0,0,1,1,0,5,5,0,0
3950,3950,3949,3951,4159,4160,0,0,0,0,0,0,0,0,0,1,1,0,5,5,0,0
3951,3951,3950,3952,4160,4161,0,0,0,0,0,0,0,0,0,1,1,0,5,5,0,0
3952,3952,3951,3953,4161,4162,0,0,0,0,0,0,0,0,0,1,1,0,5,5,0,0
3953,3953,3952,3954,4162,4163,0,0,0,0,0,0,0,0,0,1,1,0,5,5,0,0
3954,3954,3953,3955,4163,4164,0,0,0,0,0,0,0,0,0,1,1,0,5,5,0,0
3955,3955,3954,3956,4164,4165,0,0,0,0,0,0,0,0,0,1,1,0,5,5,0,0
3956,3956,3955,3957,4165,4166,0,0,0,0,0,0,0,0,0,1,1,0,5,5,0,0
3957,3957,3956,0,4167,4168,4,0,0,0,0,0,0,0,0,1,1,0,5,5,0,0
3958,3958,0,3959,4169,4170,2,0,0,0,0,0,0,0,0,1,1,0,5,5,0,0
3959,3959,3958,3960,4171,4172,0,0,0,0,0,0,0,0,0,1,1,0,5,5,0,0
3960,3960,3959,3961,4172,4173,0,0,0,0,0,0,0,0,0,1,1,0,5,5,0,0
3961,3961,3960,3962,4173,4174,0,0,0,0,0,0,0,0,0,1,1,0,5,5,0,0
3962,3962,3961,3963,4174,4175,0,0,0,0,0,0,0,0,0,1,1,0,5,5,0,0
3963,3963,3962,3964,4175,4176,0,0,0,0,0,0,0,0,0,1,1,0,5,5,0,0
3964,3964,3963,3965,4176,4177,0,0,0,0,0,0,0,0,0,1,1,0,5,5,0,0
3965,3965,3964,3966,4177,4178,0,0,0,0,0,0,0,0,0,1,1,0,5,5,0,0
3966,3966,3965,3967,4178,4179,0,0,0,0,0,0,0,0,0,1,1,0,5,5,0,0
3967,3967,3966,3968,4179,4180,0,0,0,0,0,0,0,0,0,1,1,0,5,5,0,0
3968,3968,3967,3969,4180,4181,0,0,0,0,0,0,0,0,0,1,1,0,5,5,0,0
3969,3969,3968,3970,4181,4182,0,0,0,0,0,0,0,0,0,1,1,0,5,5,0,0
3970,3970,3969,3971,4182,4183,0,0,0,0,0,0,0,0,0,1,1,0,5,5,0,0
3971,3971,3970,3972,4183,4184,0,0,0,0,0,0,0,0,0,1,1,0,5,5,0,0
3972,3972,3971,3973,4184,4185,0,0,0,0,0,0,0,0,0,1,1,0,5,5,0,0
3973,3973,3972,3974,4185,4186,0,0,0,0,0,0,0,0,0,1,1,0,5,5,0,0
3974,3974,3973,3975,4186,4187,0,0,0,0,0,0,0,0,0,1,1,0,5,5,0,0
3975,3975,3974,0,4188,4189,4,0,0,0,0,0,0,0,0,1,1,0,5,5,0,0
3976,3976,0,0,4190,4191,1,0,0,0,0,0,0,0,0,1,1,0,5,5,0,0
3977,3977,0,0,4192,4193,3,0,0,0,0,0,0,0,0,1,1,0,5,5,0,0
3978,3978,0,0,4194,4195,3,0,0,0,0,0,0,0,0,1,1,0,5,5,0,0
3979,3979,0,3980,4196,4197,0,0,0,0,0,0,0,0,0,1,1,0,5,5,0,0
3980,3980,3979,3981,4197,4198,0,0,0,0,0,0,0,0,0,1,1,0,5,5,0,0
3981,3981,3980,3982,4198,4199,0,0,0,0,0,0,0,0,0,1,1,0,5,5,0,0
3982,3982,3981,3983,4199,4200,0,0,0,0,0,0,0,0,0,1,1,0,5,5,0,0
3983,3983,3982,3984,4200,4201,0,0,0,0,0,0,0,0,0,1,1,0,5,5,0,0
3984,3984,3983,3985,4201,4202,0,0,0,0,0,0,0,0,0,1,1,0,5,5,0,0
3985,3985,3984,3986,4202,4203,0,0,0,0,0,0,0,0,0,1,1,0,5,5,0,0
3986,3986,3985,3987,4203,4204,0,0,0,0,0,0,0,0,0,1,1,0,5,5,0,0
3987,3987,3986,3988,4204,4205,0,0,0,0,0,0,0,0,0,1,1,0,5,5,0,0
3988,3988,3987,3989,4205,4206,0,0,0,0,0,0,0,0,0,1,1,0,5,5,0,0
3989,3989,3988,3990,4206,4207,0,0,0,0,0,0,0,0,0,1,1,0,5,5,0,0
3990,3990,3989,3991,4207,4208,0,0,0,0,0,0,0,0,0,1,1,0,5,5,0,0
3991,3991,3990,3992,4208,4209,0,0,0,0,0,0,0,0,0,1,1,0,5,5,0,0
3992,3992,3991,3993,4209,4210,0,0,0,0,0,0,0,0,0,1,1,0,5,5,0,0
3993,3993,3992,3994,4210,4211,0,0,0,0,0,0,0,0,0,1,1,0,5,5,0,0
3994,3994,3993,3995,4211,4212,0,0,0,0,0,0,0,0,0,1,1,0,5,5,0,0
3995,3995,3994,3996,4212,4213,0,0,0,0,0,0,0,0,0,1,1,0,5,5,0,0
3996,3996,3995,3997,4213,4214,0,0,0,0,0,0,0,0,0,1,1,0,5,5,0,0
3997,3997,3996,3998,4214,4215,0,0,0,0,0,0,0,0,0,1,1,0,5,5,0,0
3998,3998,3997,0,4215,4216,0,0,0,0,0,0,0,0,0,1,1,0,5,5,0,0
3999,3999,0,4000,4217,4218,0,0,0,0,0,0,0,0,0,1,1,0,5,5,0,0
4000,4000,3999,4001,4218,4219,0,0,0,0,0,0,0,0,0,1,1,0,5,5,0,0
4001,4001,4000,4002,4219,4220,0,0,0,0,0,0,0,0,0,1,1,0,5,5,0,0
4002,4002,4001,4003,4220,4221,0,0,0,0,0,0,0,0,0,1,1,0,5,5,0,0
4003,4003,4002,4004,4221,4222,0,0,0,0,0,0,0,0,0,1,1,0,5,5,0,0
4004,4004,4003,4005,4222,4223,0,0,0,0,0,0,0,0,0,1,1,0,5,5,0,0
4005,4005,4004,4006,4223,4224,0,0,0,0,0,0,0,0,0,1,1,0,5,5,0,0
4006,4006,4005,4007,4224,4225,0,0,0,0,0,0,0,0,0,1,1,0,5,5,0,0
4007,4007,4006,4008,4225,4226,0,0,0,0,0,0,0,0,0,1,1,0,5,5,0,0
4008,4008,4007,4009,4226,4227,0,0,0,0,0,0,0,0,0,1,1,0,5,5,0,0
4009,4009,4008,4010,4227,4228,0,0,0,0,0,0,0,0,0,1,1,0,5,5,0,0
4010,4010,4009,4011,4228,4229,0,0,0,0,0,0,0,0,0,1,1,0,5,5,0,0
4011,4011,4010,4012,4229,4230,0,0,0,0,0,0,0,0,0,1,1,0,5,5,0,0
4012,4012,4011,4013,4230,4231,0,0,0,0,0,0,0,0,0,1,1,0,5,5,0,0
4013,4013,4012,4014,4231,4232,0,0,0,0,0,0,0,0,0,1,1,0,5,5,0,0
4014,4014,4013,4015,4232,4233,0,0,0,0,0,0,0,0,0,1,1,0,5,5,0,0
4015,4015,4014,4016,4233,4234,0,0,0,0,0,0,0,0,0,1,1,0,5,5,0,0
4016,4016,4015,4017,4234,4235,0,0,0,0,0,0,0,0,0,1,1,0,5,5,0,0
4017,4017,4016,4018,4235,4236,0,0,0,0,0,0,0,0,0,1,1,0,5,5,0,0
4018,4018,4017,4019,4236,4237,0,0,0,0,0,0,0,0,0,1,1,0,5,5,0,0
4019,4019,4018,4020,4237,4238,0,0,0,0,0,0,0,0,0,1,1,0,5,5,0,0
4020,4020,4019,4021,4238,4239,0,0,0,0,0,0,0,0,0,1,1,0,5,5,0,0
4021,4021,4020,4022,4239,4240,0,0,0,0,0,0,0,0,0,1,1,0,5,5,0,0
4022,4022,4021,4023,4240,4241,0,0,0,0,0,0,0,0,0,1,1,0,5,5,0,0
4023,4023,4022,4024,4241,4242,0,0,0,0,0,0,0,0,0,1,1,0,5,5,0,0
4024,4024,4023,4025,4242,4243,0,0,0,0,0,0,0,0,0,1,1,0,5,5,0,0
4025,4025,4024,4026,4243,4244,0,0,0,0,0,0,0,0,0,1,1,0,5,5,0,0
4026,4026,4025,4027,4244,4245,0,0,0,0,0,0,0,0,0,1,1,0,5,5,0,0
4027,4027,4026,4028,4245,4246,0,0,0,0,0,0,0,0,0,1,1,0,5,5,0,0
4028,4028,4027,4029,4246,4247,0,0,0,0,0,0,0,0,0,1,1,0,5,5,0,0
4029,4029,4028,4030,4247,4248,0,0,0,0,0,0,0,0,0,1,1,0,5,5,0,0
4030,4030,4029,0,4248,4249,0,0,0,0,0,0,0,0,0,1,1,0,5,5,0,0
4031,4031,0,4032,4250,4251,0,0,0,0,0,0,0,0,0,1,1,0,5,5,0,0
4032,4032,4031,4033,4251,4252,0,0,0,0,0,0,0,0,0,1,1,0,5,5,0,0
4033,4033,4032,4034,4252,4253,0,0,0,0,0,0,0,0,0,1,1,0,5,5,0,0
4034,4034,4033,4035,4253,4254,0,0,0,0,0,0,0,0,0,1,1,0,5,5,0,0
4035,4035,4034,4036,4254,4255,0,0,0,0,0,0,0,0,0,1,1,0,5,5,0,0
4036,4036,4035,4037,4255,4256,0,0,0,0,0,0,0,0,0,1,1,0,5,5,0,0
4037,4037,4036,4038,4256,4257,0,0,0,0,0,0,0,0,0,1,1,0,5,5,0,0
4038,4038,4037,4039,4257,4258,0,0,0,0,0,0,0,0,0,1,1,0,5,5,0,0
4039,4039,4038,4040,4258,4259,0,0,0,0,0,0,0,0,0,1,1,0,5,5,0,0
4040,4040,4039,4041,4259,4260,0,0,0,0,0,0,0,0,0,1,1,0,5,5,0,0
4041,4041,4040,4042,4260,4261,0,0,0,0,0,0,0,0,0,1,1,0,5,5,0,0
4042,4042,4041,4043,4261,4262,0,0,0,0,0,0,0,0,0,1,1,0,5,5,0,0
4043,4043,4042,4044,4262,4263,0,0,0,0,0,0,0,0,0,1,1,0,5,5,0,0
4044,4044,4043,4045,4263,4264,0,0,0,0,0,0,0,0,0,1,1,0,5,5,0,0
4045,4045,4044,4046,4264,4265,0,0,0,0,0,0,0,0,0,1,1,0,5,5,0,0
4046,4046,4045,4047,4265,4266,0,0,0,0,0,0,0,0,0,1,1,0,5,5,0,0
4047,4047,4046,4048,4266,4267,0,0,0,0,0,0,0,0,0,1,1,0,5,5,0,0
4048,4048,4047,4049,4267,4268,0,0,0,0,0,0,0,0,0,1,1,0,5,5,0,0
4049,4049,4048,4050,4268,4269,0,0,0,0,0,0,0,0,0,1,1,0,5,5,0,0
4050,4050,4049,4051,4269,4270,0,0,0,0,0,0,0,0,0,1,1,0,5,5,0,0
4051,4051,4050,4052,4270,4271,0,0,0,0,0,0,0,0,0,1,1,0,5,5,0,0
4052,4052,4051,4053,4271,4272,0,0,0,0,0,0,0,0,0,1,1,0,5,5,0,0
4053,4053,4052,4054,4272,4273,0,0,0,0,0,0,0,0,0,1,1,0,5,5,0,0
4054,4054,4053,4055,4273,4274,0,0,0,0,0,0,0,0,0,1,1,0,5,5,0,0
4055,4055,4054,0,4274,4275,0,0,0,0,0,0,0,0,0,1,1,0,5,5,0,0
4056,4056,0,4057,4276,4277,0,0,0,0,0,0,0,0,0,1,1,0,5,5,0,0
4057,4057,4056,4058,4277,4278,0,0,0,0,0,0,0,0,0,1,1,0,5,5,0,0
4058,4058,4057,4059,4278,4279,0,0,0,0,0,0,0,0,0,1,1,0,5,5,0,0
4059,4059,4058,4060,4279,4280,0,0,0,0,0,0,0,0,0,1,1,0,5,5,0,0
4060,4060,4059,4061,4280,4281,0,0,0,0,0,0,0,0,0,1,1,0,5,5,0,0
4061,4061,4060,4062,4281,4282,0,0,0,0,0,0,0,0,0,1,1,0,5,5,0,0
4062,4062,4061,4063,4282,4283,0,0,0,0,0,0,0,0,0,1,1,0,5,5,0,0
4063,4063,4062,4064,4283,4284,0,0,0,0,0,0,0,0,0,1,1,0,5,5,0,0
4064,4064,4063,4065,4284,4285,0,0,0,0,0,0,0,0,0,1,1,0,5,5,0,0
4065,4065,4064,4066,4285,4286,0,0,0,0,0,0,0,0,0,1,1,0,5,5,0,0
4066,4066,4065,4067,4286,4287,0,0,0,0,0,0,0,0,0,1,1,0,5,5,0,0
4067,4067,4066,4068,4287,4288,0,0,0,0,0,0,0,0,0,1,1,0,5,5,0,0
4068,4068,4067,4069,4288,4289,0,0,0,0,0,0,0,0,0,1,1,0,5,5,0,0
4069,4069,4068,4070,4289,4290,0,0,0,0,0,0,0,0,0,1,1,0,5,5,0,0
4070,4070,4069,4071,4290,4291,0,0,0,0,0,0,0,0,0,1,1,0,5,5,0,0
4071,4071,4070,4072,4291,4292,0,0,0,0,0,0,0,0,0,1,1,0,5,5,0,0
4072,4072,4071,4073,4292,4293,0,0,0,0,0,0,0,0,0,1,1,0,5,5,0,0
4073,4073,4072,4074,4293,4294,0,0,0,0,0,0,0,0,0,1,1,0,5,5,0,0
4074,4074,4073,4075,4294,4295,0,0,0,0,0,0,0,0,0,1,1,0,5,5,0,0
4075,4075,4074,4076,4295,4296,0,0,0,0,0,0,0,0,0,1,1,0,5,5,0,0
4076,4076,4075,4077,4296,4297,0,0,0,0,0,0,0,0,0,1,1,0,5,5,0,0
4077,4077,4076,4078,4297,4298,0,0,0,0,0,0,0,0,0,1,1,0,5,5,0,0
4078,4078,4077,4079,4298,4299,0,0,0,0,0,0,0,0,0,1,1,0,5,5,0,0
4079,4079,4078,4080,4299,4300,0,0,0,0,0,0,0,0,0,1,1,0,5,5,0,0
4080,4080,4079,4081,4300,4301,0,0,0,0,0,0,0,0,0,1,1,0,5,5,0,0
4081,4081,4080,4082,4301,4302,0,0,0,0,0,0,0,0,0,1,1,0,5,5,0,0
4082,4082,4081,4083,4302,4303,0,0,0,0,0,0,0,0,0,1,1,0,5,5,0,0
4083,4083,4082,4084,4303,4304,0,0,0,0,0,0,0,0,0,1,1,0,5,5,0,0
4084,4084,4083,4085,4304,4305,0,0,0,0,0,0,0,0,0,1,1,0,5,5,0,0
4085,4085,4084,4086,4305,4306,0,0,0,0,0,0,0,0,0,1,1,0,5,5,0,0
4086,4086,4085,4087,4306,4307,0,0,0,0,0,0,0,0,0,1,1,0,5,5,0,0
4087,4087,4086,4088,4307,4308,0,0,0,0,0,0,0,0,0,1,1,0,5,5,0,0
4088,4088,4087,4089,4308,4309,0,0,0,0,0,0,0,0,0,1,1,0,5,5,0,0
4089,4089,4088,4090,4309,4310,0,0,0,0,0,0,0,0,0,1,1,0,5,5,0,0
4090,4090,4089,4091,4310,4311,0,0,0,0,0,0,0,0,0,1,1,0,5,5,0,0
4091,4091,4090,4092,4311,4312,0,0,0,0,0,0,0,0,0,1,1,0,5,5,0,0
4092,4092,4091,4093,4312,4313,0,0,0,0,0,0,0,0,0,1,1,0,5,5,0,0
4093,4093,4092,4094,4313,4314,0,0,0,0,0,0,0,0,0,1,1,0,5,5,0,0
4094,4094,4093,4095,4314,4315,0,0,0,0,0,0,0,0,0,1,1,0,5,5,0,0
4095,4095,4094,4096,4315,4316,0,0,0,0,0,0,0,0,0,1,1,0,5,5,0,0
4096,4096,4095,4097,4316,4317,0,0,0,0,0,0,0,0,0,1,1,0,5,5,0,0
4097,4097,4096,4098,4317,4318,0,0,0,0,0,0,0,0,0,1,1,0,5,5,0,0
4098,4098,4097,4099,4318,4319,0,0,0,0,0,0,0,0,0,1,1,0,5,5,0,0
4099,4099,4098,4100,4319,4320,0,0,0,0,0,0,0,0,0,1,1,0,5,5,0,0
4100,4100,4099,4101,4320,4321,0,0,0,0,0,0,0,0,0,1,1,0,5,5,0,0
4101,4101,4100,4102,4321,4322,0,0,0,0,0,0,0,0,0,1,1,0,5,5,0,0
4102,4102,4101,4103,4322,4323,0,0,0,0,0,0,0,0,0,1,1,0,5,5,0,0
4103,4103,4102,4104,4323,4324,0,0,0,0,0,0,0,0,0,1,1,0,5,5,0,0
4104,4104,4103,4105,4324,4325,0,0,0,0,0,0,0,0,0,1,1,0,5,5,0,0
4105,4105,4104,4106,4325,4326,0,0,0,0,0,0,0,0,0,1,1,0,5,5,0,0
4106,4106,4105,4107,4326,4327,0,0,0,0,0,0,0,0,0,1,1,0,5,5,0,0
4107,4107,4106,4108,4327,4328,0,0,0,0,0,0,0,0,0,1,1,0,5,5,0,0
4108,4108,4107,4109,4328,4329,0,0,0,0,0,0,0,0,0,1,1,0,5,5,0,0
4109,4109,4108,4110,4329,4330,0,0,0,0,0,0,0,0,0,1,1,0,5,5,0,0
4110,4110,4109,4111,4330,4331,0,0,0,0,0,0,0,0,0,1,1,0,5,5,0,0
4111,4111,4110,4112,4331,4332,0,0,0,0,0,0,0,0,0,1,1,0,5,5,0,0
4112,4112,4111,4113,4332,4333,0,0,0,0,0,0,0,0,0,1,1,0,5,5,0,0
4113,4113,4112,4114,4333,4334,0,0,0,0,0,0,0,0,0,1,1,0,5,5,0,0
4114,4114,4113,4115,4334,4335,0,0,0,0,0,0,0,0,0,1,1,0,5,5,0,0
4115,4115,4114,4116,4335,4336,0,0,0,0,0,0,0,0,0,1,1,0,5,5,0,0
4116,4116,4115,4117,4336,4337,0,0,0,0,0,0,0,0,0,1,1,0,5,5,0,0
4117,4117,4116,4118,4337,4338,0,0,0,0,0,0,0,0,0,1,1,0,5,5,0,0
4118,4118,4117,4119,4338,4339,0,0,0,0,0,0,0,0,0,1,1,0,5,5,0,0
4119,4119,4118,4120,4339,4340,0,0,0,0,0,0,0,0,0,1,1,0,5,5,0,0
4120,4120,4119,4121,4340,4341,0,0,0,0,0,0,0,0,0,1,1,0,5,5,0,0
4121,4121,4120,4122,4341,4342,0,0,0,0,0,0,0,0,0,1,1,0,5,5,0,0
4122,4122,4121,4123,4342,4343,0,0,0,0,0,0,0,0,0,1,1,0,5,5,0,0
4123,4123,4122,4124,4343,4344,0,0,0,0,0,0,0,0,0,1,1,0,5,5,0,0
4124,4124,4123,4125,4344,4345,0,0,0,0,0,0,0,0,0,1,1,0,5,5,0,0
4125,4125,4124,4126,4345,4346,0,0,0,0,0,0,0,0,0,1,1,0,5,5,0,0
4126,4126,4125,4127,4346,4347,0,0,0,0,0,0,0,0,0,1,1,0,5,5,0,0
4127,4127,4126,4128,4347,4348,0,0,0,0,0,0,0,0,0,1,1,0,5,5,0,0
4128,4128,4127,4129,4348,4349,0,0,0,0,0,0,0,0,0,1,1,0,5,5,0,0
4129,4129,4128,4130,4349,4350,0,0,0,0,0,0,0,0,0,1,1,0,5,5,0,0
4130,4130,4129,4131,4350,4351,0,0,0,0,0,0,0,0,0,1,1,0,5,5,0,0
4131,4131,4130,4132,4351,4352,0,0,0,0,0,0,0,0,0,1,1,0,5,5,0,0
4132,4132,4131,4133,4352,4353,0,0,0,0,0,0,0,0,0,1,1,0,5,5,0,0
4133,4133,4132,4134,4353,4354,0,0,0,0,0,0,0,0,0,1,1,0,5,5,0,0
4134,4134,4133,4135,4354,4355,0,0,0,0,0,0,0,0,0,1,1,0,5,5,0,0
4135,4135,4134,4136,4355,4356,0,0,0,0,0,0,0,0,0,1,1,0,5,5,0,0
4136,4136,4135,4137,4356,4357,0,0,0,0,0,0,0,0,0,1,1,0,5,5,0,0
4137,4137,4136,4138,4357,4358,0,0,0,0,0,0,0,0,0,1,1,0,5,5,0,0
4138,4138,4137,4139,4358,4359,0,0,0,0,0,0,0,0,0,1,1,0,5,5,0,0
4139,4139,4138,4140,4359,4360,0,0,0,0,0,0,0,0,0,1,1,0,5,5,0,0
4140,4140,4139,4141,4360,4361,0,0,0,0,0,0,0,0,0,1,1,0,5,5,0,0
4141,4141,4140,4142,4361,4362,0,0,0,0,0,0,0,0,0,1,1,0,5,5,0,0
4142,4142,4141,4143,4362,4363,0,0,0,0,0,0,0,0,0,1,1,0,5,5,0,0
4143,4143,4142,4144,4363,4364,0,0,0,0,0,0,0,0,0,1,1,0,5,5,0,0
4144,4144,4143,4145,4364,4365,0,0,0,0,0,0,0,0,0,1,1,0,5,5,0,0
4145,4145,4144,4146,4365,4366,0,0,0,0,0,0,0,0,0,1,1,0,5,5,0,0
4146,4146,4145,0,4366,4367,0,0,0,0,0,0,0,0,0,1,1,0,5,5,0,0
4147,4147,0,4148,4368,4369,0,0,0,0,0,0,0,0,0,1,1,0,5,5,0,0
4148,4148,4147,4149,4369,4370,0,0,0,0,0,0,0,0,0,1,1,0,5,5,0,0
4149,4149,4148,4150,4370,4371,0,0,0,0,0,0,0,0,0,1,1,0,5,5,0,0
4150,4150,4149,4151,4371,4372,0,0,0,0,0,0,0,0,0,1,1,0,5,5,0,0
4151,4151,4150,4152,4372,4373,0,0,0,0,0,0,0,0,0,1,1,0,5,5,0,0
4152,4152,4151,4153,4373,4374,0,0,0,0,0,0,0,0,0,1,1,0,5,5,0,0
4153,4153,4152,4154,4374,4375,0,0,0,0,0,0,0,0,0,1,1,0,5,5,0,0
4154,4154,4153,4155,4375,4376,0,0,0,0,0,0,0,0,0,1,1,0,5,5,0,0
4155,4155,4154,4156,4376,4377,0,0,0,0,0,0,0,0,0,1,1,0,5,5,0,0
4156,4156,4155,4157,4377,4378,0,0,0,0,0,0,0,0,0,1,1,0,5,5,0,0
4157,4157,4156,4158,4378,4379,0,0,0,0,0,0,0,0,0,1,1,0,5,5,0,0
4158,4158,4157,4159,4379,4380,0,0,0,0,0,0,0,0,0,1,1,0,5,5,0,0
4159,4159,4158,4160,4380,4381,0,0,0,0,0,0,0,0,0,1,1,0,5,5,0,0
4160,4160,4159,4161,4381,4382,0,0,0,0,0,0,0,0,0,1,1,0,5,5,0,0
4161,4161,4160,4162,4382,4383,0,0,0,0,0,0,0,0,0,1,1,0,5,5,0,0
4162,4162,4161,4163,4383,4384,0,0,0,0,0,0,0,0,0,1,1,0,5,5,0,0
4163,4163,4162,4164,4384,4385,0,0,0,0,0,0,0,0,0,1,1,0,5,5,0,0
4164,4164,4163,4165,4385,4386,0,0,0,0,0,0,0,0,0,1,1,0,5,5,0,0
4165,4165,4164,4166,4386,4387,0,0,0,0,0,0,0,0,0,1,1,0,5,5,0,0
4166,4166,4165,4167,4387,4388,0,0,0,0,0,0,0,0,0,1,1,0,5,5,0,0
4167,4167,4166,4168,4388,4389,0,0,0,0,0,0,0,0,0,1,1,0,5,5,0,0
4168,4168,4167,4169,4389,4390,0,0,0,0,0,0,0,0,0,1,1,0,5,5,0,0
4169,4169,4168,4170,4390,4391,0,0,0,0,0,0,0,0,0,1,1,0,5,5,0,0
4170,4170,4169,4171,4391,4392,0,0,0,0,0,0,0,0,0,1,1,0,5,5,0,0
4171,4171,4170,4172,4392,4393,0,0,0,0,0,0,0,0,0,1,1,0,5,5,0,0
4172,4172,4171,4173,4393,4394,0,0,0,0,0,0,0,0,0,1,1,0,5,5,0,0
4173,4173,4172,4174,4394,4395,0,0,0,0,0,0,0,0,0,1,1,0,5,5,0,0
4174,4174,4173,4175,4395,4396,0,0,0,0,0,0,0,0,0,1,1,0,5,5,0,0
4175,4175,4174,4176,4396,4397,0,0,0,0,0,0,0,0,0,1,1,0,5,5,0,0
4176,4176,4175,4177,4397,4398,0,0,0,0,0,0,0,0,0,1,1,0,5,5,0,0
4177,4177,4176,4178,4398,4399,0,0,0,0,0,0,0,0,0,1,1,0,5,5,0,0
4178,4178,4177,4179,4399,4400,0,0,0,0,0,0,0,0,0,1,1,0,5,5,0,0
4179,4179,4178,4180,4400,4401,0,0,0,0,0,0,0,0,0,1,1,0,5,5,0,0
4180,4180,4179,4181,4401,4402,0,0,0,0,0,0,0,0,0,1,1,0,5,5,0,0
4181,4181,4180,4182,4402,4403,0,0,0,0,0,0,0,0,0,1,1,0,5,5,0,0
4182,4182,4181,4183,4403,4404,0,0,0,0,0,0,0,0,0,1,1,0,5,5,0,0
4183,4183,4182,4184,4404,4405,0,0,0,0,0,0,0,0,0,1,1,0,5,5,0,0
4184,4184,4183,4185,4405,4406,0,0,0,0,0,0,0,0,0,1,1,0,5,5,0,0
4185,4185,4184,4186,4406,4407,0,0,0,0,0,0,0,0,0,1,1,0,5,5,0,0
4186,4186,4185,4187,4407,4408,0,0,0,0,0,0,0,0,0,1,1,0,5,5,0,0
4187,4187,4186,4188,4408,4409,0,0,0,0,0,0,0,0,0,1,1,0,5,5,0,0
4188,4188,4187,4189,4409,4410,0,0,0,0,0,0,0,0,0,1,1,0,5,5,0,0
4189,4189,4188,4190,4410,4411,0,0,0,0,0,0,0,0,0,1,1,0,5,5,0,0
4190,4190,4189,4191,4411,4412,0,0,0,0,0,0,0,0,0,1,1,0,5,5,0,0
4191,4191,4190,4192,4412,4413,0,0,0,0,0,0,0,0,0,1,1,0,5,5,0,0
4192,4192,4191,4193,4413,4414,0,0,0,0,0,0,0,0,0,1,1,0,5,5,0,0
4193,4193,4192,4194,4414,4415,0,0,0,0,0,0,0,0,0,1,1,0,5,5,0,0
4194,4194,4193,4195,4415,4416,0,0,0,0,0,0,0,0,0,1,1,0,5,5,0,0
4195,4195,4194,4196,4416,4417,0,0,0,0,0,0,0,0,0,1,1,0,5,5,0,0
4196,4196,4195,4197,4417,4418,0,0,0,0,0,0,0,0,0,1,1,0,5,5,0,0
4197,4197,4196,4198,4418,4419,0,0,0,0,0,0,0,0,0,1,1,0,5,5,0,0
4198,4198,4197,4199,4419,4420,0,0,0,0,0,0,0,0,0,1,1,0,5,5,0,0
4199,4199,4198,4200,4420,4421,0,0,0,0,0,0,0,0,0,1,1,0,5,5,0,0
4200,4200,4199,4201,4421,4422,0,0,0,0,0,0,0,0,0,1,1,0,5,5,0,0
4201,4201,4200,4202,4422,4423,0,0,0,0,0,0,0,0,0,1,1,0,5,5,0,0
4202,4202,4201,4203,4423,4424,0,0,0,0,0,0,0,0,0,1,1,0,5,5,0,0
4203,4203,4202,4204,4424,4425,0,0,0,0,0,0,0,0,0,1,1,0,5,5,0,0
4204,4204,4203,4205,4425,4426,0,0,0,0,0,0,0,0,0,1,1,0,5,5,0,0
4205,4205,4204,4206,4426,4427,0,0,0,0,0,0,0,0,0,1,1,0,5,5,0,0
4206,4206,4205,4207,4427,4428,0,0,0,0,0,0,0,0,0,1,1,0,5,5,0,0
4207,4207,4206,4208,4428,4429,0,0,0,0,0,0,0,0,0,1,1,0,5,5,0,0
4208,4208,4207,4209,4429,4430,0,0,0,0,0,0,0,0,0,1,1,0,5,5,0,0
4209,4209,4208,4210,4430,4431,0,0,0,0,0,0,0,0,0,1,1,0,5,5,0,0
4210,4210,4209,4211,4431,4432,0,0,0,0,0,0,0,0,0,1,1,0,5,5,0,0
4211,4211,4210,4212,4432,4433,0,0,0,0,0,0,0,0,0,1,1,0,5,5,0,0
4212,4212,4211,4213,4433,4434,0,0,0,0,0,0,0,0,0,1,1,0,5,5,0,0
4213,4213,4212,4214,4434,4435,0,0,0,0,0,0,0,0,0,1,1,0,5,5,0,0
4214,4214,4213,4215,4435,4436,0,0,0,0,0,0,0,0,0,1,1,0,5,5,0,0
4215,4215,4214,4216,4436,4437,0,0,0,0,0,0,0,0,0,1,1,0,5,5,0,0
4216,4216,4215,4217,4437,4438,0,0,0,0,0,0,0,0,0,1,1,0,5,5,0,0
4217,4217,4216,4218,4438,4439,0,0,0,0,0,0,0,0,0,1,1,0,5,5,0,0
4218,4218,4217,4219,4439,4440,0,0,0,0,0,0,0,0,0,1,1,0,5,5,0,0
4219,4219,4218,4220,4440,4441,0,0,0,0,0,0,0,0,0,1,1,0,5,5,0,0
4220,4220,4219,4221,4441,4442,0,0,0,0,0,0,0,0,0,1,1,0,5,5,0,0
4221,4221,4220,4222,4442,4443,0,0,0,0,0,0,0,0,0,1,1,0,5,5,0,0
4222,4222,4221,4223,4443,4444,0,0,0,0,0,0,0,0,0,1,1,0,5,5,0,0
4223,4223,4222,4224,4444,4445,0,0,0,0,0,0,0,0,0,1,1,0,5,5,0,0
4224,4224,4223,4225,4445,4446,0,0,0,0,0,0,0,0,0,1,1,0,5,5,0,0
4225,4225,4224,4226,4446,4447,0,0,0,0,0,0,0,0,0,1,1,0,5,5,0,0
4226,4226,4225,4227,4447,4448,0,0,0,0,0,0,0,0,0,1,1,0,5,5,0,0
4227,4227,4226,4228,4448,4449,0,0,0,0,0,0,0,0,0,1,1,0,5,5,0,0
4228,4228,4227,4229,4449,4450,0,0,0,0,0,0,0,0,0,1,1,0,5,5,0,0
4229,4229,4228,4230,4450,4451,0,0,0,0,0,0,0,0,0,1,1,0,5,5,0,0
4230,4230,4229,4231,4451,4452,0,0,0,0,0,0,0,0,0,1,1,0,5,5,0,0
4231,4231,4230,4232,4452,4453,0,0,0,0,0,0,0,0,0,1,1,0,5,5,0,0
4232,4232,4231,4233,4453,4454,0,0,0,0,0,0,0,0,0,1,1,0,5,5,0,0
4233,4233,4232,4234,4454,4455,0,0,0,0,0,0,0,0,0,1,1,0,5,5,0,0
4234,4234,4233,4235,4455,4456,0,0,0,0,0,0,0,0,0,1,1,0,5,5,0,0
4235,4235,4234,4236,4456,4457,0,0,0,0,0,0,0,0,0,1,1,0,5,5,0,0
4236,4236,4235,4237,4457,4458,0,0,0,0,0,0,0,0,0,1,1,0,5,5,0,0
4237,4237,4236,4238,4458,4459,0,0,0,0,0,0,0,0,0,1,1,0,5,5,0,0
4238,4238,4237,4239,4459,4460,0,0,0,0,0,0,0,0,0,1,1,0,5,5,0,0
4239,4239,4238,0,4460,4461,0,0,0,0,0,0,0,0,0,1,1,0,5,5,0,0
4240,4240,0,4241,4462,4463,0,0,0,0,0,0,0,0,0,1,1,0,5,5,0,0
4241,4241,4240,4242,4463,4464,0,0,0,0,0,0,0,0,0,1,1,0,5,5,0,0
4242,4242,4241,4243,4464,4465,0,0,0,0,0,0,0,0,0,1,1,0,5,5,0,0
4243,4243,4242,4244,4465,4466,0,0,0,0,0,0,0,0,0,1,1,0,5,5,0,0
4244,4244,4243,4245,4466,4467,0,0,0,0,0,0,0,0,0,1,1,0,5,5,0,0
4245,4245,4244,4246,4467,4468,0,0,0,0,0,0,0,0,0,1,1,0,5,5,0,0
4246,4246,4245,4247,4468,4469,0,0,0,0,0,0,0,0,0,1,1,0,5,5,0,0
4247,4247,4246,4248,4469,4470,0,0,0,0,0,0,0,0,0,1,1,0,5,5,0,0
4248,4248,4247,4249,4470,4471,0,0,0,0,0,0,0,0,0,1,1,0,5,5,0,0
4249,4249,4248,4250,4471,4472,0,0,0,0,0,0,0,0,0,1,1,0,5,5,0,0
4250,4250,4249,4251,4472,4473,0,0,0,0,0,0,0,0,0,1,1,0,5,5,0,0
4251,4251,4250,4252,4473,4474,0,0,0,0,0,0,0,0,0,1,1,0,5,5,0,0
4252,4252,4251,4253,4474,4475,0,0,0,0,0,0,0,0,0,1,1,0,5,5,0,0
4253,4253,4252,4254,4475,4476,0,0,0,0,0,0,0,0,0,1,1,0,5,5,0,0
4254,4254,4253,4255,4476,4477,0,0,0,0,0,0,0,0,0,1,1,0,5,5,0,0
4255,4255,4254,4256,4477,4478,0,0,0,0,0,0,0,0,0,1,1,0,5,5,0,0
4256,4256,4255,4257,4478,4479,0,0,0,0,0,0,0,0,0,1,1,0,5,5,0,0
4257,4257,4256,4258,4479,4480,0,0,0,0,0,0,0,0,0,1,1,0,5,5,0,0
4258,4258,4257,4259,4480,4481,0,0,0,0,0,0,0,0,0,1,1,0,5,5,0,0
4259,4259,4258,4260,4481,4482,0,0,0,0,0,0,0,0,0,1,1,0,5,5,0,0
4260,4260,4259,4261,4482,4483,0,0,0,0,0,0,0,0,0,1,1,0,5,5,0,0
4261,4261,4260,4262,4483,4484,0,0,0,0,0,0,0,0,0,1,1,0,5,5,0,0
4262,4262,4261,4263,4484,4485,0,0,0,0,0,0,0,0,0,1,1,0,5,5,0,0
4263,4263,4262,4264,4485,4486,0,0,0,0,0,0,0,0,0,1,1,0,5,5,0,0
4264,4264,4263,4265,4486,4487,0,0,0,0,0,0,0,0,0,1,1,0,5,5,0,0
4265,4265,4264,4266,4487,4488,0,0,0,0,0,0,0,0,0,1,1,0,5,5,0,0
4266,4266,4265,4267,4488,4489,0,0,0,0,0,0,0,0,0,1,1,0,5,5,0,0
4267,4267,4266,4268,4489,4490,0,0,0,0,0,0,0,0,0,1,1,0,5,5,0,0
4268,4268,4267,4269,4490,4491,0,0,0,0,0,0,0,0,0,1,1,0,5,5,0,0
4269,4269,4268,4270,4491,4492,0,0,0,0,0,0,0,0,0,1,1,0,5,5,0,0
4270,4270,4269,4271,4492,4493,0,0,0,0,0,0,0,0,0,1,1,0,5,5,0,0
4271,4271,4270,4272,4493,4494,0,0,0,0,0,0,0,0,0,1,1,0,5,5,0,0
4272,4272,4271,4273,4494,4495,0,0,0,0,0,0,0,0,0,1,1,0,5,5,0,0
4273,4273,4272,4274,4495,4496,0,0,0,0,0,0,0,0,0,1,1,0,5,5,0,0
4274,4274,4273,4275,4496,4497,0,0,0,0,0,0,0,0,0,1,1,0,5,5,0,0
4275,4275,4274,4276,4497,4498,0,0,0,0,0,0,0,0,0,1,1,0,5,5,0,0
4276,4276,4275,4277,4498,4499,0,0,0,0,0,0,0,0,0,1,1,0,5,5,0,0
4277,4277,4276,4278,4499,4500,0,0,0,0,0,0,0,0,0,1,1,0,5,5,0,0
4278,4278,4277,4279,4500,4501,0,0,0,0,0,0,0,0,0,1,1,0,5,5,0,0
4279,4279,4278,4280,4501,4502,0,0,0,0,0,0,0,0,0,1,1,0,5,5,0,0
4280,4280,4279,4281,4502,4503,0,0,0,0,0,0,0,0,0,1,1,0,5,5,0,0
4281,4281,4280,4282,4503,4504,0,0,0,0,0,0,0,0,0,1,1,0,5,5,0,0
4282,4282,4281,4283,4504,4505,0,0,0,0,0,0,0,0,0,1,1,0,5,5,0,0
4283,4283,4282,4284,4505,4506,0,0,0,0,0,0,0,0,0,1,1,0,5,5,0,0
4284,4284,4283,4285,4506,4507,0,0,0,0,0,0,0,0,0,1,1,0,5,5,0,0
4285,4285,4284,4286,4507,4508,0,0,0,0,0,0,0,0,0,1,1,0,5,5,0,0
4286,4286,4285,4287,4508,4509,0,0,0,0,0,0,0,0,0,1,1,0,5,5,0,0
4287,4287,4286,4288,4509,4510,0,0,0,0,0,0,0,0,0,1,1,0,5,5,0,0
4288,4288,4287,4289,4510,4511,0,0,0,0,0,0,0,0,0,1,1,0,5,5,0,0
4289,4289,4288,4290,4511,4512,0,0,0,0,0,0,0,0,0,1,1,0,5,5,0,0
4290,4290,4289,4291,4512,4513,0,0,0,0,0,0,0,0,0,1,1,0,5,5,0,0
4291,4291,4290,4292,4513,4514,0,0,0,0,0,0,0,0,0,1,1,0,5,5,0,0
4292,4292,4291,4293,4514,4515,0,0,0,0,0,0,0,0,0,1,1,0,5,5,0,0
4293,4293,4292,4294,4515,4516,0,0,0,0,0,0,0,0,0,1,1,0,5,5,0,0
4294,4294,4293,4295,4516,4517,0,0,0,0,0,0,0,0,0,1,1,0,5,5,0,0
4295,4295,4294,4296,4517,4518,0,0,0,0,0,0,0,0,0,1,1,0,5,5,0,0
4296,4296,4295,4297,4518,4519,0,0,0,0,0,0,0,0,0,1,1,0,5,5,0,0
4297,4297,4296,4298,4519,4520,0,0,0,0,0,0,0,0,0,1,1,0,5,5,0,0
4298,4298,4297,4299,4520,4521,0,0,0,0,0,0,0,0,0,1,1,0,5,5,0,0
4299,4299,4298,4300,4521,4522,0,0,0,0,0,0,0,0,0,1,1,0,5,5,0,0
4300,4300,4299,4301,4522,4523,0,0,0,0,0,0,0,0,0,1,1,0,5,5,0,0
4301,4301,4300,4302,4523,4524,0,0,0,0,0,0,0,0,0,1,1,0,5,5,0,0
4302,4302,4301,4303,4524,4525,0,0,0,0,0,0,0,0,0,1,1,0,5,5,0,0
4303,4303,4302,4304,4525,4526,0,0,0,0,0,0,0,0,0,1,1,0,5,5,0,0
4304,4304,4303,4305,4526,4527,0,0,0,0,0,0,0,0,0,1,1,0,5,5,0,0
4305,4305,4304,4306,4527,4528,0,0,0,0,0,0,0,0,0,1,1,0,5,5,0,0
4306,4306,4305,4307,4528,4529,0,0,0,0,0,0,0,0,0,1,1,0,5,5,0,0
4307,4307,4306,4308,4529,4530,0,0,0,0,0,0,0,0,0,1,1,0,5,5,0,0
4308,4308,4307,4309,4530,4531,0,0,0,0,0,0,0,0,0,1,1,0,5,5,0,0
4309,4309,4308,4310,4531,4532,0,0,0,0,0,0,0,0,0,1,1,0,5,5,0,0
4310,4310,4309,4311,4532,4533,0,0,0,0,0,0,0,0,0,1,1,0,5,5,0,0
4311,4311,4310,4312,4533,4534,0,0,0,0,0,0,0,0,0,1,1,0,5,5,0,0
4312,4312,4311,4313,4534,4535,0,0,0,0,0,0,0,0,0,1,1,0,5,5,0,0
4313,4313,4312,4314,4535,4536,0,0,0,0,0,0,0,0,0,1,1,0,5,5,0,0
4314,4314,4313,4315,4536,4537,0,0,0,0,0,0,0,0,0,1,1,0,5,5,0,0
4315,4315,4314,4316,4537,4538,0,0,0,0,0,0,0,0,0,1,1,0,5,5,0,0
4316,4316,4315,4317,4538,4539,0,0,0,0,0,0,0,0,0,1,1,0,5,5,0,0
4317,4317,4316,4318,4539,4540,0,0,0,0,0,0,0,0,0,1,1,0,5,5,0,0
4318,4318,4317,4319,4540,4541,0,0,0,0,0,0,0,0,0,1,1,0,5,5,0,0
4319,4319,4318,4320,4541,4542,0,0,0,0,0,0,0,0,0,1,1,0,5,5,0,0
4320,4320,4319,4321,4542,4543,0,0,0,0,0,0,0,0,0,1,1,0,5,5,0,0
4321,4321,4320,4322,4543,4544,0,0,0,0,0,0,0,0,0,1,1,0,5,5,0,0
4322,4322,4321,4323,4544,4545,0,0,0,0,0,0,0,0,0,1,1,0,5,5,0,0
4323,4323,4322,4324,4545,4546,0,0,0,0,0,0,0,0,0,1,1,0,5,5,0,0
4324,4324,4323,4325,4546,4547,0,0,0,0,0,0,0,0,0,1,1,0,5,5,0,0
4325,4325,4324,4326,4547,4548,0,0,0,0,0,0,0,0,0,1,1,0,5,5,0,0
4326,4326,4325,4327,4548,4549,0,0,0,0,0,0,0,0,0,1,1,0,5,5,0,0
4327,4327,4326,4328,4549,4550,0,0,0,0,0,0,0,0,0,1,1,0,5,5,0,0
4328,4328,4327,4329,4550,4551,0,0,0,0,0,0,0,0,0,1,1,0,5,5,0,0
4329,4329,4328,4330,4551,4552,0,0,0,0,0,0,0,0,0,1,1,0,5,5,0,0
4330,4330,4329,4331,4552,4553,0,0,0,0,0,0,0,0,0,1,1,0,5,5,0,0
4331,4331,4330,4332,4553,4554,0,0,0,0,0,0,0,0,0,1,1,0,5,5,0,0
4332,4332,4331,4333,4554,4555,0,0,0,0,0,0,0,0,0,1,1,0,5,5,0,0
4333,4333,4332,4334,4555,4556,0,0,0,0,0,0,0,0,0,1,1,0,5,5,0,0
4334,4334,4333,4335,4556,4557,0,0,0,0,0,0,0,0,0,1,1,0,5,5,0,0
4335,4335,4334,4336,4557,4558,0,0,0,0,0,0,0,0,0,1,1,0,5,5,0,0
4336,4336,4335,4337,4558,4559,0,0,0,0,0,0,0,0,0,1,1,0,5,5,0,0
4337,4337,4336,4338,4559,4560,0,0,0,0,0,0,0,0,0,1,1,0,5,5,0,0
4338,4338,4337,4339,4560,4561,0,0,0,0,0,0,0,0,0,1,1,0,5,5,0,0
4339,4339,4338,4340,4561,4562,0,0,0,0,0,0,0,0,0,1,1,0,5,5,0,0
4340,4340,4339,4341,4562,4563,0,0,0,0,0,0,0,0,0,1,1,0,5,5,0,0
4341,4341,4340,4342,4563,4564,0,0,0,0,0,0,0,0,0,1,1,0,5,5,0,0
4342,4342,4341,0,4564,4565,0,0,0,0,0,0,0,0,0,1,1,0,5,5,0,0
4343,4343,0,4344,4566,4567,0,0,0,0,0,0,0,0,0,1,1,0,5,5,0,0
4344,4344,4343,4345,4567,4568,0,0,0,0,0,0,0,0,0,1,1,0,5,5,0,0
4345,4345,4344,4346,4568,4569,0,0,0,0,0,0,0,0,0,1,1,0,5,5,0,0
4346,4346,4345,4347,4569,4570,0,0,0,0,0,0,0,0,0,1,1,0,5,5,0,0
4347,4347,4346,4348,4570,4571,0,0,0,0,0,0,0,0,0,1,1,0,5,5,0,0
4348,4348,4347,4349,4571,4572,0,0,0,0,0,0,0,0,0,1,1,0,5,5,0,0
4349,4349,4348,4350,4572,4573,0,0,0,0,0,0,0,0,0,1,1,0,5,5,0,0
4350,4350,4349,4351,4573,4574,0,0,0,0,0,0,0,0,0,1,1,0,5,5,0,0
4351,4351,4350,4352,4574,4575,0,0,0,0,0,0,0,0,0,1,1,0,5,5,0,0
4352,4352,4351,4353,4575,4576,0,0,0,0,0,0,0,0,0,1,1,0,5,5,0,0
4353,4353,4352,4354,4576,4577,0,0,0,0,0,0,0,0,0,1,1,0,5,5,0,0
4354,4354,4353,4355,4577,4578,0,0,0,0,0,0,0,0,0,1,1,0,5,5,0,0
4355,4355,4354,4356,4578,4579,0,0,0,0,0,0,0,0,0,1,1,0,5,5,0,0
4356,4356,4355,4357,4579,4580,0,0,0,0,0,0,0,0,0,1,1,0,5,5,0,0
4357,4357,4356,4358,4580,4581,0,0,0,0,0,0,0,0,0,1,1,0,5,5,0,0
4358,4358,4357,4359,4581,4582,0,0,0,0,0,0,0,0,0,1,1,0,5,5,0,0
4359,4359,4358,4360,4582,4583,0,0,0,0,0,0,0,0,0,1,1,0,5,5,0,0
4360,4360,4359,4361,4583,4584,0,0,0,0,0,0,0,0,0,1,1,0,5,5,0,0
4361,4361,4360,4362,4584,4585,0,0,0,0,0,0,0,0,0,1,1,0,5,5,0,0
4362,4362,4361,4363,4585,4586,0,0,0,0,0,0,0,0,0,1,1,0,5,5,0,0
4363,4363,4362,4364,4586,4587,0,0,0,0,0,0,0,0,0,1,1,0,5,5,0,0
4364,4364,4363,4365,4587,4588,0,0,0,0,0,0,0,0,0,1,1,0,5,5,0,0
4365,4365,4364,4366,4588,4589,0,0,0,0,0,0,0,0,0,1,1,0,5,5,0,0
4366,4366,4365,4367,4589,4590,0,0,0,0,0,0,0,0,0,1,1,0,5,5,0,0
4367,4367,4366,4368,4590,4591,0,0,0,0,0,0,0,0,0,1,1,0,5,5,0,0
4368,4368,4367,4369,4591,4592,0,0,0,0,0,0,0,0,0,1,1,0,5,5,0,0
4369,4369,4368,4370,4592,4593,0,0,0,0,0,0,0,0,0,1,1,0,5,5,0,0
4370,4370,4369,4371,4593,4594,0,0,0,0,0,0,0,0,0,1,1,0,5,5,0,0
4371,4371,4370,4372,4594,4595,0,0,0,0,0,0,0,0,0,1,1,0,5,5,0,0
4372,4372,4371,4373,4595,4596,0,0,0,0,0,0,0,0,0,1,1,0,5,5,0,0
4373,4373,4372,4374,4596,4597,0,0,0,0,0,0,0,0,0,1,1,0,5,5,0,0
4374,4374,4373,4375,4597,4598,0,0,0,0,0,0,0,0,0,1,1,0,5,5,0,0
4375,4375,4374,4376,4598,4599,0,0,0,0,0,0,0,0,0,1,1,0,5,5,0,0
4376,4376,4375,4377,4599,4600,0,0,0,0,0,0,0,0,0,1,1,0,5,5,0,0
4377,4377,4376,4378,4600,4601,0,0,0,0,0,0,0,0,0,1,1,0,5,5,0,0
4378,4378,4377,4379,4601,4602,0,0,0,0,0,0,0,0,0,1,1,0,5,5,0,0
4379,4379,4378,4380,4602,4603,0,0,0,0,0,0,0,0,0,1,1,0,5,5,0,0
4380,4380,4379,4381,4603,4604,0,0,0,0,0,0,0,0,0,1,1,0,5,5,0,0
4381,4381,4380,4382,4604,4605,0,0,0,0,0,0,0,0,0,1,1,0,5,5,0,0
4382,4382,4381,4383,4605,4606,0,0,0,0,0,0,0,0,0,1,1,0,5,5,0,0
4383,4383,4382,4384,4606,4607,0,0,0,0,0,0,0,0,0,1,1,0,5,5,0,0
4384,4384,4383,4385,4607,4608,0,0,0,0,0,0,0,0,0,1,1,0,5,5,0,0
4385,4385,4384,4386,4608,4609,0,0,0,0,0,0,0,0,0,1,1,0,5,5,0,0
4386,4386,4385,4387,4609,4610,0,0,0,0,0,0,0,0,0,1,1,0,5,5,0,0
4387,4387,4386,4388,4610,4611,0,0,0,0,0,0,0,0,0,1,1,0,5,5,0,0
4388,4388,4387,4389,4611,4612,0,0,0,0,0,0,0,0,0,1,1,0,5,5,0,0
4389,4389,4388,4390,4612,4613,0,0,0,0,0,0,0,0,0,1,1,0,5,5,0,0
4390,4390,4389,4391,4613,4614,0,0,0,0,0,0,0,0,0,1,1,0,5,5,0,0
4391,4391,4390,4392,4614,4615,0,0,0,0,0,0,0,0,0,1,1,0,5,5,0,0
4392,4392,4391,4393,4615,4616,0,0,0,0,0,0,0,0,0,1,1,0,5,5,0,0
4393,4393,4392,4394,4616,4617,0,0,0,0,0,0,0,0,0,1,1,0,5,5,0,0
4394,4394,4393,4395,4617,4618,0,0,0,0,0,0,0,0,0,1,1,0,5,5,0,0
4395,4395,4394,4396,4618,4619,0,0,0,0,0,0,0,0,0,1,1,0,5,5,0,0
4396,4396,4395,4397,4619,4620,0,0,0,0,0,0,0,0,0,1,1,0,5,5,0,0
4397,4397,4396,4398,4620,4621,0,0,0,0,0,0,0,0,0,1,1,0,5,5,0,0
4398,4398,4397,4399,4621,4622,0,0,0,0,0,0,0,0,0,1,1,0,5,5,0,0
4399,4399,4398,4400,4622,4623,0,0,0,0,0,0,0,0,0,1,1,0,5,5,0,0
4400,4400,4399,4401,4623,4624,0,0,0,0,0,0,0,0,0,1,1,0,5,5,0,0
4401,4401,4400,4402,4624,4625,0,0,0,0,0,0,0,0,0,1,1,0,5,5,0,0
4402,4402,4401,4403,4625,4626,0,0,0,0,0,0,0,0,0,1,1,0,5,5,0,0
4403,4403,4402,4404,4626,4627,0,0,0,0,0,0,0,0,0,1,1,0,5,5,0,0
4404,4404,4403,4405,4627,4628,0,0,0,0,0,0,0,0,0,1,1,0,5,5,0,0
4405,4405,4404,4406,4628,4629,0,0,0,0,0,0,0,0,0,1,1,0,5,5,0,0
4406,4406,4405,4407,4629,4630,0,0,0,0,0,0,0,0,0,1,1,0,5,5,0,0
4407,4407,4406,4408,4630,4631,0,0,0,0,0,0,0,0,0,1,1,0,5,5,0,0
4408,4408,4407,4409,4631,4632,0,0,0,0,0,0,0,0,0,1,1,0,5,5,0,0
4409,4409,4408,4410,4632,4633,0,0,0,0,0,0,0,0,0,1,1,0,5,5,0,0
4410,4410,4409,4411,4633,4634,0,0,0,0,0,0,0,0,0,1,1,0,5,5,0,0
4411,4411,4410,4412,4634,4635,0,0,0,0,0,0,0,0,0,1,1,0,5,5,0,0
4412,4412,4411,4413,4635,4636,0,0,0,0,0,0,0,0,0,1,1,0,5,5,0,0
4413,4413,4412,4414,4636,4637,0,0,0,0,0,0,0,0,0,1,1,0,5,5,0,0
4414,4414,4413,4415,4637,4638,0,0,0,0,0,0,0,0,0,1,1,0,5,5,0,0
4415,4415,4414,4416,4638,4639,0,0,0,0,0,0,0,0,0,1,1,0,5,5,0,0
4416,4416,4415,4417,4639,4640,0,0,0,0,0,0,0,0,0,1,1,0,5,5,0,0
4417,4417,4416,4418,4640,4641,0,0,0,0,0,0,0,0,0,1,1,0,5,5,0,0
4418,4418,4417,4419,4641,4642,0,0,0,0,0,0,0,0,0,1,1,0,5,5,0,0
4419,4419,4418,4420,4642,4643,0,0,0,0,0,0,0,0,0,1,1,0,5,5,0,0
4420,4420,4419,4421,4643,4644,0,0,0,0,0,0,0,0,0,1,1,0,5,5,0,0
4421,4421,4420,4422,4644,4645,0,0,0,0,0,0,0,0,0,1,1,0,5,5,0,0
4422,4422,4421,4423,4645,4646,0,0,0,0,0,0,0,0,0,1,1,0,5,5,0,0
4423,4423,4422,4424,4646,4647,0,0,0,0,0,0,0,0,0,1,1,0,5,5,0,0
4424,4424,4423,4425,4647,4648,0,0,0,0,0,0,0,0,0,1,1,0,5,5,0,0
4425,4425,4424,4426,4648,4649,0,0,0,0,0,0,0,0,0,1,1,0,5,5,0,0
4426,4426,4425,4427,4649,4650,0,0,0,0,0,0,0,0,0,1,1,0,5,5,0,0
4427,4427,4426,4428,4650,4651,0,0,0,0,0,0,0,0,0,1,1,0,5,5,0,0
4428,4428,4427,4429,4651,4652,0,0,0,0,0,0,0,0,0,1,1,0,5,5,0,0
4429,4429,4428,4430,4652,4653,0,0,0,0,0,0,0,0,0,1,1,0,5,5,0,0
4430,4430,4429,4431,4653,4654,0,0,0,0,0,0,0,0,0,1,1,0,5,5,0,0
4431,4431,4430,4432,4654,4655,0,0,0,0,0,0,0,0,0,1,1,0,5,5,0,0
4432,4432,4431,4433,4655,4656,0,0,0,0,0,0,0,0,0,1,1,0,5,5,0,0
4433,4433,4432,4434,4656,4657,0,0,0,0,0,0,0,0,0,1,1,0,5,5,0,0
4434,4434,4433,4435,4657,4658,0,0,0,0,0,0,0,0,0,1,1,0,5,5,0,0
4435,4435,4434,4436,4658,4659,0,0,0,0,0,0,0,0,0,1,1,0,5,5,0,0
4436,4436,4435,4437,4659,4660,0,0,0,0,0,0,0,0,0,1,1,0,5,5,0,0
4437,4437,4436,4438,4660,4661,0,0,0,0,0,0,0,0,0,1,1,0,5,5,0,0
4438,4438,4437,4439,4661,4662,0,0,0,0,0,0,0,0,0,1,1,0,5,5,0,0
4439,4439,4438,4440,4662,4663,0,0,0,0,0,0,0,0,0,1,1,0,5,5,0,0
4440,4440,4439,0,4663,4664,0,0,0,0,0,0,0,0,0,1,1,0,5,5,0,0
4441,4441,0,4442,4665,4666,0,0,0,0,0,0,0,0,0,1,1,0,5,5,0,0
4442,4442,4441,4443,4666,4667,0,0,0,0,0,0,0,0,0,1,1,0,5,5,0,0
4443,4443,4442,4444,4667,4668,0,0,0,0,0,0,0,0,0,1,1,0,5,5,0,0
4444,4444,4443,4445,4668,4669,0,0,0,0,0,0,0,0,0,1,1,0,5,5,0,0
4445,4445,4444,4446,4669,4670,0,0,0,0,0,0,0,0,0,1,1,0,5,5,0,0
4446,4446,4445,4447,4670,4671,0,0,0,0,0,0,0,0,0,1,1,0,5,5,0,0
4447,4447,4446,4448,4671,4672,0,0,0,0,0,0,0,0,0,1,1,0,5,5,0,0
4448,4448,4447,4449,4672,4673,0,0,0,0,0,0,0,0,0,1,1,0,5,5,0,0
4449,4449,4448,4450,4673,4674,0,0,0,0,0,0,0,0,0,1,1,0,5,5,0,0
4450,4450,4449,4451,4674,4675,0,0,0,0,0,0,0,0,0,1,1,0,5,5,0,0
4451,4451,4450,0,4675,4676,0,0,0,0,0,0,0,0,0,1,1,0,5,5,0,0
4452,4452,0,4453,4677,4678,0,0,0,0,0,0,0,0,0,1,1,0,5,5,0,0
4453,4453,4452,4454,4678,4679,0,0,0,0,0,0,0,0,0,1,1,0,5,5,0,0
4454,4454,4453,4455,4679,4680,0,0,0,0,0,0,0,0,0,1,1,0,5,5,0,0
4455,4455,4454,4456,4680,4681,0,0,0,0,0,0,0,0,0,1,1,0,5,5,0,0
4456,4456,4455,4457,4681,4682,0,0,0,0,0,0,0,0,0,1,1,0,5,5,0,0
4457,4457,4456,4458,4682,4683,0,0,0,0,0,0,0,0,0,1,1,0,5,5,0,0
4458,4458,4457,4459,4683,4684,0,0,0,0,0,0,0,0,0,1,1,0,5,5,0,0
4459,4459,4458,4460,4684,4685,0,0,0,0,0,0,0,0,0,1,1,0,5,5,0,0
4460,4460,4459,0,4685,4686,0,0,0,0,0,0,0,0,0,1,1,0,5,5,0,0
4461,4461,0,4462,4687,4688,0,0,0,0,0,0,0,0,0,1,1,0,5,5,0,0
4462,4462,4461,4463,4688,4689,0,0,0,0,0,0,0,0,0,1,1,0,5,5,0,0
4463,4463,4462,4464,4689,4690,0,0,0,0,0,0,0,0,0,1,1,0,5,5,0,0
4464,4464,4463,4465,4690,4691,0,0,0,0,0,0,0,0,0,1,1,0,5,5,0,0
4465,4465,4464,4466,4691,4692,0,0,0,0,0,0,0,0,0,1,1,0,5,5,0,0
4466,4466,4465,4467,4692,4693,0,0,0,0,0,0,0,0,0,1,1,0,5,5,0,0
4467,4467,4466,4468,4693,4694,0,0,0,0,0,0,0,0,0,1,1,0,5,5,0,0
4468,4468,4467,4469,4694,4695,0,0,0,0,0,0,0,0,0,1,1,0,5,5,0,0
4469,4469,4468,4470,4695,4696,0,0,0,0,0,0,0,0,0,1,1,0,5,5,0,0
4470,4470,4469,4471,4696,4697,0,0,0,0,0,0,0,0,0,1,1,0,5,5,0,0
4471,4471,4470,0,4697,4698,0,0,0,0,0,0,0,0,0,1,1,0,5,5,0,0
4472,4472,0,4473,4699,4700,0,0,0,0,0,0,0,0,0,1,1,0,5,5,0,0
4473,4473,4472,4474,4700,4701,0,0,0,0,0,0,0,0,0,1,1,0,5,5,0,0
4474,4474,4473,4475,4701,4702,0,0,0,0,0,0,0,0,0,1,1,0,5,5,0,0
4475,4475,4474,4476,4702,4703,0,0,0,0,0,0,0,0,0,1,1,0,5,5,0,0
4476,4476,4475,4477,4703,4704,0,0,0,0,0,0,0,0,0,1,1,0,5,5,0,0
4477,4477,4476,4478,4704,4705,0,0,0,0,0,0,0,0,0,1,1,0,5,5,0,0
4478,4478,4477,0,4705,4706,0,0,0,0,0,0,0,0,0,1,1,0,5,5,0,0
4479,4479,0,4480,4707,4708,0,0,0,0,0,0,0,0,0,1,1,0,5,5,0,0
4480,4480,4479,4481,4708,4709,0,0,0,0,0,0,0,0,0,1,1,0,5,5,0,0
4481,4481,4480,4482,4709,4710,0,0,0,0,0,0,0,0,0,1,1,0,5,5,0,0
4482,4482,4481,4483,4710,4711,0,0,0,0,0,0,0,0,0,1,1,0,5,5,0,0
4483,4483,4482,4484,4711,4712,0,0,0,0,0,0,0,0,0,1,1,0,5,5,0,0
4484,4484,4483,4485,4712,4713,0,0,0,0,0,0,0,0,0,1,1,0,5,5,0,0
4485,4485,4484,4486,4713,4714,0,0,0,0,0,0,0,0,0,1,1,0,5,5,0,0
4486,4486,4485,4487,4714,4715,0,0,0,0,0,0,0,0,0,1,1,0,5,5,0,0
4487,4487,4486,4488,4715,4716,0,0,0,0,0,0,0,0,0,1,1,0,5,5,0,0
4488,4488,4487,4489,4716,4717,0,0,0,0,0,0,0,0,0,1,1,0,5,5,0,0
4489,4489,4488,4490,4717,4718,0,0,0,0,0,0,0,0,0,1,1,0,5,5,0,0
4490,4490,4489,4491,4718,4719,0,0,0,0,0,0,0,0,0,1,1,0,5,5,0,0
4491,4491,4490,0,4719,4720,0,0,0,0,0,0,0,0,0,1,1,0,5,5,0,0
