PID,B,L,H,Bx,Ly,ReF,MCODE1,MCODE2,MCODE3
1,0,0,5.58,73.54,-83.3,0,0,0,0
2,0,0,5.54,72.54,-83.33,0,0,0,0
3,0,0,5.5,71.55,-83.36,0,0,0,0
4,0,0,5.47,70.55,-83.39,0,0,0,0
5,0,0,5.43,69.55,-83.42,0,0,0,0
6,0,0,5.39,68.55,-83.45,0,0,0,0
7,0,0,5.36,67.55,-83.48,0,0,0,0
8,0,0,5.32,66.55,-83.51,0,0,0,0
9,0,0,5.29,65.55,-83.54,0,0,0,0
10,0,0,5.25,64.55,-83.57,0,0,0,0
11,0,0,5.21,63.55,-83.6,0,0,0,0
12,0,0,5.18,62.56,-83.63,0,0,0,0
13,0,0,5.14,61.56,-83.66,0,0,0,0
14,0,0,5.1,60.56,-83.69,0,0,0,0
15,0,0,5.07,59.56,-83.72,0,0,0,0
16,0,0,5.03,58.56,-83.75,0,0,0,0
17,0,0,5,57.56,-83.78,0,0,0,0
18,0,0,4.96,56.56,-83.81,0,0,0,0
19,0,0,4.92,55.56,-83.84,0,0,0,0
20,0,0,4.89,54.56,-83.87,0,0,0,0
21,0,0,4.85,53.57,-83.9,0,0,0,0
22,0,0,4.81,52.57,-83.93,0,0,0,0
23,0,0,4.78,51.57,-83.96,0,0,0,0
24,0,0,4.74,50.57,-83.99,0,0,0,0
25,0,0,4.7,49.57,-84.02,0,0,0,0
26,0,0,4.67,48.57,-84.05,0,0,0,0
27,0,0,4.63,47.57,-84.08,0,0,0,0
28,0,0,4.6,46.57,-84.11,0,0,0,0
29,0,0,4.56,45.57,-84.14,0,0,0,0
30,0,0,4.52,44.58,-84.17,0,0,0,0
31,0,0,4.49,43.58,-84.2,0,0,0,0
32,0,0,4.45,42.58,-84.23,0,0,0,0
33,0,0,4.41,41.58,-84.26,0,0,0,0
34,0,0,4.38,40.58,-84.29,0,0,0,0
35,0,0,4.34,39.58,-84.32,0,0,0,0
36,0,0,4.31,38.58,-84.35,0,0,0,0
37,0,0,4.27,37.58,-84.38,0,0,0,0
38,0,0,4.23,36.58,-84.41,0,0,0,0
39,0,0,4.2,35.59,-84.44,0,0,0,0
40,0,0,4.16,34.59,-84.47,0,0,0,0
41,0,0,4.12,33.59,-84.5,0,0,0,0
42,0,0,4.09,32.59,-84.54,0,0,0,0
43,0,0,4.05,31.59,-84.57,0,0,0,0
44,0,0,4.01,30.59,-84.6,0,0,0,0
45,0,0,3.98,29.59,-84.63,0,0,0,0
46,0,0,3.94,28.59,-84.66,0,0,0,0
47,0,0,3.91,27.59,-84.69,0,0,0,0
48,0,0,3.87,26.6,-84.72,0,0,0,0
49,0,0,3.83,25.6,-84.75,0,0,0,0
50,0,0,3.8,24.6,-84.78,0,0,0,0
51,0,0,3.76,23.6,-84.81,0,0,0,0
52,0,0,3.72,22.6,-84.84,0,0,0,0
53,0,0,3.69,21.6,-84.87,0,0,0,0
54,0,0,3.65,20.6,-84.9,0,0,0,0
55,0,0,3.61,19.6,-84.93,0,0,0,0
56,0,0,3.58,18.6,-84.96,0,0,0,0
57,0,0,3.54,17.61,-84.99,0,0,0,0
58,0,0,3.51,16.61,-85.02,0,0,0,0
59,0,0,3.47,15.61,-85.05,0,0,0,0
60,0,0,3.43,14.61,-85.08,0,0,0,0
61,0,0,3.4,13.61,-85.11,0,0,0,0
62,0,0,3.36,12.61,-85.14,0,0,0,0
63,0,0,3.32,11.61,-85.17,0,0,0,0
64,0,0,3.29,10.61,-85.2,0,0,0,0
65,0,0,3.25,9.61,-85.23,0,0,0,0
66,0,0,3.22,8.62,-85.26,0,0,0,0
67,0,0,3.18,7.62,-85.29,0,0,0,0
68,0,0,3.18,7.62,-85.29,0,0,0,0
69,0,0,3.14,6.62,-85.32,0,0,0,0
70,0,0,3.14,6.62,-85.32,0,0,0,0
71,0,0,3.11,5.62,-85.35,0,0,0,0
72,0,0,3.07,4.62,-85.38,0,0,0,0
73,0,0,3.03,3.62,-85.41,0,0,0,0
74,0,0,3,2.62,-85.44,0,0,0,0
75,0,0,3.01,1.62,-85.47,0,0,0,0
76,0,0,3.03,0.62,-85.5,0,0,0,0
77,0,0,3.05,-0.38,-85.53,0,0,0,0
78,0,0,3.06,-1.38,-85.56,0,0,0,0
79,0,0,3.08,-2.37,-85.59,0,0,0,0
80,0,0,3.1,-3.37,-85.62,0,0,0,0
81,0,0,3.11,-4.37,-85.65,0,0,0,0
82,0,0,3.13,-5.37,-85.68,0,0,0,0
83,0,0,3.14,-6.37,-85.71,0,0,0,0
84,0,0,3.16,-7.37,-85.74,0,0,0,0
85,0,0,3.18,-8.37,-85.77,0,0,0,0
86,0,0,3.19,-9.37,-85.8,0,0,0,0
87,0,0,3.21,-10.37,-85.83,0,0,0,0
88,0,0,3.23,-11.37,-85.86,0,0,0,0
89,0,0,3.24,-12.37,-85.89,0,0,0,0
90,0,0,3.26,-13.37,-85.92,0,0,0,0
91,0,0,3.27,-14.37,-85.95,0,0,0,0
92,0,0,3.29,-15.37,-85.98,0,0,0,0
93,0,0,3.31,-16.37,-86.01,0,0,0,0
94,0,0,3.32,-17.37,-86.04,0,0,0,0
95,0,0,3.34,-18.37,-86.07,0,0,0,0
96,0,0,3.36,-19.36,-86.1,0,0,0,0
97,0,0,3.37,-20.36,-86.13,0,0,0,0
98,0,0,3.39,-21.36,-86.16,0,0,0,0
99,0,0,3.4,-22.36,-86.19,0,0,0,0
100,0,0,3.42,-23.36,-86.22,0,0,0,0
101,0,0,3.44,-24.36,-86.25,0,0,0,0
102,0,0,3.45,-25.36,-86.28,0,0,0,0
103,0,0,3.47,-26.36,-86.31,0,0,0,0
104,0,0,3.49,-27.36,-86.34,0,0,0,0
105,0,0,3.5,-28.36,-86.37,0,0,0,0
106,0,0,3.52,-29.36,-86.4,0,0,0,0
107,0,0,3.53,-30.36,-86.43,0,0,0,0
108,0,0,3.55,-31.36,-86.46,0,0,0,0
109,0,0,3.57,-32.36,-86.49,0,0,0,0
110,0,0,3.58,-33.36,-86.52,0,0,0,0
111,0,0,3.6,-34.36,-86.55,0,0,0,0
112,0,0,3.62,-35.36,-86.58,0,0,0,0
113,0,0,3.63,-36.35,-86.61,0,0,0,0
114,0,0,3.65,-37.35,-86.64,0,0,0,0
115,0,0,3.66,-38.35,-86.67,0,0,0,0
116,0,0,3.68,-39.35,-86.7,0,0,0,0
117,0,0,3.7,-40.35,-86.73,0,0,0,0
118,0,0,3.71,-41.35,-86.76,0,0,0,0
119,0,0,3.73,-42.35,-86.79,0,0,0,0
120,0,0,3.75,-43.35,-86.82,0,0,0,0
121,0,0,3.76,-44.35,-86.85,0,0,0,0
122,0,0,3.78,-45.35,-86.88,0,0,0,0
123,0,0,3.79,-46.35,-86.91,0,0,0,0
124,0,0,3.81,-47.35,-86.94,0,0,0,0
125,0,0,3.83,-48.35,-86.97,0,0,0,0
126,0,0,3.84,-49.35,-87,0,0,0,0
127,0,0,3.86,-50.35,-87.03,0,0,0,0
128,0,0,3.88,-51.35,-87.06,0,0,0,0
129,0,0,3.89,-52.35,-87.09,0,0,0,0
130,0,0,3.91,-53.34,-87.12,0,0,0,0
131,0,0,3.92,-54.34,-87.15,0,0,0,0
132,0,0,3.93,-54.39,-87.16,0,0,0,0
133,0,0,3.91,-55.39,-87.19,0,0,0,0
134,0,0,3.9,-56.39,-87.22,0,0,0,0
135,0,0,3.89,-57.39,-87.25,0,0,0,0
136,0,0,3.87,-58.39,-87.28,0,0,0,0
137,0,0,3.86,-59.39,-87.31,0,0,0,0
138,0,0,3.85,-60.38,-87.34,0,0,0,0
139,0,0,3.84,-61.35,-87.36,0,0,0,0
140,0,0,3.84,-61.35,-87.36,0,0,0,0
141,0,0,3.89,-62.35,-87.39,0,0,0,0
142,0,0,3.95,-63.35,-87.41,0,0,0,0
143,0,0,4,-64.35,-87.43,0,0,0,0
144,0,0,4.06,-65.35,-87.46,0,0,0,0
145,0,0,4.11,-66.35,-87.48,0,0,0,0
146,0,0,4.17,-67.34,-87.5,0,0,0,0
147,0,0,4.22,-68.34,-87.52,0,0,0,0
148,0,0,4.28,-69.34,-87.55,0,0,0,0
149,0,0,4.33,-70.34,-87.57,0,0,0,0
150,0,0,4.39,-71.34,-87.59,0,0,0,0
151,0,0,4.44,-72.33,-87.62,0,0,0,0
152,0,0,4.5,-73.33,-87.64,0,0,0,0
153,0,0,4.56,-74.33,-87.66,0,0,0,0
154,0,0,4.61,-75.33,-87.68,0,0,0,0
155,0,0,4.67,-76.33,-87.71,0,0,0,0
156,0,0,4.72,-77.33,-87.73,0,0,0,0
157,0,0,4.78,-78.32,-87.75,0,0,0,0
158,0,0,4.83,-79.32,-87.77,0,0,0,0
159,0,0,4.89,-80.32,-87.8,0,0,0,0
160,0,0,4.94,-81.32,-87.82,0,0,0,0
161,0,0,5,-82.32,-87.84,0,0,0,0
162,0,0,5.05,-83.32,-87.87,0,0,0,0
163,0,0,5.11,-84.31,-87.89,0,0,0,0
164,0,0,5.16,-85.31,-87.91,0,0,0,0
165,0,0,5.22,-86.31,-87.93,0,0,0,0
166,0,0,5.28,-87.31,-87.96,0,0,0,0
167,0,0,5.33,-88.31,-87.98,0,0,0,0
168,0,0,5.39,-89.3,-88,0,0,0,0
169,0,0,5.44,-90.3,-88.02,0,0,0,0
170,0,0,5.5,-91.3,-88.05,0,0,0,0
171,0,0,5.55,-92.3,-88.07,0,0,0,0
172,0,0,5.61,-93.3,-88.09,0,0,0,0
173,0,0,5.66,-94.3,-88.12,0,0,0,0
174,0,0,5.72,-95.29,-88.14,0,0,0,0
175,0,0,5.77,-96.29,-88.16,0,0,0,0
176,0,0,5.83,-97.29,-88.18,0,0,0,0
177,0,0,5.88,-98.29,-88.21,0,0,0,0
178,0,0,5.94,-99.29,-88.23,0,0,0,0
179,0,0,6,-100.28,-88.25,0,0,0,0
180,0,0,6.05,-101.28,-88.28,0,0,0,0
181,0,0,6.11,-102.28,-88.3,0,0,0,0
182,0,0,6.16,-103.28,-88.32,0,0,0,0
183,0,0,6.22,-104.28,-88.34,0,0,0,0
184,0,0,6.27,-105.28,-88.37,0,0,0,0
185,0,0,6.33,-106.27,-88.39,0,0,0,0
186,0,0,6.38,-107.27,-88.41,0,0,0,0
187,0,0,6.44,-108.27,-88.43,0,0,0,0
188,0,0,6.49,-109.27,-88.46,0,0,0,0
189,0,0,6.55,-110.27,-88.48,0,0,0,0
190,0,0,6.6,-111.26,-88.5,0,0,0,0
191,0,0,6.66,-112.26,-88.53,0,0,0,0
192,0,0,6.72,-113.26,-88.55,0,0,0,0
193,0,0,6.74,-113.74,-88.53,0,0,0,0
194,0,0,6.74,-113.74,-88.53,0,0,0,0
195,0,0,6.84,-114.73,-88.58,0,0,0,0
196,0,0,6.84,-114.73,-88.58,0,0,0,0
197,0,0,6.94,-115.73,-88.63,0,0,0,0
198,0,0,7.04,-116.72,-88.68,0,0,0,0
199,0,0,7.14,-117.72,-88.73,0,0,0,0
200,0,0,7.25,-118.71,-88.78,0,0,0,0
201,0,0,7.35,-119.7,-88.83,0,0,0,0
202,0,0,7.45,-120.7,-88.88,0,0,0,0
203,0,0,7.55,-121.69,-88.93,0,0,0,0
204,0,0,7.55,-121.69,-88.93,0,0,0,0
205,0,0,7.65,-122.68,-88.98,0,0,0,0
206,0,0,7.65,-122.68,-88.98,0,0,0,0
207,0,0,7.75,-123.68,-89.03,0,0,0,0
208,0,0,7.85,-124.67,-89.08,0,0,0,0
209,0,0,7.95,-125.66,-89.13,0,0,0,0
210,0,0,8.05,-126.66,-89.18,0,0,0,0
211,0,0,8.15,-127.65,-89.24,0,0,0,0
212,0,0,8.25,-128.65,-89.29,0,0,0,0
213,0,0,8.29,-128.98,-89.3,0,0,0,0
214,0,0,8.29,-128.98,-89.3,0,0,0,0
215,0,0,8.32,-129.98,-89.36,0,0,0,0
216,0,0,8.32,-129.98,-89.36,0,0,0,0
217,0,0,8.37,-130.97,-89.36,0,0,0,0
218,0,0,8.41,-131.97,-89.29,0,0,0,0
219,0,0,8.45,-132.96,-89.17,0,0,0,0
220,0,0,8.5,-133.95,-89,0,0,0,0
221,0,0,8.54,-134.92,-88.78,0,0,0,0
222,0,0,8.59,-135.88,-88.51,0,0,0,0
223,0,0,8.64,-136.83,-88.2,0,0,0,0
224,0,0,8.69,-137.77,-87.85,0,0,0,0
225,0,0,8.74,-138.69,-87.46,0,0,0,0
226,0,0,8.74,-138.69,-87.46,0,0,0,0
227,0,0,8.79,-139.59,-87.04,0,0,0,0
228,0,0,8.79,-139.59,-87.04,0,0,0,0
229,0,0,8.84,-140.48,-86.58,0,0,0,0
230,0,0,8.89,-141.34,-86.08,0,0,0,0
231,0,0,8.94,-142.19,-85.55,0,0,0,0
232,0,0,8.99,-143.02,-84.99,0,0,0,0
233,0,0,9.04,-143.82,-84.39,0,0,0,0
234,0,0,9.09,-144.59,-83.76,0,0,0,0
235,0,0,9.14,-145.34,-83.1,0,0,0,0
236,0,0,9.19,-146.06,-82.4,0,0,0,0
237,0,0,9.23,-146.74,-81.67,0,0,0,0
238,0,0,9.28,-147.38,-80.91,0,0,0,0
239,0,0,9.32,-147.97,-80.1,0,0,0,0
240,0,0,9.37,-148.52,-79.27,0,0,0,0
241,0,0,9.31,-148.93,-78.36,0,0,0,0
242,0,0,9.24,-149.3,-77.43,0,0,0,0
243,0,0,9.17,-149.63,-76.49,0,0,0,0
244,0,0,9.1,-149.93,-75.54,0,0,0,0
245,0,0,9.03,-150.2,-74.58,0,0,0,0
246,0,0,8.96,-150.44,-73.61,0,0,0,0
247,0,0,8.88,-150.66,-72.64,0,0,0,0
248,0,0,8.81,-150.86,-71.66,0,0,0,0
249,0,0,8.73,-151.03,-70.68,0,0,0,0
250,0,0,8.66,-151.19,-69.69,0,0,0,0
251,0,0,8.58,-151.33,-68.71,0,0,0,0
252,0,0,8.5,-151.46,-67.72,0,0,0,0
253,0,0,8.43,-151.57,-66.73,0,0,0,0
254,0,0,8.35,-151.67,-65.73,0,0,0,0
255,0,0,8.28,-151.76,-64.74,0,0,0,0
256,0,0,8.2,-151.84,-63.75,0,0,0,0
257,0,0,8.13,-151.91,-62.75,0,0,0,0
258,0,0,8.05,-151.97,-61.76,0,0,0,0
259,0,0,7.98,-152.02,-60.76,0,0,0,0
260,0,0,7.91,-152.07,-59.76,0,0,0,0
261,0,0,7.84,-152.12,-58.77,0,0,0,0
262,0,0,7.77,-152.16,-57.77,0,0,0,0
263,0,0,7.71,-152.19,-56.77,0,0,0,0
264,0,0,7.64,-152.23,-55.78,0,0,0,0
265,0,0,7.58,-152.26,-54.78,0,0,0,0
266,0,0,7.55,-152.29,-53.78,0,0,0,0
267,0,0,7.51,-152.31,-52.78,0,0,0,0
268,0,0,7.47,-152.33,-51.78,0,0,0,0
269,0,0,7.44,-152.36,-50.78,0,0,0,0
270,0,0,7.4,-152.38,-49.78,0,0,0,0
271,0,0,7.36,-152.41,-48.78,0,0,0,0
272,0,0,7.33,-152.43,-47.79,0,0,0,0
273,0,0,7.29,-152.45,-46.79,0,0,0,0
274,0,0,7.25,-152.48,-45.79,0,0,0,0
275,0,0,7.21,-152.5,-44.79,0,0,0,0
276,0,0,7.18,-152.53,-43.79,0,0,0,0
277,0,0,7.14,-152.55,-42.79,0,0,0,0
278,0,0,7.1,-152.58,-41.79,0,0,0,0
279,0,0,7.07,-152.6,-40.79,0,0,0,0
280,0,0,7.03,-152.62,-39.79,0,0,0,0
281,0,0,6.99,-152.65,-38.79,0,0,0,0
282,0,0,6.96,-152.67,-37.8,0,0,0,0
283,0,0,6.92,-152.7,-36.8,0,0,0,0
284,0,0,6.88,-152.72,-35.8,0,0,0,0
285,0,0,6.85,-152.74,-34.8,0,0,0,0
286,0,0,6.81,-152.77,-33.8,0,0,0,0
287,0,0,6.77,-152.79,-32.8,0,0,0,0
288,0,0,6.74,-152.82,-31.8,0,0,0,0
289,0,0,6.7,-152.84,-30.8,0,0,0,0
290,0,0,6.66,-152.86,-29.8,0,0,0,0
291,0,0,6.63,-152.89,-28.8,0,0,0,0
292,0,0,6.59,-152.91,-27.8,0,0,0,0
293,0,0,6.55,-152.94,-26.81,0,0,0,0
294,0,0,6.54,-152.94,-26.56,0,0,0,0
295,0,0,6.54,-152.94,-26.56,0,0,0,0
296,0,0,6.55,-152.97,-25.56,0,0,0,0
297,0,0,6.56,-153,-24.56,0,0,0,0
298,0,0,6.56,-153.03,-23.56,0,0,0,0
299,0,0,6.57,-153.06,-22.56,0,0,0,0
300,0,0,6.58,-153.09,-21.56,0,0,0,0
301,0,0,6.58,-153.12,-20.56,0,0,0,0
302,0,0,6.59,-153.15,-19.56,0,0,0,0
303,0,0,6.6,-153.18,-18.56,0,0,0,0
304,0,0,6.61,-153.21,-17.56,0,0,0,0
305,0,0,6.61,-153.24,-16.56,0,0,0,0
306,0,0,6.62,-153.27,-15.56,0,0,0,0
307,0,0,6.63,-153.3,-14.56,0,0,0,0
308,0,0,6.63,-153.33,-13.56,0,0,0,0
309,0,0,6.64,-153.36,-12.56,0,0,0,0
310,0,0,6.65,-153.39,-11.56,0,0,0,0
311,0,0,6.66,-153.42,-10.56,0,0,0,0
312,0,0,6.66,-153.45,-9.57,0,0,0,0
313,0,0,6.67,-153.48,-8.57,0,0,0,0
314,0,0,6.68,-153.51,-7.57,0,0,0,0
315,0,0,6.68,-153.54,-6.57,0,0,0,0
316,0,0,6.69,-153.57,-5.57,0,0,0,0
317,0,0,6.7,-153.6,-4.57,0,0,0,0
318,0,0,6.7,-153.63,-3.57,0,0,0,0
319,0,0,6.71,-153.67,-2.57,0,0,0,0
320,0,0,6.72,-153.7,-1.57,0,0,0,0
321,0,0,6.73,-153.73,-0.57,0,0,0,0
322,0,0,6.73,-153.76,0.43,0,0,0,0
323,0,0,6.74,-153.79,1.43,0,0,0,0
324,0,0,6.75,-153.82,2.43,0,0,0,0
325,0,0,6.75,-153.85,3.43,0,0,0,0
326,0,0,6.76,-153.88,4.43,0,0,0,0
327,0,0,6.77,-153.91,5.43,0,0,0,0
328,0,0,6.78,-153.94,6.43,0,0,0,0
329,0,0,6.78,-153.97,7.43,0,0,0,0
330,0,0,6.79,-154,8.43,0,0,0,0
331,0,0,6.8,-154.03,9.43,0,0,0,0
332,0,0,6.8,-154.06,10.43,0,0,0,0
333,0,0,6.81,-154.09,11.42,0,0,0,0
334,0,0,6.82,-154.12,12.42,0,0,0,0
335,0,0,6.82,-154.15,13.42,0,0,0,0
336,0,0,6.83,-154.18,14.42,0,0,0,0
337,0,0,6.84,-154.21,15.42,0,0,0,0
338,0,0,6.85,-154.24,16.42,0,0,0,0
339,0,0,6.85,-154.27,17.42,0,0,0,0
340,0,0,6.86,-154.3,18.42,0,0,0,0
341,0,0,6.87,-154.33,19.42,0,0,0,0
342,0,0,6.87,-154.36,20.42,0,0,0,0
343,0,0,6.88,-154.39,21.42,0,0,0,0
344,0,0,6.89,-154.42,22.42,0,0,0,0
345,0,0,6.9,-154.45,23.42,0,0,0,0
346,0,0,6.9,-154.48,24.42,0,0,0,0
347,0,0,6.91,-154.51,25.42,0,0,0,0
348,0,0,6.92,-154.54,26.42,0,0,0,0
349,0,0,6.92,-154.57,27.42,0,0,0,0
350,0,0,6.93,-154.6,28.42,0,0,0,0
351,0,0,6.94,-154.63,29.42,0,0,0,0
352,0,0,6.94,-154.66,30.42,0,0,0,0
353,0,0,6.95,-154.69,31.42,0,0,0,0
354,0,0,6.96,-154.72,32.41,0,0,0,0
355,0,0,6.97,-154.75,33.41,0,0,0,0
356,0,0,6.97,-154.78,34.41,0,0,0,0
357,0,0,6.98,-154.81,35.41,0,0,0,0
358,0,0,6.99,-154.84,36.41,0,0,0,0
359,0,0,6.99,-154.87,37.41,0,0,0,0
360,0,0,7,-154.9,38.41,0,0,0,0
361,0,0,7.01,-154.93,39.41,0,0,0,0
362,0,0,7.02,-154.96,40.41,0,0,0,0
363,0,0,7.02,-154.99,41.41,0,0,0,0
364,0,0,7.03,-155.02,42.41,0,0,0,0
365,0,0,7.04,-155.05,43.41,0,0,0,0
366,0,0,7.04,-155.08,44.41,0,0,0,0
367,0,0,7.05,-155.11,45.41,0,0,0,0
368,0,0,7.06,-155.14,46.41,0,0,0,0
369,0,0,7.06,-155.17,47.41,0,0,0,0
370,0,0,7.07,-155.2,48.41,0,0,0,0
371,0,0,7.08,-155.23,49.41,0,0,0,0
372,0,0,7.09,-155.26,50.41,0,0,0,0
373,0,0,7.09,-155.29,51.41,0,0,0,0
374,0,0,7.1,-155.32,52.41,0,0,0,0
375,0,0,7.11,-155.35,53.4,0,0,0,0
376,0,0,7.11,-155.38,54.4,0,0,0,0
377,0,0,7.12,-155.41,55.4,0,0,0,0
378,0,0,7.13,-155.44,56.4,0,0,0,0
379,0,0,7.14,-155.47,57.4,0,0,0,0
380,0,0,7.14,-155.5,58.4,0,0,0,0
381,0,0,7.15,-155.53,59.4,0,0,0,0
382,0,0,7.16,-155.56,60.4,0,0,0,0
383,0,0,7.14,-155.68,61.39,0,0,0,0
384,0,0,7.11,-155.75,62.39,0,0,0,0
385,0,0,7.1,-155.57,63.38,0,0,0,0
386,0,0,7.08,-155.37,64.35,0,0,0,0
387,0,0,7.06,-155.15,65.33,0,0,0,0
388,0,0,7.05,-154.9,66.3,0,0,0,0
389,0,0,7.03,-154.63,67.26,0,0,0,0
390,0,0,7.01,-154.34,68.22,0,0,0,0
391,0,0,6.98,-154.02,69.16,0,0,0,0
392,0,0,6.96,-153.66,70.1,0,0,0,0
393,0,0,6.93,-153.28,71.02,0,0,0,0
394,0,0,6.91,-152.86,71.93,0,0,0,0
395,0,0,6.88,-152.4,72.82,0,0,0,0
396,0,0,6.85,-151.91,73.69,0,0,0,0
397,0,0,6.82,-151.38,74.54,0,0,0,0
398,0,0,6.79,-150.81,75.36,0,0,0,0
399,0,0,6.76,-150.2,76.15,0,0,0,0
400,0,0,6.72,-149.56,76.91,0,0,0,0
401,0,0,6.69,-148.87,77.64,0,0,0,0
402,0,0,6.65,-148.15,78.33,0,0,0,0
403,0,0,6.62,-147.39,78.99,0,0,0,0
404,0,0,6.58,-146.61,79.61,0,0,0,0
405,0,0,6.55,-145.79,80.18,0,0,0,0
406,0,0,6.51,-144.95,80.73,0,0,0,0
407,0,0,6.48,-144.09,81.23,0,0,0,0
408,0,0,6.45,-143.21,81.71,0,0,0,0
409,0,0,6.41,-142.32,82.15,0,0,0,0
410,0,0,6.38,-141.41,82.56,0,0,0,0
411,0,0,6.36,-140.49,82.95,0,0,0,0
412,0,0,6.33,-139.56,83.32,0,0,0,0
413,0,0,6.31,-138.62,83.66,0,0,0,0
414,0,0,6.3,-138.58,83.68,0,0,0,0
415,0,0,6.3,-138.58,83.68,0,0,0,0
416,0,0,6.24,-137.64,83.69,0,0,0,0
417,0,0,6.24,-137.64,83.69,0,0,0,0
418,0,0,6.18,-136.64,83.7,0,0,0,0
419,0,0,6.11,-135.64,83.72,0,0,0,0
420,0,0,6.05,-134.64,83.73,0,0,0,0
421,0,0,5.98,-133.65,83.74,0,0,0,0
422,0,0,5.92,-132.65,83.76,0,0,0,0
423,0,0,5.86,-131.65,83.77,0,0,0,0
424,0,0,5.79,-130.65,83.78,0,0,0,0
425,0,0,5.79,-130.65,83.78,0,0,0,0
426,0,0,5.73,-129.65,83.8,0,0,0,0
427,0,0,5.73,-129.65,83.8,0,0,0,0
428,0,0,5.66,-128.66,83.81,0,0,0,0
429,0,0,5.6,-127.66,83.82,0,0,0,0
430,0,0,5.54,-126.66,83.84,0,0,0,0
431,0,0,5.47,-125.66,83.85,0,0,0,0
432,0,0,5.41,-124.66,83.86,0,0,0,0
433,0,0,5.34,-123.67,83.88,0,0,0,0
434,0,0,5.28,-122.67,83.89,0,0,0,0
435,0,0,5.21,-121.67,83.9,0,0,0,0
436,0,0,5.15,-120.67,83.92,0,0,0,0
437,0,0,5.09,-119.68,83.93,0,0,0,0
438,0,0,5.02,-118.68,83.94,0,0,0,0
439,0,0,4.96,-117.68,83.96,0,0,0,0
440,0,0,4.89,-116.68,83.97,0,0,0,0
441,0,0,4.83,-115.68,83.98,0,0,0,0
442,0,0,4.77,-114.69,84,0,0,0,0
443,0,0,4.7,-113.69,84.01,0,0,0,0
444,0,0,4.64,-112.69,84.02,0,0,0,0
445,0,0,4.57,-111.69,84.04,0,0,0,0
446,0,0,4.51,-110.69,84.05,0,0,0,0
447,0,0,4.45,-109.7,84.06,0,0,0,0
448,0,0,4.38,-108.7,84.08,0,0,0,0
449,0,0,4.32,-107.7,84.09,0,0,0,0
450,0,0,4.25,-106.7,84.1,0,0,0,0
451,0,0,4.19,-105.71,84.12,0,0,0,0
452,0,0,4.12,-104.71,84.13,0,0,0,0
453,0,0,4.06,-103.71,84.14,0,0,0,0
454,0,0,4,-102.71,84.16,0,0,0,0
455,0,0,3.93,-101.71,84.17,0,0,0,0
456,0,0,3.87,-100.72,84.18,0,0,0,0
457,0,0,3.8,-99.72,84.2,0,0,0,0
458,0,0,3.74,-98.72,84.21,0,0,0,0
459,0,0,3.68,-97.72,84.22,0,0,0,0
460,0,0,3.61,-96.72,84.23,0,0,0,0
461,0,0,3.55,-95.73,84.25,0,0,0,0
462,0,0,3.48,-94.73,84.26,0,0,0,0
463,0,0,3.42,-93.73,84.27,0,0,0,0
464,0,0,3.36,-92.73,84.29,0,0,0,0
465,0,0,3.29,-91.74,84.3,0,0,0,0
466,0,0,3.23,-90.74,84.31,0,0,0,0
467,0,0,3.16,-89.74,84.33,0,0,0,0
468,0,0,3.1,-88.74,84.34,0,0,0,0
469,0,0,3.03,-87.74,84.35,0,0,0,0
470,0,0,2.97,-86.75,84.37,0,0,0,0
471,0,0,2.91,-85.75,84.38,0,0,0,0
472,0,0,2.84,-84.75,84.39,0,0,0,0
473,0,0,2.78,-83.75,84.41,0,0,0,0
474,0,0,2.71,-82.75,84.42,0,0,0,0
475,0,0,2.65,-81.76,84.43,0,0,0,0
476,0,0,2.59,-80.76,84.45,0,0,0,0
477,0,0,2.52,-79.76,84.46,0,0,0,0
478,0,0,2.46,-78.76,84.47,0,0,0,0
479,0,0,2.39,-77.77,84.49,0,0,0,0
480,0,0,2.33,-76.77,84.5,0,0,0,0
481,0,0,2.29,-76.22,84.51,0,0,0,0
482,0,0,2.29,-76.22,84.51,0,0,0,0
483,0,0,2.24,-75.22,84.52,0,0,0,0
484,0,0,2.24,-75.22,84.52,0,0,0,0
485,0,0,2.19,-74.22,84.54,0,0,0,0
486,0,0,2.14,-73.22,84.55,0,0,0,0
487,0,0,2.08,-72.23,84.57,0,0,0,0
488,0,0,2.03,-71.23,84.59,0,0,0,0
489,0,0,1.98,-70.23,84.6,0,0,0,0
490,0,0,1.93,-69.23,84.62,0,0,0,0
491,0,0,1.87,-68.23,84.63,0,0,0,0
492,0,0,1.82,-67.23,84.65,0,0,0,0
493,0,0,1.77,-66.23,84.66,0,0,0,0
494,0,0,1.72,-65.24,84.68,0,0,0,0
495,0,0,1.66,-64.24,84.69,0,0,0,0
496,0,0,1.66,-64.24,84.69,0,0,0,0
497,0,0,1.61,-63.24,84.71,0,0,0,0
498,0,0,1.61,-63.24,84.71,0,0,0,0
499,0,0,1.56,-62.24,84.73,0,0,0,0
500,0,0,1.5,-61.24,84.74,0,0,0,0
501,0,0,1.45,-60.24,84.76,0,0,0,0
502,0,0,1.4,-59.25,84.77,0,0,0,0
503,0,0,1.35,-58.25,84.79,0,0,0,0
504,0,0,1.29,-57.25,84.8,0,0,0,0
505,0,0,1.24,-56.25,84.82,0,0,0,0
506,0,0,1.19,-55.25,84.83,0,0,0,0
507,0,0,1.14,-54.25,84.85,0,0,0,0
508,0,0,1.08,-53.25,84.86,0,0,0,0
509,0,0,1.03,-52.26,84.88,0,0,0,0
510,0,0,0.98,-51.26,84.9,0,0,0,0
511,0,0,0.93,-50.26,84.91,0,0,0,0
512,0,0,0.87,-49.26,84.93,0,0,0,0
513,0,0,0.82,-48.26,84.94,0,0,0,0
514,0,0,0.77,-47.26,84.96,0,0,0,0
515,0,0,0.72,-46.26,84.97,0,0,0,0
516,0,0,0.66,-45.27,84.99,0,0,0,0
517,0,0,0.61,-44.27,85,0,0,0,0
518,0,0,0.56,-43.27,85.02,0,0,0,0
519,0,0,0.5,-42.27,85.04,0,0,0,0
520,0,0,0.45,-41.27,85.05,0,0,0,0
521,0,0,0.4,-40.27,85.07,0,0,0,0
522,0,0,0.35,-39.28,85.08,0,0,0,0
523,0,0,0.29,-38.28,85.1,0,0,0,0
524,0,0,0.24,-37.28,85.11,0,0,0,0
525,0,0,0.19,-36.28,85.13,0,0,0,0
526,0,0,0.14,-35.28,85.14,0,0,0,0
527,0,0,0.08,-34.28,85.16,0,0,0,0
528,0,0,0.03,-33.28,85.18,0,0,0,0
529,0,0,0,-32.69,85.18,0,0,0,0
530,0,0,0,-32.69,85.18,0,0,0,0
531,0,0,-0.03,-31.69,85.21,0,0,0,0
532,0,0,-0.03,-31.69,85.21,0,0,0,0
533,0,0,-0.06,-30.69,85.23,0,0,0,0
534,0,0,-0.09,-29.69,85.25,0,0,0,0
535,0,0,-0.12,-28.69,85.27,0,0,0,0
536,0,0,-0.15,-27.69,85.3,0,0,0,0
537,0,0,-0.18,-26.69,85.32,0,0,0,0
538,0,0,-0.21,-25.69,85.34,0,0,0,0
539,0,0,-0.24,-24.7,85.36,0,0,0,0
540,0,0,-0.27,-23.7,85.38,0,0,0,0
541,0,0,-0.27,-23.7,85.38,0,0,0,0
542,0,0,-0.3,-22.7,85.41,0,0,0,0
543,0,0,-0.3,-22.7,85.41,0,0,0,0
544,0,0,-0.33,-21.7,85.43,0,0,0,0
545,0,0,-0.36,-20.7,85.45,0,0,0,0
546,0,0,-0.39,-19.7,85.47,0,0,0,0
547,0,0,-0.42,-18.7,85.5,0,0,0,0
548,0,0,-0.45,-17.7,85.52,0,0,0,0
549,0,0,-0.48,-16.7,85.54,0,0,0,0
550,0,0,-0.51,-15.7,85.56,0,0,0,0
551,0,0,-0.54,-14.7,85.58,0,0,0,0
552,0,0,-0.57,-13.7,85.61,0,0,0,0
553,0,0,-0.6,-12.7,85.63,0,0,0,0
554,0,0,-0.63,-11.7,85.65,0,0,0,0
555,0,0,-0.66,-10.71,85.67,0,0,0,0
556,0,0,-0.69,-9.71,85.69,0,0,0,0
557,0,0,-0.7,-9.25,85.7,0,0,0,0
558,0,0,-0.7,-9.25,85.7,0,0,0,0
559,0,0,-0.69,-8.25,85.74,0,0,0,0
560,0,0,-0.67,-7.25,85.77,0,0,0,0
561,0,0,-0.66,-6.25,85.8,0,0,0,0
562,0,0,-0.65,-5.26,85.82,0,0,0,0
563,0,0,-0.63,-4.26,85.85,0,0,0,0
564,0,0,-0.62,-3.26,85.88,0,0,0,0
565,0,0,-0.61,-2.26,85.91,0,0,0,0
566,0,0,-0.59,-1.26,85.94,0,0,0,0
567,0,0,-0.58,-0.26,85.96,0,0,0,0
568,0,0,-0.58,-0.26,85.96,0,0,0,0
569,0,0,-0.57,0.74,85.99,0,0,0,0
570,0,0,-0.57,0.74,85.99,0,0,0,0
571,0,0,-0.55,1.74,86.01,0,0,0,0
572,0,0,-0.54,2.74,86.04,0,0,0,0
573,0,0,-0.53,3.74,86.07,0,0,0,0
574,0,0,-0.51,4.74,86.09,0,0,0,0
575,0,0,-0.5,5.74,86.12,0,0,0,0
576,0,0,-0.49,6.74,86.14,0,0,0,0
577,0,0,-0.48,7.74,86.17,0,0,0,0
578,0,0,-0.46,8.74,86.19,0,0,0,0
579,0,0,-0.45,9.74,86.22,0,0,0,0
580,0,0,-0.44,10.74,86.24,0,0,0,0
581,0,0,-0.43,11.74,86.27,0,0,0,0
582,0,0,-0.41,12.74,86.29,0,0,0,0
583,0,0,-0.4,13.74,86.32,0,0,0,0
584,0,0,-0.39,14.74,86.35,0,0,0,0
585,0,0,-0.37,15.74,86.37,0,0,0,0
586,0,0,-0.36,16.74,86.4,0,0,0,0
587,0,0,-0.35,17.74,86.42,0,0,0,0
588,0,0,-0.34,18.73,86.45,0,0,0,0
589,0,0,-0.32,19.73,86.47,0,0,0,0
590,0,0,-0.31,20.73,86.5,0,0,0,0
591,0,0,-0.3,21.73,86.52,0,0,0,0
592,0,0,-0.28,22.73,86.55,0,0,0,0
593,0,0,-0.27,23.73,86.58,0,0,0,0
594,0,0,-0.26,24.73,86.6,0,0,0,0
595,0,0,-0.25,25.73,86.63,0,0,0,0
596,0,0,-0.23,26.73,86.66,0,0,0,0
597,0,0,-0.22,27.73,86.68,0,0,0,0
598,0,0,-0.21,28.73,86.71,0,0,0,0
599,0,0,-0.19,29.73,86.74,0,0,0,0
600,0,0,-0.18,30.73,86.76,0,0,0,0
601,0,0,-0.17,31.73,86.79,0,0,0,0
602,0,0,-0.15,32.73,86.82,0,0,0,0
603,0,0,-0.14,33.73,86.85,0,0,0,0
604,0,0,-0.13,34.73,86.88,0,0,0,0
605,0,0,-0.11,35.73,86.91,0,0,0,0
606,0,0,-0.1,36.73,86.93,0,0,0,0
607,0,0,-0.08,37.73,86.96,0,0,0,0
608,0,0,-0.07,38.73,86.99,0,0,0,0
609,0,0,-0.05,39.72,87.02,0,0,0,0
610,0,0,-0.04,40.72,87.06,0,0,0,0
611,0,0,-0.03,41.72,87.09,0,0,0,0
612,0,0,-0.01,42.72,87.12,0,0,0,0
613,0,0,0,43.72,87.15,0,0,0,0
614,0,0,0.02,44.72,87.19,0,0,0,0
615,0,0,0.04,45.72,87.22,0,0,0,0
616,0,0,0.05,46.72,87.26,0,0,0,0
617,0,0,0.07,47.72,87.3,0,0,0,0
618,0,0,0.08,48.72,87.33,0,0,0,0
619,0,0,0.1,49.72,87.37,0,0,0,0
620,0,0,0.12,50.72,87.42,0,0,0,0
621,0,0,0.14,51.72,87.46,0,0,0,0
622,0,0,0.16,52.71,87.51,0,0,0,0
623,0,0,0.18,53.71,87.56,0,0,0,0
624,0,0,0.2,54.71,87.61,0,0,0,0
625,0,0,0.23,55.71,87.68,0,0,0,0
626,0,0,0.26,56.7,87.76,0,0,0,0
627,0,0,0.29,57.7,87.82,0,0,0,0
628,0,0,0.31,58.41,87.87,0,0,0,0
629,0,0,0.31,58.41,87.87,0,0,0,0
630,0,0,0.33,59.41,87.91,0,0,0,0
631,0,0,0.35,60.41,87.97,0,0,0,0
632,0,0,0.38,61.4,88.04,0,0,0,0
633,0,0,0.4,62.4,88.11,0,0,0,0
634,0,0,0.43,63.4,88.18,0,0,0,0
635,0,0,0.45,64.4,88.23,0,0,0,0
636,0,0,0.48,65.4,88.28,0,0,0,0
637,0,0,0.5,66.39,88.31,0,0,0,0
638,0,0,0.53,67.39,88.31,0,0,0,0
639,0,0,0.56,68.39,88.29,0,0,0,0
640,0,0,0.59,69.39,88.24,0,0,0,0
641,0,0,0.61,70.39,88.14,0,0,0,0
642,0,0,0.64,71.38,88,0,0,0,0
643,0,0,0.67,72.35,87.8,0,0,0,0
644,0,0,0.71,73.31,87.52,0,0,0,0
645,0,0,0.74,74.25,87.15,0,0,0,0
646,0,0,0.74,74.25,87.15,0,0,0,0
647,0,0,0.77,75.13,86.69,0,0,0,0
648,0,0,0.77,75.13,86.69,0,0,0,0
649,0,0,0.8,75.95,86.11,0,0,0,0
650,0,0,0.83,76.66,85.42,0,0,0,0
651,0,0,0.86,77.26,84.62,0,0,0,0
652,0,0,0.89,77.74,83.74,0,0,0,0
653,0,0,0.91,78.09,82.8,0,0,0,0
654,0,0,0.93,78.31,81.82,0,0,0,0
655,0,0,0.95,78.44,80.83,0,0,0,0
656,0,0,0.96,78.48,80.12,0,0,0,0
657,0,0,0.98,78.55,79.13,0,0,0,0
658,0,0,1,78.61,78.13,0,0,0,0
659,0,0,1.01,78.65,77.13,0,0,0,0
660,0,0,1.03,78.69,76.13,0,0,0,0
661,0,0,1.05,78.71,75.13,0,0,0,0
662,0,0,1.06,78.73,74.13,0,0,0,0
663,0,0,1.07,78.74,73.13,0,0,0,0
664,0,0,1.09,78.75,72.13,0,0,0,0
665,0,0,1.1,78.76,71.13,0,0,0,0
666,0,0,1.12,78.77,70.13,0,0,0,0
667,0,0,1.13,78.77,69.13,0,0,0,0
668,0,0,1.14,78.77,68.13,0,0,0,0
669,0,0,1.15,78.78,67.13,0,0,0,0
670,0,0,1.17,78.78,66.13,0,0,0,0
671,0,0,1.18,78.78,65.13,0,0,0,0
672,0,0,1.19,78.79,64.13,0,0,0,0
673,0,0,1.2,78.79,63.13,0,0,0,0
674,0,0,1.21,78.8,62.13,0,0,0,0
675,0,0,1.22,78.81,61.13,0,0,0,0
676,0,0,1.23,78.82,60.13,0,0,0,0
677,0,0,1.24,78.84,59.13,0,0,0,0
678,0,0,1.25,78.85,58.13,0,0,0,0
679,0,0,1.26,78.87,57.13,0,0,0,0
680,0,0,1.27,78.9,56.13,0,0,0,0
681,0,0,1.28,78.92,55.13,0,0,0,0
682,0,0,1.29,78.95,54.14,0,0,0,0
683,0,0,1.3,78.98,53.14,0,0,0,0
684,0,0,1.31,79.01,52.14,0,0,0,0
685,0,0,1.32,79.05,51.14,0,0,0,0
686,0,0,1.33,79.09,50.14,0,0,0,0
687,0,0,1.34,79.14,49.14,0,0,0,0
688,0,0,1.34,79.19,48.14,0,0,0,0
689,0,0,1.35,79.24,47.14,0,0,0,0
690,0,0,1.36,79.3,46.14,0,0,0,0
691,0,0,1.37,79.36,45.15,0,0,0,0
692,0,0,1.37,79.42,44.15,0,0,0,0
693,0,0,1.38,79.49,43.15,0,0,0,0
694,0,0,1.39,79.56,42.15,0,0,0,0
695,0,0,1.4,79.64,41.16,0,0,0,0
696,0,0,1.4,79.72,40.16,0,0,0,0
697,0,0,1.41,79.8,39.16,0,0,0,0
698,0,0,1.42,79.83,38.16,0,0,0,0
699,0,0,1.42,79.85,37.16,0,0,0,0
700,0,0,1.43,79.87,36.16,0,0,0,0
701,0,0,1.44,79.88,35.16,0,0,0,0
702,0,0,1.44,79.89,34.16,0,0,0,0
703,0,0,1.45,79.9,33.16,0,0,0,0
704,0,0,1.46,79.91,32.16,0,0,0,0
705,0,0,1.46,79.92,31.16,0,0,0,0
706,0,0,1.47,79.93,30.16,0,0,0,0
707,0,0,1.48,79.94,29.16,0,0,0,0
708,0,0,1.48,79.95,28.16,0,0,0,0
709,0,0,1.49,79.96,27.16,0,0,0,0
710,0,0,1.5,79.97,26.16,0,0,0,0
711,0,0,1.5,79.98,25.16,0,0,0,0
712,0,0,1.51,79.99,24.16,0,0,0,0
713,0,0,1.52,80,23.16,0,0,0,0
714,0,0,1.52,80.01,22.16,0,0,0,0
715,0,0,1.53,80.03,21.16,0,0,0,0
716,0,0,1.54,80.05,20.16,0,0,0,0
717,0,0,1.54,80.07,19.16,0,0,0,0
718,0,0,1.55,80.09,18.16,0,0,0,0
719,0,0,1.56,80.11,17.17,0,0,0,0
720,0,0,1.56,80.14,16.17,0,0,0,0
721,0,0,1.57,80.17,15.17,0,0,0,0
722,0,0,1.58,80.21,14.17,0,0,0,0
723,0,0,1.58,80.25,13.17,0,0,0,0
724,0,0,1.59,80.29,12.17,0,0,0,0
725,0,0,1.6,80.34,11.17,0,0,0,0
726,0,0,1.6,80.4,10.17,0,0,0,0
727,0,0,1.61,80.46,9.17,0,0,0,0
728,0,0,1.62,80.54,8.18,0,0,0,0
729,0,0,1.62,80.63,7.18,0,0,0,0
730,0,0,1.63,80.74,6.19,0,0,0,0
731,0,0,1.63,80.76,6,0,0,0,0
732,0,0,1.63,80.76,6,0,0,0,0
733,0,0,1.65,80.64,5.01,0,0,0,0
734,0,0,1.67,80.55,4.01,0,0,0,0
735,0,0,1.69,80.48,3.02,0,0,0,0
736,0,0,1.71,80.43,2.02,0,0,0,0
737,0,0,1.73,80.4,1.02,0,0,0,0
738,0,0,1.76,80.38,0.02,0,0,0,0
739,0,0,1.78,80.38,-0.98,0,0,0,0
740,0,0,1.8,80.39,-1.98,0,0,0,0
741,0,0,1.82,80.41,-2.98,0,0,0,0
742,0,0,1.84,80.45,-3.98,0,0,0,0
743,0,0,1.86,80.5,-4.98,0,0,0,0
744,0,0,1.88,80.56,-5.98,0,0,0,0
745,0,0,1.91,80.64,-6.97,0,0,0,0
746,0,0,1.93,80.73,-7.97,0,0,0,0
747,0,0,1.95,80.84,-8.96,0,0,0,0
748,0,0,1.97,80.97,-9.95,0,0,0,0
749,0,0,1.99,81.11,-10.94,0,0,0,0
750,0,0,2.02,81.28,-11.93,0,0,0,0
751,0,0,2.04,81.48,-12.91,0,0,0,0
752,0,0,2.09,81.51,-13.91,0,0,0,0
753,0,0,2.15,81.54,-14.9,0,0,0,0
754,0,0,2.2,81.57,-15.9,0,0,0,0
755,0,0,2.26,81.6,-16.9,0,0,0,0
756,0,0,2.31,81.63,-17.9,0,0,0,0
757,0,0,2.37,81.66,-18.9,0,0,0,0
758,0,0,2.42,81.69,-19.89,0,0,0,0
759,0,0,2.48,81.72,-20.89,0,0,0,0
760,0,0,2.53,81.76,-21.89,0,0,0,0
761,0,0,2.59,81.79,-22.89,0,0,0,0
762,0,0,2.64,81.82,-23.89,0,0,0,0
763,0,0,2.7,81.85,-24.88,0,0,0,0
764,0,0,2.75,81.88,-25.88,0,0,0,0
765,0,0,2.81,81.91,-26.88,0,0,0,0
766,0,0,2.86,81.94,-27.88,0,0,0,0
767,0,0,2.92,81.97,-28.88,0,0,0,0
768,0,0,2.97,82,-29.88,0,0,0,0
769,0,0,3.03,82.03,-30.87,0,0,0,0
770,0,0,3.08,82.06,-31.87,0,0,0,0
771,0,0,3.14,82.09,-32.87,0,0,0,0
772,0,0,3.19,82.13,-33.87,0,0,0,0
773,0,0,3.25,82.16,-34.87,0,0,0,0
774,0,0,3.3,82.19,-35.86,0,0,0,0
775,0,0,3.36,82.22,-36.86,0,0,0,0
776,0,0,3.41,82.25,-37.86,0,0,0,0
777,0,0,3.47,82.28,-38.86,0,0,0,0
778,0,0,3.52,82.31,-39.86,0,0,0,0
779,0,0,3.58,82.34,-40.85,0,0,0,0
780,0,0,3.63,82.37,-41.85,0,0,0,0
781,0,0,3.69,82.4,-42.85,0,0,0,0
782,0,0,3.74,82.43,-43.85,0,0,0,0
783,0,0,3.8,82.46,-44.85,0,0,0,0
784,0,0,3.85,82.5,-45.84,0,0,0,0
785,0,0,3.91,82.53,-46.84,0,0,0,0
786,0,0,3.94,82.55,-47.46,0,0,0,0
787,0,0,4,82.57,-48.46,0,0,0,0
788,0,0,4.05,82.6,-49.46,0,0,0,0
789,0,0,4.1,82.63,-50.46,0,0,0,0
790,0,0,4.16,82.65,-51.46,0,0,0,0
791,0,0,4.21,82.68,-52.45,0,0,0,0
792,0,0,4.26,82.71,-53.45,0,0,0,0
793,0,0,4.32,82.74,-54.45,0,0,0,0
794,0,0,4.37,82.76,-55.45,0,0,0,0
795,0,0,4.42,82.79,-56.45,0,0,0,0
796,0,0,4.48,82.82,-57.45,0,0,0,0
797,0,0,4.53,82.84,-58.44,0,0,0,0
798,0,0,4.58,82.87,-59.44,0,0,0,0
799,0,0,4.64,82.9,-60.44,0,0,0,0
800,0,0,4.69,82.92,-61.44,0,0,0,0
801,0,0,4.74,82.95,-62.44,0,0,0,0
802,0,0,4.8,82.98,-63.43,0,0,0,0
803,0,0,4.85,83.01,-64.43,0,0,0,0
804,0,0,4.9,83.03,-65.43,0,0,0,0
805,0,0,4.96,83.06,-66.43,0,0,0,0
806,0,0,5.01,83.09,-67.43,0,0,0,0
807,0,0,5.06,83.11,-68.43,0,0,0,0
808,0,0,5.12,83.14,-69.42,0,0,0,0
809,0,0,5.17,83.17,-70.42,0,0,0,0
810,0,0,5.23,83.2,-71.42,0,0,0,0
811,0,0,5.28,83.22,-72.42,0,0,0,0
812,0,0,5.33,83.25,-73.42,0,0,0,0
813,0,0,5.34,83.34,-74.41,0,0,0,0
814,0,0,5.36,83.37,-75.41,0,0,0,0
815,0,0,5.37,83.33,-76.41,0,0,0,0
816,0,0,5.38,83.2,-77.4,0,0,0,0
817,0,0,5.4,82.97,-78.37,0,0,0,0
818,0,0,5.42,82.62,-79.31,0,0,0,0
819,0,0,5.44,82.14,-80.19,0,0,0,0
820,0,0,5.46,81.53,-80.98,0,0,0,0
821,0,0,5.46,81.53,-80.98,0,0,0,0
822,0,0,5.48,80.81,-81.67,0,0,0,0
823,0,0,5.48,80.81,-81.67,0,0,0,0
824,0,0,5.5,79.97,-82.22,0,0,0,0
825,0,0,5.51,79.07,-82.66,0,0,0,0
826,0,0,5.53,78.12,-82.98,0,0,0,0
827,0,0,5.54,77.15,-83.18,0,0,0,0
828,0,0,5.55,76.15,-83.3,0,0,0,0
829,0,0,5.56,75.15,-83.35,0,0,0,0
830,0,0,5.57,74.15,-83.34,0,0,0,0
831,0,0,5.57,74.15,-83.34,0,0,0,0
832,0,0,5.58,73.54,-83.3,0,0,0,0
833,0,0,3.14,6.62,-85.32,0,0,0,0
834,0,0,3.02,5.65,-85.11,0,0,0,0
835,0,0,3.02,5.65,-85.11,0,0,0,0
836,0,0,2.96,4.67,-84.91,0,0,0,0
837,0,0,2.89,3.7,-84.67,0,0,0,0
838,0,0,2.84,2.75,-84.37,0,0,0,0
839,0,0,2.79,1.86,-83.92,0,0,0,0
840,0,0,2.73,1.08,-83.3,0,0,0,0
841,0,0,2.67,0.42,-82.55,0,0,0,0
842,0,0,2.61,-0.11,-81.7,0,0,0,0
843,0,0,2.55,-0.51,-80.79,0,0,0,0
844,0,0,2.52,-0.68,-80.2,0,0,0,0
845,0,0,2.52,-0.68,-80.2,0,0,0,0
846,0,0,2.47,-0.73,-79.2,0,0,0,0
847,0,0,2.43,-0.78,-78.2,0,0,0,0
848,0,0,2.38,-0.84,-77.2,0,0,0,0
849,0,0,2.34,-0.89,-76.21,0,0,0,0
850,0,0,2.29,-0.94,-75.21,0,0,0,0
851,0,0,2.25,-1,-74.21,0,0,0,0
852,0,0,2.2,-1.05,-73.21,0,0,0,0
853,0,0,2.15,-1.1,-72.21,0,0,0,0
854,0,0,2.11,-1.16,-71.22,0,0,0,0
855,0,0,2.06,-1.21,-70.22,0,0,0,0
856,0,0,2.02,-1.26,-69.22,0,0,0,0
857,0,0,2.01,-1.27,-69.06,0,0,0,0
858,0,0,1.97,-1.3,-68.07,0,0,0,0
859,0,0,1.93,-1.33,-67.07,0,0,0,0
860,0,0,1.89,-1.36,-66.07,0,0,0,0
861,0,0,1.86,-1.39,-65.07,0,0,0,0
862,0,0,1.82,-1.42,-64.07,0,0,0,0
863,0,0,1.78,-1.45,-63.07,0,0,0,0
864,0,0,1.74,-1.48,-62.07,0,0,0,0
865,0,0,1.7,-1.51,-61.07,0,0,0,0
866,0,0,1.67,-1.55,-60.07,0,0,0,0
867,0,0,1.63,-1.58,-59.08,0,0,0,0
868,0,0,1.59,-1.61,-58.08,0,0,0,0
869,0,0,1.56,-1.64,-57.08,0,0,0,0
870,0,0,1.52,-1.67,-56.08,0,0,0,0
871,0,0,1.48,-1.7,-55.08,0,0,0,0
872,0,0,1.44,-1.74,-54.08,0,0,0,0
873,0,0,1.41,-1.77,-53.08,0,0,0,0
874,0,0,1.37,-1.8,-52.08,0,0,0,0
875,0,0,1.33,-1.83,-51.09,0,0,0,0
876,0,0,1.3,-1.86,-50.09,0,0,0,0
877,0,0,1.26,-1.9,-49.09,0,0,0,0
878,0,0,1.22,-1.93,-48.09,0,0,0,0
879,0,0,1.18,-1.96,-47.09,0,0,0,0
880,0,0,1.15,-2,-46.09,0,0,0,0
881,0,0,1.11,-2.03,-45.09,0,0,0,0
882,0,0,1.07,-2.06,-44.09,0,0,0,0
883,0,0,1.04,-2.1,-43.1,0,0,0,0
884,0,0,1,-2.13,-42.1,0,0,0,0
885,0,0,0.96,-2.16,-41.1,0,0,0,0
886,0,0,0.92,-2.2,-40.1,0,0,0,0
887,0,0,0.89,-2.23,-39.1,0,0,0,0
888,0,0,0.85,-2.27,-38.1,0,0,0,0
889,0,0,0.81,-2.3,-37.1,0,0,0,0
890,0,0,0.77,-2.34,-36.1,0,0,0,0
891,0,0,0.74,-2.37,-35.11,0,0,0,0
892,0,0,0.7,-2.41,-34.11,0,0,0,0
893,0,0,0.66,-2.44,-33.11,0,0,0,0
894,0,0,0.62,-2.48,-32.11,0,0,0,0
895,0,0,0.59,-2.51,-31.11,0,0,0,0
896,0,0,0.55,-2.55,-30.11,0,0,0,0
897,0,0,0.51,-2.59,-29.11,0,0,0,0
898,0,0,0.47,-2.62,-28.12,0,0,0,0
899,0,0,0.43,-2.66,-27.12,0,0,0,0
900,0,0,0.39,-2.7,-26.12,0,0,0,0
901,0,0,0.35,-2.73,-25.12,0,0,0,0
902,0,0,0.31,-2.77,-24.12,0,0,0,0
903,0,0,0.27,-2.81,-23.12,0,0,0,0
904,0,0,0.23,-2.85,-22.12,0,0,0,0
905,0,0,0.19,-2.89,-21.13,0,0,0,0
906,0,0,0.15,-2.93,-20.13,0,0,0,0
907,0,0,0.11,-2.97,-19.13,0,0,0,0
908,0,0,0.07,-3.01,-18.13,0,0,0,0
909,0,0,0.03,-3.05,-17.13,0,0,0,0
910,0,0,-0.01,-3.09,-16.13,0,0,0,0
911,0,0,-0.05,-3.13,-15.14,0,0,0,0
912,0,0,-0.09,-3.17,-14.14,0,0,0,0
913,0,0,-0.14,-3.22,-13.14,0,0,0,0
914,0,0,-0.18,-3.26,-12.14,0,0,0,0
915,0,0,-0.22,-3.31,-11.14,0,0,0,0
916,0,0,-0.27,-3.35,-10.15,0,0,0,0
917,0,0,-0.31,-3.4,-9.15,0,0,0,0
918,0,0,-0.35,-3.44,-8.15,0,0,0,0
919,0,0,-0.4,-3.49,-7.15,0,0,0,0
920,0,0,-0.41,-3.53,-6.15,0,0,0,0
921,0,0,-0.42,-3.56,-5.15,0,0,0,0
922,0,0,-0.43,-3.59,-4.15,0,0,0,0
923,0,0,-0.44,-3.63,-3.15,0,0,0,0
924,0,0,-0.44,-3.66,-2.15,0,0,0,0
925,0,0,-0.45,-3.69,-1.16,0,0,0,0
926,0,0,-0.46,-3.72,-0.16,0,0,0,0
927,0,0,-0.47,-3.75,0.84,0,0,0,0
928,0,0,-0.48,-3.78,1.84,0,0,0,0
929,0,0,-0.49,-3.82,2.84,0,0,0,0
930,0,0,-0.49,-3.85,3.84,0,0,0,0
931,0,0,-0.5,-3.88,4.84,0,0,0,0
932,0,0,-0.51,-3.91,5.84,0,0,0,0
933,0,0,-0.52,-3.93,6.84,0,0,0,0
934,0,0,-0.53,-3.96,7.84,0,0,0,0
935,0,0,-0.53,-3.99,8.84,0,0,0,0
936,0,0,-0.54,-4.02,9.84,0,0,0,0
937,0,0,-0.55,-4.05,10.84,0,0,0,0
938,0,0,-0.56,-4.08,11.84,0,0,0,0
939,0,0,-0.57,-4.11,12.84,0,0,0,0
940,0,0,-0.57,-4.14,13.84,0,0,0,0
941,0,0,-0.58,-4.17,14.84,0,0,0,0
942,0,0,-0.59,-4.2,15.84,0,0,0,0
943,0,0,-0.6,-4.23,16.84,0,0,0,0
944,0,0,-0.6,-4.26,17.84,0,0,0,0
945,0,0,-0.61,-4.28,18.84,0,0,0,0
946,0,0,-0.62,-4.31,19.83,0,0,0,0
947,0,0,-0.63,-4.34,20.83,0,0,0,0
948,0,0,-0.63,-4.37,21.83,0,0,0,0
949,0,0,-0.64,-4.4,22.83,0,0,0,0
950,0,0,-0.65,-4.43,23.83,0,0,0,0
951,0,0,-0.66,-4.46,24.83,0,0,0,0
952,0,0,-0.67,-4.49,25.83,0,0,0,0
953,0,0,-0.67,-4.51,26.83,0,0,0,0
954,0,0,-0.68,-4.54,27.83,0,0,0,0
955,0,0,-0.69,-4.57,28.83,0,0,0,0
956,0,0,-0.7,-4.6,29.83,0,0,0,0
957,0,0,-0.7,-4.63,30.83,0,0,0,0
958,0,0,-0.71,-4.66,31.83,0,0,0,0
959,0,0,-0.72,-4.69,32.83,0,0,0,0
960,0,0,-0.73,-4.72,33.83,0,0,0,0
961,0,0,-0.74,-4.75,34.83,0,0,0,0
962,0,0,-0.74,-4.78,35.83,0,0,0,0
963,0,0,-0.75,-4.81,36.83,0,0,0,0
964,0,0,-0.76,-4.84,37.83,0,0,0,0
965,0,0,-0.77,-4.87,38.83,0,0,0,0
966,0,0,-0.78,-4.9,39.83,0,0,0,0
967,0,0,-0.78,-4.93,40.83,0,0,0,0
968,0,0,-0.79,-4.96,41.82,0,0,0,0
969,0,0,-0.8,-4.99,42.82,0,0,0,0
970,0,0,-0.81,-5.02,43.82,0,0,0,0
971,0,0,-0.82,-5.05,44.82,0,0,0,0
972,0,0,-0.83,-5.08,45.82,0,0,0,0
973,0,0,-0.83,-5.11,46.82,0,0,0,0
974,0,0,-0.84,-5.14,47.82,0,0,0,0
975,0,0,-0.85,-5.18,48.82,0,0,0,0
976,0,0,-0.86,-5.21,49.82,0,0,0,0
977,0,0,-0.87,-5.24,50.82,0,0,0,0
978,0,0,-0.88,-5.27,51.82,0,0,0,0
979,0,0,-0.89,-5.31,52.82,0,0,0,0
980,0,0,-0.89,-5.34,53.82,0,0,0,0
981,0,0,-0.9,-5.37,54.82,0,0,0,0
982,0,0,-0.91,-5.41,55.82,0,0,0,0
983,0,0,-0.92,-5.44,56.82,0,0,0,0
984,0,0,-0.93,-5.48,57.82,0,0,0,0
985,0,0,-0.94,-5.51,58.82,0,0,0,0
986,0,0,-0.95,-5.55,59.81,0,0,0,0
987,0,0,-0.96,-5.58,60.81,0,0,0,0
988,0,0,-0.97,-5.62,61.81,0,0,0,0
989,0,0,-0.98,-5.66,62.81,0,0,0,0
990,0,0,-0.99,-5.7,63.81,0,0,0,0
991,0,0,-1,-5.74,64.81,0,0,0,0
992,0,0,-1.01,-5.78,65.81,0,0,0,0
993,0,0,-1.02,-5.82,66.81,0,0,0,0
994,0,0,-1.03,-5.87,67.81,0,0,0,0
995,0,0,-1.05,-5.91,68.81,0,0,0,0
996,0,0,-1.06,-5.96,69.81,0,0,0,0
997,0,0,-1.07,-6.01,70.8,0,0,0,0
998,0,0,-1.06,-5.99,71.8,0,0,0,0
999,0,0,-1.04,-5.98,72.8,0,0,0,0
1000,0,0,-1.02,-5.98,73.8,0,0,0,0
1001,0,0,-1.01,-5.97,74.8,0,0,0,0
1002,0,0,-0.99,-5.96,75.8,0,0,0,0
1003,0,0,-0.97,-5.95,76.8,0,0,0,0
1004,0,0,-0.96,-5.92,77.8,0,0,0,0
1005,0,0,-0.94,-5.89,78.8,0,0,0,0
1006,0,0,-0.92,-5.83,79.8,0,0,0,0
1007,0,0,-0.92,-5.83,79.8,0,0,0,0
1008,0,0,-0.91,-5.75,80.78,0,0,0,0
1009,0,0,-0.91,-5.75,80.78,0,0,0,0
1010,0,0,-0.86,-5.55,81.75,0,0,0,0
1011,0,0,-0.82,-5.25,82.71,0,0,0,0
1012,0,0,-0.78,-4.82,83.61,0,0,0,0
1013,0,0,-0.73,-4.24,84.42,0,0,0,0
1014,0,0,-0.69,-3.49,85.08,0,0,0,0
1015,0,0,-0.65,-2.6,85.55,0,0,0,0
1016,0,0,-0.61,-1.64,85.82,0,0,0,0
1017,0,0,-0.59,-0.65,85.94,0,0,0,0
1018,0,0,-0.59,-0.65,85.94,0,0,0,0
1019,0,0,-0.58,-0.26,85.96,0,0,0,0
1020,0,0,3.84,-61.35,-87.36,0,0,0,0
1021,0,0,3.82,-62.31,-87.08,0,0,0,0
1022,0,0,3.82,-62.31,-87.08,0,0,0,0
1023,0,0,3.8,-63.25,-86.72,0,0,0,0
1024,0,0,3.79,-64.14,-86.28,0,0,0,0
1025,0,0,3.76,-64.99,-85.75,0,0,0,0
1026,0,0,3.74,-65.78,-85.13,0,0,0,0
1027,0,0,3.72,-66.49,-84.43,0,0,0,0
1028,0,0,3.69,-67.1,-83.64,0,0,0,0
1029,0,0,3.66,-67.63,-82.79,0,0,0,0
1030,0,0,3.63,-68.06,-81.89,0,0,0,0
1031,0,0,3.6,-68.41,-80.95,0,0,0,0
1032,0,0,3.58,-68.64,-79.98,0,0,0,0
1033,0,0,3.58,-68.64,-79.98,0,0,0,0
1034,0,0,3.57,-68.57,-78.98,0,0,0,0
1035,0,0,3.57,-68.57,-78.98,0,0,0,0
1036,0,0,3.56,-68.49,-77.98,0,0,0,0
1037,0,0,3.55,-68.4,-76.99,0,0,0,0
1038,0,0,3.54,-68.31,-75.99,0,0,0,0
1039,0,0,3.53,-68.22,-75,0,0,0,0
1040,0,0,3.52,-68.13,-74,0,0,0,0
1041,0,0,3.51,-68.05,-73,0,0,0,0
1042,0,0,3.49,-67.98,-72.01,0,0,0,0
1043,0,0,3.48,-67.92,-71.01,0,0,0,0
1044,0,0,3.47,-67.87,-70.01,0,0,0,0
1045,0,0,3.46,-67.84,-69.01,0,0,0,0
1046,0,0,3.45,-67.83,-68.01,0,0,0,0
1047,0,0,3.44,-67.84,-67.01,0,0,0,0
1048,0,0,3.42,-67.88,-66.01,0,0,0,0
1049,0,0,3.41,-67.95,-65.01,0,0,0,0
1050,0,0,3.4,-68.06,-64.02,0,0,0,0
1051,0,0,3.39,-68.22,-63.03,0,0,0,0
1052,0,0,3.38,-68.42,-62.05,0,0,0,0
1053,0,0,3.33,-68.46,-61.06,0,0,0,0
1054,0,0,3.29,-68.49,-60.06,0,0,0,0
1055,0,0,3.24,-68.52,-59.06,0,0,0,0
1056,0,0,3.2,-68.54,-58.06,0,0,0,0
1057,0,0,3.16,-68.56,-57.06,0,0,0,0
1058,0,0,3.11,-68.58,-56.06,0,0,0,0
1059,0,0,3.07,-68.6,-55.06,0,0,0,0
1060,0,0,3.03,-68.62,-54.06,0,0,0,0
1061,0,0,2.99,-68.63,-53.06,0,0,0,0
1062,0,0,2.95,-68.64,-52.07,0,0,0,0
1063,0,0,2.91,-68.66,-51.07,0,0,0,0
1064,0,0,2.87,-68.67,-50.07,0,0,0,0
1065,0,0,2.83,-68.68,-49.07,0,0,0,0
1066,0,0,2.78,-68.69,-48.07,0,0,0,0
1067,0,0,2.74,-68.7,-47.07,0,0,0,0
1068,0,0,2.7,-68.71,-46.07,0,0,0,0
1069,0,0,2.66,-68.72,-45.07,0,0,0,0
1070,0,0,2.62,-68.73,-44.07,0,0,0,0
1071,0,0,2.58,-68.75,-43.07,0,0,0,0
1072,0,0,2.54,-68.76,-42.07,0,0,0,0
1073,0,0,2.5,-68.77,-41.08,0,0,0,0
1074,0,0,2.46,-68.78,-40.08,0,0,0,0
1075,0,0,2.42,-68.79,-39.08,0,0,0,0
1076,0,0,2.38,-68.8,-38.08,0,0,0,0
1077,0,0,2.34,-68.82,-37.08,0,0,0,0
1078,0,0,2.29,-68.83,-36.08,0,0,0,0
1079,0,0,2.25,-68.84,-35.08,0,0,0,0
1080,0,0,2.21,-68.86,-34.08,0,0,0,0
1081,0,0,2.17,-68.88,-33.08,0,0,0,0
1082,0,0,2.13,-68.89,-32.08,0,0,0,0
1083,0,0,2.09,-68.91,-31.09,0,0,0,0
1084,0,0,2.04,-68.93,-30.09,0,0,0,0
1085,0,0,2,-68.95,-29.09,0,0,0,0
1086,0,0,1.96,-68.98,-28.09,0,0,0,0
1087,0,0,1.91,-69,-27.09,0,0,0,0
1088,0,0,1.87,-69.03,-26.09,0,0,0,0
1089,0,0,1.82,-69.06,-25.09,0,0,0,0
1090,0,0,1.78,-69.09,-24.09,0,0,0,0
1091,0,0,1.73,-69.12,-23.1,0,0,0,0
1092,0,0,1.69,-69.16,-22.1,0,0,0,0
1093,0,0,1.64,-69.2,-21.1,0,0,0,0
1094,0,0,1.59,-69.24,-20.1,0,0,0,0
1095,0,0,1.55,-69.29,-19.1,0,0,0,0
1096,0,0,1.5,-69.34,-18.11,0,0,0,0
1097,0,0,1.45,-69.4,-17.11,0,0,0,0
1098,0,0,1.39,-69.46,-16.11,0,0,0,0
1099,0,0,1.34,-69.54,-15.12,0,0,0,0
1100,0,0,1.28,-69.62,-14.12,0,0,0,0
1101,0,0,1.23,-69.71,-13.13,0,0,0,0
1102,0,0,1.22,-69.7,-12.13,0,0,0,0
1103,0,0,1.22,-69.69,-11.13,0,0,0,0
1104,0,0,1.22,-69.69,-10.13,0,0,0,0
1105,0,0,1.21,-69.69,-9.13,0,0,0,0
1106,0,0,1.21,-69.69,-8.13,0,0,0,0
1107,0,0,1.21,-69.7,-7.13,0,0,0,0
1108,0,0,1.2,-69.7,-6.13,0,0,0,0
1109,0,0,1.2,-69.71,-5.13,0,0,0,0
1110,0,0,1.2,-69.72,-4.13,0,0,0,0
1111,0,0,1.19,-69.73,-3.13,0,0,0,0
1112,0,0,1.19,-69.74,-2.13,0,0,0,0
1113,0,0,1.19,-69.75,-1.13,0,0,0,0
1114,0,0,1.19,-69.76,-0.13,0,0,0,0
1115,0,0,1.18,-69.78,0.87,0,0,0,0
1116,0,0,1.18,-69.79,1.87,0,0,0,0
1117,0,0,1.18,-69.81,2.87,0,0,0,0
1118,0,0,1.17,-69.83,3.87,0,0,0,0
1119,0,0,1.17,-69.84,4.87,0,0,0,0
1120,0,0,1.17,-69.86,5.87,0,0,0,0
1121,0,0,1.17,-69.88,6.87,0,0,0,0
1122,0,0,1.16,-69.9,7.87,0,0,0,0
1123,0,0,1.16,-69.92,8.87,0,0,0,0
1124,0,0,1.16,-69.95,9.87,0,0,0,0
1125,0,0,1.16,-69.97,10.87,0,0,0,0
1126,0,0,1.15,-69.99,11.87,0,0,0,0
1127,0,0,1.15,-70.02,12.87,0,0,0,0
1128,0,0,1.15,-70.04,13.87,0,0,0,0
1129,0,0,1.14,-70.07,14.87,0,0,0,0
1130,0,0,1.14,-70.1,15.87,0,0,0,0
1131,0,0,1.14,-70.13,16.87,0,0,0,0
1132,0,0,1.14,-70.16,17.87,0,0,0,0
1133,0,0,1.13,-70.19,18.87,0,0,0,0
1134,0,0,1.13,-70.22,19.87,0,0,0,0
1135,0,0,1.13,-70.26,20.87,0,0,0,0
1136,0,0,1.13,-70.29,21.86,0,0,0,0
1137,0,0,1.12,-70.33,22.86,0,0,0,0
1138,0,0,1.12,-70.37,23.86,0,0,0,0
1139,0,0,1.12,-70.41,24.86,0,0,0,0
1140,0,0,1.11,-70.45,25.86,0,0,0,0
1141,0,0,1.11,-70.49,26.86,0,0,0,0
1142,0,0,1.11,-70.54,27.86,0,0,0,0
1143,0,0,1.1,-70.58,28.86,0,0,0,0
1144,0,0,1.1,-70.63,29.86,0,0,0,0
1145,0,0,1.1,-70.68,30.86,0,0,0,0
1146,0,0,1.1,-70.74,31.85,0,0,0,0
1147,0,0,1.09,-70.8,32.85,0,0,0,0
1148,0,0,1.09,-70.86,33.85,0,0,0,0
1149,0,0,1.09,-70.93,34.85,0,0,0,0
1150,0,0,1.08,-71,35.85,0,0,0,0
1151,0,0,1.08,-71.07,36.84,0,0,0,0
1152,0,0,1.08,-71.07,37.84,0,0,0,0
1153,0,0,1.08,-71.07,38.84,0,0,0,0
1154,0,0,1.08,-71.07,39.84,0,0,0,0
1155,0,0,1.09,-71.07,40.84,0,0,0,0
1156,0,0,1.09,-71.08,41.84,0,0,0,0
1157,0,0,1.09,-71.09,42.84,0,0,0,0
1158,0,0,1.09,-71.1,43.84,0,0,0,0
1159,0,0,1.09,-71.12,44.84,0,0,0,0
1160,0,0,1.09,-71.14,45.84,0,0,0,0
1161,0,0,1.09,-71.17,46.84,0,0,0,0
1162,0,0,1.1,-71.2,47.84,0,0,0,0
1163,0,0,1.1,-71.24,48.84,0,0,0,0
1164,0,0,1.1,-71.29,49.84,0,0,0,0
1165,0,0,1.1,-71.34,50.84,0,0,0,0
1166,0,0,1.1,-71.4,51.84,0,0,0,0
1167,0,0,1.1,-71.47,52.83,0,0,0,0
1168,0,0,1.1,-71.55,53.83,0,0,0,0
1169,0,0,1.1,-71.65,54.83,0,0,0,0
1170,0,0,1.1,-71.67,55.83,0,0,0,0
1171,0,0,1.11,-71.64,56.83,0,0,0,0
1172,0,0,1.11,-71.6,57.82,0,0,0,0
1173,0,0,1.11,-71.55,58.82,0,0,0,0
1174,0,0,1.11,-71.5,59.82,0,0,0,0
1175,0,0,1.11,-71.45,60.82,0,0,0,0
1176,0,0,1.11,-71.42,61.82,0,0,0,0
1177,0,0,1.11,-71.39,62.82,0,0,0,0
1178,0,0,1.11,-71.39,63.82,0,0,0,0
1179,0,0,1.11,-71.41,64.82,0,0,0,0
1180,0,0,1.11,-71.48,65.82,0,0,0,0
1181,0,0,1.11,-71.59,66.81,0,0,0,0
1182,0,0,1.11,-71.77,67.79,0,0,0,0
1183,0,0,1.12,-71.93,68.78,0,0,0,0
1184,0,0,1.14,-72.08,69.77,0,0,0,0
1185,0,0,1.16,-72.22,70.76,0,0,0,0
1186,0,0,1.17,-72.35,71.75,0,0,0,0
1187,0,0,1.19,-72.46,72.75,0,0,0,0
1188,0,0,1.21,-72.53,73.74,0,0,0,0
1189,0,0,1.23,-72.57,74.74,0,0,0,0
1190,0,0,1.25,-72.55,75.74,0,0,0,0
1191,0,0,1.25,-72.55,75.74,0,0,0,0
1192,0,0,1.27,-72.46,76.74,0,0,0,0
1193,0,0,1.27,-72.46,76.74,0,0,0,0
1194,0,0,1.29,-72.3,77.72,0,0,0,0
1195,0,0,1.31,-72.04,78.69,0,0,0,0
1196,0,0,1.33,-71.7,79.63,0,0,0,0
1197,0,0,1.36,-71.24,80.52,0,0,0,0
1198,0,0,1.39,-70.66,81.33,0,0,0,0
1199,0,0,1.42,-69.97,82.06,0,0,0,0
1200,0,0,1.46,-69.2,82.7,0,0,0,0
1201,0,0,1.5,-68.37,83.24,0,0,0,0
1202,0,0,1.53,-67.48,83.71,0,0,0,0
1203,0,0,1.57,-66.56,84.09,0,0,0,0
1204,0,0,1.61,-65.61,84.4,0,0,0,0
1205,0,0,1.65,-64.64,84.62,0,0,0,0
1206,0,0,1.65,-64.64,84.62,0,0,0,0
1207,0,0,1.66,-64.24,84.69,0,0,0,0
1208,0,0,6.74,-113.74,-88.53,0,0,0,0
1209,0,0,6.71,-114.72,-88.35,0,0,0,0
1210,0,0,6.71,-114.72,-88.35,0,0,0,0
1211,0,0,6.68,-115.67,-88.04,0,0,0,0
1212,0,0,6.68,-115.67,-88.04,0,0,0,0
1213,0,0,6.64,-116.57,-87.59,0,0,0,0
1214,0,0,6.59,-117.36,-86.98,0,0,0,0
1215,0,0,6.53,-118.01,-86.23,0,0,0,0
1216,0,0,6.48,-118.52,-85.37,0,0,0,0
1217,0,0,6.42,-118.87,-84.43,0,0,0,0
1218,0,0,6.37,-119.11,-83.46,0,0,0,0
1219,0,0,6.31,-119.26,-82.48,0,0,0,0
1220,0,0,6.31,-119.26,-82.48,0,0,0,0
1221,0,0,6.26,-119.34,-81.48,0,0,0,0
1222,0,0,6.26,-119.34,-81.48,0,0,0,0
1223,0,0,6.21,-119.38,-80.48,0,0,0,0
1224,0,0,6.16,-119.39,-79.48,0,0,0,0
1225,0,0,6.11,-119.39,-78.49,0,0,0,0
1226,0,0,6.07,-119.39,-77.49,0,0,0,0
1227,0,0,6.02,-119.4,-76.49,0,0,0,0
1228,0,0,5.98,-119.45,-75.49,0,0,0,0
1229,0,0,5.93,-119.48,-74.49,0,0,0,0
1230,0,0,5.88,-119.5,-73.49,0,0,0,0
1231,0,0,5.83,-119.53,-72.49,0,0,0,0
1232,0,0,5.78,-119.56,-71.5,0,0,0,0
1233,0,0,5.73,-119.58,-70.5,0,0,0,0
1234,0,0,5.68,-119.61,-69.5,0,0,0,0
1235,0,0,5.63,-119.63,-68.5,0,0,0,0
1236,0,0,5.58,-119.66,-67.5,0,0,0,0
1237,0,0,5.53,-119.69,-66.5,0,0,0,0
1238,0,0,5.48,-119.71,-65.51,0,0,0,0
1239,0,0,5.43,-119.74,-64.51,0,0,0,0
1240,0,0,5.38,-119.77,-63.51,0,0,0,0
1241,0,0,5.33,-119.79,-62.51,0,0,0,0
1242,0,0,5.28,-119.82,-61.51,0,0,0,0
1243,0,0,5.23,-119.85,-60.51,0,0,0,0
1244,0,0,5.18,-119.87,-59.51,0,0,0,0
1245,0,0,5.13,-119.9,-58.52,0,0,0,0
1246,0,0,5.09,-119.92,-57.52,0,0,0,0
1247,0,0,5.04,-119.95,-56.52,0,0,0,0
1248,0,0,4.99,-119.98,-55.52,0,0,0,0
1249,0,0,4.94,-120,-54.52,0,0,0,0
1250,0,0,4.89,-120.03,-53.52,0,0,0,0
1251,0,0,4.84,-120.06,-52.53,0,0,0,0
1252,0,0,4.79,-120.08,-51.53,0,0,0,0
1253,0,0,4.74,-120.11,-50.53,0,0,0,0
1254,0,0,4.69,-120.13,-49.53,0,0,0,0
1255,0,0,4.64,-120.16,-48.53,0,0,0,0
1256,0,0,4.59,-120.19,-47.53,0,0,0,0
1257,0,0,4.54,-120.21,-46.54,0,0,0,0
1258,0,0,4.49,-120.24,-45.54,0,0,0,0
1259,0,0,4.44,-120.27,-44.54,0,0,0,0
1260,0,0,4.39,-120.29,-43.54,0,0,0,0
1261,0,0,4.34,-120.32,-42.54,0,0,0,0
1262,0,0,4.29,-120.35,-41.54,0,0,0,0
1263,0,0,4.24,-120.37,-40.54,0,0,0,0
1264,0,0,4.19,-120.4,-39.55,0,0,0,0
1265,0,0,4.14,-120.42,-38.55,0,0,0,0
1266,0,0,4.09,-120.45,-37.55,0,0,0,0
1267,0,0,4.05,-120.48,-36.55,0,0,0,0
1268,0,0,4,-120.5,-35.55,0,0,0,0
1269,0,0,3.95,-120.53,-34.55,0,0,0,0
1270,0,0,3.9,-120.56,-33.56,0,0,0,0
1271,0,0,3.85,-120.58,-32.56,0,0,0,0
1272,0,0,3.8,-120.61,-31.56,0,0,0,0
1273,0,0,3.75,-120.63,-30.56,0,0,0,0
1274,0,0,3.7,-120.66,-29.56,0,0,0,0
1275,0,0,3.65,-120.69,-28.56,0,0,0,0
1276,0,0,3.6,-120.71,-27.57,0,0,0,0
1277,0,0,3.6,-120.48,-26.59,0,0,0,0
1278,0,0,3.6,-120.3,-25.61,0,0,0,0
1279,0,0,3.6,-120.16,-24.62,0,0,0,0
1280,0,0,3.6,-120.06,-23.62,0,0,0,0
1281,0,0,3.6,-119.97,-22.63,0,0,0,0
1282,0,0,3.59,-119.89,-21.63,0,0,0,0
1283,0,0,3.59,-119.82,-20.63,0,0,0,0
1284,0,0,3.59,-119.75,-19.64,0,0,0,0
1285,0,0,3.59,-119.65,-18.64,0,0,0,0
1286,0,0,3.6,-119.73,-17.64,0,0,0,0
1287,0,0,3.6,-119.85,-16.65,0,0,0,0
1288,0,0,3.6,-120,-15.66,0,0,0,0
1289,0,0,3.61,-120.18,-14.68,0,0,0,0
1290,0,0,3.61,-120.39,-13.7,0,0,0,0
1291,0,0,3.61,-120.62,-12.73,0,0,0,0
1292,0,0,3.62,-120.89,-11.77,0,0,0,0
1293,0,0,3.62,-121.2,-10.81,0,0,0,0
1294,0,0,3.62,-121.55,-9.88,0,0,0,0
1295,0,0,3.62,-121.55,-8.88,0,0,0,0
1296,0,0,3.61,-121.57,-7.88,0,0,0,0
1297,0,0,3.61,-121.61,-6.88,0,0,0,0
1298,0,0,3.6,-121.66,-5.88,0,0,0,0
1299,0,0,3.59,-121.71,-4.88,0,0,0,0
1300,0,0,3.59,-121.76,-3.88,0,0,0,0
1301,0,0,3.58,-121.81,-2.89,0,0,0,0
1302,0,0,3.58,-121.86,-1.89,0,0,0,0
1303,0,0,3.57,-121.91,-0.89,0,0,0,0
1304,0,0,3.56,-121.96,0.11,0,0,0,0
1305,0,0,3.56,-121.99,1.11,0,0,0,0
1306,0,0,3.55,-122.02,2.11,0,0,0,0
1307,0,0,3.55,-122.05,3.11,0,0,0,0
1308,0,0,3.54,-122.06,4.11,0,0,0,0
1309,0,0,3.53,-122.05,5.11,0,0,0,0
1310,0,0,3.53,-122.03,6.11,0,0,0,0
1311,0,0,3.52,-122,7.11,0,0,0,0
1312,0,0,3.52,-121.94,8.11,0,0,0,0
1313,0,0,3.51,-121.85,9.1,0,0,0,0
1314,0,0,3.5,-121.73,10.1,0,0,0,0
1315,0,0,3.5,-121.57,11.08,0,0,0,0
1316,0,0,3.49,-121.36,12.06,0,0,0,0
1317,0,0,3.49,-121.37,13.06,0,0,0,0
1318,0,0,3.49,-121.37,14.06,0,0,0,0
1319,0,0,3.49,-121.38,15.06,0,0,0,0
1320,0,0,3.49,-121.38,16.06,0,0,0,0
1321,0,0,3.49,-121.39,17.06,0,0,0,0
1322,0,0,3.52,-121.72,18.01,0,0,0,0
1323,0,0,3.55,-122.06,18.94,0,0,0,0
1324,0,0,3.58,-122.38,19.89,0,0,0,0
1325,0,0,3.61,-122.61,20.86,0,0,0,0
1326,0,0,3.63,-122.76,21.85,0,0,0,0
1327,0,0,3.64,-122.78,22.85,0,0,0,0
1328,0,0,3.66,-122.81,23.85,0,0,0,0
1329,0,0,3.68,-122.83,24.85,0,0,0,0
1330,0,0,3.7,-122.86,25.85,0,0,0,0
1331,0,0,3.72,-122.88,26.85,0,0,0,0
1332,0,0,3.73,-122.91,27.85,0,0,0,0
1333,0,0,3.75,-122.93,28.85,0,0,0,0
1334,0,0,3.77,-122.96,29.85,0,0,0,0
1335,0,0,3.79,-122.98,30.85,0,0,0,0
1336,0,0,3.8,-123.01,31.85,0,0,0,0
1337,0,0,3.82,-123.03,32.85,0,0,0,0
1338,0,0,3.84,-123.06,33.85,0,0,0,0
1339,0,0,3.86,-123.08,34.85,0,0,0,0
1340,0,0,3.88,-123.11,35.85,0,0,0,0
1341,0,0,3.89,-123.13,36.85,0,0,0,0
1342,0,0,3.91,-123.16,37.85,0,0,0,0
1343,0,0,3.93,-123.18,38.84,0,0,0,0
1344,0,0,3.95,-123.21,39.84,0,0,0,0
1345,0,0,3.97,-123.23,40.84,0,0,0,0
1346,0,0,3.98,-123.26,41.84,0,0,0,0
1347,0,0,4,-123.28,42.84,0,0,0,0
1348,0,0,4.02,-123.31,43.84,0,0,0,0
1349,0,0,4.04,-123.33,44.84,0,0,0,0
1350,0,0,4.05,-123.36,45.84,0,0,0,0
1351,0,0,4.07,-123.38,46.84,0,0,0,0
1352,0,0,4.09,-123.41,47.84,0,0,0,0
1353,0,0,4.11,-123.43,48.84,0,0,0,0
1354,0,0,4.13,-123.46,49.84,0,0,0,0
1355,0,0,4.14,-123.48,50.84,0,0,0,0
1356,0,0,4.16,-123.51,51.84,0,0,0,0
1357,0,0,4.18,-123.53,52.84,0,0,0,0
1358,0,0,4.2,-123.56,53.84,0,0,0,0
1359,0,0,4.22,-123.58,54.84,0,0,0,0
1360,0,0,4.23,-123.61,55.84,0,0,0,0
1361,0,0,4.25,-123.63,56.84,0,0,0,0
1362,0,0,4.27,-123.66,57.84,0,0,0,0
1363,0,0,4.29,-123.68,58.84,0,0,0,0
1364,0,0,4.3,-123.71,59.83,0,0,0,0
1365,0,0,4.32,-123.73,60.83,0,0,0,0
1366,0,0,4.34,-123.76,61.83,0,0,0,0
1367,0,0,4.36,-123.78,62.83,0,0,0,0
1368,0,0,4.38,-123.81,63.83,0,0,0,0
1369,0,0,4.39,-123.83,64.83,0,0,0,0
1370,0,0,4.41,-123.86,65.83,0,0,0,0
1371,0,0,4.43,-123.88,66.83,0,0,0,0
1372,0,0,4.45,-123.91,67.83,0,0,0,0
1373,0,0,4.46,-123.93,68.83,0,0,0,0
1374,0,0,4.48,-123.96,69.83,0,0,0,0
1375,0,0,4.5,-123.98,70.83,0,0,0,0
1376,0,0,4.52,-124.01,71.83,0,0,0,0
1377,0,0,4.54,-124.03,72.83,0,0,0,0
1378,0,0,4.55,-124.06,73.83,0,0,0,0
1379,0,0,4.57,-124.08,74.83,0,0,0,0
1380,0,0,4.59,-124.11,75.83,0,0,0,0
1381,0,0,4.59,-124.11,75.83,0,0,0,0
1382,0,0,4.6,-123.93,76.81,0,0,0,0
1383,0,0,4.6,-123.93,76.81,0,0,0,0
1384,0,0,4.61,-123.67,77.78,0,0,0,0
1385,0,0,4.63,-123.32,78.71,0,0,0,0
1386,0,0,4.65,-122.89,79.61,0,0,0,0
1387,0,0,4.66,-122.35,80.46,0,0,0,0
1388,0,0,4.68,-121.71,81.23,0,0,0,0
1389,0,0,4.71,-120.99,81.92,0,0,0,0
1390,0,0,4.74,-120.24,82.58,0,0,0,0
1391,0,0,4.78,-119.4,83.12,0,0,0,0
1392,0,0,4.82,-118.49,83.53,0,0,0,0
1393,0,0,4.86,-117.54,83.85,0,0,0,0
1394,0,0,4.86,-117.54,83.85,0,0,0,0
1395,0,0,4.89,-116.68,83.97,0,0,0,0
1396,0,0,4.5,-72.97,-87.67,0,0,0,0
1397,0,0,4.5,-73.33,-87.64,0,0,0,0
1398,0,0,0,-32.69,85.18,0,0,0,0
1399,0,0,0.02,-31.73,85.46,0,0,0,0
1400,0,0,0,-32.69,85.18,0,0,0,0
1401,0,0,0.03,-31.69,85.25,0,0,0,0
1402,0,0,0.15,-29.38,88.22,0,0,0,0
1403,0,0,0.16,-29.37,88.42,0,0,0,0
1404,0,0,4.7,-25.12,170.7,0,0,0,0
1405,0,0,4.71,-24.46,170.87,0,0,0,0
1406,0,0,6.3,-138.63,83.68,0,0,0,0
1407,0,0,6.27,-134.31,86.6,0,0,0,0
1408,0,0,6.27,-134.31,86.6,0,0,0,0
1409,0,0,6.26,-133.5,87.19,0,0,0,0
1410,0,0,6.25,-132.7,87.79,0,0,0,0
1411,0,0,6.24,-131.92,88.42,0,0,0,0
1412,0,0,6.23,-131.16,89.07,0,0,0,0
1413,0,0,6.22,-130.41,89.73,0,0,0,0
1414,0,0,6.21,-129.69,90.42,0,0,0,0
1415,0,0,6.2,-128.97,91.12,0,0,0,0
1416,0,0,6.18,-128.28,91.84,0,0,0,0
1417,0,0,6.17,-127.61,92.58,0,0,0,0
1418,0,0,6.16,-126.97,93.35,0,0,0,0
1419,0,0,6.15,-126.34,94.13,0,0,0,0
1420,0,0,6.14,-125.75,94.93,0,0,0,0
1421,0,0,6.12,-125.18,95.76,0,0,0,0
1422,0,0,6.11,-124.65,96.6,0,0,0,0
1423,0,0,6.1,-124.16,97.47,0,0,0,0
1424,0,0,6.1,-124.16,97.47,0,0,0,0
1425,0,0,6.08,-123.71,98.37,0,0,0,0
1426,0,0,6.08,-123.71,98.37,0,0,0,0
1427,0,0,6.16,-123.4,99.32,0,0,0,0
1428,0,0,6.22,-123.37,100.32,0,0,0,0
1429,0,0,6.27,-123.34,101.32,0,0,0,0
1430,0,0,6.32,-123.33,102.31,0,0,0,0
1431,0,0,6.38,-123.32,103.31,0,0,0,0
1432,0,0,6.43,-123.32,104.31,0,0,0,0
1433,0,0,6.48,-123.32,105.31,0,0,0,0
1434,0,0,6.53,-123.33,106.31,0,0,0,0
1435,0,0,6.59,-123.34,107.31,0,0,0,0
1436,0,0,6.64,-123.35,108.31,0,0,0,0
1437,0,0,6.69,-123.37,109.3,0,0,0,0
1438,0,0,6.74,-123.39,110.3,0,0,0,0
1439,0,0,6.79,-123.41,111.3,0,0,0,0
1440,0,0,6.84,-123.44,112.3,0,0,0,0
1441,0,0,6.89,-123.46,113.3,0,0,0,0
1442,0,0,6.94,-123.49,114.3,0,0,0,0
1443,0,0,6.99,-123.52,115.29,0,0,0,0
1444,0,0,7.04,-123.55,116.29,0,0,0,0
1445,0,0,7.1,-123.59,117.29,0,0,0,0
1446,0,0,7.15,-123.62,118.29,0,0,0,0
1447,0,0,7.2,-123.65,119.29,0,0,0,0
1448,0,0,7.25,-123.69,120.29,0,0,0,0
1449,0,0,7.3,-123.73,121.28,0,0,0,0
1450,0,0,7.35,-123.76,122.28,0,0,0,0
1451,0,0,7.4,-123.8,123.28,0,0,0,0
1452,0,0,7.45,-123.84,124.28,0,0,0,0
1453,0,0,7.5,-123.87,125.28,0,0,0,0
1454,0,0,7.55,-123.91,126.27,0,0,0,0
1455,0,0,7.6,-123.95,127.27,0,0,0,0
1456,0,0,7.65,-123.99,128.27,0,0,0,0
1457,0,0,7.71,-124.03,129.27,0,0,0,0
1458,0,0,7.76,-124.06,130.27,0,0,0,0
1459,0,0,7.81,-124.1,131.26,0,0,0,0
1460,0,0,7.86,-124.14,132.26,0,0,0,0
1461,0,0,7.91,-124.18,133.26,0,0,0,0
1462,0,0,7.97,-124.21,134.26,0,0,0,0
1463,0,0,8.02,-124.25,135.26,0,0,0,0
1464,0,0,8.07,-124.28,136.25,0,0,0,0
1465,0,0,8.13,-124.32,137.25,0,0,0,0
1466,0,0,8.18,-124.35,138.25,0,0,0,0
1467,0,0,8.24,-124.38,139.25,0,0,0,0
1468,0,0,8.29,-124.41,140.25,0,0,0,0
1469,0,0,8.35,-124.44,141.24,0,0,0,0
1470,0,0,8.4,-124.46,142.24,0,0,0,0
1471,0,0,8.46,-124.49,143.24,0,0,0,0
1472,0,0,8.51,-124.51,144.24,0,0,0,0
1473,0,0,8.57,-124.53,145.24,0,0,0,0
1474,0,0,8.63,-124.55,146.23,0,0,0,0
1475,0,0,8.69,-124.56,147.23,0,0,0,0
1476,0,0,8.75,-124.57,148.23,0,0,0,0
1477,0,0,8.81,-124.58,149.23,0,0,0,0
1478,0,0,8.87,-124.58,150.23,0,0,0,0
1479,0,0,8.93,-124.58,151.22,0,0,0,0
1480,0,0,9,-124.57,152.22,0,0,0,0
1481,0,0,9.07,-124.55,153.22,0,0,0,0
1482,0,0,9.13,-124.52,154.22,0,0,0,0
1483,0,0,9.21,-124.48,155.21,0,0,0,0
1484,0,0,9.28,-124.43,156.21,0,0,0,0
1485,0,0,9.36,-124.36,157.2,0,0,0,0
1486,0,0,9.44,-124.26,158.2,0,0,0,0
1487,0,0,9.54,-124.11,159.18,0,0,0,0
1488,0,0,9.64,-123.91,160.06,0,0,0,0
1489,0,0,9.64,-123.87,161.05,0,0,0,0
1490,0,0,9.64,-123.81,162.05,0,0,0,0
1491,0,0,9.64,-123.69,163.05,0,0,0,0
1492,0,0,9.65,-123.51,164.03,0,0,0,0
1493,0,0,9.65,-123.27,165,0,0,0,0
1494,0,0,9.65,-122.93,165.94,0,0,0,0
1495,0,0,9.65,-122.49,166.84,0,0,0,0
1496,0,0,9.65,-121.92,167.66,0,0,0,0
1497,0,0,9.66,-121.23,168.38,0,0,0,0
1498,0,0,9.66,-120.41,168.95,0,0,0,0
1499,0,0,9.66,-119.49,169.36,0,0,0,0
1500,0,0,9.66,-119.07,169.48,0,0,0,0
1501,0,0,9.63,-118.12,169.78,0,0,0,0
1502,0,0,9.61,-117.15,170,0,0,0,0
1503,0,0,9.58,-116.16,170.17,0,0,0,0
1504,0,0,9.55,-115.17,170.3,0,0,0,0
1505,0,0,9.53,-114.17,170.38,0,0,0,0
1506,0,0,9.5,-113.17,170.43,0,0,0,0
1507,0,0,9.47,-112.17,170.44,0,0,0,0
1508,0,0,9.45,-111.18,170.43,0,0,0,0
1509,0,0,9.35,-110.2,170.21,0,0,0,0
1510,0,0,9.27,-109.22,170.04,0,0,0,0
1511,0,0,9.19,-108.23,169.91,0,0,0,0
1512,0,0,9.12,-107.24,169.8,0,0,0,0
1513,0,0,9.05,-106.25,169.7,0,0,0,0
1514,0,0,8.98,-105.26,169.61,0,0,0,0
1515,0,0,8.92,-104.26,169.54,0,0,0,0
1516,0,0,8.86,-103.27,169.48,0,0,0,0
1517,0,0,8.8,-102.27,169.42,0,0,0,0
1518,0,0,8.75,-101.27,169.37,0,0,0,0
1519,0,0,8.69,-100.27,169.32,0,0,0,0
1520,0,0,8.64,-99.28,169.28,0,0,0,0
1521,0,0,8.58,-98.28,169.24,0,0,0,0
1522,0,0,8.53,-97.28,169.21,0,0,0,0
1523,0,0,8.48,-96.28,169.18,0,0,0,0
1524,0,0,8.42,-95.28,169.15,0,0,0,0
1525,0,0,8.37,-94.29,169.12,0,0,0,0
1526,0,0,8.32,-93.29,169.1,0,0,0,0
1527,0,0,8.27,-92.29,169.08,0,0,0,0
1528,0,0,8.22,-91.29,169.07,0,0,0,0
1529,0,0,8.17,-90.29,169.05,0,0,0,0
1530,0,0,8.12,-89.29,169.04,0,0,0,0
1531,0,0,8.08,-88.29,169.03,0,0,0,0
1532,0,0,8.03,-87.3,169.02,0,0,0,0
1533,0,0,7.98,-86.3,169.02,0,0,0,0
1534,0,0,7.93,-85.3,169.01,0,0,0,0
1535,0,0,7.88,-84.3,169.01,0,0,0,0
1536,0,0,7.84,-83.3,169,0,0,0,0
1537,0,0,7.79,-82.3,169,0,0,0,0
1538,0,0,7.74,-81.3,169.01,0,0,0,0
1539,0,0,7.7,-80.3,169.01,0,0,0,0
1540,0,0,7.65,-79.3,169.01,0,0,0,0
1541,0,0,7.6,-78.31,169.02,0,0,0,0
1542,0,0,7.56,-77.31,169.02,0,0,0,0
1543,0,0,7.51,-76.31,169.04,0,0,0,0
1544,0,0,7.47,-75.31,169.06,0,0,0,0
1545,0,0,7.42,-74.31,169.08,0,0,0,0
1546,0,0,7.37,-73.31,169.11,0,0,0,0
1547,0,0,7.33,-72.31,169.13,0,0,0,0
1548,0,0,7.28,-71.31,169.15,0,0,0,0
1549,0,0,7.23,-70.32,169.17,0,0,0,0
1550,0,0,7.19,-69.32,169.19,0,0,0,0
1551,0,0,7.14,-68.32,169.21,0,0,0,0
1552,0,0,7.09,-67.32,169.23,0,0,0,0
1553,0,0,7.05,-66.32,169.25,0,0,0,0
1554,0,0,7,-65.32,169.27,0,0,0,0
1555,0,0,6.95,-64.32,169.29,0,0,0,0
1556,0,0,6.91,-63.32,169.32,0,0,0,0
1557,0,0,6.86,-62.33,169.34,0,0,0,0
1558,0,0,6.81,-61.33,169.36,0,0,0,0
1559,0,0,6.77,-60.33,169.38,0,0,0,0
1560,0,0,6.72,-59.33,169.4,0,0,0,0
1561,0,0,6.67,-58.33,169.42,0,0,0,0
1562,0,0,6.63,-57.33,169.44,0,0,0,0
1563,0,0,6.58,-56.33,169.46,0,0,0,0
1564,0,0,6.53,-55.34,169.48,0,0,0,0
1565,0,0,6.49,-54.34,169.51,0,0,0,0
1566,0,0,6.44,-53.34,169.53,0,0,0,0
1567,0,0,6.39,-52.34,169.55,0,0,0,0
1568,0,0,6.35,-51.34,169.57,0,0,0,0
1569,0,0,6.3,-50.34,169.59,0,0,0,0
1570,0,0,6.25,-49.34,169.61,0,0,0,0
1571,0,0,6.21,-48.34,169.63,0,0,0,0
1572,0,0,6.16,-47.35,169.65,0,0,0,0
1573,0,0,6.11,-46.35,169.67,0,0,0,0
1574,0,0,6.06,-45.35,169.71,0,0,0,0
1575,0,0,6.01,-44.35,169.74,0,0,0,0
1576,0,0,5.96,-43.35,169.78,0,0,0,0
1577,0,0,5.91,-42.36,169.82,0,0,0,0
1578,0,0,5.86,-41.36,169.86,0,0,0,0
1579,0,0,5.81,-40.36,169.9,0,0,0,0
1580,0,0,5.76,-39.36,169.94,0,0,0,0
1581,0,0,5.7,-38.36,169.98,0,0,0,0
1582,0,0,5.65,-37.37,170.03,0,0,0,0
1583,0,0,5.59,-36.37,170.07,0,0,0,0
1584,0,0,5.59,-36.37,170.07,0,0,0,0
1585,0,0,5.54,-35.37,170.12,0,0,0,0
1586,0,0,5.54,-35.37,170.12,0,0,0,0
1587,0,0,5.48,-34.38,170.17,0,0,0,0
1588,0,0,5.42,-33.38,170.22,0,0,0,0
1589,0,0,5.36,-32.38,170.27,0,0,0,0
1590,0,0,5.3,-31.39,170.33,0,0,0,0
1591,0,0,5.23,-30.39,170.39,0,0,0,0
1592,0,0,5.16,-29.39,170.45,0,0,0,0
1593,0,0,5.09,-28.4,170.52,0,0,0,0
1594,0,0,5.01,-27.4,170.59,0,0,0,0
1595,0,0,4.93,-26.41,170.67,0,0,0,0
1596,0,0,4.83,-25.42,170.76,0,0,0,0
1597,0,0,4.83,-25.42,170.76,0,0,0,0
1598,0,0,4.71,-24.46,170.87,0,0,0,0
1599,0,0,4.71,-24.46,170.87,0,0,0,0
1600,0,0,4.69,-23.46,170.91,0,0,0,0
1601,0,0,4.66,-22.46,170.94,0,0,0,0
1602,0,0,4.64,-21.46,170.89,0,0,0,0
1603,0,0,4.61,-20.46,170.84,0,0,0,0
1604,0,0,4.59,-19.46,170.8,0,0,0,0
1605,0,0,4.57,-18.46,170.78,0,0,0,0
1606,0,0,4.55,-17.46,170.76,0,0,0,0
1607,0,0,4.52,-16.46,170.74,0,0,0,0
1608,0,0,4.5,-15.46,170.73,0,0,0,0
1609,0,0,4.48,-14.46,170.72,0,0,0,0
1610,0,0,4.46,-13.46,170.72,0,0,0,0
1611,0,0,4.43,-12.46,170.72,0,0,0,0
1612,0,0,4.41,-11.46,170.72,0,0,0,0
1613,0,0,4.39,-10.46,170.73,0,0,0,0
1614,0,0,4.37,-9.46,170.73,0,0,0,0
1615,0,0,4.34,-8.47,170.75,0,0,0,0
1616,0,0,4.32,-7.47,170.76,0,0,0,0
1617,0,0,4.3,-6.47,170.78,0,0,0,0
1618,0,0,4.27,-5.47,170.81,0,0,0,0
1619,0,0,4.25,-4.47,170.84,0,0,0,0
1620,0,0,4.23,-3.47,170.87,0,0,0,0
1621,0,0,4.2,-2.47,170.91,0,0,0,0
1622,0,0,4.18,-1.47,170.95,0,0,0,0
1623,0,0,4.16,-0.55,171.01,0,0,0,0
1624,0,0,4.15,0.45,171.03,0,0,0,0
1625,0,0,4.15,1.44,171.16,0,0,0,0
1626,0,0,4.15,2.41,171.41,0,0,0,0
1627,0,0,4.15,3.35,171.74,0,0,0,0
1628,0,0,4.15,4.26,172.16,0,0,0,0
1629,0,0,4.15,5.13,172.64,0,0,0,0
1630,0,0,4.15,5.98,173.18,0,0,0,0
1631,0,0,4.15,6.79,173.76,0,0,0,0
1632,0,0,4.14,7.57,174.38,0,0,0,0
1633,0,0,4.14,8.33,175.04,0,0,0,0
1634,0,0,4.14,9.07,175.71,0,0,0,0
1635,0,0,4.14,9.79,176.4,0,0,0,0
1636,0,0,4.14,10.5,177.11,0,0,0,0
1637,0,0,4.14,11.2,177.82,0,0,0,0
1638,0,0,4.14,11.9,178.54,0,0,0,0
1639,0,0,4.13,12.61,179.24,0,0,0,0
1640,0,0,4.13,13.36,179.9,0,0,0,0
1641,0,0,4.13,13.55,180.04,0,0,0,0
1642,0,0,4.14,14.4,180.58,0,0,0,0
1643,0,0,4.16,15.3,181.01,0,0,0,0
1644,0,0,4.17,16.24,181.34,0,0,0,0
1645,0,0,4.18,17.2,181.61,0,0,0,0
1646,0,0,4.19,18.2,181.68,0,0,0,0
1647,0,0,4.2,19.2,181.74,0,0,0,0
1648,0,0,4.21,20.2,181.8,0,0,0,0
1649,0,0,4.22,21.2,181.86,0,0,0,0
1650,0,0,4.23,22.19,181.93,0,0,0,0
1651,0,0,4.24,23.19,181.99,0,0,0,0
1652,0,0,4.26,24.19,182.05,0,0,0,0
1653,0,0,4.27,25.19,182.11,0,0,0,0
1654,0,0,4.28,26.19,182.18,0,0,0,0
1655,0,0,4.29,27.18,182.24,0,0,0,0
1656,0,0,4.3,28.18,182.3,0,0,0,0
1657,0,0,4.31,29.18,182.36,0,0,0,0
1658,0,0,4.32,30.18,182.43,0,0,0,0
1659,0,0,4.33,31.18,182.49,0,0,0,0
1660,0,0,4.34,32.17,182.55,0,0,0,0
1661,0,0,4.35,33.17,182.61,0,0,0,0
1662,0,0,4.36,34.17,182.68,0,0,0,0
1663,0,0,4.38,35.17,182.74,0,0,0,0
1664,0,0,4.39,36.17,182.8,0,0,0,0
1665,0,0,4.39,36.17,182.8,0,0,0,0
1666,0,0,4.4,37.16,182.86,0,0,0,0
1667,0,0,4.4,37.16,182.86,0,0,0,0
1668,0,0,4.41,38.16,182.93,0,0,0,0
1669,0,0,4.42,39.16,182.99,0,0,0,0
1670,0,0,4.43,40.16,183.05,0,0,0,0
1671,0,0,4.44,41.16,183.11,0,0,0,0
1672,0,0,4.45,42.15,183.18,0,0,0,0
1673,0,0,4.46,43.15,183.24,0,0,0,0
1674,0,0,4.47,44.15,183.3,0,0,0,0
1675,0,0,4.48,45.15,183.37,0,0,0,0
1676,0,0,4.49,46.15,183.43,0,0,0,0
1677,0,0,4.51,47.14,183.49,0,0,0,0
1678,0,0,4.52,48.14,183.55,0,0,0,0
1679,0,0,4.53,49.14,183.62,0,0,0,0
1680,0,0,4.54,50.14,183.68,0,0,0,0
1681,0,0,4.54,50.14,183.68,0,0,0,0
1682,0,0,4.55,51.14,183.74,0,0,0,0
1683,0,0,4.55,51.14,183.74,0,0,0,0
1684,0,0,4.56,52.13,183.8,0,0,0,0
1685,0,0,4.57,53.13,183.87,0,0,0,0
1686,0,0,4.58,54.13,183.93,0,0,0,0
1687,0,0,4.59,55.13,183.99,0,0,0,0
1688,0,0,4.6,56.13,184.05,0,0,0,0
1689,0,0,4.61,56.93,184.1,0,0,0,0
1690,0,0,4.58,57.89,183.83,0,0,0,0
1691,0,0,4.54,58.82,183.47,0,0,0,0
1692,0,0,4.51,59.7,183,0,0,0,0
1693,0,0,4.46,60.54,182.45,0,0,0,0
1694,0,0,4.42,60.99,181.55,0,0,0,0
1695,0,0,4.37,61.38,180.64,0,0,0,0
1696,0,0,4.32,61.74,179.7,0,0,0,0
1697,0,0,4.28,62.05,178.76,0,0,0,0
1698,0,0,4.23,62.34,177.8,0,0,0,0
1699,0,0,4.18,62.59,176.83,0,0,0,0
1700,0,0,4.14,62.82,175.86,0,0,0,0
1701,0,0,4.09,63.03,174.88,0,0,0,0
1702,0,0,4.04,63.22,173.9,0,0,0,0
1703,0,0,4,63.4,172.92,0,0,0,0
1704,0,0,3.95,63.56,171.93,0,0,0,0
1705,0,0,3.91,63.7,170.95,0,0,0,0
1706,0,0,3.86,63.84,169.96,0,0,0,0
1707,0,0,3.82,63.89,168.96,0,0,0,0
1708,0,0,3.78,63.94,167.96,0,0,0,0
1709,0,0,3.74,63.99,166.96,0,0,0,0
1710,0,0,3.7,64.04,165.96,0,0,0,0
1711,0,0,3.66,64.09,164.97,0,0,0,0
1712,0,0,3.63,64.14,163.97,0,0,0,0
1713,0,0,3.59,64.2,162.97,0,0,0,0
1714,0,0,3.55,64.25,161.97,0,0,0,0
1715,0,0,3.51,64.3,160.97,0,0,0,0
1716,0,0,3.47,64.35,159.98,0,0,0,0
1717,0,0,3.43,64.4,158.98,0,0,0,0
1718,0,0,3.39,64.45,157.98,0,0,0,0
1719,0,0,3.35,64.5,156.98,0,0,0,0
1720,0,0,3.31,64.55,155.98,0,0,0,0
1721,0,0,3.27,64.6,154.99,0,0,0,0
1722,0,0,3.23,64.65,153.99,0,0,0,0
1723,0,0,3.19,64.71,152.99,0,0,0,0
1724,0,0,3.15,64.76,151.99,0,0,0,0
1725,0,0,3.11,64.81,151,0,0,0,0
1726,0,0,3.07,64.86,150,0,0,0,0
1727,0,0,3.03,64.91,149,0,0,0,0
1728,0,0,2.99,64.96,148,0,0,0,0
1729,0,0,2.95,65.01,147,0,0,0,0
1730,0,0,2.91,65.06,146.01,0,0,0,0
1731,0,0,2.87,65.11,145.01,0,0,0,0
1732,0,0,2.83,65.16,144.01,0,0,0,0
1733,0,0,2.79,65.21,143.01,0,0,0,0
1734,0,0,2.75,65.27,142.01,0,0,0,0
1735,0,0,2.72,65.32,141.02,0,0,0,0
1736,0,0,2.68,65.37,140.02,0,0,0,0
1737,0,0,2.64,65.42,139.02,0,0,0,0
1738,0,0,2.6,65.47,138.02,0,0,0,0
1739,0,0,2.56,65.52,137.02,0,0,0,0
1740,0,0,2.52,65.57,136.03,0,0,0,0
1741,0,0,2.48,65.62,135.03,0,0,0,0
1742,0,0,2.44,65.67,134.03,0,0,0,0
1743,0,0,2.4,65.72,133.03,0,0,0,0
1744,0,0,2.36,65.78,132.03,0,0,0,0
1745,0,0,2.32,65.83,131.04,0,0,0,0
1746,0,0,2.28,65.88,130.04,0,0,0,0
1747,0,0,2.24,65.93,129.04,0,0,0,0
1748,0,0,2.2,65.98,128.04,0,0,0,0
1749,0,0,2.16,66.03,127.05,0,0,0,0
1750,0,0,2.12,66.08,126.05,0,0,0,0
1751,0,0,2.08,66.13,125.05,0,0,0,0
1752,0,0,2.04,66.18,124.05,0,0,0,0
1753,0,0,2,66.23,123.08,0,0,0,0
1754,0,0,1.97,66.24,122.08,0,0,0,0
1755,0,0,1.93,66.25,121.08,0,0,0,0
1756,0,0,1.9,66.26,120.08,0,0,0,0
1757,0,0,1.86,66.27,119.08,0,0,0,0
1758,0,0,1.82,66.28,118.08,0,0,0,0
1759,0,0,1.79,66.3,117.08,0,0,0,0
1760,0,0,1.76,66.32,116.08,0,0,0,0
1761,0,0,1.72,66.33,115.08,0,0,0,0
1762,0,0,1.69,66.36,114.08,0,0,0,0
1763,0,0,1.65,66.38,113.08,0,0,0,0
1764,0,0,1.62,66.41,112.08,0,0,0,0
1765,0,0,1.58,66.45,111.09,0,0,0,0
1766,0,0,1.55,66.49,110.09,0,0,0,0
1767,0,0,1.51,66.53,109.09,0,0,0,0
1768,0,0,1.48,66.58,108.09,0,0,0,0
1769,0,0,1.44,66.64,107.09,0,0,0,0
1770,0,0,1.41,66.7,106.1,0,0,0,0
1771,0,0,1.37,66.77,105.1,0,0,0,0
1772,0,0,1.34,66.85,104.1,0,0,0,0
1773,0,0,1.3,66.94,103.11,0,0,0,0
1774,0,0,1.26,67.05,102.11,0,0,0,0
1775,0,0,1.23,67.16,101.12,0,0,0,0
1776,0,0,1.19,67.29,100.13,0,0,0,0
1777,0,0,1.15,67.43,99.14,0,0,0,0
1778,0,0,1.11,67.6,98.16,0,0,0,0
1779,0,0,1.11,67.6,98.16,0,0,0,0
1780,0,0,1.07,67.8,97.18,0,0,0,0
1781,0,0,1.07,67.8,97.18,0,0,0,0
1782,0,0,1.03,68.02,96.2,0,0,0,0
1783,0,0,0.99,68.29,95.24,0,0,0,0
1784,0,0,0.94,68.63,94.3,0,0,0,0
1785,0,0,0.9,69.06,93.4,0,0,0,0
1786,0,0,0.89,69.08,93.35,0,0,0,0
1787,0,0,0.85,69.5,92.44,0,0,0,0
1788,0,0,0.81,69.98,91.57,0,0,0,0
1789,0,0,0.78,70.55,90.75,0,0,0,0
1790,0,0,0.74,71.21,90,0,0,0,0
1791,0,0,0.73,71.3,89.91,0,0,0,0
1792,0,0,0.73,71.94,89.14,0,0,0,0
1793,0,0,0.74,72.63,88.42,0,0,0,0
1794,0,0,0.74,73.38,87.75,0,0,0,0
1795,0,0,0.74,74.2,87.18,0,0,0,0
1796,0,0,0.74,74.2,87.18,0,0,0,0
1797,0,0,0.74,74.25,87.15,0,0,0,0
1798,0,0,18.44,36.99,303.83,0,0,0,0
1799,0,0,18.47,37.11,304.83,0,0,0,0
1800,0,0,18.5,37.24,305.82,0,0,0,0
1801,0,0,18.53,37.39,306.81,0,0,0,0
1802,0,0,18.55,37.57,307.79,0,0,0,0
1803,0,0,18.58,37.78,308.77,0,0,0,0
1804,0,0,18.61,38.03,309.73,0,0,0,0
1805,0,0,18.64,38.32,310.69,0,0,0,0
1806,0,0,18.67,38.69,311.62,0,0,0,0
1807,0,0,18.7,39.13,312.52,0,0,0,0
1808,0,0,18.74,39.68,313.35,0,0,0,0
1809,0,0,18.77,40.37,314.07,0,0,0,0
1810,0,0,18.8,41.23,314.58,0,0,0,0
1811,0,0,18.83,42.08,314.78,0,0,0,0
1812,0,0,18.79,43.08,314.73,0,0,0,0
1813,0,0,18.75,44.01,314.37,0,0,0,0
1814,0,0,18.71,44.84,313.81,0,0,0,0
1815,0,0,18.68,45.53,313.08,0,0,0,0
1816,0,0,18.65,45.71,312.1,0,0,0,0
1817,0,0,18.63,45.81,311.11,0,0,0,0
1818,0,0,18.6,45.82,310.11,0,0,0,0
1819,0,0,18.57,45.75,309.11,0,0,0,0
1820,0,0,18.54,45.62,308.12,0,0,0,0
1821,0,0,18.5,45.44,307.14,0,0,0,0
1822,0,0,18.47,45.2,306.17,0,0,0,0
1823,0,0,18.44,44.93,305.2,0,0,0,0
1824,0,0,18.4,44.62,304.25,0,0,0,0
1825,0,0,18.37,44.28,303.32,0,0,0,0
1826,0,0,18.34,43.9,302.39,0,0,0,0
1827,0,0,18.3,43.51,301.47,0,0,0,0
1828,0,0,18.27,43.09,300.56,0,0,0,0
1829,0,0,18.23,42.65,299.66,0,0,0,0
1830,0,0,18.2,42.2,298.77,0,0,0,0
1831,0,0,18.17,41.73,297.89,0,0,0,0
1832,0,0,18.13,41.25,297.01,0,0,0,0
1833,0,0,18.1,40.76,296.14,0,0,0,0
1834,0,0,18.06,40.26,295.28,0,0,0,0
1835,0,0,18.04,39.93,294.72,0,0,0,0
1836,0,0,17.94,39.39,293.89,0,0,0,0
1837,0,0,17.85,38.86,293.04,0,0,0,0
1838,0,0,17.76,38.35,292.19,0,0,0,0
1839,0,0,17.66,37.87,291.32,0,0,0,0
1840,0,0,17.57,37.44,290.42,0,0,0,0
1841,0,0,17.47,37.07,289.49,0,0,0,0
1842,0,0,17.38,36.81,288.53,0,0,0,0
1843,0,0,17.26,36.87,287.54,0,0,0,0
1844,0,0,17.15,36.92,286.55,0,0,0,0
1845,0,0,17.04,36.98,285.56,0,0,0,0
1846,0,0,16.92,37.03,284.57,0,0,0,0
1847,0,0,16.81,37.09,283.57,0,0,0,0
1848,0,0,16.7,37.15,282.58,0,0,0,0
1849,0,0,16.58,37.2,281.59,0,0,0,0
1850,0,0,16.47,37.26,280.6,0,0,0,0
1851,0,0,16.35,37.31,279.61,0,0,0,0
1852,0,0,16.24,37.37,278.61,0,0,0,0
1853,0,0,16.13,37.42,277.62,0,0,0,0
1854,0,0,16.01,37.48,276.63,0,0,0,0
1855,0,0,15.9,37.54,275.64,0,0,0,0
1856,0,0,15.78,37.59,274.65,0,0,0,0
1857,0,0,15.67,37.65,273.65,0,0,0,0
1858,0,0,15.56,37.7,272.66,0,0,0,0
1859,0,0,15.44,37.76,271.67,0,0,0,0
1860,0,0,15.33,37.82,270.68,0,0,0,0
1861,0,0,15.22,37.87,269.69,0,0,0,0
1862,0,0,15.1,37.93,268.69,0,0,0,0
1863,0,0,14.99,37.98,267.7,0,0,0,0
1864,0,0,14.87,38.04,266.71,0,0,0,0
1865,0,0,14.76,38.09,265.72,0,0,0,0
1866,0,0,14.65,38.15,264.73,0,0,0,0
1867,0,0,14.53,38.21,263.73,0,0,0,0
1868,0,0,14.42,38.26,262.74,0,0,0,0
1869,0,0,14.3,38.32,261.75,0,0,0,0
1870,0,0,14.19,38.37,260.76,0,0,0,0
1871,0,0,14.08,38.43,259.77,0,0,0,0
1872,0,0,13.96,38.49,258.77,0,0,0,0
1873,0,0,13.85,38.54,257.78,0,0,0,0
1874,0,0,13.74,38.6,256.79,0,0,0,0
1875,0,0,13.62,38.65,255.8,0,0,0,0
1876,0,0,13.51,38.71,254.81,0,0,0,0
1877,0,0,13.39,38.76,253.82,0,0,0,0
1878,0,0,13.28,38.82,252.82,0,0,0,0
1879,0,0,13.17,38.88,251.83,0,0,0,0
1880,0,0,13.05,38.93,250.84,0,0,0,0
1881,0,0,12.94,38.99,249.85,0,0,0,0
1882,0,0,12.82,39.04,248.86,0,0,0,0
1883,0,0,12.71,39.1,247.86,0,0,0,0
1884,0,0,12.6,39.15,246.87,0,0,0,0
1885,0,0,12.48,39.21,245.88,0,0,0,0
1886,0,0,12.37,39.27,244.89,0,0,0,0
1887,0,0,12.26,39.32,243.9,0,0,0,0
1888,0,0,12.14,39.38,242.9,0,0,0,0
1889,0,0,12.03,39.43,241.91,0,0,0,0
1890,0,0,11.91,39.49,240.92,0,0,0,0
1891,0,0,11.8,39.55,239.93,0,0,0,0
1892,0,0,11.69,39.6,238.94,0,0,0,0
1893,0,0,11.57,39.66,237.94,0,0,0,0
1894,0,0,11.46,39.71,236.95,0,0,0,0
1895,0,0,11.34,39.77,235.96,0,0,0,0
1896,0,0,11.23,39.82,234.97,0,0,0,0
1897,0,0,11.12,39.88,233.98,0,0,0,0
1898,0,0,11,39.94,232.98,0,0,0,0
1899,0,0,10.89,39.99,231.99,0,0,0,0
1900,0,0,10.78,40.05,231,0,0,0,0
1901,0,0,10.66,40.1,230.01,0,0,0,0
1902,0,0,10.55,40.16,229.02,0,0,0,0
1903,0,0,10.43,40.22,228.03,0,0,0,0
1904,0,0,10.32,40.27,227.03,0,0,0,0
1905,0,0,10.21,40.33,226.04,0,0,0,0
1906,0,0,10.09,40.38,225.05,0,0,0,0
1907,0,0,9.98,40.44,224.06,0,0,0,0
1908,0,0,9.87,40.49,223.07,0,0,0,0
1909,0,0,9.75,40.55,222.07,0,0,0,0
1910,0,0,9.64,40.61,221.08,0,0,0,0
1911,0,0,9.52,40.66,220.09,0,0,0,0
1912,0,0,9.41,40.72,219.1,0,0,0,0
1913,0,0,9.3,40.77,218.11,0,0,0,0
1914,0,0,9.18,40.83,217.11,0,0,0,0
1915,0,0,9.07,40.89,216.12,0,0,0,0
1916,0,0,8.95,40.94,215.13,0,0,0,0
1917,0,0,8.84,41,214.14,0,0,0,0
1918,0,0,8.73,41.05,213.15,0,0,0,0
1919,0,0,8.61,41.11,212.15,0,0,0,0
1920,0,0,8.5,41.16,211.16,0,0,0,0
1921,0,0,8.39,41.22,210.17,0,0,0,0
1922,0,0,8.27,41.28,209.18,0,0,0,0
1923,0,0,8.16,41.33,208.19,0,0,0,0
1924,0,0,8.04,41.39,207.19,0,0,0,0
1925,0,0,7.93,41.44,206.2,0,0,0,0
1926,0,0,7.82,41.5,205.21,0,0,0,0
1927,0,0,7.7,41.55,204.22,0,0,0,0
1928,0,0,7.59,41.61,203.23,0,0,0,0
1929,0,0,7.47,41.67,202.24,0,0,0,0
1930,0,0,7.36,41.72,201.24,0,0,0,0
1931,0,0,7.25,41.78,200.25,0,0,0,0
1932,0,0,7.13,41.83,199.26,0,0,0,0
1933,0,0,7.02,41.89,198.27,0,0,0,0
1934,0,0,6.91,41.95,197.28,0,0,0,0
1935,0,0,6.79,42,196.28,0,0,0,0
1936,0,0,6.68,42.06,195.29,0,0,0,0
1937,0,0,6.56,42.11,194.3,0,0,0,0
1938,0,0,6.45,42.17,193.31,0,0,0,0
1939,0,0,6.34,42.22,192.32,0,0,0,0
1940,0,0,6.22,42.28,191.32,0,0,0,0
1941,0,0,6.11,42.34,190.33,0,0,0,0
1942,0,0,6.02,42.43,189.34,0,0,0,0
1943,0,0,6.02,42.43,189.34,0,0,0,0
1944,0,0,5.91,42.65,188.37,0,0,0,0
1945,0,0,5.91,42.65,188.37,0,0,0,0
1946,0,0,5.77,43.01,187.45,0,0,0,0
1947,0,0,5.62,43.55,186.62,0,0,0,0
1948,0,0,5.45,44.24,185.92,0,0,0,0
1949,0,0,5.32,45.05,185.35,0,0,0,0
1950,0,0,5.18,45.92,184.87,0,0,0,0
1951,0,0,5.04,46.82,184.46,0,0,0,0
1952,0,0,4.89,47.75,184.12,0,0,0,0
1953,0,0,4.75,48.7,183.85,0,0,0,0
1954,0,0,4.6,49.68,183.69,0,0,0,0
1955,0,0,4.6,49.68,183.69,0,0,0,0
1956,0,0,4.54,50.14,183.68,0,0,0,0
1957,0,0,8.31,76.2,-113.3,0,0,0,0
1958,0,0,8.4,76.13,-112.71,0,0,0,0
1959,0,0,8.31,76.12,-111.71,0,0,0,0
1960,0,0,8.23,76.1,-110.72,0,0,0,0
1961,0,0,8.14,76.08,-109.72,0,0,0,0
1962,0,0,8.06,76.07,-108.72,0,0,0,0
1963,0,0,7.98,76.05,-107.73,0,0,0,0
1964,0,0,7.89,76.03,-106.73,0,0,0,0
1965,0,0,7.81,76.01,-105.74,0,0,0,0
1966,0,0,7.72,76,-104.74,0,0,0,0
1967,0,0,7.64,75.98,-103.74,0,0,0,0
1968,0,0,7.55,75.96,-102.75,0,0,0,0
1969,0,0,7.47,75.95,-101.75,0,0,0,0
1970,0,0,7.39,75.93,-100.75,0,0,0,0
1971,0,0,7.3,75.91,-99.76,0,0,0,0
1972,0,0,7.22,75.89,-98.76,0,0,0,0
1973,0,0,7.13,75.88,-97.76,0,0,0,0
1974,0,0,7.05,75.86,-96.77,0,0,0,0
1975,0,0,6.96,75.84,-95.77,0,0,0,0
1976,0,0,6.88,75.83,-94.78,0,0,0,0
1977,0,0,6.8,75.81,-93.78,0,0,0,0
1978,0,0,6.71,75.79,-92.78,0,0,0,0
1979,0,0,6.63,75.77,-91.79,0,0,0,0
1980,0,0,6.54,75.76,-90.79,0,0,0,0
1981,0,0,6.49,75.7,-89.79,0,0,0,0
1982,0,0,6.46,75.67,-89.12,0,0,0,0
1983,0,0,6.39,75.7,-88.79,0,0,0,0
1984,0,0,6.35,75.67,-88.17,0,0,0,0
1985,0,0,6.24,75.67,-87.8,0,0,0,0
1986,0,0,6.12,75.62,-87.46,0,0,0,0
1987,0,0,6.04,75.44,-86.47,0,0,0,0
1988,0,0,5.99,75.33,-85.85,0,0,0,0
1989,0,0,5.86,74.99,-84.92,0,0,0,0
1990,0,0,5.73,74.49,-84.07,0,0,0,0
1991,0,0,5.62,73.83,-83.44,0,0,0,0
1992,0,0,5.62,73.83,-83.44,0,0,0,0
1993,0,0,5.58,73.54,-83.3,0,0,0,0
1994,0,0,5.48,80.81,-81.67,0,0,0,0
1995,0,0,5.59,80.19,-82.45,0,0,0,0
1996,0,0,5.59,80.19,-82.45,0,0,0,0
1997,0,0,5.68,79.61,-83.26,0,0,0,0
1998,0,0,5.78,79.16,-84.15,0,0,0,0
1999,0,0,5.88,78.79,-85.07,0,0,0,0
2000,0,0,5.97,78.51,-86.03,0,0,0,0
2001,0,0,6.07,78.32,-87,0,0,0,0
2002,0,0,6.15,78.25,-88,0,0,0,0
2003,0,0,6.16,78.25,-88.09,0,0,0,0
2004,0,0,5.25,74.71,-81.33,0,0,0,0
2005,0,0,5.36,75.57,-81.83,0,0,0,0
2006,0,0,5.48,76.27,-82.53,0,0,0,0
2007,0,0,5.6,76.83,-83.36,0,0,0,0
2008,0,0,5.71,77.26,-84.25,0,0,0,0
2009,0,0,5.83,77.6,-85.18,0,0,0,0
2010,0,0,5.94,77.87,-86.14,0,0,0,0
2011,0,0,6.05,78.08,-87.11,0,0,0,0
2012,0,0,6.16,78.25,-88.09,0,0,0,0
2013,0,0,6.27,78.39,-89.07,0,0,0,0
2014,0,0,6.38,78.51,-90.06,0,0,0,0
2015,0,0,6.47,78.49,-91.06,0,0,0,0
2016,0,0,6.56,78.5,-92.05,0,0,0,0
2017,0,0,6.66,78.54,-93.05,0,0,0,0
2018,0,0,6.76,78.61,-94.04,0,0,0,0
2019,0,0,6.85,78.71,-95.03,0,0,0,0
2020,0,0,6.95,78.83,-96.02,0,0,0,0
2021,0,0,7.05,78.99,-97,0,0,0,0
2022,0,0,7.15,79.17,-97.98,0,0,0,0
2023,0,0,7.24,79.39,-98.95,0,0,0,0
2024,0,0,7.34,79.65,-99.91,0,0,0,0
2025,0,0,7.44,79.95,-100.86,0,0,0,0
2026,0,0,7.53,80.3,-101.79,0,0,0,0
2027,0,0,7.62,80.71,-102.7,0,0,0,0
2028,0,0,7.71,81.17,-103.58,0,0,0,0
2029,0,0,7.79,81.69,-104.43,0,0,0,0
2030,0,0,7.87,82.29,-105.23,0,0,0,0
2031,0,0,7.88,82.42,-105.38,0,0,0,0
2032,0,0,7.88,82.14,-106.34,0,0,0,0
2033,0,0,7.88,81.77,-107.27,0,0,0,0
2034,0,0,7.88,81.38,-108.19,0,0,0,0
2035,0,0,7.88,80.99,-109.11,0,0,0,0
2036,0,0,7.88,80.99,-109.11,0,0,0,0
2037,0,0,7.88,80.66,-110.05,0,0,0,0
2038,0,0,7.88,80.29,-110.98,0,0,0,0
2039,0,0,7.88,79.35,-110.63,0,0,0,0
2040,0,0,7.88,79.39,-109.63,0,0,0,0
2041,0,0,7.88,79.88,-108.76,0,0,0,0
2042,0,0,7.88,80.69,-108.18,0,0,0,0
2043,0,0,7.88,81.38,-108.19,0,0,0,0
2044,0,0,4.4,37.16,182.86,0,0,0,0
2045,0,0,4.49,38.08,183.26,0,0,0,0
2046,0,0,4.49,38.08,183.26,0,0,0,0
2047,0,0,4.6,38.86,183.87,0,0,0,0
2048,0,0,4.73,39.5,184.63,0,0,0,0
2049,0,0,4.86,39.96,185.51,0,0,0,0
2050,0,0,4.97,40.21,186.47,0,0,0,0
2051,0,0,5.01,40.24,186.82,0,0,0,0
2052,0,0,5.13,40.44,187.79,0,0,0,0
2053,0,0,5.25,40.56,188.78,0,0,0,0
2054,0,0,5.25,40.56,188.78,0,0,0,0
2055,0,0,5.37,40.62,189.77,0,0,0,0
2056,0,0,5.37,40.62,189.77,0,0,0,0
2057,0,0,5.48,40.62,190.76,0,0,0,0
2058,0,0,5.59,40.6,191.76,0,0,0,0
2059,0,0,5.7,40.55,192.75,0,0,0,0
2060,0,0,5.81,40.47,193.74,0,0,0,0
2061,0,0,5.92,40.39,194.73,0,0,0,0
2062,0,0,6.03,40.31,195.72,0,0,0,0
2063,0,0,6.15,40.24,196.71,0,0,0,0
2064,0,0,6.26,40.19,197.7,0,0,0,0
2065,0,0,6.38,40.18,198.7,0,0,0,0
2066,0,0,6.5,40.11,199.69,0,0,0,0
2067,0,0,6.63,40.04,200.68,0,0,0,0
2068,0,0,6.75,39.97,201.67,0,0,0,0
2069,0,0,6.87,39.91,202.66,0,0,0,0
2070,0,0,6.99,39.84,203.65,0,0,0,0
2071,0,0,7.12,39.77,204.64,0,0,0,0
2072,0,0,7.24,39.7,205.63,0,0,0,0
2073,0,0,7.36,39.63,206.62,0,0,0,0
2074,0,0,7.48,39.57,207.61,0,0,0,0
2075,0,0,7.61,39.5,208.6,0,0,0,0
2076,0,0,7.73,39.43,209.59,0,0,0,0
2077,0,0,7.85,39.36,210.58,0,0,0,0
2078,0,0,7.98,39.3,211.57,0,0,0,0
2079,0,0,8.1,39.23,212.56,0,0,0,0
2080,0,0,8.22,39.16,213.55,0,0,0,0
2081,0,0,8.34,39.09,214.54,0,0,0,0
2082,0,0,8.47,39.02,215.53,0,0,0,0
2083,0,0,8.59,38.96,216.52,0,0,0,0
2084,0,0,8.71,38.89,217.51,0,0,0,0
2085,0,0,8.83,38.82,218.5,0,0,0,0
2086,0,0,8.96,38.75,219.49,0,0,0,0
2087,0,0,9.08,38.68,220.48,0,0,0,0
2088,0,0,9.2,38.62,221.47,0,0,0,0
2089,0,0,9.33,38.55,222.46,0,0,0,0
2090,0,0,9.45,38.48,223.45,0,0,0,0
2091,0,0,9.57,38.41,224.44,0,0,0,0
2092,0,0,9.69,38.34,225.43,0,0,0,0
2093,0,0,9.82,38.28,226.42,0,0,0,0
2094,0,0,9.94,38.21,227.41,0,0,0,0
2095,0,0,10.06,38.14,228.4,0,0,0,0
2096,0,0,10.18,38.07,229.39,0,0,0,0
2097,0,0,10.31,38.01,230.38,0,0,0,0
2098,0,0,10.43,37.94,231.37,0,0,0,0
2099,0,0,10.55,37.87,232.36,0,0,0,0
2100,0,0,10.68,37.8,233.35,0,0,0,0
2101,0,0,10.8,37.73,234.34,0,0,0,0
2102,0,0,10.92,37.67,235.33,0,0,0,0
2103,0,0,11.04,37.6,236.32,0,0,0,0
2104,0,0,11.17,37.53,237.31,0,0,0,0
2105,0,0,11.29,37.46,238.3,0,0,0,0
2106,0,0,11.41,37.39,239.29,0,0,0,0
2107,0,0,11.53,37.33,240.28,0,0,0,0
2108,0,0,11.66,37.26,241.27,0,0,0,0
2109,0,0,11.78,37.19,242.26,0,0,0,0
2110,0,0,11.9,37.12,243.25,0,0,0,0
2111,0,0,12.02,37.05,244.24,0,0,0,0
2112,0,0,12.15,36.99,245.23,0,0,0,0
2113,0,0,12.27,36.92,246.22,0,0,0,0
2114,0,0,12.39,36.85,247.21,0,0,0,0
2115,0,0,12.52,36.78,248.2,0,0,0,0
2116,0,0,12.64,36.72,249.19,0,0,0,0
2117,0,0,12.76,36.65,250.18,0,0,0,0
2118,0,0,12.88,36.58,251.17,0,0,0,0
2119,0,0,13.01,36.51,252.16,0,0,0,0
2120,0,0,13.13,36.44,253.15,0,0,0,0
2121,0,0,13.25,36.38,254.14,0,0,0,0
2122,0,0,13.37,36.31,255.13,0,0,0,0
2123,0,0,13.5,36.24,256.12,0,0,0,0
2124,0,0,13.62,36.17,257.11,0,0,0,0
2125,0,0,13.74,36.1,258.1,0,0,0,0
2126,0,0,13.87,36.04,259.09,0,0,0,0
2127,0,0,13.99,35.97,260.08,0,0,0,0
2128,0,0,14.11,35.9,261.07,0,0,0,0
2129,0,0,14.23,35.83,262.06,0,0,0,0
2130,0,0,14.36,35.76,263.05,0,0,0,0
2131,0,0,14.48,35.7,264.04,0,0,0,0
2132,0,0,14.6,35.63,265.03,0,0,0,0
2133,0,0,14.72,35.56,266.02,0,0,0,0
2134,0,0,14.85,35.49,267.01,0,0,0,0
2135,0,0,14.97,35.43,268,0,0,0,0
2136,0,0,15.09,35.36,268.99,0,0,0,0
2137,0,0,15.22,35.29,269.98,0,0,0,0
2138,0,0,15.34,35.22,270.97,0,0,0,0
2139,0,0,15.46,35.15,271.96,0,0,0,0
2140,0,0,15.58,35.09,272.95,0,0,0,0
2141,0,0,15.71,35.02,273.94,0,0,0,0
2142,0,0,15.83,34.95,274.93,0,0,0,0
2143,0,0,15.95,34.88,275.92,0,0,0,0
2144,0,0,16.07,34.81,276.91,0,0,0,0
2145,0,0,16.2,34.75,277.91,0,0,0,0
2146,0,0,16.32,34.68,278.9,0,0,0,0
2147,0,0,16.44,34.61,279.89,0,0,0,0
2148,0,0,16.57,34.54,280.88,0,0,0,0
2149,0,0,16.67,34.65,281.87,0,0,0,0
2150,0,0,16.78,34.76,282.86,0,0,0,0
2151,0,0,16.89,34.86,283.85,0,0,0,0
2152,0,0,17,34.97,284.83,0,0,0,0
2153,0,0,17.11,35.06,285.82,0,0,0,0
2154,0,0,17.23,35.14,286.81,0,0,0,0
2155,0,0,17.34,35.19,287.81,0,0,0,0
2156,0,0,17.41,35.24,288.8,0,0,0,0
2157,0,0,17.48,35.32,289.8,0,0,0,0
2158,0,0,17.55,35.44,290.79,0,0,0,0
2159,0,0,17.61,35.55,291.78,0,0,0,0
2160,0,0,17.68,35.67,292.77,0,0,0,0
2161,0,0,17.75,35.79,293.76,0,0,0,0
2162,0,0,17.82,35.91,294.75,0,0,0,0
2163,0,0,17.89,36.03,295.74,0,0,0,0
2164,0,0,17.95,36.15,296.73,0,0,0,0
2165,0,0,18.02,36.26,297.72,0,0,0,0
2166,0,0,18.09,36.38,298.71,0,0,0,0
2167,0,0,18.16,36.5,299.7,0,0,0,0
2168,0,0,18.23,36.62,300.69,0,0,0,0
2169,0,0,18.29,36.74,301.68,0,0,0,0
2170,0,0,18.36,36.85,302.68,0,0,0,0
2171,0,0,18.43,36.97,303.67,0,0,0,0
2172,0,0,18.44,36.99,303.83,0,0,0,0
2173,0,0,5.52,74.71,-81.33,0,0,0,0
2174,0,0,5.52,75.71,-81.32,0,0,0,0
2175,0,0,5.53,76.7,-81.21,0,0,0,0
2176,0,0,5.53,77.68,-81.01,0,0,0,0
2177,0,0,5.53,78.65,-80.74,0,0,0,0
2178,0,0,5.54,79.57,-80.35,0,0,0,0
2179,0,0,5.54,80.41,-79.81,0,0,0,0
2180,0,0,5.54,80.68,-79.58,0,0,0,0
2181,0,0,5.49,81.25,-78.76,0,0,0,0
2182,0,0,5.44,81.66,-77.85,0,0,0,0
2183,0,0,5.39,81.94,-76.89,0,0,0,0
2184,0,0,5.35,82.11,-75.9,0,0,0,0
2185,0,0,5.32,82.16,-74.91,0,0,0,0
2186,0,0,5.28,82.11,-73.91,0,0,0,0
2187,0,0,5.23,82.08,-72.91,0,0,0,0
2188,0,0,5.18,82.04,-71.91,0,0,0,0
2189,0,0,5.13,82.01,-70.91,0,0,0,0
2190,0,0,5.08,81.98,-69.92,0,0,0,0
2191,0,0,5.03,81.94,-68.92,0,0,0,0
2192,0,0,4.98,81.91,-67.92,0,0,0,0
2193,0,0,4.93,81.88,-66.92,0,0,0,0
2194,0,0,4.87,81.84,-65.92,0,0,0,0
2195,0,0,4.82,81.81,-64.92,0,0,0,0
2196,0,0,4.77,81.77,-63.93,0,0,0,0
2197,0,0,4.72,81.74,-62.93,0,0,0,0
2198,0,0,4.67,81.71,-61.93,0,0,0,0
2199,0,0,4.62,81.67,-60.93,0,0,0,0
2200,0,0,4.57,81.64,-59.93,0,0,0,0
2201,0,0,4.51,81.61,-58.94,0,0,0,0
2202,0,0,4.46,81.57,-57.94,0,0,0,0
2203,0,0,4.41,81.54,-56.94,0,0,0,0
2204,0,0,4.36,81.5,-55.94,0,0,0,0
2205,0,0,4.31,81.47,-54.94,0,0,0,0
2206,0,0,4.26,81.44,-53.95,0,0,0,0
2207,0,0,4.21,81.4,-52.95,0,0,0,0
2208,0,0,4.16,81.37,-51.95,0,0,0,0
2209,0,0,4.1,81.34,-50.95,0,0,0,0
2210,0,0,4.05,81.3,-49.95,0,0,0,0
2211,0,0,4,81.27,-48.96,0,0,0,0
2212,0,0,3.95,81.24,-47.96,0,0,0,0
2213,0,0,3.9,81.2,-46.96,0,0,0,0
2214,0,0,3.85,81.17,-45.96,0,0,0,0
2215,0,0,3.8,81.13,-44.96,0,0,0,0
2216,0,0,3.75,81.1,-43.96,0,0,0,0
2217,0,0,3.69,81.07,-42.97,0,0,0,0
2218,0,0,3.64,81.03,-41.97,0,0,0,0
2219,0,0,3.59,81,-40.97,0,0,0,0
2220,0,0,3.54,80.97,-39.97,0,0,0,0
2221,0,0,3.49,80.93,-38.97,0,0,0,0
2222,0,0,3.44,80.9,-37.98,0,0,0,0
2223,0,0,3.39,80.86,-36.98,0,0,0,0
2224,0,0,3.34,80.83,-35.98,0,0,0,0
2225,0,0,3.28,80.8,-34.98,0,0,0,0
2226,0,0,3.23,80.76,-33.98,0,0,0,0
2227,0,0,3.18,80.73,-32.99,0,0,0,0
2228,0,0,3.13,80.7,-31.99,0,0,0,0
2229,0,0,3.08,80.66,-30.99,0,0,0,0
2230,0,0,3.03,80.63,-29.99,0,0,0,0
2231,0,0,2.98,80.6,-28.99,0,0,0,0
2232,0,0,2.93,80.56,-27.99,0,0,0,0
2233,0,0,2.87,80.53,-27,0,0,0,0
2234,0,0,2.82,80.49,-26,0,0,0,0
2235,0,0,2.77,80.46,-25,0,0,0,0
2236,0,0,2.72,80.43,-24,0,0,0,0
2237,0,0,2.67,80.39,-23,0,0,0,0
2238,0,0,2.62,80.36,-22.01,0,0,0,0
2239,0,0,2.57,80.33,-21.01,0,0,0,0
2240,0,0,2.52,80.29,-20.01,0,0,0,0
2241,0,0,2.46,80.26,-19.01,0,0,0,0
2242,0,0,2.41,80.22,-18.01,0,0,0,0
2243,0,0,2.36,80.19,-17.02,0,0,0,0
2244,0,0,2.31,80.16,-16.02,0,0,0,0
2245,0,0,2.26,80.12,-15.02,0,0,0,0
2246,0,0,2.21,80.09,-14.02,0,0,0,0
2247,0,0,2.16,80.06,-13.02,0,0,0,0
2248,0,0,2.1,80.02,-12.02,0,0,0,0
2249,0,0,2.09,79.97,-11.03,0,0,0,0
2250,0,0,2.08,79.92,-10.03,0,0,0,0
2251,0,0,2.06,79.87,-9.03,0,0,0,0
2252,0,0,2.04,79.83,-8.03,0,0,0,0
2253,0,0,2.03,79.78,-7.03,0,0,0,0
2254,0,0,2.01,79.74,-6.03,0,0,0,0
2255,0,0,2,79.7,-5.03,0,0,0,0
2256,0,0,1.98,79.66,-4.03,0,0,0,0
2257,0,0,1.96,79.62,-3.04,0,0,0,0
2258,0,0,1.95,79.58,-2.04,0,0,0,0
2259,0,0,1.93,79.55,-1.04,0,0,0,0
2260,0,0,1.91,79.51,-0.04,0,0,0,0
2261,0,0,1.89,79.48,0.96,0,0,0,0
2262,0,0,1.88,79.45,1.96,0,0,0,0
2263,0,0,1.86,79.42,2.96,0,0,0,0
2264,0,0,1.84,79.39,3.96,0,0,0,0
2265,0,0,1.82,79.36,4.96,0,0,0,0
2266,0,0,1.8,79.33,5.96,0,0,0,0
2267,0,0,1.78,79.31,6.96,0,0,0,0
2268,0,0,1.77,79.28,7.96,0,0,0,0
2269,0,0,1.75,79.26,8.96,0,0,0,0
2270,0,0,1.73,79.24,9.96,0,0,0,0
2271,0,0,1.71,79.21,10.96,0,0,0,0
2272,0,0,1.69,79.19,11.96,0,0,0,0
2273,0,0,1.67,79.17,12.96,0,0,0,0
2274,0,0,1.65,79.16,13.96,0,0,0,0
2275,0,0,1.63,79.14,14.96,0,0,0,0
2276,0,0,1.61,79.12,15.95,0,0,0,0
2277,0,0,1.59,79.11,16.95,0,0,0,0
2278,0,0,1.57,79.09,17.95,0,0,0,0
2279,0,0,1.55,79.08,18.95,0,0,0,0
2280,0,0,1.53,79.06,19.95,0,0,0,0
2281,0,0,1.52,79.05,20.95,0,0,0,0
2282,0,0,1.5,79.04,21.95,0,0,0,0
2283,0,0,1.48,79.03,22.95,0,0,0,0
2284,0,0,1.46,79.02,23.95,0,0,0,0
2285,0,0,1.44,79.01,24.95,0,0,0,0
2286,0,0,1.42,79,25.95,0,0,0,0
2287,0,0,1.4,79,26.95,0,0,0,0
2288,0,0,1.38,78.99,27.95,0,0,0,0
2289,0,0,1.36,78.99,28.95,0,0,0,0
2290,0,0,1.34,78.98,29.95,0,0,0,0
2291,0,0,1.32,78.98,30.95,0,0,0,0
2292,0,0,1.3,78.98,31.95,0,0,0,0
2293,0,0,1.28,78.97,32.95,0,0,0,0
2294,0,0,1.26,78.97,33.95,0,0,0,0
2295,0,0,1.24,78.97,34.95,0,0,0,0
2296,0,0,1.22,78.98,35.95,0,0,0,0
2297,0,0,1.21,78.98,36.95,0,0,0,0
2298,0,0,1.19,78.98,37.95,0,0,0,0
2299,0,0,1.17,78.99,38.95,0,0,0,0
2300,0,0,1.15,78.99,39.95,0,0,0,0
2301,0,0,1.13,79,40.95,0,0,0,0
2302,0,0,1.11,79.01,41.95,0,0,0,0
2303,0,0,1.1,79.01,42.95,0,0,0,0
2304,0,0,1.1,78.97,43.95,0,0,0,0
2305,0,0,1.11,78.93,44.95,0,0,0,0
2306,0,0,1.12,78.88,45.95,0,0,0,0
2307,0,0,1.13,78.84,46.95,0,0,0,0
2308,0,0,1.13,78.8,47.94,0,0,0,0
2309,0,0,1.14,78.75,48.94,0,0,0,0
2310,0,0,1.15,78.71,49.94,0,0,0,0
2311,0,0,1.15,78.67,50.94,0,0,0,0
2312,0,0,1.16,78.63,51.94,0,0,0,0
2313,0,0,1.17,78.58,52.94,0,0,0,0
2314,0,0,1.17,78.54,53.94,0,0,0,0
2315,0,0,1.18,78.5,54.94,0,0,0,0
2316,0,0,1.19,78.45,55.94,0,0,0,0
2317,0,0,1.2,78.41,56.94,0,0,0,0
2318,0,0,1.2,78.37,57.93,0,0,0,0
2319,0,0,1.21,78.32,58.93,0,0,0,0
2320,0,0,1.22,78.28,59.93,0,0,0,0
2321,0,0,1.22,78.24,60.93,0,0,0,0
2322,0,0,1.23,78.19,61.93,0,0,0,0
2323,0,0,1.24,78.15,62.93,0,0,0,0
2324,0,0,1.25,78.11,63.93,0,0,0,0
2325,0,0,1.25,78.06,64.93,0,0,0,0
2326,0,0,1.26,78.02,65.93,0,0,0,0
2327,0,0,1.27,77.98,66.93,0,0,0,0
2328,0,0,1.27,77.93,67.93,0,0,0,0
2329,0,0,1.28,77.89,68.92,0,0,0,0
2330,0,0,1.29,77.85,69.92,0,0,0,0
2331,0,0,1.29,77.8,70.92,0,0,0,0
2332,0,0,1.3,77.76,71.92,0,0,0,0
2333,0,0,1.31,77.72,72.92,0,0,0,0
2334,0,0,1.32,77.67,73.92,0,0,0,0
2335,0,0,1.32,77.63,74.92,0,0,0,0
2336,0,0,1.33,77.59,75.92,0,0,0,0
2337,0,0,1.34,77.54,76.92,0,0,0,0
2338,0,0,1.34,77.5,77.92,0,0,0,0
2339,0,0,1.33,77.44,78.91,0,0,0,0
2340,0,0,1.32,77.28,79.9,0,0,0,0
2341,0,0,1.3,77,80.86,0,0,0,0
2342,0,0,1.28,76.59,81.77,0,0,0,0
2343,0,0,1.26,76.07,82.62,0,0,0,0
2344,0,0,1.24,75.42,83.38,0,0,0,0
2345,0,0,1.21,74.66,84.04,0,0,0,0
2346,0,0,1.19,73.83,84.59,0,0,0,0
2347,0,0,1.17,72.93,85.03,0,0,0,0
2348,0,0,1.17,72.93,85.03,0,0,0,0
2349,0,0,1.16,71.99,85.37,0,0,0,0
2350,0,0,1.16,71.99,85.37,0,0,0,0
2351,0,0,1.13,71,85.52,0,0,0,0
2352,0,0,1.1,70.01,85.61,0,0,0,0
2353,0,0,1.07,69.01,85.67,0,0,0,0
2354,0,0,1.04,68.01,85.7,0,0,0,0
2355,0,0,1.01,67.01,85.7,0,0,0,0
2356,0,0,0.98,66.01,85.67,0,0,0,0
2357,0,0,0.95,65.01,85.6,0,0,0,0
2358,0,0,0.92,64.01,85.59,0,0,0,0
2359,0,0,0.88,63.01,85.58,0,0,0,0
2360,0,0,0.85,62.01,85.58,0,0,0,0
2361,0,0,0.81,61.01,85.57,0,0,0,0
2362,0,0,0.81,60.9,85.57,0,0,0,0
2363,0,0,1.06,67.88,96.18,0,0,0,0
2364,0,0,1.05,67.89,95.18,0,0,0,0
2365,0,0,1.04,67.83,94.18,0,0,0,0
2366,0,0,1.03,67.7,93.19,0,0,0,0
2367,0,0,1.01,67.49,92.21,0,0,0,0
2368,0,0,1,67.2,91.26,0,0,0,0
2369,0,0,0.98,66.83,90.33,0,0,0,0
2370,0,0,0.96,66.37,89.44,0,0,0,0
2371,0,0,0.94,65.83,88.6,0,0,0,0
2372,0,0,0.93,65.22,87.81,0,0,0,0
2373,0,0,0.91,64.52,87.09,0,0,0,0
2374,0,0,0.89,63.74,86.46,0,0,0,0
2375,0,0,0.87,62.84,86.02,0,0,0,0
2376,0,0,0.84,61.88,85.74,0,0,0,0
2377,0,0,0.81,60.9,85.57,0,0,0,0
2378,0,0,0.78,59.9,85.47,0,0,0,0
2379,0,0,0.76,59.04,85.42,0,0,0,0
2380,0,0,0.73,58.05,85.39,0,0,0,0
2381,0,0,0.7,57.05,85.36,0,0,0,0
2382,0,0,0.66,56.05,85.33,0,0,0,0
2383,0,0,0.63,55.05,85.3,0,0,0,0
2384,0,0,0.6,54.05,85.26,0,0,0,0
2385,0,0,0.57,53.05,85.23,0,0,0,0
2386,0,0,0.53,52.05,85.2,0,0,0,0
2387,0,0,0.5,51.05,85.17,0,0,0,0
2388,0,0,0.47,50.05,85.14,0,0,0,0
2389,0,0,0.43,49.05,85.11,0,0,0,0
2390,0,0,0.4,48.06,85.08,0,0,0,0
2391,0,0,0.37,47.06,85.05,0,0,0,0
2392,0,0,0.34,46.06,85.01,0,0,0,0
2393,0,0,0.3,45.06,84.98,0,0,0,0
2394,0,0,0.27,44.06,84.95,0,0,0,0
2395,0,0,0.24,43.06,84.92,0,0,0,0
2396,0,0,0.2,42.06,84.89,0,0,0,0
2397,0,0,0.17,41.06,84.86,0,0,0,0
2398,0,0,0.14,40.06,84.83,0,0,0,0
2399,0,0,0.11,39.06,84.8,0,0,0,0
2400,0,0,0.07,38.07,84.77,0,0,0,0
2401,0,0,0.04,37.07,84.73,0,0,0,0
2402,0,0,0.01,36.07,84.7,0,0,0,0
2403,0,0,-0.03,35.07,84.67,0,0,0,0
2404,0,0,-0.06,34.07,84.64,0,0,0,0
2405,0,0,-0.09,33.07,84.61,0,0,0,0
2406,0,0,-0.12,32.07,84.58,0,0,0,0
2407,0,0,-0.16,31.07,84.55,0,0,0,0
2408,0,0,-0.19,30.07,84.52,0,0,0,0
2409,0,0,-0.22,29.08,84.48,0,0,0,0
2410,0,0,-0.26,28.08,84.45,0,0,0,0
2411,0,0,-0.24,27.08,84.43,0,0,0,0
2412,0,0,-0.22,26.08,84.41,0,0,0,0
2413,0,0,-0.2,25.08,84.39,0,0,0,0
2414,0,0,-0.18,24.08,84.37,0,0,0,0
2415,0,0,-0.16,23.08,84.35,0,0,0,0
2416,0,0,-0.15,22.08,84.33,0,0,0,0
2417,0,0,-0.13,21.08,84.3,0,0,0,0
2418,0,0,-0.11,20.08,84.28,0,0,0,0
2419,0,0,-0.09,19.08,84.26,0,0,0,0
2420,0,0,-0.07,18.08,84.24,0,0,0,0
2421,0,0,-0.05,17.08,84.22,0,0,0,0
2422,0,0,-0.03,16.08,84.2,0,0,0,0
2423,0,0,-0.02,15.08,84.18,0,0,0,0
2424,0,0,0,14.08,84.15,0,0,0,0
2425,0,0,0.02,13.08,84.13,0,0,0,0
2426,0,0,0.04,12.08,84.11,0,0,0,0
2427,0,0,0.06,11.08,84.09,0,0,0,0
2428,0,0,0.08,10.08,84.07,0,0,0,0
2429,0,0,0.1,9.08,84.05,0,0,0,0
2430,0,0,0.11,8.08,84.03,0,0,0,0
2431,0,0,0.13,7.08,84,0,0,0,0
2432,0,0,0.15,6.08,83.98,0,0,0,0
2433,0,0,0.17,5.09,83.96,0,0,0,0
2434,0,0,0.19,4.09,83.94,0,0,0,0
2435,0,0,0.21,3.09,83.92,0,0,0,0
2436,0,0,0.22,2.09,83.9,0,0,0,0
2437,0,0,0.25,1.1,84.07,0,0,0,0
2438,0,0,0.27,0.11,84.18,0,0,0,0
2439,0,0,0.29,-0.89,84.26,0,0,0,0
2440,0,0,0.24,-1.89,84.3,0,0,0,0
2441,0,0,0.2,-2.89,84.32,0,0,0,0
2442,0,0,0.16,-3.89,84.32,0,0,0,0
2443,0,0,0.12,-4.88,84.31,0,0,0,0
2444,0,0,0.07,-5.88,84.29,0,0,0,0
2445,0,0,0.03,-6.88,84.26,0,0,0,0
2446,0,0,-0.01,-7.88,84.22,0,0,0,0
2447,0,0,-0.05,-8.88,84.17,0,0,0,0
2448,0,0,-0.1,-9.88,84.12,0,0,0,0
2449,0,0,-0.14,-10.87,84.06,0,0,0,0
2450,0,0,-0.18,-11.87,83.99,0,0,0,0
2451,0,0,-0.22,-12.87,83.92,0,0,0,0
2452,0,0,-0.27,-13.86,83.83,0,0,0,0
2453,0,0,-0.31,-14.85,83.73,0,0,0,0
2454,0,0,-0.27,-15.85,83.71,0,0,0,0
2455,0,0,-0.23,-16.85,83.68,0,0,0,0
2456,0,0,-0.19,-17.85,83.66,0,0,0,0
2457,0,0,-0.15,-18.85,83.63,0,0,0,0
2458,0,0,-0.12,-19.85,83.6,0,0,0,0
2459,0,0,-0.08,-20.85,83.58,0,0,0,0
2460,0,0,-0.04,-21.85,83.55,0,0,0,0
2461,0,0,0,-22.84,83.52,0,0,0,0
2462,0,0,0.04,-23.84,83.5,0,0,0,0
2463,0,0,0.04,-23.84,83.5,0,0,0,0
2464,0,0,0.08,-24.84,83.47,0,0,0,0
2465,0,0,0.08,-24.84,83.47,0,0,0,0
2466,0,0,0.12,-25.84,83.45,0,0,0,0
2467,0,0,0.15,-26.84,83.42,0,0,0,0
2468,0,0,0.19,-27.84,83.39,0,0,0,0
2469,0,0,0.23,-28.84,83.37,0,0,0,0
2470,0,0,0.27,-29.84,83.34,0,0,0,0
2471,0,0,0.31,-30.84,83.32,0,0,0,0
2472,0,0,0.35,-31.83,83.29,0,0,0,0
2473,0,0,0.35,-31.83,83.29,0,0,0,0
2474,0,0,0.39,-32.83,83.26,0,0,0,0
2475,0,0,0.39,-32.83,83.26,0,0,0,0
2476,0,0,0.42,-33.83,83.24,0,0,0,0
2477,0,0,0.46,-34.83,83.21,0,0,0,0
2478,0,0,0.5,-35.83,83.19,0,0,0,0
2479,0,0,0.54,-36.83,83.16,0,0,0,0
2480,0,0,0.58,-37.83,83.13,0,0,0,0
2481,0,0,0.62,-38.83,83.11,0,0,0,0
2482,0,0,0.66,-39.83,83.08,0,0,0,0
2483,0,0,0.69,-40.83,83.06,0,0,0,0
2484,0,0,0.73,-41.82,83.03,0,0,0,0
2485,0,0,0.77,-42.82,83,0,0,0,0
2486,0,0,0.81,-43.82,82.98,0,0,0,0
2487,0,0,0.85,-44.82,82.95,0,0,0,0
2488,0,0,0.89,-45.82,82.93,0,0,0,0
2489,0,0,0.93,-46.82,82.9,0,0,0,0
2490,0,0,0.96,-47.82,82.87,0,0,0,0
2491,0,0,1,-48.82,82.85,0,0,0,0
2492,0,0,1.04,-49.82,82.82,0,0,0,0
2493,0,0,1.08,-50.81,82.8,0,0,0,0
2494,0,0,1.12,-51.81,82.77,0,0,0,0
2495,0,0,1.16,-52.81,82.74,0,0,0,0
2496,0,0,1.2,-53.81,82.72,0,0,0,0
2497,0,0,1.23,-54.81,82.69,0,0,0,0
2498,0,0,1.27,-55.81,82.67,0,0,0,0
2499,0,0,1.31,-56.81,82.64,0,0,0,0
2500,0,0,1.31,-56.89,82.64,0,0,0,0
2501,0,0,1.33,-57.89,82.62,0,0,0,0
2502,0,0,1.35,-58.89,82.59,0,0,0,0
2503,0,0,1.37,-59.89,82.57,0,0,0,0
2504,0,0,1.39,-60.89,82.55,0,0,0,0
2505,0,0,1.41,-61.89,82.53,0,0,0,0
2506,0,0,1.43,-62.89,82.51,0,0,0,0
2507,0,0,1.44,-63.89,82.49,0,0,0,0
2508,0,0,1.46,-64.89,82.47,0,0,0,0
2509,0,0,1.46,-64.89,82.47,0,0,0,0
2510,0,0,1.48,-65.88,82.52,0,0,0,0
2511,0,0,1.48,-65.88,82.52,0,0,0,0
2512,0,0,1.5,-66.87,82.34,0,0,0,0
2513,0,0,1.52,-67.79,81.96,0,0,0,0
2514,0,0,1.54,-68.64,81.43,0,0,0,0
2515,0,0,1.57,-69.39,80.77,0,0,0,0
2516,0,0,1.59,-70.04,80.01,0,0,0,0
2517,0,0,1.61,-70.59,79.18,0,0,0,0
2518,0,0,1.63,-71.03,78.28,0,0,0,0
2519,0,0,1.65,-71.35,77.33,0,0,0,0
2520,0,0,1.67,-71.53,76.35,0,0,0,0
2521,0,0,1.67,-71.53,76.35,0,0,0,0
2522,0,0,1.63,-71.39,75.36,0,0,0,0
2523,0,0,1.63,-71.39,75.36,0,0,0,0
2524,0,0,1.6,-71.26,74.37,0,0,0,0
2525,0,0,1.56,-71.14,73.38,0,0,0,0
2526,0,0,1.53,-71.03,72.38,0,0,0,0
2527,0,0,1.49,-70.92,71.39,0,0,0,0
2528,0,0,1.45,-70.82,70.4,0,0,0,0
2529,0,0,1.42,-70.72,69.4,0,0,0,0
2530,0,0,1.38,-70.63,68.41,0,0,0,0
2531,0,0,1.34,-70.55,67.41,0,0,0,0
2532,0,0,1.31,-70.47,66.41,0,0,0,0
2533,0,0,1.27,-70.41,65.42,0,0,0,0
2534,0,0,1.23,-70.35,64.42,0,0,0,0
2535,0,0,1.2,-70.31,63.42,0,0,0,0
2536,0,0,1.16,-70.27,62.42,0,0,0,0
2537,0,0,1.12,-70.25,61.42,0,0,0,0
2538,0,0,1.09,-70.25,60.42,0,0,0,0
2539,0,0,1.05,-70.27,59.43,0,0,0,0
2540,0,0,1.01,-70.32,58.43,0,0,0,0
2541,0,0,1.03,-70.3,57.43,0,0,0,0
2542,0,0,1.04,-70.27,56.43,0,0,0,0
2543,0,0,1.06,-70.24,55.43,0,0,0,0
2544,0,0,1.07,-70.21,54.43,0,0,0,0
2545,0,0,1.09,-70.18,53.43,0,0,0,0
2546,0,0,1.1,-70.15,52.43,0,0,0,0
2547,0,0,1.12,-70.12,51.43,0,0,0,0
2548,0,0,1.14,-70.1,50.43,0,0,0,0
2549,0,0,1.15,-70.07,49.43,0,0,0,0
2550,0,0,1.17,-70.04,48.43,0,0,0,0
2551,0,0,1.18,-70.01,47.43,0,0,0,0
2552,0,0,1.2,-69.98,46.43,0,0,0,0
2553,0,0,1.21,-69.95,45.43,0,0,0,0
2554,0,0,1.23,-69.93,44.43,0,0,0,0
2555,0,0,1.24,-69.9,43.44,0,0,0,0
2556,0,0,1.26,-69.87,42.44,0,0,0,0
2557,0,0,1.28,-69.84,41.44,0,0,0,0
2558,0,0,1.29,-69.81,40.44,0,0,0,0
2559,0,0,1.31,-69.78,39.44,0,0,0,0
2560,0,0,1.32,-69.76,38.44,0,0,0,0
2561,0,0,1.34,-69.73,37.44,0,0,0,0
2562,0,0,1.35,-69.7,36.44,0,0,0,0
2563,0,0,1.37,-69.67,35.44,0,0,0,0
2564,0,0,1.38,-69.64,34.44,0,0,0,0
2565,0,0,1.4,-69.61,33.44,0,0,0,0
2566,0,0,1.42,-69.59,32.44,0,0,0,0
2567,0,0,1.43,-69.56,31.44,0,0,0,0
2568,0,0,1.45,-69.53,30.44,0,0,0,0
2569,0,0,1.46,-69.5,29.44,0,0,0,0
2570,0,0,1.48,-69.47,28.44,0,0,0,0
2571,0,0,1.49,-69.44,27.44,0,0,0,0
2572,0,0,1.51,-69.41,26.44,0,0,0,0
2573,0,0,1.52,-69.39,25.44,0,0,0,0
2574,0,0,1.54,-69.36,24.45,0,0,0,0
2575,0,0,1.56,-69.33,23.45,0,0,0,0
2576,0,0,1.57,-69.3,22.45,0,0,0,0
2577,0,0,1.59,-69.27,21.45,0,0,0,0
2578,0,0,1.6,-69.24,20.45,0,0,0,0
2579,0,0,1.62,-69.22,19.45,0,0,0,0
2580,0,0,1.63,-69.19,18.45,0,0,0,0
2581,0,0,1.65,-69.16,17.45,0,0,0,0
2582,0,0,1.66,-69.13,16.45,0,0,0,0
2583,0,0,1.68,-69.1,15.45,0,0,0,0
2584,0,0,1.7,-69.07,14.45,0,0,0,0
2585,0,0,1.71,-69.05,13.45,0,0,0,0
2586,0,0,1.73,-69.02,12.45,0,0,0,0
2587,0,0,1.74,-68.99,11.45,0,0,0,0
2588,0,0,1.76,-68.96,10.45,0,0,0,0
2589,0,0,1.77,-68.93,9.45,0,0,0,0
2590,0,0,1.79,-68.9,8.45,0,0,0,0
2591,0,0,1.8,-68.87,7.45,0,0,0,0
2592,0,0,1.82,-68.85,6.45,0,0,0,0
2593,0,0,1.83,-68.82,5.46,0,0,0,0
2594,0,0,1.85,-68.79,4.46,0,0,0,0
2595,0,0,1.87,-68.76,3.46,0,0,0,0
2596,0,0,1.88,-68.73,2.46,0,0,0,0
2597,0,0,1.9,-68.7,1.46,0,0,0,0
2598,0,0,1.91,-68.68,0.46,0,0,0,0
2599,0,0,1.93,-68.65,-0.54,0,0,0,0
2600,0,0,1.94,-68.62,-1.54,0,0,0,0
2601,0,0,1.96,-68.59,-2.54,0,0,0,0
2602,0,0,1.97,-68.56,-3.54,0,0,0,0
2603,0,0,1.99,-68.53,-4.54,0,0,0,0
2604,0,0,2.01,-68.51,-5.54,0,0,0,0
2605,0,0,2.02,-68.48,-6.54,0,0,0,0
2606,0,0,2.04,-68.45,-7.54,0,0,0,0
2607,0,0,2.05,-68.42,-8.54,0,0,0,0
2608,0,0,2.07,-68.39,-9.54,0,0,0,0
2609,0,0,2.08,-68.36,-10.54,0,0,0,0
2610,0,0,2.1,-68.33,-11.54,0,0,0,0
2611,0,0,2.11,-68.31,-12.54,0,0,0,0
2612,0,0,2.13,-68.28,-13.53,0,0,0,0
2613,0,0,2.15,-68.25,-14.53,0,0,0,0
2614,0,0,2.16,-68.22,-15.53,0,0,0,0
2615,0,0,2.18,-68.19,-16.53,0,0,0,0
2616,0,0,2.19,-68.16,-17.53,0,0,0,0
2617,0,0,2.21,-68.14,-18.53,0,0,0,0
2618,0,0,2.22,-68.11,-19.53,0,0,0,0
2619,0,0,2.24,-68.08,-20.53,0,0,0,0
2620,0,0,2.25,-68.05,-21.53,0,0,0,0
2621,0,0,2.27,-68.02,-22.53,0,0,0,0
2622,0,0,2.29,-67.99,-23.53,0,0,0,0
2623,0,0,2.3,-67.97,-24.53,0,0,0,0
2624,0,0,2.32,-67.94,-25.53,0,0,0,0
2625,0,0,2.33,-67.91,-26.53,0,0,0,0
2626,0,0,2.35,-67.88,-27.53,0,0,0,0
2627,0,0,2.36,-67.85,-28.53,0,0,0,0
2628,0,0,2.38,-67.82,-29.53,0,0,0,0
2629,0,0,2.39,-67.8,-30.53,0,0,0,0
2630,0,0,2.41,-67.77,-31.53,0,0,0,0
2631,0,0,2.43,-67.74,-32.53,0,0,0,0
2632,0,0,2.44,-67.71,-33.52,0,0,0,0
2633,0,0,2.46,-67.68,-34.52,0,0,0,0
2634,0,0,2.47,-67.65,-35.52,0,0,0,0
2635,0,0,2.49,-67.62,-36.52,0,0,0,0
2636,0,0,2.5,-67.6,-37.52,0,0,0,0
2637,0,0,2.52,-67.57,-38.52,0,0,0,0
2638,0,0,2.53,-67.54,-39.52,0,0,0,0
2639,0,0,2.55,-67.51,-40.52,0,0,0,0
2640,0,0,2.57,-67.48,-41.52,0,0,0,0
2641,0,0,2.58,-67.45,-42.52,0,0,0,0
2642,0,0,2.6,-67.43,-43.52,0,0,0,0
2643,0,0,2.61,-67.4,-44.52,0,0,0,0
2644,0,0,2.63,-67.37,-45.52,0,0,0,0
2645,0,0,2.64,-67.34,-46.52,0,0,0,0
2646,0,0,2.66,-67.31,-47.52,0,0,0,0
2647,0,0,2.67,-67.28,-48.52,0,0,0,0
2648,0,0,2.69,-67.26,-49.52,0,0,0,0
2649,0,0,2.71,-67.23,-50.52,0,0,0,0
2650,0,0,2.72,-67.2,-51.52,0,0,0,0
2651,0,0,2.74,-67.17,-52.51,0,0,0,0
2652,0,0,2.75,-67.14,-53.51,0,0,0,0
2653,0,0,2.77,-67.11,-54.51,0,0,0,0
2654,0,0,2.78,-67.08,-55.51,0,0,0,0
2655,0,0,2.8,-67.06,-56.51,0,0,0,0
2656,0,0,2.81,-67.03,-57.51,0,0,0,0
2657,0,0,2.83,-67,-58.51,0,0,0,0
2658,0,0,2.84,-66.97,-59.51,0,0,0,0
2659,0,0,2.86,-66.94,-60.51,0,0,0,0
2660,0,0,2.88,-66.91,-61.51,0,0,0,0
2661,0,0,2.89,-66.89,-62.51,0,0,0,0
2662,0,0,2.89,-66.84,-63.51,0,0,0,0
2663,0,0,2.89,-66.81,-64.51,0,0,0,0
2664,0,0,2.89,-66.79,-65.51,0,0,0,0
2665,0,0,2.89,-66.79,-66.51,0,0,0,0
2666,0,0,2.89,-66.81,-67.51,0,0,0,0
2667,0,0,2.89,-66.83,-68.51,0,0,0,0
2668,0,0,2.89,-66.86,-69.51,0,0,0,0
2669,0,0,2.89,-66.89,-70.51,0,0,0,0
2670,0,0,2.89,-66.94,-71.51,0,0,0,0
2671,0,0,2.89,-66.99,-72.5,0,0,0,0
2672,0,0,2.89,-67.04,-73.5,0,0,0,0
2673,0,0,2.89,-67.1,-74.5,0,0,0,0
2674,0,0,2.89,-67.16,-75.5,0,0,0,0
2675,0,0,2.89,-67.23,-76.5,0,0,0,0
2676,0,0,2.89,-67.29,-77.49,0,0,0,0
2677,0,0,2.89,-67.36,-78.49,0,0,0,0
2678,0,0,2.89,-67.4,-79,0,0,0,0
2679,0,0,2.89,-67.4,-79,0,0,0,0
2680,0,0,2.95,-67.2,-79.97,0,0,0,0
2681,0,0,2.95,-67.2,-79.97,0,0,0,0
2682,0,0,3.02,-66.91,-80.93,0,0,0,0
2683,0,0,3.1,-66.5,-81.84,0,0,0,0
2684,0,0,3.18,-65.96,-82.68,0,0,0,0
2685,0,0,3.28,-65.31,-83.43,0,0,0,0
2686,0,0,3.37,-64.54,-84.06,0,0,0,0
2687,0,0,3.47,-63.67,-84.54,0,0,0,0
2688,0,0,3.56,-62.73,-84.87,0,0,0,0
2689,0,0,3.64,-61.75,-85.04,0,0,0,0
2690,0,0,3.64,-61.75,-85.04,0,0,0,0
2691,0,0,3.71,-60.75,-85.06,0,0,0,0
2692,0,0,3.71,-60.75,-85.06,0,0,0,0
2693,0,0,3.78,-59.76,-84.96,0,0,0,0
2694,0,0,3.83,-58.78,-84.74,0,0,0,0
2695,0,0,3.81,-57.78,-84.72,0,0,0,0
2696,0,0,3.79,-56.78,-84.69,0,0,0,0
2697,0,0,3.77,-55.78,-84.67,0,0,0,0
2698,0,0,3.75,-54.78,-84.65,0,0,0,0
2699,0,0,3.73,-53.78,-84.63,0,0,0,0
2700,0,0,3.72,-52.78,-84.61,0,0,0,0
2701,0,0,3.7,-51.78,-84.59,0,0,0,0
2702,0,0,3.68,-50.78,-84.56,0,0,0,0
2703,0,0,3.66,-49.78,-84.54,0,0,0,0
2704,0,0,3.64,-48.79,-84.52,0,0,0,0
2705,0,0,3.62,-47.79,-84.5,0,0,0,0
2706,0,0,3.6,-46.79,-84.48,0,0,0,0
2707,0,0,3.58,-45.79,-84.46,0,0,0,0
2708,0,0,3.56,-44.79,-84.43,0,0,0,0
2709,0,0,3.55,-43.79,-84.41,0,0,0,0
2710,0,0,3.53,-42.79,-84.39,0,0,0,0
2711,0,0,3.51,-41.79,-84.37,0,0,0,0
2712,0,0,3.49,-40.79,-84.35,0,0,0,0
2713,0,0,3.47,-39.79,-84.32,0,0,0,0
2714,0,0,3.45,-38.79,-84.3,0,0,0,0
2715,0,0,3.43,-37.79,-84.28,0,0,0,0
2716,0,0,3.41,-36.79,-84.26,0,0,0,0
2717,0,0,3.4,-35.79,-84.24,0,0,0,0
2718,0,0,3.38,-34.79,-84.22,0,0,0,0
2719,0,0,3.36,-33.79,-84.19,0,0,0,0
2720,0,0,3.34,-32.79,-84.17,0,0,0,0
2721,0,0,3.32,-31.79,-84.15,0,0,0,0
2722,0,0,3.3,-30.79,-84.13,0,0,0,0
2723,0,0,3.28,-29.79,-84.11,0,0,0,0
2724,0,0,3.26,-28.79,-84.09,0,0,0,0
2725,0,0,3.25,-27.79,-84.06,0,0,0,0
2726,0,0,3.23,-26.79,-84.04,0,0,0,0
2727,0,0,3.21,-25.79,-84.02,0,0,0,0
2728,0,0,3.19,-24.79,-84,0,0,0,0
2729,0,0,3.17,-23.8,-83.98,0,0,0,0
2730,0,0,3.15,-22.8,-83.95,0,0,0,0
2731,0,0,3.13,-21.8,-83.93,0,0,0,0
2732,0,0,3.11,-20.8,-83.91,0,0,0,0
2733,0,0,3.1,-19.8,-83.89,0,0,0,0
2734,0,0,3.08,-18.8,-83.87,0,0,0,0
2735,0,0,3.06,-17.8,-83.85,0,0,0,0
2736,0,0,3.04,-16.8,-83.82,0,0,0,0
2737,0,0,3.02,-15.8,-83.8,0,0,0,0
2738,0,0,3,-14.8,-83.78,0,0,0,0
2739,0,0,2.98,-13.8,-83.76,0,0,0,0
2740,0,0,2.96,-12.8,-83.74,0,0,0,0
2741,0,0,2.94,-11.8,-83.72,0,0,0,0
2742,0,0,2.93,-10.8,-83.69,0,0,0,0
2743,0,0,2.91,-9.8,-83.67,0,0,0,0
2744,0,0,2.89,-8.8,-83.65,0,0,0,0
2745,0,0,2.87,-7.8,-83.63,0,0,0,0
2746,0,0,2.85,-6.8,-83.61,0,0,0,0
2747,0,0,2.83,-5.8,-83.58,0,0,0,0
2748,0,0,2.81,-4.81,-83.56,0,0,0,0
2749,0,0,2.81,-4.81,-83.56,0,0,0,0
2750,0,0,2.84,-3.81,-83.53,0,0,0,0
2751,0,0,2.84,-3.81,-83.53,0,0,0,0
2752,0,0,2.87,-2.81,-83.51,0,0,0,0
2753,0,0,2.9,-1.81,-83.48,0,0,0,0
2754,0,0,2.94,-0.81,-83.45,0,0,0,0
2755,0,0,2.97,0.19,-83.42,0,0,0,0
2756,0,0,3,1.19,-83.39,0,0,0,0
2757,0,0,3.03,2.19,-83.37,0,0,0,0
2758,0,0,3.06,3.19,-83.34,0,0,0,0
2759,0,0,3.09,4.19,-83.31,0,0,0,0
2760,0,0,3.12,5.19,-83.28,0,0,0,0
2761,0,0,3.15,6.18,-83.25,0,0,0,0
2762,0,0,3.18,7.18,-83.23,0,0,0,0
2763,0,0,3.21,8.18,-83.2,0,0,0,0
2764,0,0,3.24,9.18,-83.17,0,0,0,0
2765,0,0,3.27,10.18,-83.14,0,0,0,0
2766,0,0,3.3,11.18,-83.11,0,0,0,0
2767,0,0,3.33,12.18,-83.09,0,0,0,0
2768,0,0,3.36,13.18,-83.06,0,0,0,0
2769,0,0,3.39,14.18,-83.03,0,0,0,0
2770,0,0,3.42,15.18,-83,0,0,0,0
2771,0,0,3.46,16.18,-82.97,0,0,0,0
2772,0,0,3.49,17.18,-82.95,0,0,0,0
2773,0,0,3.52,18.17,-82.92,0,0,0,0
2774,0,0,3.55,19.17,-82.89,0,0,0,0
2775,0,0,3.58,20.17,-82.86,0,0,0,0
2776,0,0,3.61,21.17,-82.83,0,0,0,0
2777,0,0,3.64,22.17,-82.81,0,0,0,0
2778,0,0,3.67,23.17,-82.78,0,0,0,0
2779,0,0,3.7,24.17,-82.75,0,0,0,0
2780,0,0,3.73,25.17,-82.72,0,0,0,0
2781,0,0,3.76,26.17,-82.69,0,0,0,0
2782,0,0,3.79,27.17,-82.67,0,0,0,0
2783,0,0,3.82,28.17,-82.64,0,0,0,0
2784,0,0,3.85,29.16,-82.61,0,0,0,0
2785,0,0,3.88,30.16,-82.58,0,0,0,0
2786,0,0,3.91,31.16,-82.55,0,0,0,0
2787,0,0,3.94,32.16,-82.52,0,0,0,0
2788,0,0,3.98,33.16,-82.5,0,0,0,0
2789,0,0,4.01,34.16,-82.47,0,0,0,0
2790,0,0,4.04,35.16,-82.44,0,0,0,0
2791,0,0,4.07,36.16,-82.41,0,0,0,0
2792,0,0,4.1,37.16,-82.38,0,0,0,0
2793,0,0,4.13,38.16,-82.36,0,0,0,0
2794,0,0,4.16,39.16,-82.33,0,0,0,0
2795,0,0,4.19,40.16,-82.3,0,0,0,0
2796,0,0,4.22,41.15,-82.27,0,0,0,0
2797,0,0,4.25,42.15,-82.24,0,0,0,0
2798,0,0,4.28,43.15,-82.22,0,0,0,0
2799,0,0,4.31,44.15,-82.19,0,0,0,0
2800,0,0,4.34,45.15,-82.16,0,0,0,0
2801,0,0,4.37,46.15,-82.13,0,0,0,0
2802,0,0,4.4,47.15,-82.1,0,0,0,0
2803,0,0,4.43,48.15,-82.08,0,0,0,0
2804,0,0,4.46,49.15,-82.05,0,0,0,0
2805,0,0,4.5,50.15,-82.02,0,0,0,0
2806,0,0,4.53,51.15,-81.99,0,0,0,0
2807,0,0,4.56,52.14,-81.96,0,0,0,0
2808,0,0,4.59,53.14,-81.94,0,0,0,0
2809,0,0,4.62,54.14,-81.91,0,0,0,0
2810,0,0,4.65,55.14,-81.88,0,0,0,0
2811,0,0,4.68,56.14,-81.85,0,0,0,0
2812,0,0,4.71,57.14,-81.82,0,0,0,0
2813,0,0,4.74,58.14,-81.8,0,0,0,0
2814,0,0,4.77,59.14,-81.77,0,0,0,0
2815,0,0,4.8,60.14,-81.74,0,0,0,0
2816,0,0,4.83,61.14,-81.71,0,0,0,0
2817,0,0,4.86,62.14,-81.68,0,0,0,0
2818,0,0,4.89,63.14,-81.66,0,0,0,0
2819,0,0,4.92,64.13,-81.63,0,0,0,0
2820,0,0,4.95,65.13,-81.6,0,0,0,0
2821,0,0,4.98,66.13,-81.57,0,0,0,0
2822,0,0,5.01,67.13,-81.54,0,0,0,0
2823,0,0,5.05,68.13,-81.52,0,0,0,0
2824,0,0,5.08,69.13,-81.49,0,0,0,0
2825,0,0,5.11,70.13,-81.46,0,0,0,0
2826,0,0,5.14,71.13,-81.43,0,0,0,0
2827,0,0,5.17,72.13,-81.4,0,0,0,0
2828,0,0,5.2,73.13,-81.38,0,0,0,0
2829,0,0,5.23,74.13,-81.35,0,0,0,0
2830,0,0,5.25,74.71,-81.33,0,0,0,0
2831,0,0,8.16,-137.69,-85.56,0,0,0,0
2832,0,0,8.12,-136.78,-85.96,0,0,0,0
2833,0,0,8.08,-135.82,-86.26,0,0,0,0
2834,0,0,8.04,-134.84,-86.47,0,0,0,0
2835,0,0,8,-133.86,-86.62,0,0,0,0
2836,0,0,7.96,-132.86,-86.72,0,0,0,0
2837,0,0,7.92,-131.86,-86.78,0,0,0,0
2838,0,0,7.88,-130.87,-86.82,0,0,0,0
2839,0,0,7.84,-129.87,-86.83,0,0,0,0
2840,0,0,7.8,-128.87,-86.83,0,0,0,0
2841,0,0,7.76,-127.87,-86.82,0,0,0,0
2842,0,0,7.72,-126.87,-86.8,0,0,0,0
2843,0,0,7.68,-125.87,-86.78,0,0,0,0
2844,0,0,7.64,-124.87,-86.78,0,0,0,0
2845,0,0,7.61,-124.06,-86.79,0,0,0,0
2846,0,0,7.54,-123.07,-86.76,0,0,0,0
2847,0,0,7.48,-122.07,-86.72,0,0,0,0
2848,0,0,7.41,-121.07,-86.69,0,0,0,0
2849,0,0,7.34,-120.07,-86.65,0,0,0,0
2850,0,0,7.27,-119.08,-86.61,0,0,0,0
2851,0,0,7.2,-118.08,-86.58,0,0,0,0
2852,0,0,7.14,-117.08,-86.54,0,0,0,0
2853,0,0,7.07,-116.09,-86.51,0,0,0,0
2854,0,0,7,-115.09,-86.47,0,0,0,0
2855,0,0,6.93,-114.09,-86.43,0,0,0,0
2856,0,0,6.86,-113.1,-86.4,0,0,0,0
2857,0,0,6.85,-112.89,-86.39,0,0,0,0
2858,0,0,6.79,-111.89,-86.37,0,0,0,0
2859,0,0,6.73,-110.89,-86.34,0,0,0,0
2860,0,0,6.66,-109.89,-86.31,0,0,0,0
2861,0,0,6.6,-108.89,-86.29,0,0,0,0
2862,0,0,6.54,-107.9,-86.26,0,0,0,0
2863,0,0,6.48,-106.9,-86.23,0,0,0,0
2864,0,0,6.41,-105.9,-86.21,0,0,0,0
2865,0,0,6.35,-104.9,-86.18,0,0,0,0
2866,0,0,6.29,-103.91,-86.15,0,0,0,0
2867,0,0,6.22,-102.91,-86.13,0,0,0,0
2868,0,0,6.16,-101.91,-86.1,0,0,0,0
2869,0,0,6.1,-100.91,-86.08,0,0,0,0
2870,0,0,6.04,-99.92,-86.05,0,0,0,0
2871,0,0,5.97,-98.92,-86.02,0,0,0,0
2872,0,0,5.91,-97.92,-86,0,0,0,0
2873,0,0,5.85,-96.92,-85.97,0,0,0,0
2874,0,0,5.79,-95.92,-85.94,0,0,0,0
2875,0,0,5.72,-94.93,-85.92,0,0,0,0
2876,0,0,5.66,-93.93,-85.89,0,0,0,0
2877,0,0,5.6,-92.93,-85.86,0,0,0,0
2878,0,0,5.54,-91.93,-85.84,0,0,0,0
2879,0,0,5.47,-90.94,-85.81,0,0,0,0
2880,0,0,5.41,-89.94,-85.78,0,0,0,0
2881,0,0,5.35,-88.94,-85.76,0,0,0,0
2882,0,0,5.28,-87.94,-85.73,0,0,0,0
2883,0,0,5.22,-86.95,-85.71,0,0,0,0
2884,0,0,5.16,-85.95,-85.68,0,0,0,0
2885,0,0,5.1,-84.95,-85.65,0,0,0,0
2886,0,0,5.03,-83.95,-85.63,0,0,0,0
2887,0,0,4.97,-82.95,-85.6,0,0,0,0
2888,0,0,4.91,-81.96,-85.57,0,0,0,0
2889,0,0,4.85,-80.96,-85.55,0,0,0,0
2890,0,0,4.78,-79.96,-85.52,0,0,0,0
2891,0,0,4.72,-78.96,-85.49,0,0,0,0
2892,0,0,4.66,-77.97,-85.47,0,0,0,0
2893,0,0,4.6,-76.97,-85.44,0,0,0,0
2894,0,0,4.53,-75.97,-85.41,0,0,0,0
2895,0,0,4.47,-74.97,-85.39,0,0,0,0
2896,0,0,4.41,-73.98,-85.36,0,0,0,0
2897,0,0,4.34,-72.98,-85.34,0,0,0,0
2898,0,0,4.28,-71.98,-85.31,0,0,0,0
2899,0,0,4.22,-70.98,-85.28,0,0,0,0
2900,0,0,4.16,-69.98,-85.26,0,0,0,0
2901,0,0,4.09,-68.99,-85.23,0,0,0,0
2902,0,0,4.03,-67.99,-85.2,0,0,0,0
2903,0,0,3.97,-66.99,-85.18,0,0,0,0
2904,0,0,3.91,-65.99,-85.15,0,0,0,0
2905,0,0,3.84,-65,-85.12,0,0,0,0
2906,0,0,3.78,-64,-85.1,0,0,0,0
2907,0,0,3.72,-63,-85.07,0,0,0,0
2908,0,0,3.66,-62,-85.05,0,0,0,0
2909,0,0,3.64,-61.75,-85.04,0,0,0,0
2910,0,0,1.48,-65.88,82.52,0,0,0,0
2911,0,0,1.54,-66.88,82.49,0,0,0,0
2912,0,0,1.54,-66.88,82.49,0,0,0,0
2913,0,0,1.6,-67.88,82.46,0,0,0,0
2914,0,0,1.66,-68.88,82.42,0,0,0,0
2915,0,0,1.72,-69.87,82.39,0,0,0,0
2916,0,0,1.78,-70.87,82.35,0,0,0,0
2917,0,0,1.84,-71.87,82.32,0,0,0,0
2918,0,0,1.9,-72.87,82.28,0,0,0,0
2919,0,0,1.96,-73.86,82.25,0,0,0,0
2920,0,0,2.02,-74.86,82.22,0,0,0,0
2921,0,0,2.08,-75.86,82.18,0,0,0,0
2922,0,0,2.14,-76.86,82.15,0,0,0,0
2923,0,0,2.2,-77.85,82.11,0,0,0,0
2924,0,0,2.26,-78.85,82.08,0,0,0,0
2925,0,0,1.25,-72.55,75.74,0,0,0,0
2926,0,0,1.3,-72.58,76.74,0,0,0,0
2927,0,0,1.36,-72.71,77.73,0,0,0,0
2928,0,0,1.44,-72.95,78.7,0,0,0,0
2929,0,0,1.54,-73.35,79.61,0,0,0,0
2930,0,0,1.65,-73.92,80.42,0,0,0,0
2931,0,0,1.78,-74.68,81.07,0,0,0,0
2932,0,0,1.9,-75.55,81.54,0,0,0,0
2933,0,0,2.02,-76.5,81.83,0,0,0,0
2934,0,0,2.13,-77.48,81.99,0,0,0,0
2935,0,0,2.23,-78.47,82.07,0,0,0,0
2936,0,0,2.26,-78.85,82.08,0,0,0,0
2937,0,0,2.32,-79.85,82.04,0,0,0,0
2938,0,0,2.37,-80.85,82.01,0,0,0,0
2939,0,0,2.43,-81.85,81.97,0,0,0,0
2940,0,0,2.49,-82.84,81.94,0,0,0,0
2941,0,0,2.55,-83.84,81.91,0,0,0,0
2942,0,0,2.61,-84.84,81.87,0,0,0,0
2943,0,0,2.67,-85.84,81.84,0,0,0,0
2944,0,0,2.73,-86.84,81.8,0,0,0,0
2945,0,0,2.79,-87.83,81.77,0,0,0,0
2946,0,0,2.85,-88.83,81.74,0,0,0,0
2947,0,0,2.91,-89.83,81.7,0,0,0,0
2948,0,0,2.97,-90.83,81.67,0,0,0,0
2949,0,0,3.03,-91.82,81.63,0,0,0,0
2950,0,0,3.09,-92.82,81.6,0,0,0,0
2951,0,0,3.15,-93.82,81.56,0,0,0,0
2952,0,0,3.21,-94.82,81.53,0,0,0,0
2953,0,0,3.27,-95.81,81.5,0,0,0,0
2954,0,0,3.33,-96.81,81.46,0,0,0,0
2955,0,0,3.39,-97.81,81.43,0,0,0,0
2956,0,0,3.45,-98.81,81.39,0,0,0,0
2957,0,0,3.51,-99.8,81.36,0,0,0,0
2958,0,0,3.57,-100.8,81.32,0,0,0,0
2959,0,0,3.63,-101.8,81.29,0,0,0,0
2960,0,0,3.69,-102.8,81.26,0,0,0,0
2961,0,0,3.75,-103.8,81.22,0,0,0,0
2962,0,0,3.81,-104.79,81.19,0,0,0,0
2963,0,0,3.87,-105.79,81.15,0,0,0,0
2964,0,0,3.93,-106.79,81.12,0,0,0,0
2965,0,0,3.99,-107.79,81.09,0,0,0,0
2966,0,0,4.05,-108.78,81.05,0,0,0,0
2967,0,0,4.11,-109.78,81.02,0,0,0,0
2968,0,0,4.16,-110.78,80.98,0,0,0,0
2969,0,0,4.22,-111.78,80.95,0,0,0,0
2970,0,0,4.28,-112.77,80.91,0,0,0,0
2971,0,0,4.34,-113.77,80.88,0,0,0,0
2972,0,0,4.4,-114.77,80.85,0,0,0,0
2973,0,0,4.46,-115.77,80.81,0,0,0,0
2974,0,0,4.52,-116.76,80.78,0,0,0,0
2975,0,0,4.58,-117.76,80.74,0,0,0,0
2976,0,0,4.64,-118.76,80.71,0,0,0,0
2977,0,0,4.7,-119.76,80.67,0,0,0,0
2978,0,0,4.76,-120.75,80.64,0,0,0,0
2979,0,0,4.82,-121.75,80.61,0,0,0,0
2980,0,0,4.88,-122.75,80.57,0,0,0,0
2981,0,0,4.94,-123.75,80.54,0,0,0,0
2982,0,0,5,-124.75,80.5,0,0,0,0
2983,0,0,5.06,-125.74,80.47,0,0,0,0
2984,0,0,5.12,-126.74,80.44,0,0,0,0
2985,0,0,5.14,-127.07,80.42,0,0,0,0
2986,0,0,5.17,-128.06,80.57,0,0,0,0
2987,0,0,5.17,-128.06,80.57,0,0,0,0
2988,0,0,5.21,-129.06,80.69,0,0,0,0
2989,0,0,5.21,-129.06,80.69,0,0,0,0
2990,0,0,5.25,-130.05,80.77,0,0,0,0
2991,0,0,5.29,-131.05,80.81,0,0,0,0
2992,0,0,5.33,-132.05,80.81,0,0,0,0
2993,0,0,5.38,-133.05,80.77,0,0,0,0
2994,0,0,5.42,-134.04,80.7,0,0,0,0
2995,0,0,5.47,-135.04,80.59,0,0,0,0
2996,0,0,5.51,-136.02,80.44,0,0,0,0
2997,0,0,5.56,-137.01,80.25,0,0,0,0
2998,0,0,5.61,-137.98,80.03,0,0,0,0
2999,0,0,5.61,-137.98,80.03,0,0,0,0
3000,0,0,5.66,-138.94,79.76,0,0,0,0
3001,0,0,5.66,-138.94,79.76,0,0,0,0
3002,0,0,5.71,-139.89,79.46,0,0,0,0
3003,0,0,5.76,-140.83,79.11,0,0,0,0
3004,0,0,5.81,-141.75,78.73,0,0,0,0
3005,0,0,5.87,-142.65,78.3,0,0,0,0
3006,0,0,5.92,-143.53,77.83,0,0,0,0
3007,0,0,5.97,-144.39,77.32,0,0,0,0
3008,0,0,6.03,-145.22,76.77,0,0,0,0
3009,0,0,6.08,-146.03,76.17,0,0,0,0
3010,0,0,6.14,-146.8,75.53,0,0,0,0
3011,0,0,6.19,-147.53,74.86,0,0,0,0
3012,0,0,6.24,-148.22,74.14,0,0,0,0
3013,0,0,6.3,-148.87,73.38,0,0,0,0
3014,0,0,6.35,-149.48,72.58,0,0,0,0
3015,0,0,6.4,-150.03,71.75,0,0,0,0
3016,0,0,6.45,-150.54,70.89,0,0,0,0
3017,0,0,6.5,-150.98,70,0,0,0,0
3018,0,0,6.54,-151.38,69.08,0,0,0,0
3019,0,0,6.59,-151.71,68.14,0,0,0,0
3020,0,0,6.63,-151.99,67.18,0,0,0,0
3021,0,0,6.67,-152.21,66.2,0,0,0,0
3022,0,0,6.71,-152.36,65.22,0,0,0,0
3023,0,0,6.75,-152.47,64.22,0,0,0,0
3024,0,0,6.78,-152.52,63.23,0,0,0,0
3025,0,0,6.8,-152.53,62.69,0,0,0,0
3026,0,0,6.78,-152.52,61.69,0,0,0,0
3027,0,0,6.76,-152.51,60.69,0,0,0,0
3028,0,0,6.75,-152.5,59.69,0,0,0,0
3029,0,0,6.73,-152.48,58.69,0,0,0,0
3030,0,0,6.72,-152.47,57.69,0,0,0,0
3031,0,0,6.7,-152.46,56.69,0,0,0,0
3032,0,0,6.68,-152.45,55.69,0,0,0,0
3033,0,0,6.67,-152.44,54.69,0,0,0,0
3034,0,0,6.65,-152.43,53.69,0,0,0,0
3035,0,0,6.63,-152.42,52.69,0,0,0,0
3036,0,0,6.62,-152.41,51.69,0,0,0,0
3037,0,0,6.6,-152.4,50.69,0,0,0,0
3038,0,0,6.59,-152.39,49.69,0,0,0,0
3039,0,0,6.57,-152.38,48.69,0,0,0,0
3040,0,0,6.55,-152.37,47.69,0,0,0,0
3041,0,0,6.54,-152.36,46.69,0,0,0,0
3042,0,0,6.52,-152.35,45.69,0,0,0,0
3043,0,0,6.5,-152.34,44.69,0,0,0,0
3044,0,0,6.49,-152.32,43.69,0,0,0,0
3045,0,0,6.47,-152.31,42.69,0,0,0,0
3046,0,0,6.47,-152.31,42.39,0,0,0,0
3047,0,0,6.48,-152.28,41.39,0,0,0,0
3048,0,0,6.5,-152.24,40.39,0,0,0,0
3049,0,0,6.52,-152.21,39.39,0,0,0,0
3050,0,0,6.53,-152.18,38.39,0,0,0,0
3051,0,0,6.55,-152.14,37.39,0,0,0,0
3052,0,0,6.57,-152.11,36.39,0,0,0,0
3053,0,0,6.58,-152.08,35.39,0,0,0,0
3054,0,0,6.6,-152.04,34.4,0,0,0,0
3055,0,0,6.61,-152.01,33.4,0,0,0,0
3056,0,0,6.63,-151.98,32.4,0,0,0,0
3057,0,0,6.65,-151.94,31.4,0,0,0,0
3058,0,0,6.66,-151.91,30.4,0,0,0,0
3059,0,0,6.68,-151.88,29.4,0,0,0,0
3060,0,0,6.7,-151.84,28.4,0,0,0,0
3061,0,0,6.71,-151.81,27.4,0,0,0,0
3062,0,0,6.73,-151.77,26.4,0,0,0,0
3063,0,0,6.74,-151.74,25.4,0,0,0,0
3064,0,0,6.76,-151.71,24.4,0,0,0,0
3065,0,0,6.78,-151.67,23.4,0,0,0,0
3066,0,0,6.79,-151.64,22.4,0,0,0,0
3067,0,0,6.81,-151.61,21.4,0,0,0,0
3068,0,0,6.83,-151.57,20.41,0,0,0,0
3069,0,0,6.84,-151.54,19.41,0,0,0,0
3070,0,0,6.86,-151.51,18.41,0,0,0,0
3071,0,0,6.87,-151.47,17.41,0,0,0,0
3072,0,0,6.89,-151.44,16.41,0,0,0,0
3073,0,0,6.91,-151.41,15.41,0,0,0,0
3074,0,0,6.92,-151.37,14.41,0,0,0,0
3075,0,0,6.94,-151.34,13.41,0,0,0,0
3076,0,0,6.96,-151.31,12.41,0,0,0,0
3077,0,0,6.97,-151.27,11.41,0,0,0,0
3078,0,0,6.99,-151.24,10.41,0,0,0,0
3079,0,0,7,-151.21,9.41,0,0,0,0
3080,0,0,7.02,-151.17,8.41,0,0,0,0
3081,0,0,7.04,-151.14,7.41,0,0,0,0
3082,0,0,7.05,-151.1,6.42,0,0,0,0
3083,0,0,7.07,-151.07,5.42,0,0,0,0
3084,0,0,7.09,-151.04,4.42,0,0,0,0
3085,0,0,7.1,-151,3.42,0,0,0,0
3086,0,0,7.12,-150.97,2.42,0,0,0,0
3087,0,0,7.13,-150.94,1.42,0,0,0,0
3088,0,0,7.15,-150.9,0.42,0,0,0,0
3089,0,0,7.17,-150.87,-0.58,0,0,0,0
3090,0,0,7.18,-150.84,-1.58,0,0,0,0
3091,0,0,7.2,-150.8,-2.58,0,0,0,0
3092,0,0,7.22,-150.77,-3.58,0,0,0,0
3093,0,0,7.23,-150.74,-4.58,0,0,0,0
3094,0,0,7.25,-150.7,-5.58,0,0,0,0
3095,0,0,7.26,-150.67,-6.58,0,0,0,0
3096,0,0,7.28,-150.64,-7.58,0,0,0,0
3097,0,0,7.3,-150.6,-8.57,0,0,0,0
3098,0,0,7.31,-150.57,-9.57,0,0,0,0
3099,0,0,7.33,-150.54,-10.57,0,0,0,0
3100,0,0,7.35,-150.5,-11.57,0,0,0,0
3101,0,0,7.36,-150.47,-12.57,0,0,0,0
3102,0,0,7.38,-150.43,-13.57,0,0,0,0
3103,0,0,7.39,-150.4,-14.57,0,0,0,0
3104,0,0,7.41,-150.37,-15.57,0,0,0,0
3105,0,0,7.43,-150.33,-16.57,0,0,0,0
3106,0,0,7.44,-150.3,-17.57,0,0,0,0
3107,0,0,7.46,-150.27,-18.57,0,0,0,0
3108,0,0,7.48,-150.23,-19.57,0,0,0,0
3109,0,0,7.49,-150.2,-20.57,0,0,0,0
3110,0,0,7.51,-150.17,-21.57,0,0,0,0
3111,0,0,7.52,-150.13,-22.56,0,0,0,0
3112,0,0,7.54,-150.1,-23.56,0,0,0,0
3113,0,0,7.56,-150.07,-24.56,0,0,0,0
3114,0,0,7.57,-150.03,-25.56,0,0,0,0
3115,0,0,7.59,-150,-26.56,0,0,0,0
3116,0,0,7.61,-149.97,-27.56,0,0,0,0
3117,0,0,7.62,-149.93,-28.56,0,0,0,0
3118,0,0,7.64,-149.9,-29.56,0,0,0,0
3119,0,0,7.65,-149.87,-30.56,0,0,0,0
3120,0,0,7.67,-149.83,-31.56,0,0,0,0
3121,0,0,7.69,-149.8,-32.56,0,0,0,0
3122,0,0,7.7,-149.76,-33.56,0,0,0,0
3123,0,0,7.72,-149.73,-34.56,0,0,0,0
3124,0,0,7.74,-149.7,-35.56,0,0,0,0
3125,0,0,7.75,-149.66,-36.56,0,0,0,0
3126,0,0,7.77,-149.63,-37.55,0,0,0,0
3127,0,0,7.78,-149.6,-38.55,0,0,0,0
3128,0,0,7.8,-149.56,-39.55,0,0,0,0
3129,0,0,7.82,-149.53,-40.55,0,0,0,0
3130,0,0,7.83,-149.5,-41.55,0,0,0,0
3131,0,0,7.85,-149.46,-42.55,0,0,0,0
3132,0,0,7.87,-149.43,-43.55,0,0,0,0
3133,0,0,7.88,-149.4,-44.55,0,0,0,0
3134,0,0,7.9,-149.36,-45.55,0,0,0,0
3135,0,0,7.91,-149.33,-46.55,0,0,0,0
3136,0,0,7.93,-149.3,-47.55,0,0,0,0
3137,0,0,7.95,-149.26,-48.55,0,0,0,0
3138,0,0,7.96,-149.23,-49.55,0,0,0,0
3139,0,0,7.98,-149.2,-50.55,0,0,0,0
3140,0,0,8,-149.16,-51.54,0,0,0,0
3141,0,0,8.01,-149.13,-52.54,0,0,0,0
3142,0,0,8.03,-149.09,-53.54,0,0,0,0
3143,0,0,8.04,-149.06,-54.54,0,0,0,0
3144,0,0,8.06,-149.03,-55.54,0,0,0,0
3145,0,0,8.08,-148.99,-56.54,0,0,0,0
3146,0,0,8.09,-148.96,-57.54,0,0,0,0
3147,0,0,8.11,-148.93,-58.54,0,0,0,0
3148,0,0,8.13,-148.89,-59.54,0,0,0,0
3149,0,0,8.14,-148.86,-60.54,0,0,0,0
3150,0,0,8.16,-148.83,-61.54,0,0,0,0
3151,0,0,8.17,-148.79,-62.54,0,0,0,0
3152,0,0,8.19,-148.76,-63.54,0,0,0,0
3153,0,0,8.21,-148.73,-64.54,0,0,0,0
3154,0,0,8.22,-148.69,-65.54,0,0,0,0
3155,0,0,8.24,-148.66,-66.53,0,0,0,0
3156,0,0,8.26,-148.63,-67.53,0,0,0,0
3157,0,0,8.27,-148.59,-68.53,0,0,0,0
3158,0,0,8.29,-148.56,-69.53,0,0,0,0
3159,0,0,8.3,-148.53,-70.53,0,0,0,0
3160,0,0,8.31,-148.51,-70.94,0,0,0,0
3161,0,0,8.3,-148.37,-71.93,0,0,0,0
3162,0,0,8.29,-148.17,-72.91,0,0,0,0
3163,0,0,8.28,-147.92,-73.88,0,0,0,0
3164,0,0,8.27,-147.61,-74.83,0,0,0,0
3165,0,0,8.26,-147.25,-75.76,0,0,0,0
3166,0,0,8.25,-146.84,-76.67,0,0,0,0
3167,0,0,8.24,-146.38,-77.56,0,0,0,0
3168,0,0,8.23,-145.87,-78.42,0,0,0,0
3169,0,0,8.22,-145.31,-79.25,0,0,0,0
3170,0,0,8.21,-144.71,-80.05,0,0,0,0
3171,0,0,8.19,-144.07,-80.82,0,0,0,0
3172,0,0,8.18,-143.39,-81.55,0,0,0,0
3173,0,0,8.17,-142.67,-82.24,0,0,0,0
3174,0,0,8.16,-141.91,-82.89,0,0,0,0
3175,0,0,8.15,-141.12,-83.51,0,0,0,0
3176,0,0,8.13,-140.29,-84.07,0,0,0,0
3177,0,0,8.12,-139.44,-84.59,0,0,0,0
3178,0,0,8.12,-139.44,-84.59,0,0,0,0
3179,0,0,8.11,-138.56,-85.07,0,0,0,0
3180,0,0,6.93,-114.09,-86.43,0,0,0,0
3181,0,0,6.91,-113.88,-86.42,0,0,0,0
3182,0,0,1.16,71.99,85.37,0,0,0,0
3183,0,0,1.14,71.12,85.86,0,0,0,0
3184,0,0,1.14,71.12,85.86,0,0,0,0
3185,0,0,1.13,70.28,86.41,0,0,0,0
3186,0,0,1.12,69.49,87.02,0,0,0,0
3187,0,0,1.1,68.74,87.68,0,0,0,0
3188,0,0,1.09,68.04,88.4,0,0,0,0
3189,0,0,1.07,67.41,89.17,0,0,0,0
3190,0,0,1.05,66.83,89.99,0,0,0,0
3191,0,0,1.03,66.32,90.84,0,0,0,0
3192,0,0,1.01,65.86,91.73,0,0,0,0
3193,0,0,1,65.47,92.65,0,0,0,0
3194,0,0,0.98,65.13,93.6,0,0,0,0
3195,0,0,0.96,64.85,94.55,0,0,0,0
3196,0,0,0.94,64.61,95.53,0,0,0,0
3197,0,0,0.92,64.43,96.51,0,0,0,0
3198,0,0,0.9,64.28,97.5,0,0,0,0
3199,0,0,0.89,64.17,98.49,0,0,0,0
3200,0,0,0.87,64.1,99.49,0,0,0,0
3201,0,0,0.87,64.1,99.49,0,0,0,0
3202,0,0,0.86,64.05,100.49,0,0,0,0
3203,0,0,0.86,64.05,100.49,0,0,0,0
3204,0,0,0.84,64.04,101.49,0,0,0,0
3205,0,0,0.83,64.05,102.49,0,0,0,0
3206,0,0,0.81,64.08,103.49,0,0,0,0
3207,0,0,0.85,64.04,104.48,0,0,0,0
3208,0,0,0.89,64.01,105.48,0,0,0,0
3209,0,0,0.93,63.97,106.48,0,0,0,0
3210,0,0,0.97,63.93,107.48,0,0,0,0
3211,0,0,1,63.89,108.48,0,0,0,0
3212,0,0,1.04,63.85,109.48,0,0,0,0
3213,0,0,1.08,63.82,110.48,0,0,0,0
3214,0,0,1.12,63.78,111.47,0,0,0,0
3215,0,0,1.16,63.74,112.47,0,0,0,0
3216,0,0,1.19,63.7,113.47,0,0,0,0
3217,0,0,1.23,63.66,114.47,0,0,0,0
3218,0,0,1.27,63.63,115.47,0,0,0,0
3219,0,0,1.31,63.59,116.47,0,0,0,0
3220,0,0,1.35,63.55,117.47,0,0,0,0
3221,0,0,1.38,63.51,118.46,0,0,0,0
3222,0,0,1.42,63.47,119.46,0,0,0,0
3223,0,0,1.46,63.44,120.46,0,0,0,0
3224,0,0,1.5,63.4,121.46,0,0,0,0
3225,0,0,1.54,63.36,122.46,0,0,0,0
3226,0,0,1.57,63.32,123.46,0,0,0,0
3227,0,0,1.61,63.28,124.46,0,0,0,0
3228,0,0,1.65,63.25,125.45,0,0,0,0
3229,0,0,1.69,63.21,126.45,0,0,0,0
3230,0,0,1.73,63.17,127.45,0,0,0,0
3231,0,0,1.76,63.13,128.45,0,0,0,0
3232,0,0,1.8,63.09,129.45,0,0,0,0
3233,0,0,1.84,63.06,130.45,0,0,0,0
3234,0,0,1.88,63.02,131.45,0,0,0,0
3235,0,0,1.92,62.98,132.44,0,0,0,0
3236,0,0,1.95,62.94,133.44,0,0,0,0
3237,0,0,1.99,62.9,134.44,0,0,0,0
3238,0,0,2.03,62.87,135.44,0,0,0,0
3239,0,0,2.07,62.83,136.44,0,0,0,0
3240,0,0,2.11,62.79,137.44,0,0,0,0
3241,0,0,2.14,62.75,138.43,0,0,0,0
3242,0,0,2.18,62.71,139.43,0,0,0,0
3243,0,0,2.22,62.68,140.43,0,0,0,0
3244,0,0,2.26,62.64,141.43,0,0,0,0
3245,0,0,2.3,62.6,142.43,0,0,0,0
3246,0,0,2.33,62.56,143.43,0,0,0,0
3247,0,0,2.37,62.52,144.43,0,0,0,0
3248,0,0,2.41,62.49,145.42,0,0,0,0
3249,0,0,2.45,62.45,146.42,0,0,0,0
3250,0,0,2.49,62.41,147.42,0,0,0,0
3251,0,0,2.52,62.37,148.42,0,0,0,0
3252,0,0,2.56,62.33,149.42,0,0,0,0
3253,0,0,2.6,62.3,150.42,0,0,0,0
3254,0,0,2.64,62.26,151.42,0,0,0,0
3255,0,0,2.68,62.22,152.41,0,0,0,0
3256,0,0,2.71,62.18,153.41,0,0,0,0
3257,0,0,2.75,62.14,154.41,0,0,0,0
3258,0,0,2.79,62.11,155.41,0,0,0,0
3259,0,0,2.83,62.07,156.41,0,0,0,0
3260,0,0,2.87,62.03,157.41,0,0,0,0
3261,0,0,2.9,61.99,158.41,0,0,0,0
3262,0,0,2.94,61.95,159.4,0,0,0,0
3263,0,0,2.98,61.92,160.4,0,0,0,0
3264,0,0,3.02,61.88,161.4,0,0,0,0
3265,0,0,3.06,61.84,162.4,0,0,0,0
3266,0,0,3.09,61.8,163.4,0,0,0,0
3267,0,0,3.15,61.82,164.4,0,0,0,0
3268,0,0,3.21,61.81,165.4,0,0,0,0
3269,0,0,3.26,61.78,166.39,0,0,0,0
3270,0,0,3.32,61.73,167.39,0,0,0,0
3271,0,0,3.37,61.66,168.39,0,0,0,0
3272,0,0,3.43,61.57,169.38,0,0,0,0
3273,0,0,3.48,61.46,170.37,0,0,0,0
3274,0,0,3.54,61.33,171.36,0,0,0,0
3275,0,0,3.6,61.17,172.35,0,0,0,0
3276,0,0,3.66,60.98,173.33,0,0,0,0
3277,0,0,3.71,60.77,174.3,0,0,0,0
3278,0,0,3.77,60.52,175.27,0,0,0,0
3279,0,0,3.83,60.23,176.23,0,0,0,0
3280,0,0,3.89,59.9,177.17,0,0,0,0
3281,0,0,3.96,59.51,178.09,0,0,0,0
3282,0,0,4.02,59.06,178.98,0,0,0,0
3283,0,0,4.08,58.53,179.82,0,0,0,0
3284,0,0,4.15,57.89,180.59,0,0,0,0
3285,0,0,4.22,57.15,181.26,0,0,0,0
3286,0,0,4.28,56.28,181.75,0,0,0,0
3287,0,0,4.28,55.28,181.71,0,0,0,0
3288,0,0,4.27,54.28,181.66,0,0,0,0
3289,0,0,4.27,53.29,181.62,0,0,0,0
3290,0,0,4.26,52.29,181.57,0,0,0,0
3291,0,0,4.26,51.29,181.53,0,0,0,0
3292,0,0,4.26,50.29,181.48,0,0,0,0
3293,0,0,4.25,49.29,181.44,0,0,0,0
3294,0,0,4.25,49.29,181.44,0,0,0,0
3295,0,0,4.25,48.29,181.4,0,0,0,0
3296,0,0,4.25,48.29,181.4,0,0,0,0
3297,0,0,4.25,47.29,181.35,0,0,0,0
3298,0,0,4.24,46.29,181.31,0,0,0,0
3299,0,0,4.24,45.29,181.26,0,0,0,0
3300,0,0,4.24,44.29,181.22,0,0,0,0
3301,0,0,4.23,43.3,181.17,0,0,0,0
3302,0,0,4.23,42.3,181.13,0,0,0,0
3303,0,0,4.23,41.3,181.08,0,0,0,0
3304,0,0,4.22,40.3,181.04,0,0,0,0
3305,0,0,4.22,39.3,180.99,0,0,0,0
3306,0,0,4.22,38.3,180.95,0,0,0,0
3307,0,0,4.21,37.3,180.91,0,0,0,0
3308,0,0,4.21,36.3,180.86,0,0,0,0
3309,0,0,4.21,36.3,180.86,0,0,0,0
3310,0,0,4.21,35.3,180.82,0,0,0,0
3311,0,0,4.21,35.3,180.82,0,0,0,0
3312,0,0,4.2,34.3,180.77,0,0,0,0
3313,0,0,4.2,33.31,180.73,0,0,0,0
3314,0,0,4.2,32.31,180.68,0,0,0,0
3315,0,0,4.19,31.31,180.64,0,0,0,0
3316,0,0,4.19,30.31,180.59,0,0,0,0
3317,0,0,4.19,29.31,180.55,0,0,0,0
3318,0,0,4.18,28.31,180.51,0,0,0,0
3319,0,0,4.18,27.31,180.46,0,0,0,0
3320,0,0,4.18,26.31,180.42,0,0,0,0
3321,0,0,4.17,25.31,180.37,0,0,0,0
3322,0,0,4.17,24.31,180.33,0,0,0,0
3323,0,0,4.17,23.32,180.28,0,0,0,0
3324,0,0,4.16,22.32,180.24,0,0,0,0
3325,0,0,4.16,21.32,180.19,0,0,0,0
3326,0,0,4.16,20.32,180.21,0,0,0,0
3327,0,0,4.16,19.32,180.13,0,0,0,0
3328,0,0,4.16,18.34,179.94,0,0,0,0
3329,0,0,4.17,17.38,179.65,0,0,0,0
3330,0,0,4.17,16.46,179.26,0,0,0,0
3331,0,0,4.17,15.58,178.79,0,0,0,0
3332,0,0,4.18,14.73,178.26,0,0,0,0
3333,0,0,4.18,13.92,177.68,0,0,0,0
3334,0,0,4.18,13.14,177.04,0,0,0,0
3335,0,0,4.18,12.39,176.38,0,0,0,0
3336,0,0,4.19,11.67,175.7,0,0,0,0
3337,0,0,4.19,10.95,174.99,0,0,0,0
3338,0,0,4.19,10.25,174.29,0,0,0,0
3339,0,0,4.2,9.54,173.58,0,0,0,0
3340,0,0,4.2,8.82,172.88,0,0,0,0
3341,0,0,4.2,8.08,172.22,0,0,0,0
3342,0,0,4.21,7.28,171.61,0,0,0,0
3343,0,0,4.21,6.95,171.38,0,0,0,0
3344,0,0,4.21,6.04,170.95,0,0,0,0
3345,0,0,4.22,5.12,170.56,0,0,0,0
3346,0,0,4.22,4.19,170.22,0,0,0,0
3347,0,0,4.23,3.23,169.93,0,0,0,0
3348,0,0,4.23,2.26,169.69,0,0,0,0
3349,0,0,4.24,1.27,169.52,0,0,0,0
3350,0,0,4.24,0.28,169.41,0,0,0,0
3351,0,0,4.24,-0.72,169.36,0,0,0,0
3352,0,0,4.25,-1.72,169.37,0,0,0,0
3353,0,0,4.25,-2.72,169.43,0,0,0,0
3354,0,0,4.27,-3.72,169.42,0,0,0,0
3355,0,0,4.29,-4.72,169.4,0,0,0,0
3356,0,0,4.31,-5.72,169.38,0,0,0,0
3357,0,0,4.33,-6.72,169.37,0,0,0,0
3358,0,0,4.35,-7.72,169.35,0,0,0,0
3359,0,0,4.36,-8.72,169.34,0,0,0,0
3360,0,0,4.38,-9.72,169.32,0,0,0,0
3361,0,0,4.4,-10.72,169.3,0,0,0,0
3362,0,0,4.42,-11.72,169.29,0,0,0,0
3363,0,0,4.44,-12.72,169.27,0,0,0,0
3364,0,0,4.46,-13.71,169.25,0,0,0,0
3365,0,0,4.48,-14.71,169.24,0,0,0,0
3366,0,0,4.5,-15.71,169.22,0,0,0,0
3367,0,0,4.51,-16.71,169.21,0,0,0,0
3368,0,0,4.53,-17.71,169.19,0,0,0,0
3369,0,0,4.55,-18.71,169.17,0,0,0,0
3370,0,0,4.57,-19.71,169.16,0,0,0,0
3371,0,0,4.59,-20.71,169.14,0,0,0,0
3372,0,0,4.61,-21.71,169.12,0,0,0,0
3373,0,0,4.66,-22.71,169.11,0,0,0,0
3374,0,0,4.71,-23.71,169.1,0,0,0,0
3375,0,0,4.77,-24.71,169.08,0,0,0,0
3376,0,0,4.77,-24.71,169.08,0,0,0,0
3377,0,0,4.82,-25.71,169.07,0,0,0,0
3378,0,0,4.82,-25.71,169.07,0,0,0,0
3379,0,0,4.87,-26.7,169.05,0,0,0,0
3380,0,0,4.93,-27.7,169.04,0,0,0,0
3381,0,0,4.98,-28.7,169.02,0,0,0,0
3382,0,0,5.03,-29.7,169.01,0,0,0,0
3383,0,0,5.09,-30.7,168.99,0,0,0,0
3384,0,0,5.14,-31.7,168.98,0,0,0,0
3385,0,0,5.19,-32.7,168.97,0,0,0,0
3386,0,0,5.25,-33.69,168.95,0,0,0,0
3387,0,0,5.3,-34.69,168.94,0,0,0,0
3388,0,0,5.35,-35.69,168.92,0,0,0,0
3389,0,0,5.41,-36.69,168.91,0,0,0,0
3390,0,0,5.41,-36.69,168.91,0,0,0,0
3391,0,0,5.46,-37.69,168.89,0,0,0,0
3392,0,0,5.46,-37.69,168.89,0,0,0,0
3393,0,0,5.51,-38.69,168.88,0,0,0,0
3394,0,0,5.57,-39.69,168.86,0,0,0,0
3395,0,0,5.62,-40.68,168.85,0,0,0,0
3396,0,0,5.67,-41.68,168.83,0,0,0,0
3397,0,0,5.72,-42.68,168.82,0,0,0,0
3398,0,0,5.78,-43.68,168.81,0,0,0,0
3399,0,0,5.83,-44.68,168.79,0,0,0,0
3400,0,0,5.88,-45.68,168.78,0,0,0,0
3401,0,0,5.94,-46.67,168.76,0,0,0,0
3402,0,0,5.99,-47.67,168.75,0,0,0,0
3403,0,0,6.04,-48.67,168.73,0,0,0,0
3404,0,0,6.1,-49.67,168.72,0,0,0,0
3405,0,0,6.15,-50.67,168.7,0,0,0,0
3406,0,0,6.2,-51.67,168.69,0,0,0,0
3407,0,0,6.26,-52.67,168.68,0,0,0,0
3408,0,0,6.31,-53.66,168.66,0,0,0,0
3409,0,0,6.36,-54.66,168.65,0,0,0,0
3410,0,0,6.42,-55.66,168.63,0,0,0,0
3411,0,0,6.47,-56.66,168.62,0,0,0,0
3412,0,0,6.52,-57.66,168.6,0,0,0,0
3413,0,0,6.58,-58.66,168.59,0,0,0,0
3414,0,0,6.63,-59.65,168.57,0,0,0,0
3415,0,0,6.68,-60.65,168.56,0,0,0,0
3416,0,0,6.74,-61.65,168.55,0,0,0,0
3417,0,0,6.79,-62.65,168.53,0,0,0,0
3418,0,0,6.84,-63.65,168.52,0,0,0,0
3419,0,0,6.9,-64.65,168.5,0,0,0,0
3420,0,0,6.95,-65.65,168.49,0,0,0,0
3421,0,0,7,-66.64,168.47,0,0,0,0
3422,0,0,7.05,-67.64,168.46,0,0,0,0
3423,0,0,7.11,-68.64,168.44,0,0,0,0
3424,0,0,7.16,-69.64,168.43,0,0,0,0
3425,0,0,7.21,-70.64,168.41,0,0,0,0
3426,0,0,7.27,-71.64,168.4,0,0,0,0
3427,0,0,7.32,-72.63,168.39,0,0,0,0
3428,0,0,7.37,-73.63,168.37,0,0,0,0
3429,0,0,7.43,-74.63,168.36,0,0,0,0
3430,0,0,7.48,-75.63,168.34,0,0,0,0
3431,0,0,7.53,-76.63,168.33,0,0,0,0
3432,0,0,7.59,-77.63,168.31,0,0,0,0
3433,0,0,7.64,-78.63,168.3,0,0,0,0
3434,0,0,7.69,-79.62,168.28,0,0,0,0
3435,0,0,7.75,-80.62,168.27,0,0,0,0
3436,0,0,7.8,-81.62,168.26,0,0,0,0
3437,0,0,7.85,-82.62,168.24,0,0,0,0
3438,0,0,7.91,-83.62,168.23,0,0,0,0
3439,0,0,7.96,-84.62,168.21,0,0,0,0
3440,0,0,8.01,-85.62,168.2,0,0,0,0
3441,0,0,8.07,-86.61,168.18,0,0,0,0
3442,0,0,8.12,-87.61,168.17,0,0,0,0
3443,0,0,8.17,-88.61,168.15,0,0,0,0
3444,0,0,8.22,-89.61,168.14,0,0,0,0
3445,0,0,8.28,-90.61,168.13,0,0,0,0
3446,0,0,8.33,-91.61,168.11,0,0,0,0
3447,0,0,8.38,-92.6,168.1,0,0,0,0
3448,0,0,8.44,-93.6,168.08,0,0,0,0
3449,0,0,8.49,-94.6,168.07,0,0,0,0
3450,0,0,8.54,-95.6,168.05,0,0,0,0
3451,0,0,8.6,-96.6,168.04,0,0,0,0
3452,0,0,8.65,-97.6,168.02,0,0,0,0
3453,0,0,8.7,-98.6,168.01,0,0,0,0
3454,0,0,8.76,-99.59,168,0,0,0,0
3455,0,0,8.81,-100.59,167.98,0,0,0,0
3456,0,0,8.86,-101.59,167.97,0,0,0,0
3457,0,0,8.92,-102.59,167.95,0,0,0,0
3458,0,0,8.97,-103.59,167.94,0,0,0,0
3459,0,0,9.02,-104.59,167.92,0,0,0,0
3460,0,0,9.04,-105.58,168.02,0,0,0,0
3461,0,0,9.07,-106.58,168.09,0,0,0,0
3462,0,0,9.09,-107.58,168.15,0,0,0,0
3463,0,0,9.12,-108.58,168.19,0,0,0,0
3464,0,0,9.14,-109.57,168.21,0,0,0,0
3465,0,0,9.18,-110.57,168.2,0,0,0,0
3466,0,0,9.21,-111.57,168.15,0,0,0,0
3467,0,0,9.24,-112.57,168.06,0,0,0,0
3468,0,0,9.28,-113.56,167.91,0,0,0,0
3469,0,0,9.32,-114.54,167.71,0,0,0,0
3470,0,0,9.36,-115.49,167.43,0,0,0,0
3471,0,0,9.41,-116.42,167.05,0,0,0,0
3472,0,0,9.45,-117.3,166.58,0,0,0,0
3473,0,0,9.5,-118.09,165.97,0,0,0,0
3474,0,0,9.54,-118.78,165.24,0,0,0,0
3475,0,0,9.59,-119.33,164.41,0,0,0,0
3476,0,0,9.63,-119.73,163.5,0,0,0,0
3477,0,0,9.66,-120,162.53,0,0,0,0
3478,0,0,9.69,-120.16,161.55,0,0,0,0
3479,0,0,9.72,-120.21,160.55,0,0,0,0
3480,0,0,9.64,-120.17,159.55,0,0,0,0
3481,0,0,9.57,-120.14,158.56,0,0,0,0
3482,0,0,9.5,-120.1,157.56,0,0,0,0
3483,0,0,9.43,-120.07,156.56,0,0,0,0
3484,0,0,9.35,-120.03,155.57,0,0,0,0
3485,0,0,9.28,-120,154.57,0,0,0,0
3486,0,0,9.21,-119.96,153.57,0,0,0,0
3487,0,0,9.13,-119.93,152.57,0,0,0,0
3488,0,0,9.06,-119.89,151.58,0,0,0,0
3489,0,0,8.99,-119.85,150.58,0,0,0,0
3490,0,0,8.91,-119.82,149.58,0,0,0,0
3491,0,0,8.84,-119.78,148.59,0,0,0,0
3492,0,0,8.77,-119.75,147.59,0,0,0,0
3493,0,0,8.7,-119.71,146.59,0,0,0,0
3494,0,0,8.62,-119.68,145.6,0,0,0,0
3495,0,0,8.55,-119.64,144.6,0,0,0,0
3496,0,0,8.48,-119.6,143.6,0,0,0,0
3497,0,0,8.4,-119.57,142.61,0,0,0,0
3498,0,0,8.33,-119.53,141.61,0,0,0,0
3499,0,0,8.26,-119.5,140.61,0,0,0,0
3500,0,0,8.19,-119.46,139.62,0,0,0,0
3501,0,0,8.11,-119.43,138.62,0,0,0,0
3502,0,0,8.04,-119.39,137.62,0,0,0,0
3503,0,0,7.97,-119.35,136.63,0,0,0,0
3504,0,0,7.89,-119.32,135.63,0,0,0,0
3505,0,0,7.82,-119.28,134.63,0,0,0,0
3506,0,0,7.75,-119.25,133.64,0,0,0,0
3507,0,0,7.67,-119.21,132.64,0,0,0,0
3508,0,0,7.6,-119.18,131.64,0,0,0,0
3509,0,0,7.53,-119.14,130.65,0,0,0,0
3510,0,0,7.46,-119.1,129.65,0,0,0,0
3511,0,0,7.38,-119.07,128.65,0,0,0,0
3512,0,0,7.31,-119.03,127.66,0,0,0,0
3513,0,0,7.24,-119,126.66,0,0,0,0
3514,0,0,7.16,-118.96,125.66,0,0,0,0
3515,0,0,7.09,-118.93,124.67,0,0,0,0
3516,0,0,7.02,-118.89,123.67,0,0,0,0
3517,0,0,6.94,-118.85,122.67,0,0,0,0
3518,0,0,6.87,-118.82,121.68,0,0,0,0
3519,0,0,6.8,-118.78,120.68,0,0,0,0
3520,0,0,6.73,-118.75,119.68,0,0,0,0
3521,0,0,6.65,-118.71,118.69,0,0,0,0
3522,0,0,6.58,-118.68,117.69,0,0,0,0
3523,0,0,6.51,-118.64,116.69,0,0,0,0
3524,0,0,6.43,-118.6,115.7,0,0,0,0
3525,0,0,6.36,-118.57,114.7,0,0,0,0
3526,0,0,6.29,-118.53,113.7,0,0,0,0
3527,0,0,6.25,-118.42,112.71,0,0,0,0
3528,0,0,6.22,-118.35,111.71,0,0,0,0
3529,0,0,6.18,-118.31,110.72,0,0,0,0
3530,0,0,6.15,-118.3,109.72,0,0,0,0
3531,0,0,6.11,-118.31,108.72,0,0,0,0
3532,0,0,6.07,-118.36,107.72,0,0,0,0
3533,0,0,6.03,-118.43,106.72,0,0,0,0
3534,0,0,5.99,-118.52,105.73,0,0,0,0
3535,0,0,5.96,-118.64,104.73,0,0,0,0
3536,0,0,5.92,-118.78,103.75,0,0,0,0
3537,0,0,5.88,-118.95,102.76,0,0,0,0
3538,0,0,5.84,-119.14,101.78,0,0,0,0
3539,0,0,5.8,-119.35,100.8,0,0,0,0
3540,0,0,5.76,-119.58,99.83,0,0,0,0
3541,0,0,5.72,-119.85,98.87,0,0,0,0
3542,0,0,5.68,-120.13,97.91,0,0,0,0
3543,0,0,5.64,-120.44,96.96,0,0,0,0
3544,0,0,5.6,-120.79,96.02,0,0,0,0
3545,0,0,5.56,-121.16,95.09,0,0,0,0
3546,0,0,5.52,-121.55,94.18,0,0,0,0
3547,0,0,5.52,-121.55,94.18,0,0,0,0
3548,0,0,5.49,-121.99,93.28,0,0,0,0
3549,0,0,5.49,-121.99,93.28,0,0,0,0
3550,0,0,5.45,-122.45,92.39,0,0,0,0
3551,0,0,5.41,-122.95,91.53,0,0,0,0
3552,0,0,5.38,-123.49,90.69,0,0,0,0
3553,0,0,5.34,-124.07,89.87,0,0,0,0
3554,0,0,5.31,-124.7,89.09,0,0,0,0
3555,0,0,5.33,-125.36,88.34,0,0,0,0
3556,0,0,5.35,-126.06,87.63,0,0,0,0
3557,0,0,5.36,-126.79,86.95,0,0,0,0
3558,0,0,5.38,-127.55,86.29,0,0,0,0
3559,0,0,5.4,-128.32,85.66,0,0,0,0
3560,0,0,5.42,-129.12,85.05,0,0,0,0
3561,0,0,5.44,-129.92,84.46,0,0,0,0
3562,0,0,5.46,-130.75,83.89,0,0,0,0
3563,0,0,5.48,-131.58,83.34,0,0,0,0
3564,0,0,5.5,-132.43,82.81,0,0,0,0
3565,0,0,5.52,-133.29,82.3,0,0,0,0
3566,0,0,5.54,-134.16,81.81,0,0,0,0
3567,0,0,5.55,-135.04,81.35,0,0,0,0
3568,0,0,5.57,-135.94,80.9,0,0,0,0
3569,0,0,5.59,-136.85,80.49,0,0,0,0
3570,0,0,5.6,-137.77,80.11,0,0,0,0
3571,0,0,5.6,-137.77,80.11,0,0,0,0
3572,0,0,5.61,-137.98,80.03,0,0,0,0
3573,0,0,4.82,-25.71,169.07,0,0,0,0
3574,0,0,4.78,-26.7,169.02,0,0,0,0
3575,0,0,-0.25,-24.04,85.43,0,0,0,0
3576,0,0,-0.27,-23.7,85.38,0,0,0,0
3577,0,0,4.58,-117.76,80.74,0,0,0,0
3578,0,0,4.58,-118.75,80.58,0,0,0,0
3579,0,0,4.58,-118.75,80.58,0,0,0,0
3580,0,0,4.57,-119.67,80.19,0,0,0,0
3581,0,0,4.56,-120.46,79.58,0,0,0,0
3582,0,0,4.55,-121.09,78.8,0,0,0,0
3583,0,0,4.54,-121.56,77.92,0,0,0,0
3584,0,0,4.53,-121.89,76.97,0,0,0,0
3585,0,0,4.52,-122.11,76,0,0,0,0
3586,0,0,4.51,-122.26,75.01,0,0,0,0
3587,0,0,4.51,-122.26,75.01,0,0,0,0
3588,0,0,4.5,-122.35,74.01,0,0,0,0
3589,0,0,4.5,-122.35,74.01,0,0,0,0
3590,0,0,4.5,-122.4,73.01,0,0,0,0
3591,0,0,4.49,-122.41,72.01,0,0,0,0
3592,0,0,4.48,-122.39,71.01,0,0,0,0
3593,0,0,4.47,-122.36,70.01,0,0,0,0
3594,0,0,4.47,-122.31,69.02,0,0,0,0
3595,0,0,4.46,-122.26,68.02,0,0,0,0
3596,0,0,4.44,-122.23,67.02,0,0,0,0
3597,0,0,4.42,-122.2,66.02,0,0,0,0
3598,0,0,4.4,-122.16,65.02,0,0,0,0
3599,0,0,4.38,-122.13,64.02,0,0,0,0
3600,0,0,4.35,-122.1,63.02,0,0,0,0
3601,0,0,4.33,-122.07,62.02,0,0,0,0
3602,0,0,4.31,-122.04,61.02,0,0,0,0
3603,0,0,4.29,-122.01,60.02,0,0,0,0
3604,0,0,4.27,-121.98,59.02,0,0,0,0
3605,0,0,4.25,-121.94,58.02,0,0,0,0
3606,0,0,4.23,-121.91,57.03,0,0,0,0
3607,0,0,4.2,-121.88,56.03,0,0,0,0
3608,0,0,4.18,-121.85,55.03,0,0,0,0
3609,0,0,4.16,-121.82,54.03,0,0,0,0
3610,0,0,4.14,-121.79,53.03,0,0,0,0
3611,0,0,4.12,-121.76,52.03,0,0,0,0
3612,0,0,4.1,-121.72,51.03,0,0,0,0
3613,0,0,4.07,-121.69,50.03,0,0,0,0
3614,0,0,4.05,-121.66,49.03,0,0,0,0
3615,0,0,4.03,-121.63,48.03,0,0,0,0
3616,0,0,4.01,-121.6,47.03,0,0,0,0
3617,0,0,3.99,-121.57,46.03,0,0,0,0
3618,0,0,3.97,-121.54,45.03,0,0,0,0
3619,0,0,3.95,-121.5,44.03,0,0,0,0
3620,0,0,3.92,-121.47,43.04,0,0,0,0
3621,0,0,3.9,-121.44,42.04,0,0,0,0
3622,0,0,3.88,-121.41,41.04,0,0,0,0
3623,0,0,3.86,-121.38,40.04,0,0,0,0
3624,0,0,3.84,-121.35,39.04,0,0,0,0
3625,0,0,3.82,-121.32,38.04,0,0,0,0
3626,0,0,3.8,-121.28,37.04,0,0,0,0
3627,0,0,3.77,-121.25,36.04,0,0,0,0
3628,0,0,3.75,-121.22,35.04,0,0,0,0
3629,0,0,3.73,-121.19,34.04,0,0,0,0
3630,0,0,3.71,-121.16,33.04,0,0,0,0
3631,0,0,3.69,-121.13,32.04,0,0,0,0
3632,0,0,3.67,-121.1,31.04,0,0,0,0
3633,0,0,3.65,-121.06,30.04,0,0,0,0
3634,0,0,3.62,-121.03,29.05,0,0,0,0
3635,0,0,3.6,-121,28.05,0,0,0,0
3636,0,0,3.58,-120.97,27.05,0,0,0,0
3637,0,0,3.56,-120.94,26.05,0,0,0,0
3638,0,0,3.54,-120.91,25.05,0,0,0,0
3639,0,0,3.52,-120.88,24.05,0,0,0,0
3640,0,0,3.5,-120.84,23.05,0,0,0,0
3641,0,0,3.49,-120.89,22.05,0,0,0,0
3642,0,0,3.49,-120.94,21.05,0,0,0,0
3643,0,0,3.49,-120.98,20.05,0,0,0,0
3644,0,0,3.49,-121.03,19.05,0,0,0,0
3645,0,0,3.49,-121.07,18.05,0,0,0,0
3646,0,0,3.49,-121.12,17.06,0,0,0,0
3647,0,0,3.49,-121.16,16.06,0,0,0,0
3648,0,0,3.49,-121.21,15.06,0,0,0,0
3649,0,0,3.48,-121.26,14.06,0,0,0,0
3650,0,0,3.48,-121.3,13.06,0,0,0,0
3651,0,0,3.48,-121.35,12.06,0,0,0,0
3652,0,0,3.48,-121.39,11.06,0,0,0,0
3653,0,0,3.48,-121.34,10.06,0,0,0,0
3654,0,0,3.48,-121.28,9.07,0,0,0,0
3655,0,0,3.48,-121.23,8.07,0,0,0,0
3656,0,0,3.48,-121.17,7.07,0,0,0,0
3657,0,0,3.48,-121.12,6.07,0,0,0,0
3658,0,0,3.48,-121.06,5.07,0,0,0,0
3659,0,0,3.48,-121.01,4.07,0,0,0,0
3660,0,0,3.48,-120.95,3.07,0,0,0,0
3661,0,0,3.48,-120.9,2.08,0,0,0,0
3662,0,0,3.48,-120.84,1.08,0,0,0,0
3663,0,0,3.48,-120.79,0.08,0,0,0,0
3664,0,0,3.48,-120.73,-0.92,0,0,0,0
3665,0,0,3.48,-120.68,-1.92,0,0,0,0
3666,0,0,3.48,-120.62,-2.92,0,0,0,0
3667,0,0,3.48,-120.57,-3.92,0,0,0,0
3668,0,0,3.48,-120.51,-4.91,0,0,0,0
3669,0,0,3.48,-120.46,-5.91,0,0,0,0
3670,0,0,3.48,-120.41,-6.91,0,0,0,0
3671,0,0,3.48,-120.35,-7.91,0,0,0,0
3672,0,0,3.48,-120.3,-8.91,0,0,0,0
3673,0,0,3.48,-120.24,-9.91,0,0,0,0
3674,0,0,3.48,-120.19,-10.9,0,0,0,0
3675,0,0,3.48,-120.13,-11.9,0,0,0,0
3676,0,0,3.48,-120.08,-12.9,0,0,0,0
3677,0,0,3.48,-120.05,-13.9,0,0,0,0
3678,0,0,3.48,-120.03,-14.9,0,0,0,0
3679,0,0,3.48,-120.01,-15.9,0,0,0,0
3680,0,0,3.48,-119.98,-16.9,0,0,0,0
3681,0,0,3.48,-119.96,-17.9,0,0,0,0
3682,0,0,3.48,-119.94,-18.9,0,0,0,0
3683,0,0,3.48,-119.91,-19.9,0,0,0,0
3684,0,0,3.48,-119.89,-20.9,0,0,0,0
3685,0,0,3.48,-119.87,-21.9,0,0,0,0
3686,0,0,3.48,-119.84,-22.9,0,0,0,0
3687,0,0,3.48,-119.82,-23.9,0,0,0,0
3688,0,0,3.48,-119.79,-24.9,0,0,0,0
3689,0,0,3.48,-119.77,-25.9,0,0,0,0
3690,0,0,3.54,-119.73,-26.9,0,0,0,0
3691,0,0,3.6,-119.68,-27.89,0,0,0,0
3692,0,0,3.66,-119.63,-28.89,0,0,0,0
3693,0,0,3.72,-119.59,-29.89,0,0,0,0
3694,0,0,3.78,-119.54,-30.88,0,0,0,0
3695,0,0,3.84,-119.5,-31.88,0,0,0,0
3696,0,0,3.9,-119.45,-32.88,0,0,0,0
3697,0,0,3.96,-119.4,-33.88,0,0,0,0
3698,0,0,4.02,-119.36,-34.87,0,0,0,0
3699,0,0,4.08,-119.31,-35.87,0,0,0,0
3700,0,0,4.14,-119.27,-36.87,0,0,0,0
3701,0,0,4.2,-119.22,-37.86,0,0,0,0
3702,0,0,4.26,-119.18,-38.86,0,0,0,0
3703,0,0,4.32,-119.13,-39.86,0,0,0,0
3704,0,0,4.38,-119.08,-40.86,0,0,0,0
3705,0,0,4.44,-119.04,-41.85,0,0,0,0
3706,0,0,4.5,-118.99,-42.85,0,0,0,0
3707,0,0,4.56,-118.95,-43.85,0,0,0,0
3708,0,0,4.62,-118.9,-44.84,0,0,0,0
3709,0,0,4.68,-118.86,-45.84,0,0,0,0
3710,0,0,4.74,-118.81,-46.84,0,0,0,0
3711,0,0,4.8,-118.76,-47.84,0,0,0,0
3712,0,0,4.86,-118.72,-48.83,0,0,0,0
3713,0,0,4.92,-118.67,-49.83,0,0,0,0
3714,0,0,4.98,-118.63,-50.83,0,0,0,0
3715,0,0,5.04,-118.58,-51.82,0,0,0,0
3716,0,0,5.1,-118.53,-52.82,0,0,0,0
3717,0,0,5.16,-118.49,-53.82,0,0,0,0
3718,0,0,5.22,-118.44,-54.82,0,0,0,0
3719,0,0,5.28,-118.4,-55.81,0,0,0,0
3720,0,0,5.34,-118.35,-56.81,0,0,0,0
3721,0,0,5.4,-118.31,-57.81,0,0,0,0
3722,0,0,5.46,-118.26,-58.8,0,0,0,0
3723,0,0,5.52,-118.21,-59.8,0,0,0,0
3724,0,0,5.58,-118.17,-60.8,0,0,0,0
3725,0,0,5.64,-118.12,-61.8,0,0,0,0
3726,0,0,5.7,-118.08,-62.79,0,0,0,0
3727,0,0,5.76,-118.03,-63.79,0,0,0,0
3728,0,0,5.82,-117.99,-64.79,0,0,0,0
3729,0,0,5.88,-117.94,-65.78,0,0,0,0
3730,0,0,5.94,-117.89,-66.78,0,0,0,0
3731,0,0,6,-117.85,-67.78,0,0,0,0
3732,0,0,6.06,-117.8,-68.78,0,0,0,0
3733,0,0,6.12,-117.76,-69.77,0,0,0,0
3734,0,0,6.18,-117.71,-70.77,0,0,0,0
3735,0,0,6.24,-117.66,-71.77,0,0,0,0
3736,0,0,6.3,-117.62,-72.76,0,0,0,0
3737,0,0,6.36,-117.57,-73.76,0,0,0,0
3738,0,0,6.42,-117.53,-74.76,0,0,0,0
3739,0,0,6.48,-117.48,-75.76,0,0,0,0
3740,0,0,6.54,-117.44,-76.75,0,0,0,0
3741,0,0,6.6,-117.39,-77.75,0,0,0,0
3742,0,0,6.66,-117.34,-78.75,0,0,0,0
3743,0,0,6.72,-117.3,-79.74,0,0,0,0
3744,0,0,6.78,-117.25,-80.74,0,0,0,0
3745,0,0,6.78,-117.25,-80.74,0,0,0,0
3746,0,0,6.84,-117.21,-81.74,0,0,0,0
3747,0,0,6.84,-117.21,-81.74,0,0,0,0
3748,0,0,6.84,-117.1,-82.73,0,0,0,0
3749,0,0,6.84,-116.89,-83.71,0,0,0,0
3750,0,0,6.84,-116.52,-84.64,0,0,0,0
3751,0,0,6.84,-115.93,-85.45,0,0,0,0
3752,0,0,6.85,-115.15,-86.07,0,0,0,0
3753,0,0,6.85,-114.2,-86.38,0,0,0,0
3754,0,0,6.85,-113.2,-86.41,0,0,0,0
3755,0,0,6.85,-112.89,-86.39,0,0,0,0
3756,0,0,6.85,-114.12,-86.39,0,0,0,0
3757,0,0,6.91,-113.88,-86.42,0,0,0,0
3758,0,0,5.65,78.95,-80.9,0,0,0,0
3759,0,0,5.64,79.11,-80.8,0,0,0,0
3760,0,0,3.67,-62.17,-85.05,0,0,0,0
3761,0,0,3.64,-61.75,-85.04,0,0,0,0
3762,0,0,2.89,-67.4,-79,0,0,0,0
3763,0,0,2.99,-67.56,-79.98,0,0,0,0
3764,0,0,2.99,-67.56,-79.98,0,0,0,0
3765,0,0,3.09,-67.78,-80.95,0,0,0,0
3766,0,0,3.21,-68.05,-81.9,0,0,0,0
3767,0,0,3.34,-68.4,-82.83,0,0,0,0
3768,0,0,3.49,-68.81,-83.73,0,0,0,0
3769,0,0,3.64,-69.31,-84.58,0,0,0,0
3770,0,0,3.81,-69.89,-85.38,0,0,0,0
3771,0,0,3.98,-70.55,-86.11,0,0,0,0
3772,0,0,4.15,-71.31,-86.74,0,0,0,0
3773,0,0,4.31,-72.16,-87.24,0,0,0,0
3774,0,0,4.46,-73.09,-87.58,0,0,0,0
3775,0,0,4.46,-73.09,-87.58,0,0,0,0
3776,0,0,4.5,-73.33,-87.64,0,0,0,0
3777,0,0,4.28,-71.98,-85.31,0,0,0,0
3778,0,0,4.18,-71.07,-84.91,0,0,0,0
3779,0,0,4.18,-71.07,-84.91,0,0,0,0
3780,0,0,4.06,-70.31,-84.28,0,0,0,0
3781,0,0,3.94,-69.7,-83.49,0,0,0,0
3782,0,0,3.82,-69.24,-82.61,0,0,0,0
3783,0,0,3.72,-68.91,-81.67,0,0,0,0
3784,0,0,3.63,-68.71,-80.69,0,0,0,0
3785,0,0,3.63,-68.71,-80.69,0,0,0,0
3786,0,0,3.58,-68.64,-79.98,0,0,0,0
3787,0,0,4.28,-71.98,-85.31,0,0,0,0
3788,0,0,4.3,-70.99,-85.47,0,0,0,0
3789,0,0,6.84,-117.21,-81.74,0,0,0,0
3790,0,0,6.9,-117.23,-82.74,0,0,0,0
3791,0,0,6.9,-117.23,-82.74,0,0,0,0
3792,0,0,6.97,-117.37,-83.72,0,0,0,0
3793,0,0,7.04,-117.61,-84.69,0,0,0,0
3794,0,0,7.12,-117.96,-85.63,0,0,0,0
3795,0,0,7.21,-118.41,-86.51,0,0,0,0
3796,0,0,7.29,-119,-87.32,0,0,0,0
3797,0,0,7.38,-119.7,-88.02,0,0,0,0
3798,0,0,7.46,-120.54,-88.57,0,0,0,0
3799,0,0,7.53,-121.48,-88.88,0,0,0,0
3800,0,0,7.53,-121.48,-88.88,0,0,0,0
3801,0,0,7.55,-121.69,-88.93,0,0,0,0
3802,0,0,7.54,-123.07,-86.76,0,0,0,0
3803,0,0,7.34,-122.12,-86.51,0,0,0,0
3804,0,0,7.1,-121.23,-86.14,0,0,0,0
3805,0,0,6.86,-120.4,-85.62,0,0,0,0
3806,0,0,6.67,-119.72,-84.97,0,0,0,0
3807,0,0,6.53,-119.38,-84.05,0,0,0,0
3808,0,0,6.42,-119.25,-83.06,0,0,0,0
3809,0,0,6.42,-119.25,-83.05,0,0,0,0
3810,0,0,6.42,-119.25,-83.05,0,0,0,0
3811,0,0,6.31,-119.26,-82.48,0,0,0,0
3812,0,0,2.81,-4.81,-83.56,0,0,0,0
3813,0,0,2.77,-3.81,-83.68,0,0,0,0
3814,0,0,2.77,-3.81,-83.68,0,0,0,0
3815,0,0,2.71,-2.82,-83.57,0,0,0,0
3816,0,0,2.65,-1.94,-83.1,0,0,0,0
3817,0,0,2.6,-1.3,-82.33,0,0,0,0
3818,0,0,2.56,-1.11,-81.35,0,0,0,0
3819,0,0,2.51,-1.01,-80.36,0,0,0,0
3820,0,0,2.47,-0.95,-79.36,0,0,0,0
3821,0,0,2.43,-0.93,-78.36,0,0,0,0
3822,0,0,2.39,-0.91,-77.36,0,0,0,0
3823,0,0,2.34,-0.89,-76.36,0,0,0,0
3824,0,0,2.34,-0.89,-76.21,0,0,0,0
3825,0,0,2.56,-0.94,-81.4,0,0,0,0
3826,0,0,2.56,-0.87,-81.24,0,0,0,0
3827,0,0,0.31,58.41,87.87,0,0,0,0
3828,0,0,0.33,59.39,88.06,0,0,0,0
3829,0,0,0.37,60.34,88.37,0,0,0,0
3830,0,0,0.4,61.21,88.87,0,0,0,0
3831,0,0,0.44,61.98,89.51,0,0,0,0
3832,0,0,0.49,62.6,90.29,0,0,0,0
3833,0,0,0.53,63.08,91.17,0,0,0,0
3834,0,0,0.57,63.45,92.1,0,0,0,0
3835,0,0,0.62,63.71,93.06,0,0,0,0
3836,0,0,0.66,63.89,94.04,0,0,0,0
3837,0,0,0.7,64.01,95.04,0,0,0,0
3838,0,0,0.74,64.08,96.03,0,0,0,0
3839,0,0,0.78,64.11,97.03,0,0,0,0
3840,0,0,0.82,64.11,98.03,0,0,0,0
3841,0,0,0.85,64.1,99.03,0,0,0,0
3842,0,0,0.85,64.1,99.03,0,0,0,0
3843,0,0,0.87,64.1,99.49,0,0,0,0
3844,0,0,1.07,67.8,97.18,0,0,0,0
3845,0,0,1.06,67.88,96.18,0,0,0,0
3846,0,0,0.93,64.25,85.57,0,0,0,0
3847,0,0,0.93,64.04,85.58,0,0,0,0
3848,0,0,-0.91,-5.75,80.78,0,0,0,0
3849,0,0,-0.82,-6.17,81.68,0,0,0,0
3850,0,0,-0.82,-6.17,81.68,0,0,0,0
3851,0,0,-0.71,-6.68,82.53,0,0,0,0
3852,0,0,-0.57,-7.39,83.22,0,0,0,0
3853,0,0,-0.45,-8.27,83.67,0,0,0,0
3854,0,0,-0.35,-9.24,83.9,0,0,0,0
3855,0,0,-0.27,-10.24,84,0,0,0,0
3856,0,0,-0.21,-11.23,84.01,0,0,0,0
3857,0,0,-0.21,-11.23,84.01,0,0,0,0
3858,0,0,-0.18,-11.87,83.99,0,0,0,0
3859,0,0,0.34,-31.04,83.43,0,0,0,0
3860,0,0,0.35,-31.83,83.29,0,0,0,0
3861,0,0,0.08,-24.84,83.47,0,0,0,0
3862,0,0,0.09,-25.83,83.62,0,0,0,0
3863,0,0,2.29,-76.22,84.51,0,0,0,0
3864,0,0,2.24,-75.26,84.24,0,0,0,0
3865,0,0,2.24,-75.26,84.24,0,0,0,0
3866,0,0,2.17,-74.4,83.72,0,0,0,0
3867,0,0,2.09,-73.69,83.03,0,0,0,0
3868,0,0,2.02,-73.12,82.21,0,0,0,0
3869,0,0,1.95,-72.68,81.31,0,0,0,0
3870,0,0,1.88,-72.33,80.38,0,0,0,0
3871,0,0,1.82,-72.06,79.42,0,0,0,0
3872,0,0,1.76,-71.85,78.44,0,0,0,0
3873,0,0,1.72,-71.68,77.46,0,0,0,0
3874,0,0,1.67,-71.55,76.47,0,0,0,0
3875,0,0,1.67,-71.55,76.47,0,0,0,0
3876,0,0,1.67,-71.53,76.35,0,0,0,0
3877,0,0,4.25,48.29,181.4,0,0,0,0
3878,0,0,4.34,47.33,181.67,0,0,0,0
3879,0,0,4.34,47.33,181.67,0,0,0,0
3880,0,0,4.42,46.4,182.01,0,0,0,0
3881,0,0,4.52,45.49,182.43,0,0,0,0
3882,0,0,4.61,44.62,182.91,0,0,0,0
3883,0,0,4.7,43.79,183.46,0,0,0,0
3884,0,0,4.8,43.02,184.09,0,0,0,0
3885,0,0,4.89,42.31,184.78,0,0,0,0
3886,0,0,4.98,41.69,185.57,0,0,0,0
3887,0,0,5.07,41.18,186.42,0,0,0,0
3888,0,0,5.15,40.82,187.35,0,0,0,0
3889,0,0,5.22,40.61,188.32,0,0,0,0
3890,0,0,5.22,40.61,188.32,0,0,0,0
3891,0,0,5.25,40.56,188.78,0,0,0,0
3892,0,0,5.91,42.65,188.37,0,0,0,0
3893,0,0,5.79,42.69,187.38,0,0,0,0
3894,0,0,5.79,42.69,187.38,0,0,0,0
3895,0,0,5.66,42.59,186.39,0,0,0,0
3896,0,0,5.51,42.34,185.44,0,0,0,0
3897,0,0,5.35,41.94,184.53,0,0,0,0
3898,0,0,5.18,41.41,183.7,0,0,0,0
3899,0,0,5.01,40.78,182.94,0,0,0,0
3900,0,0,4.84,40.05,182.28,0,0,0,0
3901,0,0,4.68,39.23,181.73,0,0,0,0
3902,0,0,4.51,38.35,181.29,0,0,0,0
3903,0,0,4.36,37.4,181,0,0,0,0
3904,0,0,4.23,36.42,180.87,0,0,0,0
3905,0,0,4.23,36.42,180.87,0,0,0,0
3906,0,0,4.21,36.3,180.86,0,0,0,0
3907,0,0,4.6,-123.93,76.81,0,0,0,0
3908,0,0,4.69,-124.18,77.77,0,0,0,0
3909,0,0,4.69,-124.18,77.77,0,0,0,0
3910,0,0,4.8,-124.65,78.65,0,0,0,0
3911,0,0,4.91,-125.32,79.39,0,0,0,0
3912,0,0,5.02,-126.13,79.95,0,0,0,0
3913,0,0,5.1,-127.05,80.35,0,0,0,0
3914,0,0,5.17,-128.02,80.57,0,0,0,0
3915,0,0,5.17,-128.02,80.57,0,0,0,0
3916,0,0,5.17,-128.06,80.57,0,0,0,0
3917,0,0,5.73,-129.65,83.8,0,0,0,0
3918,0,0,5.68,-128.67,83.62,0,0,0,0
3919,0,0,5.68,-128.67,83.62,0,0,0,0
3920,0,0,5.61,-127.71,83.36,0,0,0,0
3921,0,0,5.54,-126.77,83.02,0,0,0,0
3922,0,0,5.46,-125.88,82.58,0,0,0,0
3923,0,0,5.36,-125.05,82.02,0,0,0,0
3924,0,0,5.26,-124.31,81.36,0,0,0,0
3925,0,0,5.15,-123.68,80.59,0,0,0,0
3926,0,0,5.03,-123.16,79.74,0,0,0,0
3927,0,0,4.92,-122.77,78.83,0,0,0,0
3928,0,0,4.8,-122.5,77.88,0,0,0,0
3929,0,0,4.69,-122.33,76.9,0,0,0,0
3930,0,0,4.59,-122.25,75.9,0,0,0,0
3931,0,0,4.59,-122.25,75.9,0,0,0,0
3932,0,0,4.51,-122.26,75.01,0,0,0,0
3933,0,0,5.49,-121.99,93.28,0,0,0,0
3934,0,0,5.45,-122.23,92.31,0,0,0,0
3935,0,0,5.45,-122.23,92.31,0,0,0,0
3936,0,0,5.41,-122.34,91.31,0,0,0,0
3937,0,0,5.36,-122.3,90.32,0,0,0,0
3938,0,0,5.31,-122.12,89.33,0,0,0,0
3939,0,0,5.25,-121.79,88.39,0,0,0,0
3940,0,0,5.2,-121.34,87.5,0,0,0,0
3941,0,0,5.14,-120.78,86.68,0,0,0,0
3942,0,0,5.09,-120.11,85.93,0,0,0,0
3943,0,0,5.03,-119.36,85.28,0,0,0,0
3944,0,0,4.98,-118.53,84.72,0,0,0,0
3945,0,0,4.94,-117.63,84.29,0,0,0,0
3946,0,0,4.94,-117.63,84.29,0,0,0,0
3947,0,0,4.89,-116.68,83.97,0,0,0,0
3948,0,0,4.58,-117.76,80.74,0,0,0,0
3949,0,0,4.65,-118.69,81.1,0,0,0,0
3950,0,0,4.65,-118.69,81.1,0,0,0,0
3951,0,0,4.72,-119.57,81.58,0,0,0,0
3952,0,0,4.8,-120.37,82.17,0,0,0,0
3953,0,0,4.88,-121.09,82.87,0,0,0,0
3954,0,0,4.96,-121.73,83.63,0,0,0,0
3955,0,0,5.05,-122.29,84.45,0,0,0,0
3956,0,0,5.14,-122.77,85.33,0,0,0,0
3957,0,0,5.22,-123.19,86.23,0,0,0,0
3958,0,0,5.31,-123.54,87.16,0,0,0,0
3959,0,0,5.39,-123.83,88.12,0,0,0,0
3960,0,0,5.47,-124.07,89.08,0,0,0,0
3961,0,0,5.56,-124.25,90.06,0,0,0,0
3962,0,0,5.63,-124.39,91.05,0,0,0,0
3963,0,0,5.71,-124.48,92.04,0,0,0,0
3964,0,0,5.79,-124.53,93.04,0,0,0,0
3965,0,0,5.86,-124.53,94.04,0,0,0,0
3966,0,0,5.93,-124.48,95.03,0,0,0,0
3967,0,0,6,-124.39,96.03,0,0,0,0
3968,0,0,6.07,-124.24,97.01,0,0,0,0
3969,0,0,6.07,-124.24,97.01,0,0,0,0
3970,0,0,6.1,-124.16,97.47,0,0,0,0
3971,0,0,4.6,-123.93,76.81,0,0,0,0
3972,0,0,4.67,-124.06,77.8,0,0,0,0
3973,0,0,4.74,-124.19,78.79,0,0,0,0
3974,0,0,4.81,-124.3,79.78,0,0,0,0
3975,0,0,4.89,-124.41,80.77,0,0,0,0
3976,0,0,4.96,-124.51,81.76,0,0,0,0
3977,0,0,5.03,-124.61,82.76,0,0,0,0
3978,0,0,5.1,-124.69,83.75,0,0,0,0
3979,0,0,5.17,-124.77,84.74,0,0,0,0
3980,0,0,5.24,-124.83,85.74,0,0,0,0
3981,0,0,5.32,-124.89,86.74,0,0,0,0
3982,0,0,5.39,-124.93,87.73,0,0,0,0
3983,0,0,5.46,-124.96,88.73,0,0,0,0
3984,0,0,5.53,-124.97,89.73,0,0,0,0
3985,0,0,5.6,-124.96,90.72,0,0,0,0
3986,0,0,5.68,-124.94,91.72,0,0,0,0
3987,0,0,5.75,-124.89,92.72,0,0,0,0
3988,0,0,5.82,-124.82,93.71,0,0,0,0
3989,0,0,5.89,-124.72,94.7,0,0,0,0
3990,0,0,5.97,-124.57,95.69,0,0,0,0
3991,0,0,6.04,-124.37,96.67,0,0,0,0
3992,0,0,6.1,-124.16,97.47,0,0,0,0
3993,0,0,5.49,-121.99,93.28,0,0,0,0
3994,0,0,5.44,-122.15,92.29,0,0,0,0
3995,0,0,5.39,-122.28,91.3,0,0,0,0
3996,0,0,5.33,-122.38,90.31,0,0,0,0
3997,0,0,5.28,-122.46,89.31,0,0,0,0
3998,0,0,5.23,-122.51,88.31,0,0,0,0
3999,0,0,5.18,-122.55,87.32,0,0,0,0
4000,0,0,5.12,-122.58,86.32,0,0,0,0
4001,0,0,5.07,-122.6,85.32,0,0,0,0
4002,0,0,5.02,-122.6,84.32,0,0,0,0
4003,0,0,4.96,-122.6,83.32,0,0,0,0
4004,0,0,4.91,-122.58,82.32,0,0,0,0
4005,0,0,4.86,-122.56,81.33,0,0,0,0
4006,0,0,4.8,-122.53,80.33,0,0,0,0
4007,0,0,4.75,-122.5,79.33,0,0,0,0
4008,0,0,4.69,-122.45,78.33,0,0,0,0
4009,0,0,4.64,-122.4,77.34,0,0,0,0
4010,0,0,4.59,-122.35,76.34,0,0,0,0
4011,0,0,4.53,-122.28,75.34,0,0,0,0
4012,0,0,4.51,-122.26,75.01,0,0,0,0
4013,0,0,8.11,-138.56,-85.07,0,0,0,0
4014,0,0,8.16,-137.69,-85.56,0,0,0,0
4015,0,0,5.21,-34.38,168.79,0,0,0,0
4016,0,0,5.3,-34.69,168.94,0,0,0,0
4017,0,0,5.3,-36.5,168.94,0,0,0,0
4018,0,0,5.41,-36.69,168.91,0,0,0,0
4019,0,0,5.54,-35.37,170.12,0,0,0,0
4020,0,0,5.46,-34.38,170,0,0,0,0
4021,0,0,4.43,-30.64,165.18,0,0,0,0
4022,0,0,4.41,-30.66,165.02,0,0,0,0
4023,0,0,1.22,-69.69,-10.13,0,0,0,0
4024,0,0,1.21,-70.18,-9.26,0,0,0,0
4025,0,0,1.21,-70.18,-9.26,0,0,0,0
4026,0,0,1.21,-70.63,-8.37,0,0,0,0
4027,0,0,1.21,-71.03,-7.45,0,0,0,0
4028,0,0,1.21,-71.38,-6.51,0,0,0,0
4029,0,0,1.2,-71.67,-5.55,0,0,0,0
4030,0,0,1.2,-71.9,-4.58,0,0,0,0
4031,0,0,1.2,-72.08,-3.6,0,0,0,0
4032,0,0,1.2,-72.19,-2.6,0,0,0,0
4033,0,0,1.19,-72.24,-1.6,0,0,0,0
4034,0,0,1.19,-72.23,-0.6,0,0,0,0
4035,0,0,1.19,-72.15,0.39,0,0,0,0
4036,0,0,1.18,-71.98,1.38,0,0,0,0
4037,0,0,1.18,-71.75,2.35,0,0,0,0
4038,0,0,1.18,-71.43,3.3,0,0,0,0
4039,0,0,1.17,-71.02,4.21,0,0,0,0
4040,0,0,1.17,-70.51,5.07,0,0,0,0
4041,0,0,1.17,-69.89,5.86,0,0,0,0
4042,0,0,1.17,-69.89,5.86,0,0,0,0
4043,0,0,1.17,-69.88,5.87,0,0,0,0
4044,0,0,6.57,-153.06,-22.56,0,0,0,0
4045,0,0,6.57,-153.7,-21.79,0,0,0,0
4046,0,0,6.58,-154.32,-21.01,0,0,0,0
4047,0,0,6.58,-154.93,-20.22,0,0,0,0
4048,0,0,6.58,-155.53,-19.41,0,0,0,0
4049,0,0,6.58,-156.11,-18.6,0,0,0,0
4050,0,0,6.59,-156.66,-17.77,0,0,0,0
4051,0,0,6.59,-157.2,-16.93,0,0,0,0
4052,0,0,6.59,-157.72,-16.07,0,0,0,0
4053,0,0,6.6,-158.22,-15.2,0,0,0,0
4054,0,0,6.6,-158.7,-14.32,0,0,0,0
4055,0,0,6.61,-159.15,-13.43,0,0,0,0
4056,0,0,6.61,-159.57,-12.52,0,0,0,0
4057,0,0,6.62,-159.96,-11.61,0,0,0,0
4058,0,0,6.62,-160.33,-10.67,0,0,0,0
4059,0,0,6.63,-160.66,-9.73,0,0,0,0
4060,0,0,6.63,-160.96,-8.78,0,0,0,0
4061,0,0,6.64,-161.22,-7.81,0,0,0,0
4062,0,0,6.64,-161.44,-6.84,0,0,0,0
4063,0,0,6.65,-161.62,-5.85,0,0,0,0
4064,0,0,6.65,-161.76,-4.86,0,0,0,0
4065,0,0,6.66,-161.86,-3.87,0,0,0,0
4066,0,0,6.67,-161.91,-2.87,0,0,0,0
4067,0,0,6.67,-161.92,-1.87,0,0,0,0
4068,0,0,6.68,-161.88,-0.87,0,0,0,0
4069,0,0,6.69,-161.79,0.13,0,0,0,0
4070,0,0,6.7,-161.66,1.12,0,0,0,0
4071,0,0,6.7,-161.47,2.1,0,0,0,0
4072,0,0,6.71,-161.24,3.07,0,0,0,0
4073,0,0,6.72,-160.96,4.03,0,0,0,0
4074,0,0,6.73,-160.64,4.98,0,0,0,0
4075,0,0,6.74,-160.28,5.91,0,0,0,0
4076,0,0,6.74,-159.87,6.82,0,0,0,0
4077,0,0,6.75,-159.42,7.72,0,0,0,0
4078,0,0,6.76,-158.93,8.59,0,0,0,0
4079,0,0,6.77,-158.41,9.44,0,0,0,0
4080,0,0,6.78,-157.85,10.27,0,0,0,0
4081,0,0,6.79,-157.26,11.08,0,0,0,0
4082,0,0,6.8,-156.63,11.86,0,0,0,0
4083,0,0,6.81,-155.98,12.62,0,0,0,0
4084,0,0,6.81,-155.3,13.35,0,0,0,0
4085,0,0,6.82,-154.58,14.05,0,0,0,0
4086,0,0,6.83,-154.18,14.42,0,0,0,0
4087,0,0,6.8,-154.18,10.34,0,0,0,0
4088,0,0,6.8,-154.06,10.43,0,0,0,0
4089,0,0,3.03,-91.82,81.63,0,0,0,0
4090,0,0,3.1,-92.62,81.03,0,0,0,0
4091,0,0,3.1,-92.62,81.03,0,0,0,0
4092,0,0,3.17,-93.52,80.61,0,0,0,0
4093,0,0,3.23,-94.48,80.34,0,0,0,0
4094,0,0,3.3,-95.47,80.18,0,0,0,0
4095,0,0,3.37,-96.46,80.11,0,0,0,0
4096,0,0,3.43,-97.46,80.1,0,0,0,0
4097,0,0,3.49,-98.46,80.14,0,0,0,0
4098,0,0,3.55,-99.45,80.22,0,0,0,0
4099,0,0,3.6,-100.45,80.34,0,0,0,0
4100,0,0,3.65,-101.43,80.49,0,0,0,0
4101,0,0,3.7,-102.42,80.66,0,0,0,0
4102,0,0,3.75,-103.39,80.86,0,0,0,0
4103,0,0,3.79,-104.37,81.08,0,0,0,0
4104,0,0,3.79,-104.37,81.08,0,0,0,0
4105,0,0,3.81,-104.79,81.19,0,0,0,0
4106,0,0,5.83,-44.68,168.79,0,0,0,0
4107,0,0,5.88,-45.56,168.32,0,0,0,0
4108,0,0,5.93,-46.5,167.98,0,0,0,0
4109,0,0,5.98,-47.46,167.72,0,0,0,0
4110,0,0,6.03,-48.45,167.53,0,0,0,0
4111,0,0,6.08,-49.44,167.4,0,0,0,0
4112,0,0,6.13,-50.43,167.32,0,0,0,0
4113,0,0,6.18,-51.43,167.29,0,0,0,0
4114,0,0,6.23,-52.43,167.3,0,0,0,0
4115,0,0,6.28,-53.43,167.36,0,0,0,0
4116,0,0,6.33,-54.42,167.48,0,0,0,0
4117,0,0,6.38,-55.4,167.66,0,0,0,0
4118,0,0,6.44,-56.36,167.93,0,0,0,0
4119,0,0,6.49,-57.27,168.35,0,0,0,0
4120,0,0,6.52,-57.66,168.6,0,0,0,0
4121,0,0,3.76,64.12,167.34,0,0,0,0
4122,0,0,3.74,63.99,166.96,0,0,0,0
4123,0,0,3.51,64.3,160.97,0,0,0,0
4124,0,0,3.46,64.76,160.09,0,0,0,0
4125,0,0,3.46,64.76,160.09,0,0,0,0
4126,0,0,3.41,65.13,159.16,0,0,0,0
4127,0,0,3.37,65.44,158.21,0,0,0,0
4128,0,0,3.33,65.71,157.25,0,0,0,0
4129,0,0,3.29,65.94,156.28,0,0,0,0
4130,0,0,3.25,66.14,155.3,0,0,0,0
4131,0,0,3.21,66.31,154.31,0,0,0,0
4132,0,0,3.17,66.46,153.32,0,0,0,0
4133,0,0,3.13,66.58,152.33,0,0,0,0
4134,0,0,3.09,66.68,151.34,0,0,0,0
4135,0,0,3.05,66.76,150.34,0,0,0,0
4136,0,0,3.01,66.81,149.34,0,0,0,0
4137,0,0,2.98,66.84,148.35,0,0,0,0
4138,0,0,2.94,66.84,147.35,0,0,0,0
4139,0,0,2.9,66.82,146.35,0,0,0,0
4140,0,0,2.86,66.76,145.35,0,0,0,0
4141,0,0,2.83,66.68,144.35,0,0,0,0
4142,0,0,2.79,66.56,143.36,0,0,0,0
4143,0,0,2.76,66.4,142.37,0,0,0,0
4144,0,0,2.72,66.2,141.4,0,0,0,0
4145,0,0,2.69,65.94,140.43,0,0,0,0
4146,0,0,2.65,65.61,139.49,0,0,0,0
4147,0,0,2.65,65.61,139.49,0,0,0,0
4148,0,0,2.64,65.42,139.02,0,0,0,0
4149,0,0,1.23,78.82,60.13,0,0,0,0
4150,0,0,1.24,79.35,59.28,0,0,0,0
4151,0,0,1.24,79.35,59.28,0,0,0,0
4152,0,0,1.25,79.8,58.39,0,0,0,0
4153,0,0,1.26,80.17,57.46,0,0,0,0
4154,0,0,1.27,80.47,56.51,0,0,0,0
4155,0,0,1.27,80.7,55.54,0,0,0,0
4156,0,0,1.28,80.86,54.55,0,0,0,0
4157,0,0,1.29,80.96,53.55,0,0,0,0
4158,0,0,1.3,81,52.55,0,0,0,0
4159,0,0,1.31,80.99,51.55,0,0,0,0
4160,0,0,1.32,80.93,50.56,0,0,0,0
4161,0,0,1.33,80.82,49.56,0,0,0,0
4162,0,0,1.34,80.66,48.57,0,0,0,0
4163,0,0,1.35,80.47,47.59,0,0,0,0
4164,0,0,1.36,80.23,46.62,0,0,0,0
4165,0,0,1.36,79.95,45.66,0,0,0,0
4166,0,0,1.37,79.63,44.71,0,0,0,0
4167,0,0,1.37,79.63,44.71,0,0,0,0
4168,0,0,1.37,79.42,44.15,0,0,0,0
4169,0,0,3.41,82.25,-37.86,0,0,0,0
4170,0,0,3.46,82.64,-38.78,0,0,0,0
4171,0,0,3.46,82.64,-38.78,0,0,0,0
4172,0,0,3.51,82.95,-39.73,0,0,0,0
4173,0,0,3.57,83.22,-40.69,0,0,0,0
4174,0,0,3.62,83.44,-41.66,0,0,0,0
4175,0,0,3.67,83.62,-42.64,0,0,0,0
4176,0,0,3.72,83.77,-43.63,0,0,0,0
4177,0,0,3.77,83.89,-44.62,0,0,0,0
4178,0,0,3.82,83.97,-45.62,0,0,0,0
4179,0,0,3.88,84.03,-46.62,0,0,0,0
4180,0,0,3.93,84.05,-47.61,0,0,0,0
4181,0,0,3.98,84.03,-48.61,0,0,0,0
4182,0,0,4.04,83.98,-49.61,0,0,0,0
4183,0,0,4.09,83.88,-50.6,0,0,0,0
4184,0,0,4.14,83.73,-51.59,0,0,0,0
4185,0,0,4.2,83.51,-52.56,0,0,0,0
4186,0,0,4.26,83.19,-53.51,0,0,0,0
4187,0,0,4.31,82.76,-54.41,0,0,0,0
4188,0,0,4.31,82.76,-54.41,0,0,0,0
4189,0,0,4.32,82.74,-54.45,0,0,0,0
4190,0,0,1.18,-1.96,-47.09,0,0,0,0
4191,0,0,1.15,-1.69,-46.13,0,0,0,0
4192,0,0,0.63,-2.44,-32.25,0,0,0,0
4193,0,0,0.62,-2.48,-32.11,0,0,0,0
4194,0,0,-0.85,-5.11,48.65,0,0,0,0
4195,0,0,-0.85,-5.18,48.82,0,0,0,0
4196,0,0,3.48,-121.23,8.07,0,0,0,0
4197,0,0,3.48,-120.57,7.32,0,0,0,0
4198,0,0,3.48,-120.03,6.48,0,0,0,0
4199,0,0,3.48,-119.58,5.58,0,0,0,0
4200,0,0,3.48,-119.22,4.65,0,0,0,0
4201,0,0,3.48,-118.92,3.7,0,0,0,0
4202,0,0,3.48,-118.69,2.73,0,0,0,0
4203,0,0,3.48,-118.5,1.74,0,0,0,0
4204,0,0,3.48,-118.36,0.75,0,0,0,0
4205,0,0,3.48,-118.26,-0.24,0,0,0,0
4206,0,0,3.48,-118.21,-1.24,0,0,0,0
4207,0,0,3.48,-118.2,-2.24,0,0,0,0
4208,0,0,3.48,-118.23,-3.24,0,0,0,0
4209,0,0,3.48,-118.29,-4.24,0,0,0,0
4210,0,0,3.48,-118.41,-5.23,0,0,0,0
4211,0,0,3.48,-118.56,-6.22,0,0,0,0
4212,0,0,3.48,-118.77,-7.2,0,0,0,0
4213,0,0,3.48,-119.03,-8.16,0,0,0,0
4214,0,0,3.48,-119.35,-9.11,0,0,0,0
4215,0,0,3.48,-119.74,-10.03,0,0,0,0
4216,0,0,3.48,-120.19,-10.9,0,0,0,0
4217,0,0,9.64,-123.81,162.05,0,0,0,0
4218,0,0,9.63,-124,163.03,0,0,0,0
4219,0,0,9.62,-124.16,164.02,0,0,0,0
4220,0,0,9.62,-124.3,165.01,0,0,0,0
4221,0,0,9.61,-124.41,166,0,0,0,0
4222,0,0,9.59,-124.48,167,0,0,0,0
4223,0,0,9.58,-124.5,168,0,0,0,0
4224,0,0,9.57,-124.46,169,0,0,0,0
4225,0,0,9.55,-124.36,169.99,0,0,0,0
4226,0,0,9.54,-124.18,170.98,0,0,0,0
4227,0,0,9.52,-123.89,171.93,0,0,0,0
4228,0,0,9.5,-123.48,172.85,0,0,0,0
4229,0,0,9.47,-122.91,173.67,0,0,0,0
4230,0,0,9.45,-122.19,174.36,0,0,0,0
4231,0,0,9.42,-121.34,174.89,0,0,0,0
4232,0,0,9.39,-120.4,175.23,0,0,0,0
4233,0,0,9.36,-119.42,175.4,0,0,0,0
4234,0,0,9.33,-118.42,175.45,0,0,0,0
4235,0,0,9.31,-117.42,175.38,0,0,0,0
4236,0,0,9.28,-116.43,175.22,0,0,0,0
4237,0,0,9.26,-115.46,175,0,0,0,0
4238,0,0,9.23,-114.5,174.72,0,0,0,0
4239,0,0,9.21,-113.55,174.4,0,0,0,0
4240,0,0,9.19,-112.62,174.03,0,0,0,0
4241,0,0,9.16,-111.71,173.63,0,0,0,0
4242,0,0,9.14,-110.81,173.2,0,0,0,0
4243,0,0,9.12,-109.92,172.74,0,0,0,0
4244,0,0,9.1,-109.05,172.25,0,0,0,0
4245,0,0,9.08,-108.19,171.74,0,0,0,0
4246,0,0,9.05,-107.35,171.19,0,0,0,0
4247,0,0,9.03,-106.53,170.62,0,0,0,0
4248,0,0,9,-105.73,170.02,0,0,0,0
4249,0,0,8.98,-105.26,169.61,0,0,0,0
4250,0,0,8.48,-119.6,143.6,0,0,0,0
4251,0,0,8.37,-119.01,142.8,0,0,0,0
4252,0,0,8.28,-118.57,141.91,0,0,0,0
4253,0,0,8.19,-118.22,140.97,0,0,0,0
4254,0,0,8.11,-117.94,140.02,0,0,0,0
4255,0,0,8.03,-117.71,139.05,0,0,0,0
4256,0,0,7.96,-117.52,138.07,0,0,0,0
4257,0,0,7.88,-117.36,137.09,0,0,0,0
4258,0,0,7.81,-117.23,136.1,0,0,0,0
4259,0,0,7.74,-117.12,135.11,0,0,0,0
4260,0,0,7.67,-117.03,134.11,0,0,0,0
4261,0,0,7.6,-116.97,133.12,0,0,0,0
4262,0,0,7.53,-116.93,132.12,0,0,0,0
4263,0,0,7.47,-116.91,131.12,0,0,0,0
4264,0,0,7.4,-116.92,130.12,0,0,0,0
4265,0,0,7.34,-116.95,129.13,0,0,0,0
4266,0,0,7.27,-116.99,128.13,0,0,0,0
4267,0,0,7.21,-117.07,127.13,0,0,0,0
4268,0,0,7.14,-117.16,126.14,0,0,0,0
4269,0,0,7.08,-117.29,125.15,0,0,0,0
4270,0,0,7.02,-117.45,124.17,0,0,0,0
4271,0,0,6.95,-117.64,123.19,0,0,0,0
4272,0,0,6.89,-117.87,122.21,0,0,0,0
4273,0,0,6.83,-118.15,121.26,0,0,0,0
4274,0,0,6.77,-118.49,120.32,0,0,0,0
4275,0,0,6.73,-118.75,119.68,0,0,0,0
4276,0,0,-0.43,-3.59,-4.15,0,0,0,0
4277,0,0,-0.44,-3.38,-3.17,0,0,0,0
4278,0,0,-0.45,-2.89,-2.3,0,0,0,0
4279,0,0,-0.46,-2.15,-1.63,0,0,0,0
4280,0,0,-0.47,-1.26,-1.18,0,0,0,0
4281,0,0,-0.48,-0.3,-0.89,0,0,0,0
4282,0,0,-0.49,0.69,-0.74,0,0,0,0
4283,0,0,-0.5,1.68,-0.66,0,0,0,0
4284,0,0,-0.51,2.68,-0.64,0,0,0,0
4285,0,0,-0.52,3.68,-0.65,0,0,0,0
4286,0,0,-0.53,4.68,-0.69,0,0,0,0
4287,0,0,-0.54,5.68,-0.72,0,0,0,0
4288,0,0,-0.56,6.68,-0.69,0,0,0,0
4289,0,0,-0.56,7.15,-0.61,0,0,0,0
4290,0,0,-0.57,8.15,-0.6,0,0,0,0
4291,0,0,-0.58,9.15,-0.6,0,0,0,0
4292,0,0,-0.59,10.15,-0.61,0,0,0,0
4293,0,0,-0.6,11.15,-0.62,0,0,0,0
4294,0,0,-0.61,12.15,-0.64,0,0,0,0
4295,0,0,-0.62,13.15,-0.66,0,0,0,0
4296,0,0,-0.63,14.15,-0.67,0,0,0,0
4297,0,0,-0.64,15.15,-0.68,0,0,0,0
4298,0,0,-0.65,16.15,-0.66,0,0,0,0
4299,0,0,-0.66,17.14,-0.6,0,0,0,0
4300,0,0,-0.63,18.14,-0.56,0,0,0,0
4301,0,0,-0.59,19.14,-0.52,0,0,0,0
4302,0,0,-0.56,20.14,-0.48,0,0,0,0
4303,0,0,-0.52,21.14,-0.44,0,0,0,0
4304,0,0,-0.49,22.14,-0.4,0,0,0,0
4305,0,0,-0.45,23.14,-0.36,0,0,0,0
4306,0,0,-0.42,24.13,-0.33,0,0,0,0
4307,0,0,-0.38,25.13,-0.29,0,0,0,0
4308,0,0,-0.35,26.13,-0.25,0,0,0,0
4309,0,0,-0.31,27.13,-0.21,0,0,0,0
4310,0,0,-0.28,28.13,-0.17,0,0,0,0
4311,0,0,-0.25,29.13,-0.13,0,0,0,0
4312,0,0,-0.21,30.13,-0.1,0,0,0,0
4313,0,0,-0.18,31.12,-0.06,0,0,0,0
4314,0,0,-0.14,32.12,-0.02,0,0,0,0
4315,0,0,-0.11,33.12,0.02,0,0,0,0
4316,0,0,-0.07,34.12,0.06,0,0,0,0
4317,0,0,-0.04,35.12,0.1,0,0,0,0
4318,0,0,0,36.12,0.13,0,0,0,0
4319,0,0,0.03,37.12,0.17,0,0,0,0
4320,0,0,0.07,38.12,0.21,0,0,0,0
4321,0,0,0.1,39.11,0.25,0,0,0,0
4322,0,0,0.14,40.11,0.29,0,0,0,0
4323,0,0,0.17,41.11,0.33,0,0,0,0
4324,0,0,0.21,42.11,0.36,0,0,0,0
4325,0,0,0.24,43.11,0.4,0,0,0,0
4326,0,0,0.28,44.11,0.44,0,0,0,0
4327,0,0,0.31,45.11,0.48,0,0,0,0
4328,0,0,0.35,46.1,0.52,0,0,0,0
4329,0,0,0.38,47.1,0.56,0,0,0,0
4330,0,0,0.42,48.1,0.59,0,0,0,0
4331,0,0,0.45,49.1,0.63,0,0,0,0
4332,0,0,0.49,50.1,0.67,0,0,0,0
4333,0,0,0.52,51.1,0.71,0,0,0,0
4334,0,0,0.56,52.1,0.75,0,0,0,0
4335,0,0,0.59,53.1,0.79,0,0,0,0
4336,0,0,0.63,54.09,0.82,0,0,0,0
4337,0,0,0.66,55.09,0.86,0,0,0,0
4338,0,0,0.7,56.09,0.9,0,0,0,0
4339,0,0,0.73,57.09,0.94,0,0,0,0
4340,0,0,0.77,58.09,0.98,0,0,0,0
4341,0,0,0.8,59.09,1.02,0,0,0,0
4342,0,0,0.84,60.09,1.06,0,0,0,0
4343,0,0,0.87,61.08,1.09,0,0,0,0
4344,0,0,0.91,62.08,1.13,0,0,0,0
4345,0,0,0.94,63.08,1.17,0,0,0,0
4346,0,0,0.97,64.08,1.21,0,0,0,0
4347,0,0,1.01,65.08,1.25,0,0,0,0
4348,0,0,1.04,66.08,1.29,0,0,0,0
4349,0,0,1.08,67.08,1.32,0,0,0,0
4350,0,0,1.11,68.07,1.36,0,0,0,0
4351,0,0,1.15,69.07,1.4,0,0,0,0
4352,0,0,1.18,70.07,1.44,0,0,0,0
4353,0,0,1.22,71.07,1.48,0,0,0,0
4354,0,0,1.25,72.07,1.52,0,0,0,0
4355,0,0,1.29,73.07,1.55,0,0,0,0
4356,0,0,1.32,74.07,1.59,0,0,0,0
4357,0,0,1.36,75.07,1.59,0,0,0,0
4358,0,0,1.41,76.06,1.52,0,0,0,0
4359,0,0,1.47,77.04,1.32,0,0,0,0
4360,0,0,1.54,77.97,0.96,0,0,0,0
4361,0,0,1.61,78.77,0.37,0,0,0,0
4362,0,0,1.68,79.39,-0.42,0,0,0,0
4363,0,0,1.73,79.82,-1.32,0,0,0,0
4364,0,0,1.78,80.11,-2.27,0,0,0,0
4365,0,0,1.81,80.31,-3.25,0,0,0,0
4366,0,0,1.84,80.43,-4.25,0,0,0,0
4367,0,0,1.86,80.5,-4.98,0,0,0,0
4368,0,0,1.6,80.4,10.17,0,0,0,0
4369,0,0,1.58,80.2,9.19,0,0,0,0
4370,0,0,1.56,79.91,8.23,0,0,0,0
4371,0,0,1.54,79.57,7.29,0,0,0,0
4372,0,0,1.52,79.17,6.38,0,0,0,0
4373,0,0,1.5,78.7,5.5,0,0,0,0
4374,0,0,1.48,78.15,4.66,0,0,0,0
4375,0,0,1.46,77.51,3.89,0,0,0,0
4376,0,0,1.44,76.76,3.23,0,0,0,0
4377,0,0,1.42,75.86,2.78,0,0,0,0
4378,0,0,1.41,75.6,2.7,0,0,0,0
4379,0,0,1.38,74.6,2.64,0,0,0,0
4380,0,0,1.35,73.6,2.6,0,0,0,0
4381,0,0,1.32,72.6,2.56,0,0,0,0
4382,0,0,1.28,71.6,2.52,0,0,0,0
4383,0,0,1.25,70.61,2.49,0,0,0,0
4384,0,0,1.22,69.61,2.45,0,0,0,0
4385,0,0,1.19,68.61,2.41,0,0,0,0
4386,0,0,1.15,67.61,2.38,0,0,0,0
4387,0,0,1.12,66.61,2.34,0,0,0,0
4388,0,0,1.09,65.61,2.3,0,0,0,0
4389,0,0,1.05,64.61,2.26,0,0,0,0
4390,0,0,1.02,63.61,2.23,0,0,0,0
4391,0,0,0.99,62.62,2.19,0,0,0,0
4392,0,0,0.96,61.62,2.15,0,0,0,0
4393,0,0,0.92,60.62,2.11,0,0,0,0
4394,0,0,0.89,59.62,2.08,0,0,0,0
4395,0,0,0.86,58.62,2.04,0,0,0,0
4396,0,0,0.82,57.62,2,0,0,0,0
4397,0,0,0.79,56.62,1.97,0,0,0,0
4398,0,0,0.76,55.62,1.93,0,0,0,0
4399,0,0,0.73,54.63,1.89,0,0,0,0
4400,0,0,0.69,53.63,1.85,0,0,0,0
4401,0,0,0.66,52.63,1.82,0,0,0,0
4402,0,0,0.63,51.63,1.78,0,0,0,0
4403,0,0,0.59,50.63,1.74,0,0,0,0
4404,0,0,0.56,49.63,1.71,0,0,0,0
4405,0,0,0.53,48.63,1.67,0,0,0,0
4406,0,0,0.5,47.63,1.63,0,0,0,0
4407,0,0,0.46,46.64,1.59,0,0,0,0
4408,0,0,0.43,45.64,1.56,0,0,0,0
4409,0,0,0.4,44.64,1.52,0,0,0,0
4410,0,0,0.36,43.64,1.48,0,0,0,0
4411,0,0,0.33,42.64,1.45,0,0,0,0
4412,0,0,0.3,41.64,1.41,0,0,0,0
4413,0,0,0.27,40.64,1.37,0,0,0,0
4414,0,0,0.23,39.64,1.33,0,0,0,0
4415,0,0,0.2,38.65,1.3,0,0,0,0
4416,0,0,0.17,37.65,1.26,0,0,0,0
4417,0,0,0.13,36.65,1.22,0,0,0,0
4418,0,0,0.1,35.65,1.18,0,0,0,0
4419,0,0,0.07,34.65,1.15,0,0,0,0
4420,0,0,0.04,33.65,1.11,0,0,0,0
4421,0,0,0,32.65,1.07,0,0,0,0
4422,0,0,-0.03,31.65,1.04,0,0,0,0
4423,0,0,-0.06,30.65,1,0,0,0,0
4424,0,0,-0.1,29.66,0.96,0,0,0,0
4425,0,0,-0.13,28.66,0.92,0,0,0,0
4426,0,0,-0.16,27.66,0.89,0,0,0,0
4427,0,0,-0.19,26.66,0.85,0,0,0,0
4428,0,0,-0.23,25.66,0.81,0,0,0,0
4429,0,0,-0.26,24.66,0.78,0,0,0,0
4430,0,0,-0.29,23.66,0.74,0,0,0,0
4431,0,0,-0.33,22.66,0.7,0,0,0,0
4432,0,0,-0.36,21.67,0.66,0,0,0,0
4433,0,0,-0.39,20.67,0.63,0,0,0,0
4434,0,0,-0.42,19.67,0.59,0,0,0,0
4435,0,0,-0.46,18.67,0.55,0,0,0,0
4436,0,0,-0.49,17.67,0.51,0,0,0,0
4437,0,0,-0.52,16.67,0.48,0,0,0,0
4438,0,0,-0.56,15.67,0.44,0,0,0,0
4439,0,0,-0.59,14.67,0.4,0,0,0,0
4440,0,0,-0.62,13.68,0.37,0,0,0,0
4441,0,0,-0.65,12.68,0.33,0,0,0,0
4442,0,0,-0.69,11.68,0.29,0,0,0,0
4443,0,0,-0.72,10.68,0.25,0,0,0,0
4444,0,0,-0.75,9.68,0.22,0,0,0,0
4445,0,0,-0.79,8.68,0.18,0,0,0,0
4446,0,0,-0.82,7.68,0.14,0,0,0,0
4447,0,0,-0.85,6.68,0.11,0,0,0,0
4448,0,0,-0.88,5.69,0.07,0,0,0,0
4449,0,0,-0.92,4.69,0.03,0,0,0,0
4450,0,0,-0.95,3.69,-0.01,0,0,0,0
4451,0,0,-0.98,2.69,-0.04,0,0,0,0
4452,0,0,-1.01,1.69,-0.08,0,0,0,0
4453,0,0,-0.98,0.69,-0.05,0,0,0,0
4454,0,0,-0.92,-0.3,0.07,0,0,0,0
4455,0,0,-0.86,-1.26,0.35,0,0,0,0
4456,0,0,-0.79,-2.13,0.83,0,0,0,0
4457,0,0,-0.71,-2.85,1.52,0,0,0,0
4458,0,0,-0.63,-3.36,2.38,0,0,0,0
4459,0,0,-0.57,-3.66,3.33,0,0,0,0
4460,0,0,-0.52,-3.83,4.31,0,0,0,0
4461,0,0,-0.5,-3.88,4.84,0,0,0,0
4462,0,0,-0.49,6.74,86.14,0,0,0,0
4463,0,0,-0.46,7.73,86.26,0,0,0,0
4464,0,0,-0.43,8.71,86.48,0,0,0,0
4465,0,0,-0.39,9.64,86.84,0,0,0,0
4466,0,0,-0.34,10.46,87.41,0,0,0,0
4467,0,0,-0.28,11.09,88.18,0,0,0,0
4468,0,0,-0.23,11.5,89.1,0,0,0,0
4469,0,0,-0.19,11.67,90.08,0,0,0,0
4470,0,0,-0.15,11.68,91.08,0,0,0,0
4471,0,0,-0.13,11.64,91.59,0,0,0,0
4472,0,0,-0.1,11.68,92.59,0,0,0,0
4473,0,0,-0.06,11.73,93.59,0,0,0,0
4474,0,0,-0.02,11.78,94.59,0,0,0,0
4475,0,0,0.02,11.83,95.59,0,0,0,0
4476,0,0,0.06,11.87,96.58,0,0,0,0
4477,0,0,0.09,11.92,97.58,0,0,0,0
4478,0,0,0.13,11.97,98.58,0,0,0,0
4479,0,0,0.17,12.02,99.58,0,0,0,0
4480,0,0,0.21,12.06,100.58,0,0,0,0
4481,0,0,0.25,12.11,101.58,0,0,0,0
4482,0,0,0.29,12.16,102.57,0,0,0,0
4483,0,0,0.32,12.21,103.57,0,0,0,0
4484,0,0,0.36,12.25,104.57,0,0,0,0
4485,0,0,0.4,12.3,105.57,0,0,0,0
4486,0,0,0.44,12.35,106.57,0,0,0,0
4487,0,0,0.48,12.39,107.56,0,0,0,0
4488,0,0,0.51,12.44,108.56,0,0,0,0
4489,0,0,0.55,12.49,109.56,0,0,0,0
4490,0,0,0.59,12.54,110.56,0,0,0,0
4491,0,0,0.61,12.56,110.96,0,0,0,0
4492,0,0,0.66,12.52,111.96,0,0,0,0
4493,0,0,0.71,12.48,112.96,0,0,0,0
4494,0,0,0.77,12.44,113.96,0,0,0,0
4495,0,0,0.82,12.4,114.96,0,0,0,0
4496,0,0,0.88,12.36,115.95,0,0,0,0
4497,0,0,0.93,12.32,116.95,0,0,0,0
4498,0,0,0.99,12.28,117.95,0,0,0,0
4499,0,0,1.04,12.23,118.95,0,0,0,0
4500,0,0,1.1,12.19,119.94,0,0,0,0
4501,0,0,1.15,12.15,120.94,0,0,0,0
4502,0,0,1.21,12.11,121.94,0,0,0,0
4503,0,0,1.26,12.07,122.94,0,0,0,0
4504,0,0,1.31,12.03,123.93,0,0,0,0
4505,0,0,1.37,11.99,124.93,0,0,0,0
4506,0,0,1.42,11.95,125.93,0,0,0,0
4507,0,0,1.48,11.91,126.93,0,0,0,0
4508,0,0,1.53,11.87,127.93,0,0,0,0
4509,0,0,1.59,11.83,128.92,0,0,0,0
4510,0,0,1.64,11.79,129.92,0,0,0,0
4511,0,0,1.7,11.75,130.92,0,0,0,0
4512,0,0,1.75,11.71,131.92,0,0,0,0
4513,0,0,1.81,11.67,132.91,0,0,0,0
4514,0,0,1.86,11.63,133.91,0,0,0,0
4515,0,0,1.91,11.59,134.91,0,0,0,0
4516,0,0,1.97,11.55,135.91,0,0,0,0
4517,0,0,2.02,11.51,136.9,0,0,0,0
4518,0,0,2.08,11.47,137.9,0,0,0,0
4519,0,0,2.13,11.43,138.9,0,0,0,0
4520,0,0,2.19,11.39,139.9,0,0,0,0
4521,0,0,2.24,11.35,140.9,0,0,0,0
4522,0,0,2.3,11.31,141.89,0,0,0,0
4523,0,0,2.35,11.27,142.89,0,0,0,0
4524,0,0,2.41,11.23,143.89,0,0,0,0
4525,0,0,2.46,11.19,144.89,0,0,0,0
4526,0,0,2.51,11.15,145.88,0,0,0,0
4527,0,0,2.57,11.11,146.88,0,0,0,0
4528,0,0,2.62,11.07,147.88,0,0,0,0
4529,0,0,2.68,11.03,148.88,0,0,0,0
4530,0,0,2.73,10.99,149.88,0,0,0,0
4531,0,0,2.79,10.95,150.87,0,0,0,0
4532,0,0,2.84,10.91,151.87,0,0,0,0
4533,0,0,2.9,10.87,152.87,0,0,0,0
4534,0,0,2.95,10.83,153.87,0,0,0,0
4535,0,0,3.01,10.79,154.86,0,0,0,0
4536,0,0,3.06,10.75,155.86,0,0,0,0
4537,0,0,3.11,10.71,156.86,0,0,0,0
4538,0,0,3.17,10.67,157.86,0,0,0,0
4539,0,0,3.22,10.63,158.85,0,0,0,0
4540,0,0,3.28,10.59,159.85,0,0,0,0
4541,0,0,3.33,10.55,160.85,0,0,0,0
4542,0,0,3.39,10.51,161.85,0,0,0,0
4543,0,0,3.44,10.47,162.85,0,0,0,0
4544,0,0,3.48,10.52,163.84,0,0,0,0
4545,0,0,3.51,10.56,164.84,0,0,0,0
4546,0,0,3.55,10.6,165.84,0,0,0,0
4547,0,0,3.58,10.63,166.84,0,0,0,0
4548,0,0,3.62,10.68,167.84,0,0,0,0
4549,0,0,3.66,10.73,168.84,0,0,0,0
4550,0,0,3.7,10.8,169.83,0,0,0,0
4551,0,0,3.73,10.89,170.83,0,0,0,0
4552,0,0,3.77,11.01,171.82,0,0,0,0
4553,0,0,3.81,11.17,172.81,0,0,0,0
4554,0,0,3.85,11.39,173.78,0,0,0,0
4555,0,0,3.88,11.65,174.59,0,0,0,0
4556,0,0,3.92,12.09,175.49,0,0,0,0
4557,0,0,3.96,12.59,176.36,0,0,0,0
4558,0,0,3.99,13.15,177.18,0,0,0,0
4559,0,0,4.03,13.77,177.97,0,0,0,0
4560,0,0,4.06,14.44,178.71,0,0,0,0
4561,0,0,4.09,15.16,179.4,0,0,0,0
4562,0,0,4.12,15.91,180.06,0,0,0,0
4563,0,0,4.15,16.7,180.67,0,0,0,0
4564,0,0,4.17,17.52,181.24,0,0,0,0
4565,0,0,4.19,18.2,181.68,0,0,0,0
4566,0,0,4.15,1.44,171.16,0,0,0,0
4567,0,0,4.12,2.43,171.29,0,0,0,0
4568,0,0,4.08,3.43,171.38,0,0,0,0
4569,0,0,4.03,4.42,171.41,0,0,0,0
4570,0,0,3.98,5.42,171.38,0,0,0,0
4571,0,0,3.92,6.42,171.28,0,0,0,0
4572,0,0,3.86,7.4,171.1,0,0,0,0
4573,0,0,3.79,8.35,170.81,0,0,0,0
4574,0,0,3.71,9.26,170.4,0,0,0,0
4575,0,0,3.63,10.08,169.83,0,0,0,0
4576,0,0,3.55,10.75,169.1,0,0,0,0
4577,0,0,3.47,11.21,168.21,0,0,0,0
4578,0,0,3.42,11.25,167.21,0,0,0,0
4579,0,0,3.37,11.29,166.22,0,0,0,0
4580,0,0,3.32,11.33,165.22,0,0,0,0
4581,0,0,3.27,11.37,164.22,0,0,0,0
4582,0,0,3.22,11.4,163.22,0,0,0,0
4583,0,0,3.17,11.44,162.23,0,0,0,0
4584,0,0,3.12,11.48,161.23,0,0,0,0
4585,0,0,3.06,11.52,160.23,0,0,0,0
4586,0,0,3.01,11.55,159.23,0,0,0,0
4587,0,0,2.96,11.59,158.23,0,0,0,0
4588,0,0,2.91,11.63,157.24,0,0,0,0
4589,0,0,2.86,11.67,156.24,0,0,0,0
4590,0,0,2.81,11.71,155.24,0,0,0,0
4591,0,0,2.76,11.74,154.24,0,0,0,0
4592,0,0,2.71,11.78,153.24,0,0,0,0
4593,0,0,2.66,11.82,152.25,0,0,0,0
4594,0,0,2.61,11.86,151.25,0,0,0,0
4595,0,0,2.56,11.9,150.25,0,0,0,0
4596,0,0,2.51,11.93,149.25,0,0,0,0
4597,0,0,2.46,11.97,148.25,0,0,0,0
4598,0,0,2.4,12.01,147.26,0,0,0,0
4599,0,0,2.35,12.05,146.26,0,0,0,0
4600,0,0,2.3,12.08,145.26,0,0,0,0
4601,0,0,2.25,12.12,144.26,0,0,0,0
4602,0,0,2.2,12.16,143.26,0,0,0,0
4603,0,0,2.15,12.2,142.27,0,0,0,0
4604,0,0,2.1,12.24,141.27,0,0,0,0
4605,0,0,2.05,12.27,140.27,0,0,0,0
4606,0,0,2,12.31,139.27,0,0,0,0
4607,0,0,1.95,12.35,138.27,0,0,0,0
4608,0,0,1.9,12.39,137.28,0,0,0,0
4609,0,0,1.85,12.43,136.28,0,0,0,0
4610,0,0,1.8,12.46,135.28,0,0,0,0
4611,0,0,1.74,12.5,134.28,0,0,0,0
4612,0,0,1.69,12.54,133.28,0,0,0,0
4613,0,0,1.64,12.58,132.29,0,0,0,0
4614,0,0,1.59,12.62,131.29,0,0,0,0
4615,0,0,1.54,12.65,130.29,0,0,0,0
4616,0,0,1.49,12.69,129.29,0,0,0,0
4617,0,0,1.44,12.73,128.29,0,0,0,0
4618,0,0,1.39,12.77,127.3,0,0,0,0
4619,0,0,1.34,12.8,126.3,0,0,0,0
4620,0,0,1.29,12.84,125.3,0,0,0,0
4621,0,0,1.24,12.88,124.3,0,0,0,0
4622,0,0,1.19,12.92,123.3,0,0,0,0
4623,0,0,1.14,12.96,122.31,0,0,0,0
4624,0,0,1.09,12.99,121.31,0,0,0,0
4625,0,0,1.03,13.03,120.31,0,0,0,0
4626,0,0,0.98,13.07,119.31,0,0,0,0
4627,0,0,0.93,13.11,118.31,0,0,0,0
4628,0,0,0.88,13.15,117.32,0,0,0,0
4629,0,0,0.83,13.18,116.32,0,0,0,0
4630,0,0,0.78,13.22,115.32,0,0,0,0
4631,0,0,0.73,13.26,114.32,0,0,0,0
4632,0,0,0.68,13.3,113.32,0,0,0,0
4633,0,0,0.63,13.34,112.33,0,0,0,0
4634,0,0,0.58,13.32,111.33,0,0,0,0
4635,0,0,0.54,13.3,110.33,0,0,0,0
4636,0,0,0.49,13.28,109.33,0,0,0,0
4637,0,0,0.44,13.26,108.33,0,0,0,0
4638,0,0,0.4,13.24,107.33,0,0,0,0
4639,0,0,0.35,13.22,106.33,0,0,0,0
4640,0,0,0.3,13.2,105.33,0,0,0,0
4641,0,0,0.26,13.19,104.34,0,0,0,0
4642,0,0,0.21,13.17,103.34,0,0,0,0
4643,0,0,0.16,13.15,102.34,0,0,0,0
4644,0,0,0.12,13.13,101.34,0,0,0,0
4645,0,0,0.07,13.11,100.34,0,0,0,0
4646,0,0,0.03,13.09,99.34,0,0,0,0
4647,0,0,-0.02,13.07,98.34,0,0,0,0
4648,0,0,-0.07,13.05,97.34,0,0,0,0
4649,0,0,-0.11,13.04,96.35,0,0,0,0
4650,0,0,-0.16,13.02,95.35,0,0,0,0
4651,0,0,-0.21,13,94.35,0,0,0,0
4652,0,0,-0.25,12.98,93.35,0,0,0,0
4653,0,0,-0.3,12.96,92.35,0,0,0,0
4654,0,0,-0.35,12.94,91.35,0,0,0,0
4655,0,0,-0.39,12.92,90.35,0,0,0,0
4656,0,0,-0.39,12.9,89.35,0,0,0,0
4657,0,0,-0.38,13.17,88.39,0,0,0,0
4658,0,0,-0.37,13.81,87.62,0,0,0,0
4659,0,0,-0.36,14.67,87.11,0,0,0,0
4660,0,0,-0.35,15.62,86.8,0,0,0,0
4661,0,0,-0.35,16.61,86.61,0,0,0,0
4662,0,0,-0.34,17.6,86.51,0,0,0,0
4663,0,0,-0.34,18.6,86.46,0,0,0,0
4664,0,0,-0.34,18.73,86.45,0,0,0,0
4665,0,0,-0.09,19.08,84.26,0,0,0,0
4666,0,0,-0.1,18.08,84.29,0,0,0,0
4667,0,0,-0.1,17.09,84.45,0,0,0,0
4668,0,0,-0.11,16.13,84.73,0,0,0,0
4669,0,0,-0.12,15.21,85.11,0,0,0,0
4670,0,0,-0.13,14.35,85.62,0,0,0,0
4671,0,0,-0.14,13.56,86.23,0,0,0,0
4672,0,0,-0.15,12.86,86.95,0,0,0,0
4673,0,0,-0.16,12.28,87.76,0,0,0,0
4674,0,0,-0.17,11.87,88.67,0,0,0,0
4675,0,0,-0.18,11.68,89.65,0,0,0,0
4676,0,0,-0.19,11.67,90.08,0,0,0,0
4677,0,0,-0.39,12.9,89.35,0,0,0,0
4678,0,0,-0.33,12.77,88.36,0,0,0,0
4679,0,0,-0.27,12.42,87.43,0,0,0,0
4680,0,0,-0.2,11.9,86.58,0,0,0,0
4681,0,0,-0.14,11.24,85.83,0,0,0,0
4682,0,0,-0.07,10.47,85.19,0,0,0,0
4683,0,0,-0.01,9.61,84.69,0,0,0,0
4684,0,0,0.05,8.69,84.31,0,0,0,0
4685,0,0,0.1,7.71,84.08,0,0,0,0
4686,0,0,0.13,7.08,84,0,0,0,0
4687,0,0,4.18,13.92,177.68,0,0,0,0
4688,0,0,4.11,13.42,176.82,0,0,0,0
4689,0,0,4.04,12.95,175.94,0,0,0,0
4690,0,0,3.96,12.51,175.04,0,0,0,0
4691,0,0,3.89,12.11,174.13,0,0,0,0
4692,0,0,3.81,11.77,173.19,0,0,0,0
4693,0,0,3.74,11.48,172.24,0,0,0,0
4694,0,0,3.66,11.27,171.26,0,0,0,0
4695,0,0,3.59,11.14,170.27,0,0,0,0
4696,0,0,3.53,11.11,169.28,0,0,0,0
4697,0,0,3.47,11.21,168.28,0,0,0,0
4698,0,0,3.47,11.21,168.21,0,0,0,0
4699,0,0,3.73,10.89,170.83,0,0,0,0
4700,0,0,3.8,10.22,171.57,0,0,0,0
4701,0,0,3.89,9.3,171.94,0,0,0,0
4702,0,0,3.98,8.3,171.87,0,0,0,0
4703,0,0,4.07,7.35,171.58,0,0,0,0
4704,0,0,4.14,6.43,171.18,0,0,0,0
4705,0,0,4.2,5.53,170.75,0,0,0,0
4706,0,0,4.22,5.12,170.56,0,0,0,0
4707,0,0,6.54,75.76,-90.79,0,0,0,0
4708,0,0,6.47,75.78,-89.79,0,0,0,0
4709,0,0,6.4,75.84,-88.8,0,0,0,0
4710,0,0,6.32,75.92,-87.8,0,0,0,0
4711,0,0,6.25,76.04,-86.81,0,0,0,0
4712,0,0,6.18,76.2,-85.83,0,0,0,0
4713,0,0,6.11,76.41,-84.85,0,0,0,0
4714,0,0,6.04,76.73,-83.91,0,0,0,0
4715,0,0,6.04,76.73,-83.9,0,0,0,0
4716,0,0,5.93,77.09,-82.98,0,0,0,0
4717,0,0,5.82,77.56,-82.1,0,0,0,0
4718,0,0,5.71,78.17,-81.32,0,0,0,0
4719,0,0,5.61,78.93,-80.68,0,0,0,0
4720,0,0,5.54,79.57,-80.35,0,0,0,0
4721,0,0,6.59,74.2,-91.52,0,0,0,0
4722,0,0,6.54,74.12,-90.53,0,0,0,0
4723,0,0,6.47,74.05,-89.53,0,0,0,0
4724,0,0,6.4,74,-88.53,0,0,0,0
4725,0,0,6.3,73.94,-87.54,0,0,0,0
4726,0,0,6.17,73.81,-86.56,0,0,0,0
4727,0,0,5.99,73.41,-85.66,0,0,0,0
4728,0,0,5.8,72.58,-85.13,0,0,0,0
4729,0,0,5.67,71.61,-84.95,0,0,0,0
4730,0,0,5.58,70.61,-84.9,0,0,0,0
4731,0,0,5.51,69.62,-84.91,0,0,0,0
4732,0,0,5.45,68.62,-84.95,0,0,0,0
4733,0,0,5.4,67.62,-85,0,0,0,0
4734,0,0,5.36,66.62,-85.06,0,0,0,0
4735,0,0,5.34,66.01,-85.09,0,0,0,0
4736,0,0,5.3,65.01,-85.13,0,0,0,0
4737,0,0,5.27,64.01,-85.17,0,0,0,0
4738,0,0,5.23,63.01,-85.2,0,0,0,0
4739,0,0,5.2,62.01,-85.24,0,0,0,0
4740,0,0,5.16,61.01,-85.28,0,0,0,0
4741,0,0,5.13,60.01,-85.31,0,0,0,0
4742,0,0,5.09,59.01,-85.35,0,0,0,0
4743,0,0,5.06,58.02,-85.39,0,0,0,0
4744,0,0,5.02,57.02,-85.42,0,0,0,0
4745,0,0,4.99,56.02,-85.46,0,0,0,0
4746,0,0,4.95,55.02,-85.5,0,0,0,0
4747,0,0,4.92,54.02,-85.53,0,0,0,0
4748,0,0,4.88,53.02,-85.57,0,0,0,0
4749,0,0,4.85,52.02,-85.61,0,0,0,0
4750,0,0,4.81,51.03,-85.64,0,0,0,0
4751,0,0,4.78,50.03,-85.68,0,0,0,0
4752,0,0,4.74,49.03,-85.71,0,0,0,0
4753,0,0,4.71,48.03,-85.75,0,0,0,0
4754,0,0,4.67,47.03,-85.79,0,0,0,0
4755,0,0,4.64,46.03,-85.82,0,0,0,0
4756,0,0,4.6,45.03,-85.86,0,0,0,0
4757,0,0,4.57,44.03,-85.9,0,0,0,0
4758,0,0,4.54,43.04,-85.93,0,0,0,0
4759,0,0,4.5,42.04,-85.97,0,0,0,0
4760,0,0,4.47,41.04,-86.01,0,0,0,0
4761,0,0,4.43,40.04,-86.04,0,0,0,0
4762,0,0,4.4,39.04,-86.08,0,0,0,0
4763,0,0,4.36,38.04,-86.12,0,0,0,0
4764,0,0,4.33,37.04,-86.15,0,0,0,0
4765,0,0,4.29,36.04,-86.19,0,0,0,0
4766,0,0,4.26,35.05,-86.23,0,0,0,0
4767,0,0,4.22,34.05,-86.26,0,0,0,0
4768,0,0,4.19,33.05,-86.3,0,0,0,0
4769,0,0,4.15,32.05,-86.34,0,0,0,0
4770,0,0,4.12,31.05,-86.37,0,0,0,0
4771,0,0,4.08,30.05,-86.41,0,0,0,0
4772,0,0,4.05,29.05,-86.45,0,0,0,0
4773,0,0,4.01,28.05,-86.48,0,0,0,0
4774,0,0,3.98,27.06,-86.52,0,0,0,0
4775,0,0,3.94,26.06,-86.56,0,0,0,0
4776,0,0,3.91,25.06,-86.59,0,0,0,0
4777,0,0,3.87,24.06,-86.63,0,0,0,0
4778,0,0,3.84,23.06,-86.67,0,0,0,0
4779,0,0,3.8,22.06,-86.7,0,0,0,0
4780,0,0,3.77,21.06,-86.74,0,0,0,0
4781,0,0,3.73,20.06,-86.78,0,0,0,0
4782,0,0,3.7,19.07,-86.81,0,0,0,0
4783,0,0,3.66,18.07,-86.85,0,0,0,0
4784,0,0,3.63,17.07,-86.89,0,0,0,0
4785,0,0,3.59,16.07,-86.92,0,0,0,0
4786,0,0,3.56,15.07,-86.96,0,0,0,0
4787,0,0,3.55,14.07,-86.99,0,0,0,0
4788,0,0,3.55,13.07,-87.01,0,0,0,0
4789,0,0,3.55,12.07,-87.04,0,0,0,0
4790,0,0,3.54,11.07,-87.06,0,0,0,0
4791,0,0,3.54,10.07,-87.09,0,0,0,0
4792,0,0,3.54,9.07,-87.11,0,0,0,0
4793,0,0,3.53,8.07,-87.14,0,0,0,0
4794,0,0,3.53,7.07,-87.16,0,0,0,0
4795,0,0,3.53,6.07,-87.19,0,0,0,0
4796,0,0,3.52,5.07,-87.22,0,0,0,0
4797,0,0,3.52,4.07,-87.24,0,0,0,0
4798,0,0,3.52,3.08,-87.27,0,0,0,0
4799,0,0,3.51,2.08,-87.29,0,0,0,0
4800,0,0,3.51,1.08,-87.32,0,0,0,0
4801,0,0,3.51,0.08,-87.34,0,0,0,0
4802,0,0,3.5,-0.92,-87.37,0,0,0,0
4803,0,0,3.5,-1.92,-87.39,0,0,0,0
4804,0,0,3.5,-2.92,-87.42,0,0,0,0
4805,0,0,3.49,-3.92,-87.45,0,0,0,0
4806,0,0,3.49,-4.92,-87.47,0,0,0,0
4807,0,0,3.49,-5.92,-87.5,0,0,0,0
4808,0,0,3.48,-6.92,-87.52,0,0,0,0
4809,0,0,3.48,-7.92,-87.55,0,0,0,0
4810,0,0,3.48,-8.92,-87.57,0,0,0,0
4811,0,0,3.47,-9.92,-87.6,0,0,0,0
4812,0,0,3.47,-10.92,-87.62,0,0,0,0
4813,0,0,3.46,-11.92,-87.65,0,0,0,0
4814,0,0,3.46,-12.92,-87.68,0,0,0,0
4815,0,0,3.46,-13.92,-87.7,0,0,0,0
4816,0,0,3.45,-14.92,-87.73,0,0,0,0
4817,0,0,3.45,-15.92,-87.75,0,0,0,0
4818,0,0,3.45,-16.92,-87.78,0,0,0,0
4819,0,0,3.44,-17.92,-87.8,0,0,0,0
4820,0,0,3.44,-18.92,-87.83,0,0,0,0
4821,0,0,3.44,-19.92,-87.85,0,0,0,0
4822,0,0,3.43,-20.92,-87.88,0,0,0,0
4823,0,0,3.43,-21.92,-87.91,0,0,0,0
4824,0,0,3.43,-22.92,-87.93,0,0,0,0
4825,0,0,3.42,-23.92,-87.96,0,0,0,0
4826,0,0,3.42,-24.92,-87.98,0,0,0,0
4827,0,0,3.42,-25.92,-88.01,0,0,0,0
4828,0,0,3.41,-26.91,-88.03,0,0,0,0
4829,0,0,3.41,-27.91,-88.06,0,0,0,0
4830,0,0,3.41,-28.91,-88.08,0,0,0,0
4831,0,0,3.4,-29.91,-88.11,0,0,0,0
4832,0,0,3.4,-30.91,-88.14,0,0,0,0
4833,0,0,3.4,-31.91,-88.16,0,0,0,0
4834,0,0,3.39,-32.91,-88.19,0,0,0,0
4835,0,0,3.39,-33.91,-88.21,0,0,0,0
4836,0,0,3.39,-34.91,-88.24,0,0,0,0
4837,0,0,3.38,-35.91,-88.26,0,0,0,0
4838,0,0,3.38,-36.91,-88.29,0,0,0,0
4839,0,0,3.38,-37.91,-88.32,0,0,0,0
4840,0,0,3.37,-38.91,-88.34,0,0,0,0
4841,0,0,3.42,-39.91,-88.36,0,0,0,0
4842,0,0,3.47,-40.91,-88.37,0,0,0,0
4843,0,0,3.51,-41.91,-88.39,0,0,0,0
4844,0,0,3.56,-42.91,-88.41,0,0,0,0
4845,0,0,3.61,-43.9,-88.42,0,0,0,0
4846,0,0,3.65,-44.9,-88.44,0,0,0,0
4847,0,0,3.7,-45.9,-88.46,0,0,0,0
4848,0,0,3.75,-46.9,-88.47,0,0,0,0
4849,0,0,3.8,-47.9,-88.49,0,0,0,0
4850,0,0,3.84,-48.9,-88.51,0,0,0,0
4851,0,0,3.89,-49.9,-88.52,0,0,0,0
4852,0,0,3.94,-50.9,-88.54,0,0,0,0
4853,0,0,3.98,-51.89,-88.55,0,0,0,0
4854,0,0,4.03,-52.89,-88.57,0,0,0,0
4855,0,0,4.08,-53.89,-88.59,0,0,0,0
4856,0,0,4.13,-54.89,-88.6,0,0,0,0
4857,0,0,4.17,-55.89,-88.62,0,0,0,0
4858,0,0,4.22,-56.89,-88.64,0,0,0,0
4859,0,0,4.27,-57.89,-88.65,0,0,0,0
4860,0,0,4.31,-58.89,-88.67,0,0,0,0
4861,0,0,4.36,-59.88,-88.69,0,0,0,0
4862,0,0,4.41,-60.88,-88.7,0,0,0,0
4863,0,0,4.43,-61.88,-88.81,0,0,0,0
4864,0,0,4.47,-62.83,-89.12,0,0,0,0
4865,0,0,4.52,-63.6,-89.76,0,0,0,0
4866,0,0,4.57,-63.99,-90.68,0,0,0,0
4867,0,0,4.61,-64.09,-91.67,0,0,0,0
4868,0,0,4.65,-64.05,-92.67,0,0,0,0
4869,0,0,4.78,-64.03,-93.66,0,0,0,0
4870,0,0,4.91,-64.01,-94.65,0,0,0,0
4871,0,0,5.03,-63.99,-95.64,0,0,0,0
4872,0,0,5.16,-63.98,-96.64,0,0,0,0
4873,0,0,5.29,-63.96,-97.63,0,0,0,0
4874,0,0,5.42,-63.94,-98.62,0,0,0,0
4875,0,0,5.55,-63.92,-99.61,0,0,0,0
4876,0,0,5.67,-63.9,-100.6,0,0,0,0
4877,0,0,5.8,-63.88,-101.59,0,0,0,0
4878,0,0,5.93,-63.86,-102.59,0,0,0,0
4879,0,0,6.06,-63.84,-103.58,0,0,0,0
4880,0,0,6.19,-63.82,-104.57,0,0,0,0
4881,0,0,6.31,-63.8,-105.56,0,0,0,0
4882,0,0,6.44,-63.78,-106.55,0,0,0,0
4883,0,0,6.57,-63.76,-107.54,0,0,0,0
4884,0,0,6.7,-63.74,-108.54,0,0,0,0
4885,0,0,6.82,-63.72,-109.53,0,0,0,0
4886,0,0,6.95,-63.7,-110.52,0,0,0,0
4887,0,0,7.08,-63.68,-111.51,0,0,0,0
4888,0,0,7.21,-63.66,-112.5,0,0,0,0
4889,0,0,7.34,-63.65,-113.49,0,0,0,0
4890,0,0,7.46,-63.63,-114.49,0,0,0,0
4891,0,0,7.59,-63.61,-115.48,0,0,0,0
4892,0,0,7.72,-63.59,-116.47,0,0,0,0
4893,0,0,7.85,-63.57,-117.46,0,0,0,0
4894,0,0,7.98,-63.55,-118.45,0,0,0,0
4895,0,0,8.1,-63.53,-119.44,0,0,0,0
4896,0,0,8.23,-63.51,-120.43,0,0,0,0
4897,0,0,8.36,-63.49,-121.43,0,0,0,0
4898,0,0,8.49,-63.47,-122.42,0,0,0,0
4899,0,0,8.61,-63.45,-123.41,0,0,0,0
4900,0,0,8.74,-63.43,-124.4,0,0,0,0
4901,0,0,8.87,-63.41,-125.39,0,0,0,0
4902,0,0,9,-63.39,-126.38,0,0,0,0
4903,0,0,9.11,-63.68,-127.34,0,0,0,0
4904,0,0,9.22,-63.97,-128.29,0,0,0,0
4905,0,0,9.33,-64.26,-129.24,0,0,0,0
4906,0,0,9.44,-64.54,-130.19,0,0,0,0
4907,0,0,9.55,-64.83,-131.14,0,0,0,0
4908,0,0,9.64,-64.83,-132.14,0,0,0,0
4909,0,0,9.73,-64.82,-133.13,0,0,0,0
4910,0,0,9.82,-64.82,-134.13,0,0,0,0
4911,0,0,9.91,-64.82,-135.12,0,0,0,0
4912,0,0,10,-64.81,-136.12,0,0,0,0
4913,0,0,10.09,-64.81,-137.12,0,0,0,0
4914,0,0,10.19,-64.81,-138.11,0,0,0,0
4915,0,0,10.28,-64.8,-139.11,0,0,0,0
4916,0,0,10.37,-64.8,-140.1,0,0,0,0
4917,0,0,10.46,-64.8,-141.1,0,0,0,0
4918,0,0,10.55,-64.79,-142.1,0,0,0,0
4919,0,0,10.64,-64.79,-143.09,0,0,0,0
4920,0,0,10.73,-64.79,-144.09,0,0,0,0
4921,0,0,10.82,-64.78,-145.08,0,0,0,0
4922,0,0,10.92,-64.78,-146.08,0,0,0,0
4923,0,0,10.95,-64.78,-146.47,0,0,0,0
4924,0,0,11.06,-68.63,-149.56,0,0,0,0
4925,0,0,10.97,-68.53,-148.56,0,0,0,0
4926,0,0,10.89,-68.43,-147.57,0,0,0,0
4927,0,0,10.81,-68.36,-146.58,0,0,0,0
4928,0,0,10.73,-68.33,-145.58,0,0,0,0
4929,0,0,10.64,-68.37,-144.59,0,0,0,0
4930,0,0,10.55,-68.52,-143.6,0,0,0,0
4931,0,0,10.45,-68.85,-142.66,0,0,0,0
4932,0,0,10.35,-69.43,-141.85,0,0,0,0
4933,0,0,10.26,-70.25,-141.29,0,0,0,0
4934,0,0,10.27,-71.22,-141.06,0,0,0,0
4935,0,0,10.35,-72.22,-141.06,0,0,0,0
4936,0,0,10.37,-73.22,-141.11,0,0,0,0
4937,0,0,10.31,-73.25,-140.11,0,0,0,0
4938,0,0,10.25,-73.29,-139.11,0,0,0,0
4939,0,0,10.19,-73.32,-138.11,0,0,0,0
4940,0,0,10.14,-73.36,-137.12,0,0,0,0
4941,0,0,10.08,-73.39,-136.12,0,0,0,0
4942,0,0,10.07,-72.43,-135.85,0,0,0,0
4943,0,0,10.06,-71.48,-135.52,0,0,0,0
4944,0,0,10.05,-70.56,-135.15,0,0,0,0
4945,0,0,10.04,-69.65,-134.72,0,0,0,0
4946,0,0,9.95,-69.07,-133.91,0,0,0,0
4947,0,0,9.85,-68.83,-132.94,0,0,0,0
4948,0,0,9.76,-68.75,-131.95,0,0,0,0
4949,0,0,9.67,-68.73,-130.96,0,0,0,0
4950,0,0,9.58,-68.71,-129.96,0,0,0,0
4951,0,0,9.47,-68.73,-128.97,0,0,0,0
4952,0,0,9.35,-68.75,-127.97,0,0,0,0
4953,0,0,9.24,-68.77,-126.98,0,0,0,0
4954,0,0,9.12,-68.79,-125.99,0,0,0,0
4955,0,0,9.01,-68.82,-124.99,0,0,0,0
4956,0,0,8.89,-68.84,-124,0,0,0,0
4957,0,0,8.78,-68.86,-123.01,0,0,0,0
4958,0,0,8.66,-68.88,-122.02,0,0,0,0
4959,0,0,8.55,-68.9,-121.02,0,0,0,0
4960,0,0,8.43,-68.92,-120.03,0,0,0,0
4961,0,0,8.32,-68.94,-119.04,0,0,0,0
4962,0,0,8.2,-68.96,-118.04,0,0,0,0
4963,0,0,8.09,-68.98,-117.05,0,0,0,0
4964,0,0,7.97,-69,-116.06,0,0,0,0
4965,0,0,7.86,-69.02,-115.06,0,0,0,0
4966,0,0,7.74,-69.04,-114.07,0,0,0,0
4967,0,0,7.62,-69.07,-113.08,0,0,0,0
4968,0,0,7.51,-69.09,-112.08,0,0,0,0
4969,0,0,7.39,-69.11,-111.09,0,0,0,0
4970,0,0,7.28,-69.13,-110.1,0,0,0,0
4971,0,0,7.16,-69.15,-109.1,0,0,0,0
4972,0,0,7.05,-69.17,-108.11,0,0,0,0
4973,0,0,6.93,-69.19,-107.12,0,0,0,0
4974,0,0,6.82,-69.21,-106.13,0,0,0,0
4975,0,0,6.7,-69.23,-105.13,0,0,0,0
4976,0,0,6.59,-69.25,-104.14,0,0,0,0
4977,0,0,6.47,-69.27,-103.15,0,0,0,0
4978,0,0,6.36,-69.29,-102.15,0,0,0,0
4979,0,0,6.24,-69.32,-101.16,0,0,0,0
4980,0,0,6.13,-69.34,-100.17,0,0,0,0
4981,0,0,6.01,-69.36,-99.17,0,0,0,0
4982,0,0,5.9,-69.38,-98.18,0,0,0,0
4983,0,0,5.78,-69.4,-97.19,0,0,0,0
4984,0,0,5.67,-69.42,-96.19,0,0,0,0
4985,0,0,5.55,-69.44,-95.2,0,0,0,0
4986,0,0,5.44,-69.46,-94.21,0,0,0,0
4987,0,0,5.32,-69.48,-93.21,0,0,0,0
4988,0,0,5.2,-69.5,-92.22,0,0,0,0
4989,0,0,5.09,-69.52,-91.23,0,0,0,0
4990,0,0,5.07,-69.83,-90.28,0,0,0,0
4991,0,0,5.04,-70.48,-89.52,0,0,0,0
4992,0,0,5.01,-71.41,-89.15,0,0,0,0
4993,0,0,4.97,-72.41,-89.06,0,0,0,0
4994,0,0,4.94,-73.41,-89.09,0,0,0,0
4995,0,0,4.91,-74.4,-89.19,0,0,0,0
4996,0,0,4.88,-75.4,-89.28,0,0,0,0
4997,0,0,4.85,-76.39,-89.22,0,0,0,0
4998,0,0,4.92,-77.39,-89.25,0,0,0,0
4999,0,0,4.98,-78.39,-89.28,0,0,0,0
5000,0,0,5.05,-79.38,-89.31,0,0,0,0
5001,0,0,5.12,-80.38,-89.34,0,0,0,0
5002,0,0,5.19,-81.38,-89.38,0,0,0,0
5003,0,0,5.26,-82.38,-89.41,0,0,0,0
5004,0,0,5.32,-83.37,-89.44,0,0,0,0
5005,0,0,5.39,-84.37,-89.47,0,0,0,0
5006,0,0,5.46,-85.37,-89.5,0,0,0,0
5007,0,0,5.53,-86.37,-89.53,0,0,0,0
5008,0,0,5.6,-87.36,-89.56,0,0,0,0
5009,0,0,5.66,-88.36,-89.59,0,0,0,0
5010,0,0,5.73,-89.36,-89.62,0,0,0,0
5011,0,0,5.8,-90.35,-89.66,0,0,0,0
5012,0,0,5.87,-91.35,-89.69,0,0,0,0
5013,0,0,5.93,-92.35,-89.72,0,0,0,0
5014,0,0,6,-93.35,-89.75,0,0,0,0
5015,0,0,6.07,-94.34,-89.78,0,0,0,0
5016,0,0,6.14,-95.34,-89.81,0,0,0,0
5017,0,0,6.21,-96.34,-89.84,0,0,0,0
5018,0,0,6.27,-97.33,-89.87,0,0,0,0
5019,0,0,6.34,-98.33,-89.9,0,0,0,0
5020,0,0,6.41,-99.33,-89.94,0,0,0,0
5021,0,0,6.48,-100.33,-89.97,0,0,0,0
5022,0,0,6.55,-101.32,-90,0,0,0,0
5023,0,0,6.61,-102.32,-90.03,0,0,0,0
5024,0,0,6.68,-103.32,-90.06,0,0,0,0
5025,0,0,6.75,-104.32,-90.09,0,0,0,0
5026,0,0,6.82,-105.31,-90.12,0,0,0,0
5027,0,0,6.89,-106.31,-90.15,0,0,0,0
5028,0,0,6.95,-107.31,-90.18,0,0,0,0
5029,0,0,7.02,-108.3,-90.22,0,0,0,0
5030,0,0,7.09,-109.3,-90.25,0,0,0,0
5031,0,0,7.16,-110.3,-90.28,0,0,0,0
5032,0,0,7.23,-111.3,-90.31,0,0,0,0
5033,0,0,7.29,-112.29,-90.34,0,0,0,0
5034,0,0,7.36,-113.29,-90.37,0,0,0,0
5035,0,0,7.43,-114.29,-90.4,0,0,0,0
5036,0,0,7.5,-115.28,-90.43,0,0,0,0
5037,0,0,7.56,-116.28,-90.46,0,0,0,0
5038,0,0,7.63,-117.28,-90.5,0,0,0,0
5039,0,0,7.7,-118.28,-90.53,0,0,0,0
5040,0,0,7.77,-119.27,-90.56,0,0,0,0
5041,0,0,7.84,-120.27,-90.59,0,0,0,0
5042,0,0,7.9,-121.27,-90.62,0,0,0,0
5043,0,0,7.97,-122.26,-90.65,0,0,0,0
5044,0,0,8.04,-123.26,-90.68,0,0,0,0
5045,0,0,8.11,-124.26,-90.71,0,0,0,0
5046,0,0,8.18,-125.26,-90.74,0,0,0,0
5047,0,0,8.24,-126.25,-90.78,0,0,0,0
5048,0,0,8.31,-127.25,-90.81,0,0,0,0
5049,0,0,8.38,-128.25,-90.84,0,0,0,0
5050,0,0,8.45,-129.25,-90.8,0,0,0,0
5051,0,0,8.54,-130.15,-91.21,0,0,0,0
5052,0,0,8.58,-130.69,-92.05,0,0,0,0
5053,0,0,8.63,-131.04,-92.99,0,0,0,0
5054,0,0,8.68,-131.26,-93.96,0,0,0,0
5055,0,0,8.73,-131.38,-94.95,0,0,0,0
5056,0,0,8.78,-131.42,-95.95,0,0,0,0
5057,0,0,8.83,-131.38,-96.89,0,0,0,0
5058,0,0,8.89,-131.43,-97.89,0,0,0,0
5059,0,0,8.95,-131.46,-98.89,0,0,0,0
5060,0,0,9.01,-131.49,-99.88,0,0,0,0
5061,0,0,9.08,-131.49,-100.88,0,0,0,0
5062,0,0,9.14,-131.46,-101.88,0,0,0,0
5063,0,0,9.22,-131.4,-102.87,0,0,0,0
5064,0,0,9.29,-131.27,-103.86,0,0,0,0
5065,0,0,9.37,-131.05,-104.83,0,0,0,0
5066,0,0,9.46,-130.69,-105.76,0,0,0,0
5067,0,0,9.55,-130.11,-106.57,0,0,0,0
5068,0,0,9.64,-129.26,-107.09,0,0,0,0
5069,0,0,9.65,-129.11,-107.14,0,0,0,0
5070,0,0,9.65,-128.11,-107.14,0,0,0,0
5071,0,0,9.57,-127.11,-107.12,0,0,0,0
5072,0,0,9.5,-126.12,-107.09,0,0,0,0
5073,0,0,9.42,-125.12,-107.07,0,0,0,0
5074,0,0,9.35,-124.12,-107.05,0,0,0,0
5075,0,0,9.27,-123.13,-107.03,0,0,0,0
5076,0,0,9.19,-122.13,-107.01,0,0,0,0
5077,0,0,9.12,-121.13,-106.99,0,0,0,0
5078,0,0,9.04,-120.14,-106.97,0,0,0,0
5079,0,0,8.97,-119.14,-106.94,0,0,0,0
5080,0,0,8.89,-118.14,-106.92,0,0,0,0
5081,0,0,8.81,-117.15,-106.9,0,0,0,0
5082,0,0,8.74,-116.15,-106.88,0,0,0,0
5083,0,0,8.66,-115.15,-106.86,0,0,0,0
5084,0,0,8.59,-114.15,-106.84,0,0,0,0
5085,0,0,8.51,-113.16,-106.81,0,0,0,0
5086,0,0,8.44,-112.16,-106.79,0,0,0,0
5087,0,0,8.36,-111.16,-106.77,0,0,0,0
5088,0,0,8.28,-110.17,-106.75,0,0,0,0
5089,0,0,8.21,-109.17,-106.73,0,0,0,0
5090,0,0,8.13,-108.17,-106.71,0,0,0,0
5091,0,0,8.06,-107.18,-106.68,0,0,0,0
5092,0,0,7.98,-106.18,-106.66,0,0,0,0
5093,0,0,7.9,-105.18,-106.64,0,0,0,0
5094,0,0,7.83,-104.19,-106.62,0,0,0,0
5095,0,0,7.75,-103.19,-106.6,0,0,0,0
5096,0,0,7.68,-102.19,-106.58,0,0,0,0
5097,0,0,7.6,-101.2,-106.55,0,0,0,0
5098,0,0,7.52,-100.2,-106.53,0,0,0,0
5099,0,0,7.45,-99.2,-106.51,0,0,0,0
5100,0,0,7.37,-98.2,-106.49,0,0,0,0
5101,0,0,7.3,-97.21,-106.47,0,0,0,0
5102,0,0,7.22,-96.21,-106.45,0,0,0,0
5103,0,0,7.15,-95.21,-106.42,0,0,0,0
5104,0,0,7.11,-94.8,-106.42,0,0,0,0
5105,0,0,7.21,-94.75,-107.41,0,0,0,0
5106,0,0,7.3,-94.69,-108.4,0,0,0,0
5107,0,0,7.4,-94.63,-109.4,0,0,0,0
5108,0,0,7.49,-94.57,-110.39,0,0,0,0
5109,0,0,7.58,-94.52,-111.39,0,0,0,0
5110,0,0,7.68,-94.46,-112.38,0,0,0,0
5111,0,0,7.77,-94.4,-113.37,0,0,0,0
5112,0,0,7.87,-94.35,-114.37,0,0,0,0
5113,0,0,7.96,-94.29,-115.36,0,0,0,0
5114,0,0,8.05,-94.23,-116.36,0,0,0,0
5115,0,0,8.15,-94.17,-117.35,0,0,0,0
5116,0,0,8.24,-94.12,-118.34,0,0,0,0
5117,0,0,8.33,-94.06,-119.34,0,0,0,0
5118,0,0,8.43,-94,-120.33,0,0,0,0
5119,0,0,8.52,-93.95,-121.33,0,0,0,0
5120,0,0,8.62,-93.89,-122.32,0,0,0,0
5121,0,0,8.71,-93.83,-123.31,0,0,0,0
5122,0,0,8.8,-93.77,-124.31,0,0,0,0
5123,0,0,8.9,-93.72,-125.3,0,0,0,0
5124,0,0,8.99,-93.66,-126.29,0,0,0,0
5125,0,0,9.09,-93.6,-127.29,0,0,0,0
5126,0,0,9.18,-93.55,-128.28,0,0,0,0
5127,0,0,9.27,-93.49,-129.28,0,0,0,0
5128,0,0,9.37,-93.43,-130.27,0,0,0,0
5129,0,0,9.46,-93.37,-131.26,0,0,0,0
5130,0,0,9.56,-93.32,-132.26,0,0,0,0
5131,0,0,9.65,-93.26,-133.25,0,0,0,0
5132,0,0,9.74,-93.2,-134.25,0,0,0,0
5133,0,0,9.84,-93.15,-135.24,0,0,0,0
5134,0,0,9.93,-93.09,-136.23,0,0,0,0
5135,0,0,10.03,-93.03,-137.23,0,0,0,0
5136,0,0,10.12,-92.97,-138.22,0,0,0,0
5137,0,0,10.21,-92.92,-139.22,0,0,0,0
5138,0,0,10.31,-92.86,-140.21,0,0,0,0
5139,0,0,10.4,-92.8,-141.2,0,0,0,0
5140,0,0,10.49,-92.75,-142.2,0,0,0,0
5141,0,0,10.59,-92.69,-143.19,0,0,0,0
5142,0,0,10.68,-92.63,-144.19,0,0,0,0
5143,0,0,10.78,-92.58,-145.18,0,0,0,0
5144,0,0,10.87,-92.52,-146.17,0,0,0,0
5145,0,0,10.96,-92.46,-147.17,0,0,0,0
5146,0,0,11.06,-92.4,-148.16,0,0,0,0
5147,0,0,11.15,-92.35,-149.16,0,0,0,0
5148,0,0,11.25,-92.29,-150.15,0,0,0,0
5149,0,0,11.34,-92.23,-151.14,0,0,0,0
5150,0,0,11.43,-92.18,-152.14,0,0,0,0
5151,0,0,11.53,-92.12,-153.13,0,0,0,0
5152,0,0,11.62,-92.06,-154.13,0,0,0,0
5153,0,0,11.72,-92,-155.12,0,0,0,0
5154,0,0,11.81,-91.95,-156.11,0,0,0,0
5155,0,0,11.9,-91.89,-157.11,0,0,0,0
5156,0,0,12,-91.83,-158.1,0,0,0,0
5157,0,0,12.09,-91.78,-159.09,0,0,0,0
5158,0,0,12.11,-91.77,-159.27,0,0,0,0
5159,0,0,12.16,-92.16,-160.19,0,0,0,0
5160,0,0,12.21,-92.84,-160.93,0,0,0,0
5161,0,0,12.27,-93.68,-161.45,0,0,0,0
5162,0,0,12.32,-94.62,-161.8,0,0,0,0
5163,0,0,12.37,-95.6,-162.01,0,0,0,0
5164,0,0,12.42,-96.59,-162.12,0,0,0,0
5165,0,0,12.47,-97.59,-162.16,0,0,0,0
5166,0,0,12.52,-98.59,-162.14,0,0,0,0
5167,0,0,12.56,-99.58,-162.08,0,0,0,0
5168,0,0,12.61,-100.58,-161.98,0,0,0,0
5169,0,0,12.65,-101.57,-161.85,0,0,0,0
5170,0,0,12.69,-102.56,-161.7,0,0,0,0
5171,0,0,12.74,-103.54,-161.52,0,0,0,0
5172,0,0,12.78,-104.52,-161.33,0,0,0,0
5173,0,0,12.82,-105.5,-161.11,0,0,0,0
5174,0,0,12.86,-106.47,-160.88,0,0,0,0
5175,0,0,12.91,-107.43,-160.63,0,0,0,0
5176,0,0,12.95,-108.4,-160.37,0,0,0,0
5177,0,0,12.99,-109.28,-160.11,0,0,0,0
5178,0,0,13.09,-110.28,-160.16,0,0,0,0
5179,0,0,13.18,-111.27,-160.21,0,0,0,0
5180,0,0,13.27,-112.27,-160.26,0,0,0,0
5181,0,0,13.36,-113.26,-160.31,0,0,0,0
5182,0,0,13.46,-114.26,-160.36,0,0,0,0
5183,0,0,13.55,-115.25,-160.41,0,0,0,0
5184,0,0,13.64,-116.24,-160.46,0,0,0,0
5185,0,0,13.73,-117.24,-160.51,0,0,0,0
5186,0,0,13.83,-118.23,-160.56,0,0,0,0
5187,0,0,13.92,-119.23,-160.61,0,0,0,0
5188,0,0,14.01,-120.22,-160.66,0,0,0,0
5189,0,0,14.1,-121.22,-160.71,0,0,0,0
5190,0,0,14.18,-122.21,-160.76,0,0,0,0
5191,0,0,14.25,-123.21,-160.81,0,0,0,0
5192,0,0,14.33,-124.2,-160.86,0,0,0,0
5193,0,0,14.41,-125.2,-160.91,0,0,0,0
5194,0,0,14.48,-126.2,-160.96,0,0,0,0
5195,0,0,14.56,-127.19,-161.01,0,0,0,0
5196,0,0,14.63,-128.19,-161.06,0,0,0,0
5197,0,0,14.71,-129.18,-161.11,0,0,0,0
5198,0,0,14.78,-130.18,-161.16,0,0,0,0
5199,0,0,14.86,-131.18,-161.21,0,0,0,0
5200,0,0,14.93,-132.17,-161.26,0,0,0,0
5201,0,0,15.01,-133.17,-161.31,0,0,0,0
5202,0,0,15.08,-134.16,-161.36,0,0,0,0
5203,0,0,15.16,-135.16,-161.41,0,0,0,0
5204,0,0,15.24,-136.16,-161.46,0,0,0,0
5205,0,0,15.31,-137.15,-161.51,0,0,0,0
5206,0,0,15.39,-138.15,-161.56,0,0,0,0
5207,0,0,15.46,-139.14,-161.61,0,0,0,0
5208,0,0,15.54,-140.14,-161.66,0,0,0,0
5209,0,0,15.61,-141.13,-161.71,0,0,0,0
5210,0,0,15.69,-142.13,-161.76,0,0,0,0
5211,0,0,15.76,-143.13,-161.81,0,0,0,0
5212,0,0,15.84,-144.12,-161.86,0,0,0,0
5213,0,0,15.91,-145.12,-161.91,0,0,0,0
5214,0,0,15.99,-146.11,-161.96,0,0,0,0
5215,0,0,16.06,-147.11,-162.01,0,0,0,0
5216,0,0,16.14,-148.11,-162.06,0,0,0,0
5217,0,0,16.22,-149.1,-162.11,0,0,0,0
5218,0,0,16.29,-150.1,-162.16,0,0,0,0
5219,0,0,16.37,-151.09,-162.21,0,0,0,0
5220,0,0,16.44,-152.09,-162.26,0,0,0,0
5221,0,0,16.52,-153.09,-162.31,0,0,0,0
5222,0,0,16.59,-154.08,-162.36,0,0,0,0
5223,0,0,16.67,-155.08,-162.41,0,0,0,0
5224,0,0,16.74,-156.07,-162.46,0,0,0,0
5225,0,0,16.82,-157.07,-162.51,0,0,0,0
5226,0,0,16.89,-158.06,-162.56,0,0,0,0
5227,0,0,16.97,-159.06,-162.61,0,0,0,0
5228,0,0,17.04,-160.06,-162.66,0,0,0,0
5229,0,0,17.12,-161.05,-162.71,0,0,0,0
5230,0,0,17.2,-162.05,-162.76,0,0,0,0
5231,0,0,17.27,-163.04,-162.81,0,0,0,0
5232,0,0,17.35,-164.04,-162.86,0,0,0,0
5233,0,0,17.42,-165.04,-162.91,0,0,0,0
5234,0,0,17.5,-166.03,-162.96,0,0,0,0
5235,0,0,17.57,-167.03,-163.01,0,0,0,0
5236,0,0,17.65,-168.02,-163.06,0,0,0,0
5237,0,0,17.72,-169.02,-163.11,0,0,0,0
5238,0,0,17.8,-170.02,-163.16,0,0,0,0
5239,0,0,17.87,-171.01,-163.21,0,0,0,0
5240,0,0,17.95,-172.01,-163.26,0,0,0,0
5241,0,0,18.02,-173,-163.31,0,0,0,0
5242,0,0,18.1,-174,-163.36,0,0,0,0
5243,0,0,18.18,-174.99,-163.41,0,0,0,0
5244,0,0,18.09,-175.03,-162.41,0,0,0,0
5245,0,0,18,-175.06,-161.42,0,0,0,0
5246,0,0,17.91,-175.1,-160.42,0,0,0,0
5247,0,0,17.82,-175.13,-159.43,0,0,0,0
5248,0,0,17.74,-175.17,-158.43,0,0,0,0
5249,0,0,17.65,-175.2,-157.43,0,0,0,0
5250,0,0,17.56,-175.24,-156.44,0,0,0,0
5251,0,0,17.47,-175.27,-155.44,0,0,0,0
5252,0,0,17.38,-175.31,-154.45,0,0,0,0
5253,0,0,17.29,-175.34,-153.45,0,0,0,0
5254,0,0,17.21,-175.38,-152.46,0,0,0,0
5255,0,0,17.12,-175.41,-151.46,0,0,0,0
5256,0,0,17.03,-175.45,-150.47,0,0,0,0
5257,0,0,16.94,-175.48,-149.47,0,0,0,0
5258,0,0,16.85,-175.51,-148.48,0,0,0,0
5259,0,0,16.77,-175.55,-147.48,0,0,0,0
5260,0,0,16.68,-175.58,-146.48,0,0,0,0
5261,0,0,16.59,-175.62,-145.49,0,0,0,0
5262,0,0,16.5,-175.65,-144.49,0,0,0,0
5263,0,0,16.41,-175.69,-143.5,0,0,0,0
5264,0,0,16.32,-175.72,-142.5,0,0,0,0
5265,0,0,16.24,-175.76,-141.51,0,0,0,0
5266,0,0,16.15,-175.79,-140.51,0,0,0,0
5267,0,0,16.06,-175.83,-139.52,0,0,0,0
5268,0,0,15.97,-175.86,-138.52,0,0,0,0
5269,0,0,15.88,-175.9,-137.52,0,0,0,0
5270,0,0,15.8,-175.93,-136.53,0,0,0,0
5271,0,0,15.71,-175.96,-135.53,0,0,0,0
5272,0,0,15.62,-176,-134.54,0,0,0,0
5273,0,0,15.53,-176.03,-133.54,0,0,0,0
5274,0,0,15.44,-176.07,-132.55,0,0,0,0
5275,0,0,15.35,-176.1,-131.55,0,0,0,0
5276,0,0,15.27,-176.14,-130.56,0,0,0,0
5277,0,0,15.18,-176.17,-129.56,0,0,0,0
5278,0,0,15.09,-176.21,-128.57,0,0,0,0
5279,0,0,15,-176.24,-127.57,0,0,0,0
5280,0,0,14.91,-176.28,-126.57,0,0,0,0
5281,0,0,14.83,-176.31,-125.58,0,0,0,0
5282,0,0,14.74,-176.35,-124.58,0,0,0,0
5283,0,0,14.65,-176.38,-123.59,0,0,0,0
5284,0,0,14.56,-176.41,-122.59,0,0,0,0
5285,0,0,14.47,-176.45,-121.6,0,0,0,0
5286,0,0,14.39,-176.48,-120.6,0,0,0,0
5287,0,0,14.3,-176.52,-119.61,0,0,0,0
5288,0,0,14.21,-176.55,-118.61,0,0,0,0
5289,0,0,14.12,-176.59,-117.61,0,0,0,0
5290,0,0,14.03,-176.62,-116.62,0,0,0,0
5291,0,0,13.94,-176.66,-115.62,0,0,0,0
5292,0,0,13.86,-176.69,-114.63,0,0,0,0
5293,0,0,13.78,-176.89,-113.65,0,0,0,0
5294,0,0,13.68,-176.72,-112.67,0,0,0,0
5295,0,0,13.56,-176.19,-111.83,0,0,0,0
5296,0,0,13.43,-175.38,-111.26,0,0,0,0
5297,0,0,13.36,-174.78,-111.14,0,0,0,0
5298,0,0,13.29,-173.79,-111.06,0,0,0,0
5299,0,0,13.22,-172.79,-110.99,0,0,0,0
5300,0,0,13.14,-171.8,-110.91,0,0,0,0
5301,0,0,13.07,-170.8,-110.83,0,0,0,0
5302,0,0,13,-169.81,-110.75,0,0,0,0
5303,0,0,12.92,-168.81,-110.67,0,0,0,0
5304,0,0,12.85,-167.82,-110.59,0,0,0,0
5305,0,0,12.78,-166.83,-110.52,0,0,0,0
5306,0,0,12.7,-165.83,-110.44,0,0,0,0
5307,0,0,12.63,-164.84,-110.36,0,0,0,0
5308,0,0,12.56,-163.84,-110.28,0,0,0,0
5309,0,0,12.48,-162.85,-110.2,0,0,0,0
5310,0,0,12.41,-161.85,-110.13,0,0,0,0
5311,0,0,12.33,-160.86,-110.05,0,0,0,0
5312,0,0,12.26,-159.87,-109.97,0,0,0,0
5313,0,0,12.19,-158.87,-109.89,0,0,0,0
5314,0,0,12.11,-157.88,-109.81,0,0,0,0
5315,0,0,12.04,-156.88,-109.74,0,0,0,0
5316,0,0,11.97,-155.89,-109.66,0,0,0,0
5317,0,0,11.89,-154.9,-109.58,0,0,0,0
5318,0,0,11.82,-153.9,-109.5,0,0,0,0
5319,0,0,11.75,-152.91,-109.42,0,0,0,0
5320,0,0,11.67,-151.91,-109.34,0,0,0,0
5321,0,0,11.6,-150.92,-109.27,0,0,0,0
5322,0,0,11.52,-149.92,-109.19,0,0,0,0
5323,0,0,11.45,-148.93,-109.11,0,0,0,0
5324,0,0,11.38,-147.94,-109.03,0,0,0,0
5325,0,0,11.3,-146.94,-108.95,0,0,0,0
5326,0,0,11.23,-145.95,-108.88,0,0,0,0
5327,0,0,11.16,-144.95,-108.8,0,0,0,0
5328,0,0,11.08,-143.96,-108.72,0,0,0,0
5329,0,0,10.94,-142.97,-108.76,0,0,0,0
5330,0,0,10.77,-141.98,-108.75,0,0,0,0
5331,0,0,10.6,-141,-108.69,0,0,0,0
5332,0,0,10.41,-140.03,-108.54,0,0,0,0
5333,0,0,10.22,-139.09,-108.27,0,0,0,0
5334,0,0,10.01,-138.23,-107.8,0,0,0,0
5335,0,0,9.81,-137.51,-107.13,0,0,0,0
5336,0,0,9.64,-137.06,-106.26,0,0,0,0
5337,0,0,9.52,-136.88,-105.38,0,0,0,0
5338,0,0,9.48,-136.69,-104.4,0,0,0,0
5339,0,0,9.43,-136.56,-103.4,0,0,0,0
5340,0,0,9.39,-136.49,-102.41,0,0,0,0
5341,0,0,9.35,-136.45,-101.41,0,0,0,0
5342,0,0,9.32,-136.46,-100.41,0,0,0,0
5343,0,0,9.28,-136.49,-99.41,0,0,0,0
5344,0,0,9.25,-136.55,-98.41,0,0,0,0
5345,0,0,9.21,-136.64,-97.42,0,0,0,0
5346,0,0,9.18,-136.75,-96.43,0,0,0,0
5347,0,0,9.14,-136.9,-95.44,0,0,0,0
5348,0,0,9.11,-137.07,-94.45,0,0,0,0
5349,0,0,9.08,-137.28,-93.48,0,0,0,0
5350,0,0,9.05,-137.52,-92.51,0,0,0,0
5351,0,0,9.02,-137.81,-91.55,0,0,0,0
5352,0,0,9,-138.06,-90.83,0,0,0,0
5353,0,0,9,-138.58,-89.98,0,0,0,0
5354,0,0,9,-139.26,-89.25,0,0,0,0
5355,0,0,9,-140.08,-88.67,0,0,0,0
5356,0,0,9,-140.96,-88.2,0,0,0,0
5357,0,0,9.01,-141.89,-87.82,0,0,0,0
5358,0,0,9.04,-142.77,-87.36,0,0,0,0
5359,0,0,9.06,-143.61,-86.82,0,0,0,0
5360,0,0,9.08,-144.41,-86.22,0,0,0,0
5361,0,0,9.11,-145.18,-85.57,0,0,0,0
5362,0,0,9.13,-145.91,-84.89,0,0,0,0
5363,0,0,9.16,-146.6,-84.18,0,0,0,0
5364,0,0,9.18,-147.27,-83.43,0,0,0,0
5365,0,0,9.21,-147.92,-82.67,0,0,0,0
5366,0,0,9.24,-148.54,-81.89,0,0,0,0
5367,0,0,9.26,-149.15,-81.1,0,0,0,0
5368,0,0,9.29,-149.75,-80.3,0,0,0,0
5369,0,0,9.26,-150.26,-79.44,0,0,0,0
5370,0,0,9.22,-150.73,-78.56,0,0,0,0
5371,0,0,9.17,-151.17,-77.66,0,0,0,0
5372,0,0,9.13,-151.57,-76.74,0,0,0,0
5373,0,0,9.08,-151.93,-75.81,0,0,0,0
5374,0,0,9.03,-152.25,-74.86,0,0,0,0
5375,0,0,8.98,-152.53,-73.91,0,0,0,0
5376,0,0,8.93,-152.78,-72.94,0,0,0,0
5377,0,0,8.87,-152.99,-71.96,0,0,0,0
5378,0,0,8.82,-153.17,-70.98,0,0,0,0
5379,0,0,8.76,-153.32,-69.99,0,0,0,0
5380,0,0,8.71,-153.44,-69,0,0,0,0
5381,0,0,8.66,-153.53,-68.01,0,0,0,0
5382,0,0,8.6,-153.59,-67.01,0,0,0,0
5383,0,0,8.55,-153.64,-66.01,0,0,0,0
5384,0,0,8.51,-153.66,-65.02,0,0,0,0
5385,0,0,8.46,-153.67,-64.02,0,0,0,0
5386,0,0,8.42,-153.66,-63.02,0,0,0,0
5387,0,0,8.38,-153.64,-62.02,0,0,0,0
5388,0,0,8.34,-153.61,-61.02,0,0,0,0
5389,0,0,8.3,-153.57,-60.02,0,0,0,0
5390,0,0,8.25,-153.62,-59.02,0,0,0,0
5391,0,0,8.21,-153.66,-58.03,0,0,0,0
5392,0,0,8.16,-153.71,-57.03,0,0,0,0
5393,0,0,8.11,-153.76,-56.03,0,0,0,0
5394,0,0,8.06,-153.8,-55.03,0,0,0,0
5395,0,0,8.01,-153.85,-54.03,0,0,0,0
5396,0,0,7.97,-153.89,-53.04,0,0,0,0
5397,0,0,7.92,-153.94,-52.04,0,0,0,0
5398,0,0,7.87,-153.98,-51.04,0,0,0,0
5399,0,0,7.82,-154.03,-50.04,0,0,0,0
5400,0,0,7.77,-154.07,-49.05,0,0,0,0
5401,0,0,7.73,-154.12,-48.05,0,0,0,0
5402,0,0,7.68,-154.17,-47.05,0,0,0,0
5403,0,0,7.63,-154.21,-46.05,0,0,0,0
5404,0,0,7.58,-154.26,-45.05,0,0,0,0
5405,0,0,7.53,-154.3,-44.06,0,0,0,0
5406,0,0,7.49,-154.35,-43.06,0,0,0,0
5407,0,0,7.44,-154.39,-42.06,0,0,0,0
5408,0,0,7.39,-154.44,-41.06,0,0,0,0
5409,0,0,7.34,-154.48,-40.07,0,0,0,0
5410,0,0,7.29,-154.53,-39.07,0,0,0,0
5411,0,0,7.25,-154.58,-38.07,0,0,0,0
5412,0,0,7.2,-154.62,-37.07,0,0,0,0
5413,0,0,7.15,-154.67,-36.07,0,0,0,0
5414,0,0,7.1,-154.71,-35.08,0,0,0,0
5415,0,0,7.05,-154.76,-34.08,0,0,0,0
5416,0,0,7.01,-154.8,-33.08,0,0,0,0
5417,0,0,6.96,-154.85,-32.08,0,0,0,0
5418,0,0,6.91,-154.89,-31.08,0,0,0,0
5419,0,0,6.86,-154.94,-30.09,0,0,0,0
5420,0,0,6.81,-154.99,-29.09,0,0,0,0
5421,0,0,6.77,-155.03,-28.09,0,0,0,0
5422,0,0,6.72,-155.08,-27.09,0,0,0,0
5423,0,0,6.67,-155.12,-26.1,0,0,0,0
5424,0,0,6.62,-155.17,-25.1,0,0,0,0
5425,0,0,6.57,-155.21,-24.1,0,0,0,0
5426,0,0,6.52,-155.26,-23.1,0,0,0,0
5427,0,0,6.51,-156.11,-22.57,0,0,0,0
5428,0,0,6.5,-156.96,-22.04,0,0,0,0
5429,0,0,6.48,-157.81,-21.51,0,0,0,0
5430,0,0,6.48,-158.81,-21.54,0,0,0,0
5431,0,0,6.48,-159.81,-21.56,0,0,0,0
5432,0,0,6.48,-160.81,-21.58,0,0,0,0
5433,0,0,6.48,-161.81,-21.6,0,0,0,0
5434,0,0,6.48,-162.81,-21.62,0,0,0,0
5435,0,0,6.48,-163.18,-21.62,0,0,0,0
5436,0,0,6.48,-163.26,-20.63,0,0,0,0
5437,0,0,6.48,-163.34,-19.63,0,0,0,0
5438,0,0,6.48,-163.41,-18.63,0,0,0,0
5439,0,0,6.48,-163.49,-17.63,0,0,0,0
5440,0,0,6.48,-163.56,-16.64,0,0,0,0
5441,0,0,6.48,-163.64,-15.64,0,0,0,0
5442,0,0,6.48,-163.71,-14.64,0,0,0,0
5443,0,0,6.48,-163.79,-13.65,0,0,0,0
5444,0,0,6.48,-163.86,-12.65,0,0,0,0
5445,0,0,6.48,-163.94,-11.65,0,0,0,0
5446,0,0,6.48,-164.01,-10.65,0,0,0,0
5447,0,0,6.48,-164.09,-9.66,0,0,0,0
5448,0,0,6.48,-164.16,-8.66,0,0,0,0
5449,0,0,6.48,-164.24,-7.66,0,0,0,0
5450,0,0,6.48,-164.32,-6.67,0,0,0,0
5451,0,0,6.48,-164.39,-5.67,0,0,0,0
5452,0,0,6.48,-164.47,-4.67,0,0,0,0
5453,0,0,6.48,-164.54,-3.67,0,0,0,0
5454,0,0,6.48,-164.62,-2.68,0,0,0,0
5455,0,0,6.48,-164.69,-1.68,0,0,0,0
5456,0,0,6.48,-164.77,-0.68,0,0,0,0
5457,0,0,6.48,-164.84,0.31,0,0,0,0
5458,0,0,6.48,-164.92,1.31,0,0,0,0
5459,0,0,6.48,-164.99,2.31,0,0,0,0
5460,0,0,6.48,-165.07,3.31,0,0,0,0
5461,0,0,6.48,-165.15,4.3,0,0,0,0
5462,0,0,6.48,-165.22,5.3,0,0,0,0
5463,0,0,6.48,-165.3,6.3,0,0,0,0
5464,0,0,6.48,-165.37,7.29,0,0,0,0
5465,0,0,6.48,-165.45,8.29,0,0,0,0
5466,0,0,6.48,-165.52,9.29,0,0,0,0
5467,0,0,6.48,-165.6,10.29,0,0,0,0
5468,0,0,6.48,-165.67,11.28,0,0,0,0
5469,0,0,6.48,-165.75,12.28,0,0,0,0
5470,0,0,6.48,-164.75,12.36,0,0,0,0
5471,0,0,6.48,-163.75,12.44,0,0,0,0
5472,0,0,6.48,-162.76,12.51,0,0,0,0
5473,0,0,6.48,-161.76,12.59,0,0,0,0
5474,0,0,6.48,-160.76,12.67,0,0,0,0
5475,0,0,6.48,-159.77,12.75,0,0,0,0
5476,0,0,6.48,-158.77,12.83,0,0,0,0
5477,0,0,6.48,-158.35,13.73,0,0,0,0
5478,0,0,6.48,-157.92,14.64,0,0,0,0
5479,0,0,6.48,-157.5,15.55,0,0,0,0
5480,0,0,6.48,-157.08,16.45,0,0,0,0
5481,0,0,6.48,-156.66,17.36,0,0,0,0
5482,0,0,6.48,-156.28,18.16,0,0,0,0
5483,0,0,5.78,-156.27,18.1,0,0,0,0
5484,0,0,5.81,-156.29,19.09,0,0,0,0
5485,0,0,5.83,-156.32,20.09,0,0,0,0
5486,0,0,5.86,-156.34,21.09,0,0,0,0
5487,0,0,5.89,-156.37,22.09,0,0,0,0
5488,0,0,5.91,-156.39,23.09,0,0,0,0
5489,0,0,5.94,-156.42,24.09,0,0,0,0
5490,0,0,5.97,-156.44,25.09,0,0,0,0
5491,0,0,5.99,-156.47,26.09,0,0,0,0
5492,0,0,6.02,-156.5,27.09,0,0,0,0
5493,0,0,6.05,-156.52,28.09,0,0,0,0
5494,0,0,6.07,-156.55,29.09,0,0,0,0
5495,0,0,6.1,-156.57,30.09,0,0,0,0
5496,0,0,6.13,-156.6,31.09,0,0,0,0
5497,0,0,6.15,-156.62,32.09,0,0,0,0
5498,0,0,6.18,-156.65,33.09,0,0,0,0
5499,0,0,6.21,-156.67,34.08,0,0,0,0
5500,0,0,6.23,-156.7,35.08,0,0,0,0
5501,0,0,6.26,-156.72,36.08,0,0,0,0
5502,0,0,6.29,-156.75,37.08,0,0,0,0
5503,0,0,6.31,-156.77,38.08,0,0,0,0
5504,0,0,6.34,-156.8,39.08,0,0,0,0
5505,0,0,6.37,-156.83,40.08,0,0,0,0
5506,0,0,6.39,-156.85,41.08,0,0,0,0
5507,0,0,6.42,-156.88,42.08,0,0,0,0
5508,0,0,6.45,-156.9,43.08,0,0,0,0
5509,0,0,6.47,-156.93,44.08,0,0,0,0
5510,0,0,6.5,-156.95,45.08,0,0,0,0
5511,0,0,6.53,-156.98,46.08,0,0,0,0
5512,0,0,6.55,-157,47.08,0,0,0,0
5513,0,0,6.58,-157.03,48.08,0,0,0,0
5514,0,0,6.61,-157.05,49.07,0,0,0,0
5515,0,0,6.63,-157.08,50.07,0,0,0,0
5516,0,0,6.66,-157.1,51.07,0,0,0,0
5517,0,0,6.69,-157.13,52.07,0,0,0,0
5518,0,0,6.71,-157.16,53.07,0,0,0,0
5519,0,0,6.74,-157.18,54.07,0,0,0,0
5520,0,0,6.77,-157.21,55.07,0,0,0,0
5521,0,0,6.79,-157.23,56.07,0,0,0,0
5522,0,0,6.82,-157.26,57.07,0,0,0,0
5523,0,0,6.85,-157.28,58.07,0,0,0,0
5524,0,0,6.87,-157.31,59.07,0,0,0,0
5525,0,0,6.9,-157.33,60.07,0,0,0,0
5526,0,0,6.93,-157.36,61.07,0,0,0,0
5527,0,0,6.94,-157.31,62.07,0,0,0,0
5528,0,0,6.96,-157.24,63.06,0,0,0,0
5529,0,0,6.98,-157.14,64.06,0,0,0,0
5530,0,0,7,-157.01,65.05,0,0,0,0
5531,0,0,7.02,-156.85,66.03,0,0,0,0
5532,0,0,7.04,-156.65,67.01,0,0,0,0
5533,0,0,7.07,-156.41,67.99,0,0,0,0
5534,0,0,7.1,-156.14,68.95,0,0,0,0
5535,0,0,7.13,-155.83,69.9,0,0,0,0
5536,0,0,7.16,-155.48,70.83,0,0,0,0
5537,0,0,7.19,-155.09,71.76,0,0,0,0
5538,0,0,7.22,-154.66,72.66,0,0,0,0
5539,0,0,7.26,-154.19,73.54,0,0,0,0
5540,0,0,7.3,-153.68,74.4,0,0,0,0
5541,0,0,7.33,-153.14,75.23,0,0,0,0
5542,0,0,7.37,-152.55,76.05,0,0,0,0
5543,0,0,7.41,-151.94,76.83,0,0,0,0
5544,0,0,7.44,-151.29,77.6,0,0,0,0
5545,0,0,7.48,-150.62,78.34,0,0,0,0
5546,0,0,7.43,-149.89,79.02,0,0,0,0
5547,0,0,7.38,-149.13,79.66,0,0,0,0
5548,0,0,7.33,-148.34,80.28,0,0,0,0
5549,0,0,7.28,-147.53,80.87,0,0,0,0
5550,0,0,7.22,-146.72,81.44,0,0,0,0
5551,0,0,7.17,-145.89,82,0,0,0,0
5552,0,0,7.11,-145.05,82.54,0,0,0,0
5553,0,0,7.06,-144.21,83.08,0,0,0,0
5554,0,0,7,-143.37,83.62,0,0,0,0
5555,0,0,6.94,-142.53,84.16,0,0,0,0
5556,0,0,6.89,-141.69,84.7,0,0,0,0
5557,0,0,6.84,-140.86,85.25,0,0,0,0
5558,0,0,6.78,-140.03,85.81,0,0,0,0
5559,0,0,6.73,-139.21,86.38,0,0,0,0
5560,0,0,6.69,-138.4,86.97,0,0,0,0
5561,0,0,6.64,-137.6,87.56,0,0,0,0
5562,0,0,6.59,-136.81,88.18,0,0,0,0
5563,0,0,6.55,-136.04,88.81,0,0,0,0
5564,0,0,6.51,-135.27,89.45,0,0,0,0
5565,0,0,6.47,-134.52,90.11,0,0,0,0
5566,0,0,6.43,-133.79,90.79,0,0,0,0
5567,0,0,6.4,-133.06,91.48,0,0,0,0
5568,0,0,6.37,-132.36,92.19,0,0,0,0
5569,0,0,6.34,-131.67,92.91,0,0,0,0
5570,0,0,6.31,-131,93.65,0,0,0,0
5571,0,0,6.32,-130.29,94.36,0,0,0,0
5572,0,0,6.33,-129.61,95.09,0,0,0,0
5573,0,0,6.35,-128.97,95.86,0,0,0,0
5574,0,0,6.36,-128.36,96.65,0,0,0,0
5575,0,0,6.38,-127.79,97.47,0,0,0,0
5576,0,0,6.4,-127.26,98.32,0,0,0,0
5577,0,0,6.42,-126.79,99.2,0,0,0,0
5578,0,0,6.44,-126.36,100.1,0,0,0,0
5579,0,0,6.46,-125.99,101.03,0,0,0,0
5580,0,0,6.48,-125.68,101.98,0,0,0,0
5581,0,0,6.5,-125.43,102.95,0,0,0,0
5582,0,0,6.53,-125.23,103.93,0,0,0,0
5583,0,0,6.56,-125.09,104.92,0,0,0,0
5584,0,0,6.58,-125.01,105.92,0,0,0,0
5585,0,0,6.61,-124.96,106.92,0,0,0,0
5586,0,0,6.64,-124.96,107.92,0,0,0,0
5587,0,0,6.66,-124.99,108.92,0,0,0,0
5588,0,0,6.69,-125.04,109.91,0,0,0,0
5589,0,0,6.72,-125.1,110.91,0,0,0,0
5590,0,0,6.75,-125.16,111.91,0,0,0,0
5591,0,0,6.77,-125.21,112.91,0,0,0,0
5592,0,0,6.8,-125.22,113.91,0,0,0,0
5593,0,0,6.87,-125.25,114.9,0,0,0,0
5594,0,0,6.94,-125.28,115.9,0,0,0,0
5595,0,0,7.01,-125.31,116.9,0,0,0,0
5596,0,0,7.08,-125.34,117.89,0,0,0,0
5597,0,0,7.16,-125.37,118.89,0,0,0,0
5598,0,0,7.23,-125.41,119.89,0,0,0,0
5599,0,0,7.3,-125.44,120.89,0,0,0,0
5600,0,0,7.37,-125.47,121.88,0,0,0,0
5601,0,0,7.44,-125.5,122.88,0,0,0,0
5602,0,0,7.51,-125.53,123.88,0,0,0,0
5603,0,0,7.59,-125.56,124.87,0,0,0,0
5604,0,0,7.66,-125.59,125.87,0,0,0,0
5605,0,0,7.73,-125.62,126.87,0,0,0,0
5606,0,0,7.8,-125.65,127.86,0,0,0,0
5607,0,0,7.87,-125.69,128.86,0,0,0,0
5608,0,0,7.94,-125.72,129.86,0,0,0,0
5609,0,0,8.02,-125.75,130.86,0,0,0,0
5610,0,0,8.09,-125.78,131.85,0,0,0,0
5611,0,0,8.16,-125.81,132.85,0,0,0,0
5612,0,0,8.23,-125.84,133.85,0,0,0,0
5613,0,0,8.3,-125.87,134.84,0,0,0,0
5614,0,0,8.37,-125.9,135.84,0,0,0,0
5615,0,0,8.45,-125.93,136.84,0,0,0,0
5616,0,0,8.52,-125.96,137.83,0,0,0,0
5617,0,0,8.59,-126,138.83,0,0,0,0
5618,0,0,8.66,-126.03,139.83,0,0,0,0
5619,0,0,8.73,-126.06,140.82,0,0,0,0
5620,0,0,8.8,-126.09,141.82,0,0,0,0
5621,0,0,8.88,-126.12,142.82,0,0,0,0
5622,0,0,8.95,-126.15,143.82,0,0,0,0
5623,0,0,9.02,-126.18,144.81,0,0,0,0
5624,0,0,9.09,-126.21,145.81,0,0,0,0
5625,0,0,9.16,-126.24,146.81,0,0,0,0
5626,0,0,9.23,-126.27,147.8,0,0,0,0
5627,0,0,9.31,-126.31,148.8,0,0,0,0
5628,0,0,9.38,-126.34,149.8,0,0,0,0
5629,0,0,9.45,-126.37,150.79,0,0,0,0
5630,0,0,9.52,-126.4,151.79,0,0,0,0
5631,0,0,9.59,-126.43,152.79,0,0,0,0
5632,0,0,9.66,-126.46,153.78,0,0,0,0
5633,0,0,9.74,-126.49,154.78,0,0,0,0
5634,0,0,9.81,-126.52,155.78,0,0,0,0
5635,0,0,9.88,-126.55,156.78,0,0,0,0
5636,0,0,9.95,-126.59,157.77,0,0,0,0
5637,0,0,10.02,-126.62,158.77,0,0,0,0
5638,0,0,10.09,-126.65,159.77,0,0,0,0
5639,0,0,10.17,-126.68,160.76,0,0,0,0
5640,0,0,10.24,-126.71,161.76,0,0,0,0
5641,0,0,10.31,-126.74,162.76,0,0,0,0
5642,0,0,10.38,-126.77,163.75,0,0,0,0
5643,0,0,10.45,-126.8,164.75,0,0,0,0
5644,0,0,10.53,-126.83,165.75,0,0,0,0
5645,0,0,10.51,-126.7,166.74,0,0,0,0
5646,0,0,10.5,-126.96,167.71,0,0,0,0
5647,0,0,10.48,-127.18,168.68,0,0,0,0
5648,0,0,10.46,-127.34,169.67,0,0,0,0
5649,0,0,10.44,-127.43,170.66,0,0,0,0
5650,0,0,10.42,-127.46,171.66,0,0,0,0
5651,0,0,10.39,-127.37,172.66,0,0,0,0
5652,0,0,10.36,-127.16,173.64,0,0,0,0
5653,0,0,10.33,-126.81,174.57,0,0,0,0
5654,0,0,10.29,-126.31,175.44,0,0,0,0
5655,0,0,10.26,-125.67,176.2,0,0,0,0
5656,0,0,10.22,-124.89,176.83,0,0,0,0
5657,0,0,10.18,-124.03,177.33,0,0,0,0
5658,0,0,10.14,-123.1,177.7,0,0,0,0
5659,0,0,10.1,-122.13,177.95,0,0,0,0
5660,0,0,10.07,-121.14,178.11,0,0,0,0
5661,0,0,10.03,-120.15,178.19,0,0,0,0
5662,0,0,10,-119.15,178.2,0,0,0,0
5663,0,0,9.96,-118.15,178.15,0,0,0,0
5664,0,0,9.93,-117.15,178.05,0,0,0,0
5665,0,0,9.9,-116.17,177.91,0,0,0,0
5666,0,0,9.87,-115.18,177.72,0,0,0,0
5667,0,0,9.84,-114.21,177.49,0,0,0,0
5668,0,0,9.81,-113.25,177.23,0,0,0,0
5669,0,0,9.78,-112.29,176.94,0,0,0,0
5670,0,0,9.75,-111.35,176.61,0,0,0,0
5671,0,0,9.72,-110.41,176.25,0,0,0,0
5672,0,0,9.69,-109.49,175.86,0,0,0,0
5673,0,0,9.66,-108.59,175.43,0,0,0,0
5674,0,0,9.63,-107.7,174.97,0,0,0,0
5675,0,0,9.6,-106.84,174.47,0,0,0,0
5676,0,0,9.57,-106,173.92,0,0,0,0
5677,0,0,9.54,-105.2,173.32,0,0,0,0
5678,0,0,9.5,-104.46,172.66,0,0,0,0
5679,0,0,9.48,-103.97,172.14,0,0,0,0
5680,0,0,9.44,-103.02,171.83,0,0,0,0
5681,0,0,9.4,-102.06,171.54,0,0,0,0
5682,0,0,9.36,-101.1,171.28,0,0,0,0
5683,0,0,9.29,-100.1,171.29,0,0,0,0
5684,0,0,9.22,-99.1,171.31,0,0,0,0
5685,0,0,9.16,-98.1,171.32,0,0,0,0
5686,0,0,9.09,-97.1,171.33,0,0,0,0
5687,0,0,9.02,-96.11,171.35,0,0,0,0
5688,0,0,8.96,-95.11,171.36,0,0,0,0
5689,0,0,8.89,-94.11,171.37,0,0,0,0
5690,0,0,8.83,-93.11,171.39,0,0,0,0
5691,0,0,8.76,-92.12,171.4,0,0,0,0
5692,0,0,8.69,-91.12,171.42,0,0,0,0
5693,0,0,8.63,-90.12,171.43,0,0,0,0
5694,0,0,8.56,-89.12,171.44,0,0,0,0
5695,0,0,8.49,-88.13,171.46,0,0,0,0
5696,0,0,8.43,-87.13,171.47,0,0,0,0
5697,0,0,8.36,-86.13,171.48,0,0,0,0
5698,0,0,8.29,-85.13,171.5,0,0,0,0
5699,0,0,8.23,-84.13,171.51,0,0,0,0
5700,0,0,8.16,-83.14,171.52,0,0,0,0
5701,0,0,8.11,-82.14,171.53,0,0,0,0
5702,0,0,8.05,-81.14,171.54,0,0,0,0
5703,0,0,7.99,-80.14,171.55,0,0,0,0
5704,0,0,7.94,-79.14,171.56,0,0,0,0
5705,0,0,7.88,-78.14,171.57,0,0,0,0
5706,0,0,7.83,-77.15,171.57,0,0,0,0
5707,0,0,7.77,-76.15,171.58,0,0,0,0
5708,0,0,7.71,-75.15,171.59,0,0,0,0
5709,0,0,7.66,-74.15,171.6,0,0,0,0
5710,0,0,7.6,-73.15,171.61,0,0,0,0
5711,0,0,7.55,-72.15,171.62,0,0,0,0
5712,0,0,7.49,-71.16,171.63,0,0,0,0
5713,0,0,7.43,-70.16,171.64,0,0,0,0
5714,0,0,7.38,-69.16,171.64,0,0,0,0
5715,0,0,7.32,-68.16,171.65,0,0,0,0
5716,0,0,7.27,-67.16,171.66,0,0,0,0
5717,0,0,7.21,-66.16,171.67,0,0,0,0
5718,0,0,7.16,-65.17,171.68,0,0,0,0
5719,0,0,7.1,-64.17,171.69,0,0,0,0
5720,0,0,7.04,-63.17,171.7,0,0,0,0
5721,0,0,6.99,-62.17,171.71,0,0,0,0
5722,0,0,6.93,-61.17,171.71,0,0,0,0
5723,0,0,6.88,-60.17,171.72,0,0,0,0
5724,0,0,6.82,-59.18,171.73,0,0,0,0
5725,0,0,6.76,-58.18,171.74,0,0,0,0
5726,0,0,6.71,-57.18,171.75,0,0,0,0
5727,0,0,6.65,-56.18,171.76,0,0,0,0
5728,0,0,6.6,-55.18,171.77,0,0,0,0
5729,0,0,6.54,-54.18,171.78,0,0,0,0
5730,0,0,6.49,-53.18,171.78,0,0,0,0
5731,0,0,6.43,-52.19,171.79,0,0,0,0
5732,0,0,6.37,-51.19,171.8,0,0,0,0
5733,0,0,6.32,-50.19,171.81,0,0,0,0
5734,0,0,6.26,-49.19,171.82,0,0,0,0
5735,0,0,6.21,-48.19,171.83,0,0,0,0
5736,0,0,6.15,-47.19,171.84,0,0,0,0
5737,0,0,6.09,-46.2,171.85,0,0,0,0
5738,0,0,6.04,-45.2,171.85,0,0,0,0
5739,0,0,5.98,-44.2,171.86,0,0,0,0
5740,0,0,5.93,-43.2,171.87,0,0,0,0
5741,0,0,5.87,-42.2,171.88,0,0,0,0
5742,0,0,5.82,-41.2,171.89,0,0,0,0
5743,0,0,5.76,-40.21,171.9,0,0,0,0
5744,0,0,5.7,-39.21,171.91,0,0,0,0
5745,0,0,5.65,-38.21,171.92,0,0,0,0
5746,0,0,5.59,-37.21,171.92,0,0,0,0
5747,0,0,5.54,-36.21,171.93,0,0,0,0
5748,0,0,5.48,-35.21,171.94,0,0,0,0
5749,0,0,5.44,-34.21,171.97,0,0,0,0
5750,0,0,5.41,-33.22,172.01,0,0,0,0
5751,0,0,5.37,-32.22,172.04,0,0,0,0
5752,0,0,5.34,-31.22,172.07,0,0,0,0
5753,0,0,5.3,-30.22,172.1,0,0,0,0
5754,0,0,5.27,-29.22,172.13,0,0,0,0
5755,0,0,5.23,-28.22,172.16,0,0,0,0
5756,0,0,5.2,-27.22,172.2,0,0,0,0
5757,0,0,5.16,-26.22,172.23,0,0,0,0
5758,0,0,5.13,-25.22,172.26,0,0,0,0
5759,0,0,5.09,-24.23,172.29,0,0,0,0
5760,0,0,5.05,-23.23,172.32,0,0,0,0
5761,0,0,5.02,-22.23,172.36,0,0,0,0
5762,0,0,4.98,-21.23,172.39,0,0,0,0
5763,0,0,4.95,-20.23,172.42,0,0,0,0
5764,0,0,4.91,-19.23,172.45,0,0,0,0
5765,0,0,4.88,-18.23,172.48,0,0,0,0
5766,0,0,4.84,-17.23,172.51,0,0,0,0
5767,0,0,4.81,-16.24,172.55,0,0,0,0
5768,0,0,4.77,-15.24,172.58,0,0,0,0
5769,0,0,4.74,-14.24,172.61,0,0,0,0
5770,0,0,4.7,-13.24,172.64,0,0,0,0
5771,0,0,4.66,-12.24,172.67,0,0,0,0
5772,0,0,4.63,-11.24,172.71,0,0,0,0
5773,0,0,4.59,-10.24,172.74,0,0,0,0
5774,0,0,4.56,-9.24,172.77,0,0,0,0
5775,0,0,4.52,-8.24,172.8,0,0,0,0
5776,0,0,4.49,-7.25,172.83,0,0,0,0
5777,0,0,4.45,-6.25,172.87,0,0,0,0
5778,0,0,4.42,-5.25,172.9,0,0,0,0
5779,0,0,4.38,-4.25,172.93,0,0,0,0
5780,0,0,4.35,-3.25,172.96,0,0,0,0
5781,0,0,4.31,-2.25,172.99,0,0,0,0
5782,0,0,4.27,-1.25,173.02,0,0,0,0
5783,0,0,4.24,-0.25,173.06,0,0,0,0
5784,0,0,4.2,0.75,173.09,0,0,0,0
5785,0,0,4.17,1.74,173.12,0,0,0,0
5786,0,0,4.17,2.72,173.35,0,0,0,0
5787,0,0,4.16,3.61,173.8,0,0,0,0
5788,0,0,4.16,4.41,174.39,0,0,0,0
5789,0,0,4.15,5.13,175.09,0,0,0,0
5790,0,0,4.15,5.77,175.86,0,0,0,0
5791,0,0,4.14,6.36,176.67,0,0,0,0
5792,0,0,4.17,6.72,177.6,0,0,0,0
5793,0,0,4.19,7.22,178.47,0,0,0,0
5794,0,0,4.22,7.8,179.28,0,0,0,0
5795,0,0,4.25,8.46,180.03,0,0,0,0
5796,0,0,4.28,9.17,180.73,0,0,0,0
5797,0,0,4.31,9.92,181.39,0,0,0,0
5798,0,0,4.34,10.7,182.02,0,0,0,0
5799,0,0,4.37,11.5,182.62,0,0,0,0
5800,0,0,4.4,12.33,183.18,0,0,0,0
5801,0,0,4.43,13.17,183.72,0,0,0,0
5802,0,0,4.44,14.17,183.76,0,0,0,0
5803,0,0,4.45,15.17,183.81,0,0,0,0
5804,0,0,4.47,16.17,183.85,0,0,0,0
5805,0,0,4.48,17.16,183.89,0,0,0,0
5806,0,0,4.5,18.16,183.93,0,0,0,0
5807,0,0,4.51,19.16,183.97,0,0,0,0
5808,0,0,4.52,20.16,184.01,0,0,0,0
5809,0,0,4.54,21.16,184.05,0,0,0,0
5810,0,0,4.55,22.16,184.1,0,0,0,0
5811,0,0,4.57,23.16,184.14,0,0,0,0
5812,0,0,4.58,24.16,184.18,0,0,0,0
5813,0,0,4.59,25.16,184.22,0,0,0,0
5814,0,0,4.61,26.16,184.26,0,0,0,0
5815,0,0,4.62,27.15,184.3,0,0,0,0
5816,0,0,4.63,28.15,184.34,0,0,0,0
5817,0,0,4.65,29.15,184.39,0,0,0,0
5818,0,0,4.66,30.15,184.43,0,0,0,0
5819,0,0,4.68,31.15,184.47,0,0,0,0
5820,0,0,4.69,32.15,184.51,0,0,0,0
5821,0,0,4.7,33.15,184.55,0,0,0,0
5822,0,0,4.72,34.15,184.59,0,0,0,0
5823,0,0,4.73,35.15,184.63,0,0,0,0
5824,0,0,4.75,36.15,184.68,0,0,0,0
5825,0,0,4.78,37.13,184.82,0,0,0,0
5826,0,0,4.83,38.02,185.29,0,0,0,0
5827,0,0,4.9,38.57,186.13,0,0,0,0
5828,0,0,4.96,38.75,187.11,0,0,0,0
5829,0,0,5.01,38.69,188.1,0,0,0,0
5830,0,0,5.13,38.64,189.09,0,0,0,0
5831,0,0,5.25,38.58,190.09,0,0,0,0
5832,0,0,5.36,38.53,191.08,0,0,0,0
5833,0,0,5.48,38.47,192.07,0,0,0,0
5834,0,0,5.59,38.42,193.06,0,0,0,0
5835,0,0,5.71,38.36,194.05,0,0,0,0
5836,0,0,5.82,38.31,195.05,0,0,0,0
5837,0,0,5.94,38.25,196.04,0,0,0,0
5838,0,0,6.05,38.2,197.03,0,0,0,0
5839,0,0,6.17,38.15,198.02,0,0,0,0
5840,0,0,6.29,38.09,199.01,0,0,0,0
5841,0,0,6.4,38.04,200,0,0,0,0
5842,0,0,6.52,37.98,201,0,0,0,0
5843,0,0,6.63,37.93,201.99,0,0,0,0
5844,0,0,6.75,37.87,202.98,0,0,0,0
5845,0,0,6.86,37.82,203.97,0,0,0,0
5846,0,0,6.98,37.76,204.96,0,0,0,0
5847,0,0,7.09,37.71,205.96,0,0,0,0
5848,0,0,7.21,37.66,206.95,0,0,0,0
5849,0,0,7.33,37.6,207.94,0,0,0,0
5850,0,0,7.44,37.55,208.93,0,0,0,0
5851,0,0,7.56,37.49,209.92,0,0,0,0
5852,0,0,7.67,37.44,210.91,0,0,0,0
5853,0,0,7.79,37.38,211.91,0,0,0,0
5854,0,0,7.9,37.33,212.9,0,0,0,0
5855,0,0,8.02,37.27,213.89,0,0,0,0
5856,0,0,8.14,37.22,214.88,0,0,0,0
5857,0,0,8.25,37.17,215.87,0,0,0,0
5858,0,0,8.37,37.11,216.86,0,0,0,0
5859,0,0,8.48,37.06,217.86,0,0,0,0
5860,0,0,8.6,37,218.85,0,0,0,0
5861,0,0,8.71,36.95,219.84,0,0,0,0
5862,0,0,8.83,36.89,220.83,0,0,0,0
5863,0,0,8.94,36.84,221.82,0,0,0,0
5864,0,0,9.06,36.78,222.82,0,0,0,0
5865,0,0,9.18,36.73,223.81,0,0,0,0
5866,0,0,9.29,36.68,224.8,0,0,0,0
5867,0,0,9.41,36.62,225.79,0,0,0,0
5868,0,0,9.52,36.57,226.78,0,0,0,0
5869,0,0,9.64,36.51,227.77,0,0,0,0
5870,0,0,9.75,36.46,228.77,0,0,0,0
5871,0,0,9.87,36.4,229.76,0,0,0,0
5872,0,0,9.98,36.35,230.75,0,0,0,0
5873,0,0,10.1,36.29,231.74,0,0,0,0
5874,0,0,10.22,36.24,232.73,0,0,0,0
5875,0,0,10.33,36.19,233.73,0,0,0,0
5876,0,0,10.45,36.13,234.72,0,0,0,0
5877,0,0,10.56,36.08,235.71,0,0,0,0
5878,0,0,10.68,36.02,236.7,0,0,0,0
5879,0,0,10.79,35.97,237.69,0,0,0,0
5880,0,0,10.91,35.91,238.68,0,0,0,0
5881,0,0,11.03,35.86,239.68,0,0,0,0
5882,0,0,11.14,35.8,240.67,0,0,0,0
5883,0,0,11.26,35.75,241.66,0,0,0,0
5884,0,0,11.37,35.7,242.65,0,0,0,0
5885,0,0,11.49,35.64,243.64,0,0,0,0
5886,0,0,11.6,35.59,244.64,0,0,0,0
5887,0,0,11.72,35.53,245.63,0,0,0,0
5888,0,0,11.83,35.48,246.62,0,0,0,0
5889,0,0,11.95,35.42,247.61,0,0,0,0
5890,0,0,12.07,35.37,248.6,0,0,0,0
5891,0,0,12.18,35.31,249.59,0,0,0,0
5892,0,0,12.3,35.26,250.59,0,0,0,0
5893,0,0,12.41,35.21,251.58,0,0,0,0
5894,0,0,12.53,35.15,252.57,0,0,0,0
5895,0,0,12.64,35.1,253.56,0,0,0,0
5896,0,0,12.76,35.04,254.55,0,0,0,0
5897,0,0,12.88,34.99,255.55,0,0,0,0
5898,0,0,12.99,34.93,256.54,0,0,0,0
5899,0,0,13.11,34.88,257.53,0,0,0,0
5900,0,0,13.22,34.82,258.52,0,0,0,0
5901,0,0,13.34,34.77,259.51,0,0,0,0
5902,0,0,13.45,34.72,260.5,0,0,0,0
5903,0,0,13.57,34.66,261.5,0,0,0,0
5904,0,0,13.68,34.61,262.49,0,0,0,0
5905,0,0,13.8,34.55,263.48,0,0,0,0
5906,0,0,13.92,34.5,264.47,0,0,0,0
5907,0,0,14.03,34.44,265.46,0,0,0,0
5908,0,0,14.15,34.39,266.46,0,0,0,0
5909,0,0,14.26,34.33,267.45,0,0,0,0
5910,0,0,14.38,34.28,268.44,0,0,0,0
5911,0,0,14.49,34.23,269.43,0,0,0,0
5912,0,0,14.61,34.17,270.42,0,0,0,0
5913,0,0,14.72,34.12,271.41,0,0,0,0
5914,0,0,14.84,34.06,272.41,0,0,0,0
5915,0,0,14.96,34.01,273.4,0,0,0,0
5916,0,0,15.07,33.95,274.39,0,0,0,0
5917,0,0,15.19,33.9,275.38,0,0,0,0
5918,0,0,15.3,33.84,276.37,0,0,0,0
5919,0,0,15.42,33.79,277.36,0,0,0,0
5920,0,0,15.53,33.74,278.36,0,0,0,0
5921,0,0,15.65,33.68,279.35,0,0,0,0
5922,0,0,15.77,33.63,280.34,0,0,0,0
5923,0,0,15.88,33.57,281.33,0,0,0,0
5924,0,0,16,33.52,282.32,0,0,0,0
5925,0,0,16.11,33.46,283.32,0,0,0,0
5926,0,0,16.23,33.41,284.31,0,0,0,0
5927,0,0,16.34,33.35,285.3,0,0,0,0
5928,0,0,16.46,33.3,286.29,0,0,0,0
5929,0,0,16.57,33.25,287.28,0,0,0,0
5930,0,0,16.69,33.19,288.27,0,0,0,0
5931,0,0,16.81,33.14,289.27,0,0,0,0
5932,0,0,16.92,33.08,290.26,0,0,0,0
5933,0,0,17.04,33.03,291.25,0,0,0,0
5934,0,0,17.15,32.97,292.24,0,0,0,0
5935,0,0,17.27,32.92,293.23,0,0,0,0
5936,0,0,17.38,32.86,294.23,0,0,0,0
5937,0,0,17.5,32.81,295.22,0,0,0,0
5938,0,0,17.61,32.76,296.21,0,0,0,0
5939,0,0,17.7,32.22,297.05,0,0,0,0
5940,0,0,17.8,31.62,297.84,0,0,0,0
5941,0,0,17.92,30.97,298.59,0,0,0,0
5942,0,0,18.03,30.26,299.29,0,0,0,0
5943,0,0,18.16,29.49,299.92,0,0,0,0
5944,0,0,18.27,28.65,300.44,0,0,0,0
5945,0,0,18.36,27.86,301.05,0,0,0,0
5946,0,0,18.47,27.19,301.79,0,0,0,0
5947,0,0,18.58,26.67,302.63,0,0,0,0
5948,0,0,18.71,26.29,303.55,0,0,0,0
5949,0,0,18.84,26.08,304.51,0,0,0,0
5950,0,0,18.97,26.05,305.51,0,0,0,0
5951,0,0,19.1,26.21,306.48,0,0,0,0
5952,0,0,19.23,26.56,307.41,0,0,0,0
5953,0,0,19.35,27.09,308.25,0,0,0,0
5954,0,0,19.46,27.78,308.97,0,0,0,0
5955,0,0,19.56,28.57,309.56,0,0,0,0
5956,0,0,19.64,29.46,310.02,0,0,0,0
5957,0,0,19.71,30.4,310.36,0,0,0,0
5958,0,0,19.74,30.82,310.48,0,0,0,0
5959,0,0,19.79,30.81,310.45,0,0,0,0
5960,0,0,19.77,31.39,311.26,0,0,0,0
5961,0,0,19.75,32,312.06,0,0,0,0
5962,0,0,19.73,32.62,312.84,0,0,0,0
5963,0,0,19.71,33.27,313.6,0,0,0,0
5964,0,0,19.69,33.93,314.34,0,0,0,0
5965,0,0,19.66,34.62,315.07,0,0,0,0
5966,0,0,19.64,35.34,315.77,0,0,0,0
5967,0,0,19.61,36.08,316.44,0,0,0,0
5968,0,0,19.58,36.84,317.08,0,0,0,0
5969,0,0,19.55,37.63,317.69,0,0,0,0
5970,0,0,19.51,38.46,318.26,0,0,0,0
5971,0,0,19.48,39.31,318.79,0,0,0,0
5972,0,0,19.44,40.19,319.26,0,0,0,0
5973,0,0,19.4,41.1,319.67,0,0,0,0
5974,0,0,19.35,42.04,320,0,0,0,0
5975,0,0,19.31,43.01,320.25,0,0,0,0
5976,0,0,19.26,44,320.38,0,0,0,0
5977,0,0,19.2,45,320.39,0,0,0,0
5978,0,0,19.15,45.99,320.26,0,0,0,0
5979,0,0,19.09,46.94,319.97,0,0,0,0
5980,0,0,19.04,47.83,319.52,0,0,0,0
5981,0,0,18.98,48.63,318.93,0,0,0,0
5982,0,0,18.93,49.33,318.21,0,0,0,0
5983,0,0,18.88,49.92,317.4,0,0,0,0
5984,0,0,18.84,50.41,316.53,0,0,0,0
5985,0,0,18.8,50.8,315.61,0,0,0,0
5986,0,0,18.76,51.12,314.67,0,0,0,0
5987,0,0,18.73,51.36,313.7,0,0,0,0
5988,0,0,18.7,51.55,312.72,0,0,0,0
5989,0,0,18.67,51.68,311.72,0,0,0,0
5990,0,0,18.64,51.76,310.73,0,0,0,0
5991,0,0,18.62,51.79,309.73,0,0,0,0
5992,0,0,18.6,51.79,308.73,0,0,0,0
5993,0,0,18.58,51.75,307.73,0,0,0,0
5994,0,0,18.56,51.69,306.73,0,0,0,0
5995,0,0,18.55,51.65,306.3,0,0,0,0
5996,0,0,18.49,48.26,304.48,0,0,0,0
5997,0,0,18.43,48.37,303.49,0,0,0,0
5998,0,0,18.38,48.42,302.49,0,0,0,0
5999,0,0,18.32,48.42,301.49,0,0,0,0
6000,0,0,18.27,48.36,300.5,0,0,0,0
6001,0,0,18.21,48.23,299.51,0,0,0,0
6002,0,0,18.16,48.05,298.53,0,0,0,0
6003,0,0,18.1,47.8,297.56,0,0,0,0
6004,0,0,18.05,47.48,296.61,0,0,0,0
6005,0,0,17.99,47.08,295.7,0,0,0,0
6006,0,0,17.94,46.61,294.82,0,0,0,0
6007,0,0,17.88,46.05,293.99,0,0,0,0
6008,0,0,17.83,45.42,293.21,0,0,0,0
6009,0,0,17.78,44.71,292.51,0,0,0,0
6010,0,0,17.73,43.94,291.88,0,0,0,0
6011,0,0,17.68,43.09,291.35,0,0,0,0
6012,0,0,17.64,42.19,290.91,0,0,0,0
6013,0,0,17.6,41.26,290.56,0,0,0,0
6014,0,0,17.56,40.29,290.32,0,0,0,0
6015,0,0,17.52,39.3,290.15,0,0,0,0
6016,0,0,17.49,38.32,290.06,0,0,0,0
6017,0,0,17.4,37.79,289.23,0,0,0,0
6018,0,0,17.3,37.64,288.24,0,0,0,0
6019,0,0,17.24,37.92,287.57,0,0,0,0
6020,0,0,17.13,37.97,286.64,0,0,0,0
6021,0,0,17.01,38.03,285.65,0,0,0,0
6022,0,0,16.9,38.08,284.66,0,0,0,0
6023,0,0,16.79,38.14,283.66,0,0,0,0
6024,0,0,16.67,38.19,282.67,0,0,0,0
6025,0,0,16.56,38.25,281.68,0,0,0,0
6026,0,0,16.44,38.31,280.69,0,0,0,0
6027,0,0,16.33,38.36,279.7,0,0,0,0
6028,0,0,16.21,38.42,278.71,0,0,0,0
6029,0,0,16.1,38.47,277.71,0,0,0,0
6030,0,0,15.98,38.53,276.72,0,0,0,0
6031,0,0,15.87,38.58,275.73,0,0,0,0
6032,0,0,15.76,38.64,274.74,0,0,0,0
6033,0,0,15.64,38.69,273.75,0,0,0,0
6034,0,0,15.53,38.75,272.75,0,0,0,0
6035,0,0,15.41,38.81,271.76,0,0,0,0
6036,0,0,15.3,38.86,270.77,0,0,0,0
6037,0,0,15.18,38.92,269.78,0,0,0,0
6038,0,0,15.07,38.97,268.79,0,0,0,0
6039,0,0,14.95,39.03,267.79,0,0,0,0
6040,0,0,14.84,39.08,266.8,0,0,0,0
6041,0,0,14.73,39.14,265.81,0,0,0,0
6042,0,0,14.61,39.2,264.82,0,0,0,0
6043,0,0,14.5,39.25,263.83,0,0,0,0
6044,0,0,14.38,39.31,262.84,0,0,0,0
6045,0,0,14.27,39.36,261.84,0,0,0,0
6046,0,0,14.15,39.42,260.85,0,0,0,0
6047,0,0,14.04,39.47,259.86,0,0,0,0
6048,0,0,13.92,39.53,258.87,0,0,0,0
6049,0,0,13.81,39.59,257.88,0,0,0,0
6050,0,0,13.7,39.64,256.88,0,0,0,0
6051,0,0,13.58,39.7,255.89,0,0,0,0
6052,0,0,13.47,39.75,254.9,0,0,0,0
6053,0,0,13.35,39.81,253.91,0,0,0,0
6054,0,0,13.24,39.86,252.92,0,0,0,0
6055,0,0,13.12,39.92,251.92,0,0,0,0
6056,0,0,13.01,39.97,250.93,0,0,0,0
6057,0,0,12.89,40.03,249.94,0,0,0,0
6058,0,0,12.78,40.09,248.95,0,0,0,0
6059,0,0,12.67,40.14,247.96,0,0,0,0
6060,0,0,12.55,40.2,246.97,0,0,0,0
6061,0,0,12.44,40.25,245.97,0,0,0,0
6062,0,0,12.32,40.31,244.98,0,0,0,0
6063,0,0,12.21,40.36,243.99,0,0,0,0
6064,0,0,12.09,40.42,243,0,0,0,0
6065,0,0,11.98,40.48,242.01,0,0,0,0
6066,0,0,11.86,40.53,241.01,0,0,0,0
6067,0,0,11.75,40.59,240.02,0,0,0,0
6068,0,0,11.64,40.64,239.03,0,0,0,0
6069,0,0,11.52,40.7,238.04,0,0,0,0
6070,0,0,11.41,40.75,237.05,0,0,0,0
6071,0,0,11.29,40.81,236.05,0,0,0,0
6072,0,0,11.18,40.87,235.06,0,0,0,0
6073,0,0,11.06,40.92,234.07,0,0,0,0
6074,0,0,10.95,40.98,233.08,0,0,0,0
6075,0,0,10.83,41.03,232.09,0,0,0,0
6076,0,0,10.72,41.09,231.1,0,0,0,0
6077,0,0,10.61,41.14,230.1,0,0,0,0
6078,0,0,10.49,41.2,229.11,0,0,0,0
6079,0,0,10.38,41.26,228.12,0,0,0,0
6080,0,0,10.26,41.31,227.13,0,0,0,0
6081,0,0,10.15,41.37,226.14,0,0,0,0
6082,0,0,10.03,41.42,225.14,0,0,0,0
6083,0,0,9.92,41.48,224.15,0,0,0,0
6084,0,0,9.8,41.53,223.16,0,0,0,0
6085,0,0,9.69,41.59,222.17,0,0,0,0
6086,0,0,9.58,41.64,221.18,0,0,0,0
6087,0,0,9.46,41.7,220.18,0,0,0,0
6088,0,0,9.35,41.76,219.19,0,0,0,0
6089,0,0,9.23,41.81,218.2,0,0,0,0
6090,0,0,9.12,41.87,217.21,0,0,0,0
6091,0,0,9,41.92,216.22,0,0,0,0
6092,0,0,8.89,41.98,215.23,0,0,0,0
6093,0,0,8.77,42.03,214.23,0,0,0,0
6094,0,0,8.66,42.09,213.24,0,0,0,0
6095,0,0,8.55,42.15,212.25,0,0,0,0
6096,0,0,8.43,42.2,211.26,0,0,0,0
6097,0,0,8.32,42.26,210.27,0,0,0,0
6098,0,0,8.2,42.31,209.27,0,0,0,0
6099,0,0,8.09,42.37,208.28,0,0,0,0
6100,0,0,7.97,42.42,207.29,0,0,0,0
6101,0,0,7.86,42.48,206.3,0,0,0,0
6102,0,0,7.74,42.54,205.31,0,0,0,0
6103,0,0,7.63,42.59,204.31,0,0,0,0
6104,0,0,7.52,42.65,203.32,0,0,0,0
6105,0,0,7.4,42.7,202.33,0,0,0,0
6106,0,0,7.29,42.76,201.34,0,0,0,0
6107,0,0,7.17,42.81,200.35,0,0,0,0
6108,0,0,7.06,42.87,199.36,0,0,0,0
6109,0,0,6.94,42.92,198.36,0,0,0,0
6110,0,0,6.83,42.98,197.37,0,0,0,0
6111,0,0,6.72,43.04,196.38,0,0,0,0
6112,0,0,6.6,43.09,195.39,0,0,0,0
6113,0,0,6.49,43.15,194.4,0,0,0,0
6114,0,0,6.37,43.2,193.4,0,0,0,0
6115,0,0,6.26,43.26,192.41,0,0,0,0
6116,0,0,6.14,43.31,191.42,0,0,0,0
6117,0,0,6.03,43.37,190.43,0,0,0,0
6118,0,0,5.91,43.43,189.44,0,0,0,0
6119,0,0,5.81,43.48,188.55,0,0,0,0
6120,0,0,5.69,44.17,187.84,0,0,0,0
6121,0,0,5.56,44.97,187.25,0,0,0,0
6122,0,0,5.43,45.83,186.76,0,0,0,0
6123,0,0,5.29,46.74,186.35,0,0,0,0
6124,0,0,5.15,47.67,186.03,0,0,0,0
6125,0,0,5.02,48.64,185.8,0,0,0,0
6126,0,0,4.88,49.62,185.67,0,0,0,0
6127,0,0,4.85,50.61,185.79,0,0,0,0
6128,0,0,4.83,51.6,185.91,0,0,0,0
6129,0,0,4.8,52.59,186.03,0,0,0,0
6130,0,0,4.77,53.59,186.15,0,0,0,0
6131,0,0,4.74,54.58,186.27,0,0,0,0
6132,0,0,4.71,55.57,186.4,0,0,0,0
6133,0,0,4.68,56.56,186.52,0,0,0,0
6134,0,0,4.65,57.56,186.64,0,0,0,0
6135,0,0,4.65,58.56,186.61,0,0,0,0
6136,0,0,4.61,59.52,186.87,0,0,0,0
6137,0,0,4.57,60.47,187.18,0,0,0,0
6138,0,0,4.52,61.41,187.51,0,0,0,0
6139,0,0,4.47,62.36,187.82,0,0,0,0
6140,0,0,4.4,63.34,188.04,0,0,0,0
6141,0,0,4.33,64.33,188.05,0,0,0,0
6142,0,0,4.25,65.26,187.67,0,0,0,0
6143,0,0,4.18,65.95,186.95,0,0,0,0
6144,0,0,4.13,66.4,186.06,0,0,0,0
6145,0,0,4.09,66.71,185.11,0,0,0,0
6146,0,0,4.06,66.92,184.13,0,0,0,0
6147,0,0,4.03,67.08,183.15,0,0,0,0
6148,0,0,4,67.19,182.15,0,0,0,0
6149,0,0,3.98,67.27,181.16,0,0,0,0
6150,0,0,3.96,67.33,180.16,0,0,0,0
6151,0,0,3.95,67.36,179.16,0,0,0,0
6152,0,0,3.93,67.38,178.16,0,0,0,0
6153,0,0,3.92,67.38,177.16,0,0,0,0
6154,0,0,3.9,67.37,176.16,0,0,0,0
6155,0,0,3.89,67.35,175.16,0,0,0,0
6156,0,0,3.88,67.32,174.16,0,0,0,0
6157,0,0,3.87,67.3,173.42,0,0,0,0
6158,0,0,3.79,67.32,172.42,0,0,0,0
6159,0,0,3.71,67.33,171.42,0,0,0,0
6160,0,0,3.63,67.33,170.43,0,0,0,0
6161,0,0,3.55,67.33,169.43,0,0,0,0
6162,0,0,3.47,67.32,168.43,0,0,0,0
6163,0,0,3.39,67.3,167.43,0,0,0,0
6164,0,0,3.31,67.29,166.44,0,0,0,0
6165,0,0,3.23,67.26,165.44,0,0,0,0
6166,0,0,3.2,67.3,164.44,0,0,0,0
6167,0,0,3.17,67.34,163.44,0,0,0,0
6168,0,0,3.13,67.38,162.45,0,0,0,0
6169,0,0,3.1,67.42,161.45,0,0,0,0
6170,0,0,3.07,67.46,160.45,0,0,0,0
6171,0,0,3.04,67.51,159.45,0,0,0,0
6172,0,0,3.01,67.55,158.45,0,0,0,0
6173,0,0,2.98,67.59,157.45,0,0,0,0
6174,0,0,2.94,67.63,156.45,0,0,0,0
6175,0,0,2.91,67.67,155.46,0,0,0,0
6176,0,0,2.88,67.71,154.46,0,0,0,0
6177,0,0,2.85,67.75,153.46,0,0,0,0
6178,0,0,2.82,67.79,152.46,0,0,0,0
6179,0,0,2.78,67.83,151.46,0,0,0,0
6180,0,0,2.75,67.87,150.46,0,0,0,0
6181,0,0,2.72,67.91,149.46,0,0,0,0
6182,0,0,2.69,67.95,148.46,0,0,0,0
6183,0,0,2.66,67.99,147.47,0,0,0,0
6184,0,0,2.62,68.03,146.47,0,0,0,0
6185,0,0,2.59,68.07,145.47,0,0,0,0
6186,0,0,2.56,68.11,144.47,0,0,0,0
6187,0,0,2.53,68.15,143.47,0,0,0,0
6188,0,0,2.5,68.19,142.47,0,0,0,0
6189,0,0,2.47,68.23,141.47,0,0,0,0
6190,0,0,2.43,68.27,140.48,0,0,0,0
6191,0,0,2.4,68.31,139.48,0,0,0,0
6192,0,0,2.37,68.35,138.48,0,0,0,0
6193,0,0,2.34,68.39,137.48,0,0,0,0
6194,0,0,2.31,68.44,136.48,0,0,0,0
6195,0,0,2.27,68.48,135.48,0,0,0,0
6196,0,0,2.24,68.52,134.48,0,0,0,0
6197,0,0,2.21,68.56,133.48,0,0,0,0
6198,0,0,2.18,68.6,132.49,0,0,0,0
6199,0,0,2.15,68.64,131.49,0,0,0,0
6200,0,0,2.12,68.68,130.49,0,0,0,0
6201,0,0,2.08,68.72,129.49,0,0,0,0
6202,0,0,2.05,68.76,128.49,0,0,0,0
6203,0,0,2.02,68.8,127.49,0,0,0,0
6204,0,0,1.99,68.84,126.49,0,0,0,0
6205,0,0,1.96,68.88,125.5,0,0,0,0
6206,0,0,1.92,68.92,124.5,0,0,0,0
6207,0,0,1.89,68.96,123.5,0,0,0,0
6208,0,0,1.86,69,122.5,0,0,0,0
6209,0,0,1.83,69.04,121.5,0,0,0,0
6210,0,0,1.8,69.08,120.5,0,0,0,0
6211,0,0,1.76,69.12,119.5,0,0,0,0
6212,0,0,1.73,69.16,118.5,0,0,0,0
6213,0,0,1.7,69.2,117.51,0,0,0,0
6214,0,0,1.67,69.24,116.51,0,0,0,0
6215,0,0,1.64,69.28,115.51,0,0,0,0
6216,0,0,1.61,69.32,114.51,0,0,0,0
6217,0,0,1.57,69.37,113.51,0,0,0,0
6218,0,0,1.54,69.41,112.51,0,0,0,0
6219,0,0,1.51,69.45,111.51,0,0,0,0
6220,0,0,1.48,69.49,110.52,0,0,0,0
6221,0,0,1.45,69.53,109.52,0,0,0,0
6222,0,0,1.41,69.57,108.52,0,0,0,0
6223,0,0,1.38,69.61,107.52,0,0,0,0
6224,0,0,1.38,69.72,106.53,0,0,0,0
6225,0,0,1.38,69.84,105.53,0,0,0,0
6226,0,0,1.37,69.95,104.54,0,0,0,0
6227,0,0,1.37,70.07,103.55,0,0,0,0
6228,0,0,1.37,70.18,102.55,0,0,0,0
6229,0,0,1.37,70.3,101.56,0,0,0,0
6230,0,0,1.36,70.41,100.57,0,0,0,0
6231,0,0,1.36,70.53,99.57,0,0,0,0
6232,0,0,1.36,70.67,98.58,0,0,0,0
6233,0,0,1.36,70.82,97.59,0,0,0,0
6234,0,0,1.36,70.96,96.6,0,0,0,0
6235,0,0,1.36,71.11,95.61,0,0,0,0
6236,0,0,1.36,71.25,94.62,0,0,0,0
6237,0,0,1.36,71.39,93.63,0,0,0,0
6238,0,0,1.36,72.26,93.13,0,0,0,0
6239,0,0,1.36,73.11,92.62,0,0,0,0
6240,0,0,1.36,73.96,92.08,0,0,0,0
6241,0,0,1.36,74.79,91.52,0,0,0,0
6242,0,0,1.36,75.6,90.94,0,0,0,0
6243,0,0,1.36,76.4,90.34,0,0,0,0
6244,0,0,1.36,77.17,89.7,0,0,0,0
6245,0,0,1.36,77.91,89.03,0,0,0,0
6246,0,0,1.36,78.62,88.32,0,0,0,0
6247,0,0,1.36,79.28,87.57,0,0,0,0
6248,0,0,1.36,79.86,86.76,0,0,0,0
6249,0,0,1.36,80.36,85.89,0,0,0,0
6250,0,0,1.36,80.74,84.97,0,0,0,0
6251,0,0,1.37,80.72,83.97,0,0,0,0
6252,0,0,1.37,80.7,82.97,0,0,0,0
6253,0,0,1.38,80.69,81.97,0,0,0,0
6254,0,0,1.39,80.67,80.97,0,0,0,0
6255,0,0,1.39,80.66,79.97,0,0,0,0
6256,0,0,1.4,80.64,78.97,0,0,0,0
6257,0,0,1.4,80.62,77.97,0,0,0,0
6258,0,0,1.41,80.61,76.97,0,0,0,0
6259,0,0,1.42,80.59,75.97,0,0,0,0
6260,0,0,1.42,80.58,74.97,0,0,0,0
6261,0,0,1.43,80.56,73.97,0,0,0,0
6262,0,0,1.44,80.54,72.97,0,0,0,0
6263,0,0,1.44,80.53,71.97,0,0,0,0
6264,0,0,1.45,80.51,70.97,0,0,0,0
6265,0,0,1.45,80.5,69.97,0,0,0,0
6266,0,0,1.46,80.48,68.97,0,0,0,0
6267,0,0,1.47,80.46,67.97,0,0,0,0
6268,0,0,1.47,80.45,66.97,0,0,0,0
6269,0,0,1.48,80.43,65.97,0,0,0,0
6270,0,0,1.49,80.42,64.97,0,0,0,0
6271,0,0,1.49,80.91,64.1,0,0,0,0
6272,0,0,1.49,81.32,63.19,0,0,0,0
6273,0,0,1.49,81.64,62.24,0,0,0,0
6274,0,0,1.49,81.9,61.27,0,0,0,0
6275,0,0,1.49,82.06,60.29,0,0,0,0
6276,0,0,1.49,82.13,59.29,0,0,0,0
6277,0,0,1.49,82.13,58.29,0,0,0,0
6278,0,0,1.49,82.13,57.29,0,0,0,0
6279,0,0,1.49,82.13,56.29,0,0,0,0
6280,0,0,1.49,82.12,55.29,0,0,0,0
6281,0,0,1.49,82.12,54.29,0,0,0,0
6282,0,0,1.49,82.12,53.29,0,0,0,0
6283,0,0,1.49,82.12,52.29,0,0,0,0
6284,0,0,1.49,82.11,51.29,0,0,0,0
6285,0,0,1.49,82.11,50.29,0,0,0,0
6286,0,0,1.49,82.11,49.29,0,0,0,0
6287,0,0,1.49,82.11,48.29,0,0,0,0
6288,0,0,1.49,81.72,47.37,0,0,0,0
6289,0,0,1.49,81.33,46.45,0,0,0,0
6290,0,0,1.49,80.94,45.52,0,0,0,0
6291,0,0,1.49,80.97,44.53,0,0,0,0
6292,0,0,1.49,81,43.53,0,0,0,0
6293,0,0,1.49,81.03,42.53,0,0,0,0
6294,0,0,1.49,81.06,41.53,0,0,0,0
6295,0,0,1.49,81.09,40.53,0,0,0,0
6296,0,0,1.49,81.12,39.53,0,0,0,0
6297,0,0,1.49,81.16,38.53,0,0,0,0
6298,0,0,1.49,81.22,37.53,0,0,0,0
6299,0,0,1.49,81.39,36.55,0,0,0,0
6300,0,0,1.49,81.63,35.58,0,0,0,0
6301,0,0,1.49,81.93,34.62,0,0,0,0
6302,0,0,1.49,82.26,33.68,0,0,0,0
6303,0,0,1.49,82.61,32.74,0,0,0,0
6304,0,0,1.5,82.61,31.74,0,0,0,0
6305,0,0,1.52,82.61,30.74,0,0,0,0
6306,0,0,1.53,82.62,29.74,0,0,0,0
6307,0,0,1.55,82.62,28.74,0,0,0,0
6308,0,0,1.56,82.62,27.74,0,0,0,0
6309,0,0,1.58,82.63,26.74,0,0,0,0
6310,0,0,1.59,82.63,25.74,0,0,0,0
6311,0,0,1.61,82.63,24.74,0,0,0,0
6312,0,0,1.62,82.64,23.74,0,0,0,0
6313,0,0,1.63,82.64,22.74,0,0,0,0
6314,0,0,1.65,82.64,21.74,0,0,0,0
6315,0,0,1.66,82.64,20.74,0,0,0,0
6316,0,0,1.68,82.65,19.74,0,0,0,0
6317,0,0,1.69,82.65,18.74,0,0,0,0
6318,0,0,1.71,82.65,17.74,0,0,0,0
6319,0,0,1.72,82.66,16.74,0,0,0,0
6320,0,0,1.74,82.66,15.74,0,0,0,0
6321,0,0,1.75,82.66,14.74,0,0,0,0
6322,0,0,1.77,82.67,13.74,0,0,0,0
6323,0,0,1.75,82.2,12.86,0,0,0,0
6324,0,0,1.73,81.94,11.89,0,0,0,0
6325,0,0,1.72,81.81,10.9,0,0,0,0
6326,0,0,1.7,81.78,9.9,0,0,0,0
6327,0,0,1.68,81.82,8.9,0,0,0,0
6328,0,0,1.68,81.86,7.9,0,0,0,0
6329,0,0,1.67,81.91,6.9,0,0,0,0
6330,0,0,1.67,81.95,5.9,0,0,0,0
6331,0,0,1.7,81.96,4.9,0,0,0,0
6332,0,0,1.73,81.97,3.9,0,0,0,0
6333,0,0,1.76,81.99,2.91,0,0,0,0
6334,0,0,1.79,82,1.91,0,0,0,0
6335,0,0,1.82,82.01,0.91,0,0,0,0
6336,0,0,1.85,82.02,-0.09,0,0,0,0
6337,0,0,1.88,82.03,-1.09,0,0,0,0
6338,0,0,1.91,82.04,-2.09,0,0,0,0
6339,0,0,1.94,82.05,-3.09,0,0,0,0
6340,0,0,1.97,82.07,-4.09,0,0,0,0
6341,0,0,2,82.08,-5.09,0,0,0,0
6342,0,0,2.03,82.09,-6.09,0,0,0,0
6343,0,0,2.06,82.1,-7.09,0,0,0,0
6344,0,0,2.11,82.6,-7.96,0,0,0,0
6345,0,0,2.16,83.01,-8.86,0,0,0,0
6346,0,0,2.22,83.36,-9.8,0,0,0,0
6347,0,0,2.29,83.63,-10.76,0,0,0,0
6348,0,0,2.36,83.84,-11.73,0,0,0,0
6349,0,0,2.43,84.01,-12.72,0,0,0,0
6350,0,0,2.5,84.13,-13.71,0,0,0,0
6351,0,0,2.56,84.2,-14.7,0,0,0,0
6352,0,0,2.63,84.24,-15.7,0,0,0,0
6353,0,0,2.63,84.18,-16.7,0,0,0,0
6354,0,0,2.63,84.11,-17.7,0,0,0,0
6355,0,0,2.63,84.05,-18.69,0,0,0,0
6356,0,0,2.63,83.98,-19.69,0,0,0,0
6357,0,0,2.64,83.92,-20.69,0,0,0,0
6358,0,0,2.64,83.85,-21.69,0,0,0,0
6359,0,0,2.7,83.87,-22.69,0,0,0,0
6360,0,0,2.75,83.88,-23.69,0,0,0,0
6361,0,0,2.81,83.9,-24.68,0,0,0,0
6362,0,0,2.87,83.91,-25.68,0,0,0,0
6363,0,0,2.92,83.93,-26.68,0,0,0,0
6364,0,0,2.98,83.94,-27.68,0,0,0,0
6365,0,0,3.04,83.95,-28.68,0,0,0,0
6366,0,0,3.09,83.97,-29.67,0,0,0,0
6367,0,0,3.15,83.98,-30.67,0,0,0,0
6368,0,0,3.21,84,-31.67,0,0,0,0
6369,0,0,3.26,84.01,-32.67,0,0,0,0
6370,0,0,3.32,84.03,-33.67,0,0,0,0
6371,0,0,3.38,84.04,-34.67,0,0,0,0
6372,0,0,3.44,84.06,-35.66,0,0,0,0
6373,0,0,3.49,84.07,-36.66,0,0,0,0
6374,0,0,3.55,84.09,-37.66,0,0,0,0
6375,0,0,3.61,84.1,-38.66,0,0,0,0
6376,0,0,3.66,84.11,-39.66,0,0,0,0
6377,0,0,3.72,84.13,-40.66,0,0,0,0
6378,0,0,3.77,85.13,-40.69,0,0,0,0
6379,0,0,3.78,84.99,-40.61,0,0,0,0
6380,0,0,3.83,85,-41.61,0,0,0,0
6381,0,0,3.88,85.02,-42.6,0,0,0,0
6382,0,0,3.93,85.03,-43.6,0,0,0,0
6383,0,0,3.98,85.05,-44.6,0,0,0,0
6384,0,0,4.03,85.06,-45.6,0,0,0,0
6385,0,0,4.08,85.08,-46.6,0,0,0,0
6386,0,0,4.13,85.09,-47.6,0,0,0,0
6387,0,0,4.18,85.11,-48.6,0,0,0,0
6388,0,0,4.23,85.12,-49.59,0,0,0,0
6389,0,0,4.28,85.14,-50.59,0,0,0,0
6390,0,0,4.33,85.15,-51.59,0,0,0,0
6391,0,0,4.38,85.17,-52.59,0,0,0,0
6392,0,0,4.43,85.19,-53.59,0,0,0,0
6393,0,0,4.48,85.2,-54.59,0,0,0,0
6394,0,0,4.53,85.22,-55.59,0,0,0,0
6395,0,0,4.58,85.23,-56.58,0,0,0,0
6396,0,0,4.63,85.25,-57.58,0,0,0,0
6397,0,0,4.68,85.26,-58.58,0,0,0,0
6398,0,0,4.69,85.26,-58.7,0,0,0,0
6399,0,0,4.74,84.39,-58.62,0,0,0,0
6400,0,0,4.8,84.41,-59.62,0,0,0,0
6401,0,0,4.86,84.42,-60.62,0,0,0,0
6402,0,0,4.91,84.43,-61.62,0,0,0,0
6403,0,0,4.97,84.45,-62.62,0,0,0,0
6404,0,0,5.03,84.46,-63.62,0,0,0,0
6405,0,0,5.09,84.48,-64.61,0,0,0,0
6406,0,0,5.14,84.49,-65.61,0,0,0,0
6407,0,0,5.2,84.51,-66.61,0,0,0,0
6408,0,0,5.26,84.52,-67.61,0,0,0,0
6409,0,0,5.31,84.54,-68.61,0,0,0,0
6410,0,0,5.37,84.55,-69.61,0,0,0,0
6411,0,0,5.43,84.57,-70.6,0,0,0,0
6412,0,0,5.48,84.58,-71.6,0,0,0,0
6413,0,0,5.54,84.59,-72.6,0,0,0,0
6414,0,0,5.6,84.61,-73.6,0,0,0,0
6415,0,0,5.6,84.96,-74.54,0,0,0,0
6416,0,0,5.6,85.22,-75.5,0,0,0,0
6417,0,0,5.6,85.38,-76.49,0,0,0,0
6418,0,0,5.59,85.43,-77.49,0,0,0,0
6419,0,0,5.59,85.34,-78.48,0,0,0,0
6420,0,0,5.59,85.12,-79.46,0,0,0,0
6421,0,0,5.59,84.75,-80.39,0,0,0,0
6422,0,0,5.59,84.23,-81.25,0,0,0,0
6423,0,0,5.59,83.61,-82.02,0,0,0,0
6424,0,0,5.59,82.87,-82.7,0,0,0,0
6425,0,0,5.7,82.17,-83.4,0,0,0,0
6426,0,0,5.84,81.58,-84.2,0,0,0,0
6427,0,0,5.99,81.13,-85.08,0,0,0,0
6428,0,0,6.15,80.81,-86.02,0,0,0,0
6429,0,0,6.31,80.61,-86.98,0,0,0,0
6430,0,0,6.46,80.61,-87.97,0,0,0,0
6431,0,0,6.61,80.62,-88.96,0,0,0,0
6432,0,0,6.76,80.63,-89.91,0,0,0,0
6433,0,0,5.5,80.24,-78.12,0,0,0,0
6434,0,0,5.53,79.29,-78.42,0,0,0,0
6435,0,0,5.55,78.33,-78.71,0,0,0,0
6436,0,0,5.58,77.38,-79.01,0,0,0,0
6437,0,0,5.58,77.37,-79.01,0,0,0,0
6438,0,0,5.54,76.37,-79.04,0,0,0,0
6439,0,0,5.51,75.37,-79.07,0,0,0,0
6440,0,0,5.47,74.37,-79.1,0,0,0,0
6441,0,0,5.43,73.37,-79.13,0,0,0,0
6442,0,0,5.39,72.37,-79.16,0,0,0,0
6443,0,0,5.36,71.37,-79.19,0,0,0,0
6444,0,0,5.32,70.37,-79.22,0,0,0,0
6445,0,0,5.28,69.38,-79.25,0,0,0,0
6446,0,0,5.24,68.38,-79.28,0,0,0,0
6447,0,0,5.21,67.38,-79.31,0,0,0,0
6448,0,0,5.17,66.38,-79.34,0,0,0,0
6449,0,0,5.13,65.38,-79.37,0,0,0,0
6450,0,0,5.09,64.38,-79.4,0,0,0,0
6451,0,0,5.06,63.38,-79.43,0,0,0,0
6452,0,0,5.02,62.38,-79.46,0,0,0,0
6453,0,0,4.98,61.38,-79.49,0,0,0,0
6454,0,0,4.94,60.39,-79.52,0,0,0,0
6455,0,0,4.91,59.39,-79.55,0,0,0,0
6456,0,0,4.87,58.39,-79.59,0,0,0,0
6457,0,0,4.83,57.39,-79.62,0,0,0,0
6458,0,0,4.79,56.39,-79.65,0,0,0,0
6459,0,0,4.75,55.39,-79.68,0,0,0,0
6460,0,0,4.71,54.39,-79.71,0,0,0,0
6461,0,0,4.68,53.39,-79.74,0,0,0,0
6462,0,0,4.64,52.4,-79.78,0,0,0,0
6463,0,0,4.6,51.4,-79.81,0,0,0,0
6464,0,0,4.56,50.4,-79.84,0,0,0,0
6465,0,0,4.52,49.4,-79.87,0,0,0,0
6466,0,0,4.48,48.4,-79.9,0,0,0,0
6467,0,0,4.45,47.4,-79.93,0,0,0,0
6468,0,0,4.41,46.4,-79.97,0,0,0,0
6469,0,0,4.37,45.4,-80,0,0,0,0
6470,0,0,4.33,44.41,-80.03,0,0,0,0
6471,0,0,4.29,43.41,-80.06,0,0,0,0
6472,0,0,4.26,42.41,-80.09,0,0,0,0
6473,0,0,4.22,41.41,-80.13,0,0,0,0
6474,0,0,4.18,40.41,-80.16,0,0,0,0
6475,0,0,4.14,39.41,-80.19,0,0,0,0
6476,0,0,4.1,38.41,-80.22,0,0,0,0
6477,0,0,4.06,37.41,-80.25,0,0,0,0
6478,0,0,4.03,36.42,-80.28,0,0,0,0
6479,0,0,3.99,35.42,-80.32,0,0,0,0
6480,0,0,3.95,34.42,-80.35,0,0,0,0
6481,0,0,3.91,33.42,-80.38,0,0,0,0
6482,0,0,3.87,32.42,-80.41,0,0,0,0
6483,0,0,3.83,31.42,-80.44,0,0,0,0
6484,0,0,3.8,30.42,-80.47,0,0,0,0
6485,0,0,3.76,29.42,-80.51,0,0,0,0
6486,0,0,3.72,28.43,-80.54,0,0,0,0
6487,0,0,3.68,27.43,-80.57,0,0,0,0
6488,0,0,3.64,26.43,-80.6,0,0,0,0
6489,0,0,3.61,25.43,-80.63,0,0,0,0
6490,0,0,3.57,24.43,-80.66,0,0,0,0
6491,0,0,3.53,23.43,-80.7,0,0,0,0
6492,0,0,3.49,22.43,-80.73,0,0,0,0
6493,0,0,3.45,21.43,-80.76,0,0,0,0
6494,0,0,3.41,20.43,-80.79,0,0,0,0
6495,0,0,3.38,19.44,-80.82,0,0,0,0
6496,0,0,3.34,18.44,-80.85,0,0,0,0
6497,0,0,3.3,17.44,-80.89,0,0,0,0
6498,0,0,3.26,16.44,-80.92,0,0,0,0
6499,0,0,3.22,15.44,-80.95,0,0,0,0
6500,0,0,3.18,14.44,-80.98,0,0,0,0
6501,0,0,3.15,13.44,-81.01,0,0,0,0
6502,0,0,3.11,12.44,-81.05,0,0,0,0
6503,0,0,3.07,11.45,-81.08,0,0,0,0
6504,0,0,3.03,10.45,-81.11,0,0,0,0
6505,0,0,2.99,9.45,-81.14,0,0,0,0
6506,0,0,2.96,8.45,-81.17,0,0,0,0
6507,0,0,2.92,7.45,-81.2,0,0,0,0
6508,0,0,2.88,6.45,-81.24,0,0,0,0
6509,0,0,2.84,5.45,-81.27,0,0,0,0
6510,0,0,2.8,4.45,-81.3,0,0,0,0
6511,0,0,2.76,3.46,-81.33,0,0,0,0
6512,0,0,2.73,2.46,-81.36,0,0,0,0
6513,0,0,2.68,1.47,-81.19,0,0,0,0
6514,0,0,2.63,0.9,-80.38,0,0,0,0
6515,0,0,2.58,0.67,-79.4,0,0,0,0
6516,0,0,2.52,0.65,-78.41,0,0,0,0
6517,0,0,2.46,0.72,-77.41,0,0,0,0
6518,0,0,2.46,0.72,-77.4,0,0,0,0
6519,0,0,2.41,0.79,-76.4,0,0,0,0
6520,0,0,2.34,0.75,-75.4,0,0,0,0
6521,0,0,2.27,0.71,-74.41,0,0,0,0
6522,0,0,2.21,0.68,-73.41,0,0,0,0
6523,0,0,2.14,0.64,-72.41,0,0,0,0
6524,0,0,2.07,0.6,-71.42,0,0,0,0
6525,0,0,2,0.56,-70.42,0,0,0,0
6526,0,0,1.94,0.52,-69.42,0,0,0,0
6527,0,0,1.87,0.49,-68.42,0,0,0,0
6528,0,0,1.8,0.45,-67.43,0,0,0,0
6529,0,0,1.74,0.41,-66.43,0,0,0,0
6530,0,0,1.67,0.37,-65.43,0,0,0,0
6531,0,0,1.6,0.33,-64.44,0,0,0,0
6532,0,0,1.53,0.3,-63.44,0,0,0,0
6533,0,0,1.47,0.26,-62.44,0,0,0,0
6534,0,0,1.4,0.22,-61.45,0,0,0,0
6535,0,0,1.33,0.18,-60.45,0,0,0,0
6536,0,0,1.27,0.14,-59.45,0,0,0,0
6537,0,0,1.2,0.11,-58.45,0,0,0,0
6538,0,0,1.13,0.07,-57.46,0,0,0,0
6539,0,0,1.09,0.03,-56.46,0,0,0,0
6540,0,0,1.04,0,-55.46,0,0,0,0
6541,0,0,1,-0.04,-54.46,0,0,0,0
6542,0,0,0.95,-0.07,-53.47,0,0,0,0
6543,0,0,0.91,-0.11,-52.47,0,0,0,0
6544,0,0,0.87,-0.15,-51.47,0,0,0,0
6545,0,0,0.82,-0.18,-50.47,0,0,0,0
6546,0,0,0.78,-0.22,-49.47,0,0,0,0
6547,0,0,0.74,-0.26,-48.47,0,0,0,0
6548,0,0,0.69,-0.29,-47.48,0,0,0,0
6549,0,0,0.65,-0.33,-46.48,0,0,0,0
6550,0,0,0.6,-0.36,-45.48,0,0,0,0
6551,0,0,0.56,-0.4,-44.48,0,0,0,0
6552,0,0,0.52,-0.44,-43.48,0,0,0,0
6553,0,0,0.47,-0.47,-42.48,0,0,0,0
6554,0,0,0.43,-0.51,-41.49,0,0,0,0
6555,0,0,0.39,-0.55,-40.49,0,0,0,0
6556,0,0,0.34,-0.58,-39.49,0,0,0,0
6557,0,0,0.3,-0.62,-38.49,0,0,0,0
6558,0,0,0.25,-0.65,-37.49,0,0,0,0
6559,0,0,0.21,-0.69,-36.49,0,0,0,0
6560,0,0,0.17,-0.73,-35.5,0,0,0,0
6561,0,0,0.12,-0.76,-34.5,0,0,0,0
6562,0,0,0.08,-0.8,-33.5,0,0,0,0
6563,0,0,0.04,-0.84,-32.5,0,0,0,0
6564,0,0,-0.01,-0.87,-31.5,0,0,0,0
6565,0,0,-0.05,-0.91,-30.5,0,0,0,0
6566,0,0,-0.1,-0.94,-29.51,0,0,0,0
6567,0,0,-0.14,-0.98,-28.51,0,0,0,0
6568,0,0,-0.18,-1.02,-27.51,0,0,0,0
6569,0,0,-0.23,-1.05,-26.51,0,0,0,0
6570,0,0,-0.27,-1.09,-25.51,0,0,0,0
6571,0,0,-0.31,-1.13,-24.51,0,0,0,0
6572,0,0,-0.36,-1.16,-23.51,0,0,0,0
6573,0,0,-0.4,-1.2,-22.52,0,0,0,0
6574,0,0,-0.45,-1.23,-21.52,0,0,0,0
6575,0,0,-0.49,-1.27,-20.52,0,0,0,0
6576,0,0,-0.53,-1.31,-19.52,0,0,0,0
6577,0,0,-0.58,-1.34,-18.52,0,0,0,0
6578,0,0,-0.62,-1.38,-17.52,0,0,0,0
6579,0,0,-0.67,-1.42,-16.53,0,0,0,0
6580,0,0,-0.71,-1.45,-15.53,0,0,0,0
6581,0,0,-0.75,-1.49,-14.53,0,0,0,0
6582,0,0,-0.8,-1.52,-13.53,0,0,0,0
6583,0,0,-0.84,-1.56,-12.53,0,0,0,0
6584,0,0,-0.88,-1.6,-11.53,0,0,0,0
6585,0,0,-0.93,-1.63,-10.54,0,0,0,0
6586,0,0,-0.97,-1.67,-9.54,0,0,0,0
6587,0,0,-1.02,-1.71,-8.54,0,0,0,0
6588,0,0,-1.06,-1.74,-7.54,0,0,0,0
6589,0,0,-1.1,-1.78,-6.54,0,0,0,0
6590,0,0,-1.15,-1.81,-5.54,0,0,0,0
6591,0,0,-1.19,-1.85,-4.55,0,0,0,0
6592,0,0,-1.23,-1.89,-3.55,0,0,0,0
6593,0,0,-1.24,-1.06,-2.98,0,0,0,0
6594,0,0,-1.25,-0.29,-2.74,0,0,0,0
6595,0,0,-1.21,0.71,-2.69,0,0,0,0
6596,0,0,-1.16,1.71,-2.65,0,0,0,0
6597,0,0,-1.11,2.7,-2.6,0,0,0,0
6598,0,0,-1.07,3.7,-2.56,0,0,0,0
6599,0,0,-1.02,4.7,-2.51,0,0,0,0
6600,0,0,-0.97,5.7,-2.47,0,0,0,0
6601,0,0,-0.93,6.69,-2.42,0,0,0,0
6602,0,0,-0.89,7.69,-2.38,0,0,0,0
6603,0,0,-0.85,8.69,-2.34,0,0,0,0
6604,0,0,-0.82,9.69,-2.3,0,0,0,0
6605,0,0,-0.78,10.69,-2.26,0,0,0,0
6606,0,0,-0.75,11.69,-2.22,0,0,0,0
6607,0,0,-0.71,12.69,-2.18,0,0,0,0
6608,0,0,-0.68,13.68,-2.14,0,0,0,0
6609,0,0,-0.64,14.68,-2.1,0,0,0,0
6610,0,0,-0.61,15.68,-2.06,0,0,0,0
6611,0,0,-0.57,16.68,-2.02,0,0,0,0
6612,0,0,-0.54,17.68,-1.98,0,0,0,0
6613,0,0,-0.5,18.68,-1.94,0,0,0,0
6614,0,0,-0.47,19.68,-1.9,0,0,0,0
6615,0,0,-0.43,20.67,-1.86,0,0,0,0
6616,0,0,-0.39,21.67,-1.82,0,0,0,0
6617,0,0,-0.36,22.67,-1.79,0,0,0,0
6618,0,0,-0.32,23.67,-1.75,0,0,0,0
6619,0,0,-0.29,24.67,-1.71,0,0,0,0
6620,0,0,-0.25,25.67,-1.67,0,0,0,0
6621,0,0,-0.22,26.67,-1.63,0,0,0,0
6622,0,0,-0.18,27.66,-1.59,0,0,0,0
6623,0,0,-0.15,28.66,-1.55,0,0,0,0
6624,0,0,-0.11,29.66,-1.51,0,0,0,0
6625,0,0,-0.08,30.66,-1.47,0,0,0,0
6626,0,0,-0.04,31.66,-1.43,0,0,0,0
6627,0,0,-0.01,32.66,-1.39,0,0,0,0
6628,0,0,0.03,33.66,-1.35,0,0,0,0
6629,0,0,0.07,34.65,-1.31,0,0,0,0
6630,0,0,0.1,35.65,-1.27,0,0,0,0
6631,0,0,0.14,36.65,-1.23,0,0,0,0
6632,0,0,0.17,37.65,-1.19,0,0,0,0
6633,0,0,0.21,38.65,-1.15,0,0,0,0
6634,0,0,0.24,39.65,-1.11,0,0,0,0
6635,0,0,0.28,40.65,-1.07,0,0,0,0
6636,0,0,0.31,41.64,-1.03,0,0,0,0
6637,0,0,0.35,42.64,-0.99,0,0,0,0
6638,0,0,0.38,43.64,-0.95,0,0,0,0
6639,0,0,0.42,44.64,-0.91,0,0,0,0
6640,0,0,0.46,45.64,-0.87,0,0,0,0
6641,0,0,0.49,46.64,-0.83,0,0,0,0
6642,0,0,0.53,47.64,-0.79,0,0,0,0
6643,0,0,0.56,48.63,-0.75,0,0,0,0
6644,0,0,0.6,49.63,-0.71,0,0,0,0
6645,0,0,0.63,50.63,-0.67,0,0,0,0
6646,0,0,0.67,51.63,-0.63,0,0,0,0
6647,0,0,0.7,52.63,-0.59,0,0,0,0
6648,0,0,0.74,53.63,-0.55,0,0,0,0
6649,0,0,0.77,54.63,-0.51,0,0,0,0
6650,0,0,0.81,55.62,-0.47,0,0,0,0
6651,0,0,0.84,56.62,-0.43,0,0,0,0
6652,0,0,0.88,57.62,-0.39,0,0,0,0
6653,0,0,0.92,58.62,-0.35,0,0,0,0
6654,0,0,0.95,59.62,-0.31,0,0,0,0
6655,0,0,0.99,60.62,-0.27,0,0,0,0
6656,0,0,1.02,61.62,-0.23,0,0,0,0
6657,0,0,1.06,62.61,-0.19,0,0,0,0
6658,0,0,1.09,63.61,-0.15,0,0,0,0
6659,0,0,1.13,64.61,-0.11,0,0,0,0
6660,0,0,1.16,65.61,-0.07,0,0,0,0
6661,0,0,1.2,66.61,-0.03,0,0,0,0
6662,0,0,1.23,67.61,0.01,0,0,0,0
6663,0,0,1.27,68.61,0.05,0,0,0,0
6664,0,0,1.3,69.61,0.09,0,0,0,0
6665,0,0,1.34,70.6,0.13,0,0,0,0
6666,0,0,1.38,71.6,0.17,0,0,0,0
6667,0,0,1.41,72.6,0.21,0,0,0,0
6668,0,0,1.45,73.6,0.25,0,0,0,0
6669,0,0,1.48,74.6,0.29,0,0,0,0
6670,0,0,1.52,75.6,0.33,0,0,0,0
6671,0,0,1.55,76.59,0.2,0,0,0,0
6672,0,0,1.59,77.36,-0.43,0,0,0,0
6673,0,0,1.64,77.73,-1.36,0,0,0,0
6674,0,0,1.69,77.82,-2.36,0,0,0,0
6675,0,0,1.73,77.84,-3.35,0,0,0,0
6676,0,0,1.77,77.87,-4.35,0,0,0,0
6677,0,0,1.82,77.9,-5.35,0,0,0,0
6678,0,0,1.87,77.94,-6.35,0,0,0,0
6679,0,0,1.92,77.97,-7.35,0,0,0,0
6680,0,0,1.97,78,-8.35,0,0,0,0
6681,0,0,2.02,78.03,-9.34,0,0,0,0
6682,0,0,2.07,78.06,-10.34,0,0,0,0
6683,0,0,2.12,78.1,-11.34,0,0,0,0
6684,0,0,2.17,78.13,-12.34,0,0,0,0
6685,0,0,2.22,78.16,-13.34,0,0,0,0
6686,0,0,2.27,78.19,-14.34,0,0,0,0
6687,0,0,2.32,78.22,-15.33,0,0,0,0
6688,0,0,2.37,78.26,-16.33,0,0,0,0
6689,0,0,2.42,78.29,-17.33,0,0,0,0
6690,0,0,2.47,78.32,-18.33,0,0,0,0
6691,0,0,2.53,78.35,-19.33,0,0,0,0
6692,0,0,2.58,78.38,-20.32,0,0,0,0
6693,0,0,2.63,78.42,-21.32,0,0,0,0
6694,0,0,2.68,78.45,-22.32,0,0,0,0
6695,0,0,2.73,78.48,-23.32,0,0,0,0
6696,0,0,2.78,78.51,-24.32,0,0,0,0
6697,0,0,2.83,78.54,-25.32,0,0,0,0
6698,0,0,2.88,78.58,-26.31,0,0,0,0
6699,0,0,2.93,78.61,-27.31,0,0,0,0
6700,0,0,2.98,78.64,-28.31,0,0,0,0
6701,0,0,3.03,78.67,-29.31,0,0,0,0
6702,0,0,3.08,78.7,-30.31,0,0,0,0
6703,0,0,3.13,78.74,-31.3,0,0,0,0
6704,0,0,3.18,78.77,-32.3,0,0,0,0
6705,0,0,3.23,78.8,-33.3,0,0,0,0
6706,0,0,3.28,78.83,-34.3,0,0,0,0
6707,0,0,3.33,78.87,-35.3,0,0,0,0
6708,0,0,3.38,78.9,-36.3,0,0,0,0
6709,0,0,3.43,78.93,-37.29,0,0,0,0
6710,0,0,3.48,78.96,-38.29,0,0,0,0
6711,0,0,3.53,78.99,-39.29,0,0,0,0
6712,0,0,3.59,79.03,-40.29,0,0,0,0
6713,0,0,3.64,79.06,-41.29,0,0,0,0
6714,0,0,3.69,79.09,-42.29,0,0,0,0
6715,0,0,3.74,79.12,-43.28,0,0,0,0
6716,0,0,3.79,79.15,-44.28,0,0,0,0
6717,0,0,3.84,79.19,-45.28,0,0,0,0
6718,0,0,3.89,79.22,-46.28,0,0,0,0
6719,0,0,3.94,79.25,-47.28,0,0,0,0
6720,0,0,3.99,79.28,-48.27,0,0,0,0
6721,0,0,4.04,79.31,-49.27,0,0,0,0
6722,0,0,4.09,79.35,-50.27,0,0,0,0
6723,0,0,4.14,79.38,-51.27,0,0,0,0
6724,0,0,4.19,79.41,-52.27,0,0,0,0
6725,0,0,4.24,79.44,-53.27,0,0,0,0
6726,0,0,4.29,79.47,-54.26,0,0,0,0
6727,0,0,4.34,79.51,-55.26,0,0,0,0
6728,0,0,4.39,79.54,-56.26,0,0,0,0
6729,0,0,4.44,79.57,-57.26,0,0,0,0
6730,0,0,4.49,79.6,-58.26,0,0,0,0
6731,0,0,4.54,79.63,-59.25,0,0,0,0
6732,0,0,4.59,79.67,-60.25,0,0,0,0
6733,0,0,4.65,79.7,-61.25,0,0,0,0
6734,0,0,4.7,79.73,-62.25,0,0,0,0
6735,0,0,4.75,79.76,-63.25,0,0,0,0
6736,0,0,4.8,79.79,-64.25,0,0,0,0
6737,0,0,4.85,79.83,-65.24,0,0,0,0
6738,0,0,4.9,79.86,-66.24,0,0,0,0
6739,0,0,4.95,79.89,-67.24,0,0,0,0
6740,0,0,5,79.92,-68.24,0,0,0,0
6741,0,0,5.05,79.96,-69.24,0,0,0,0
6742,0,0,5.1,79.99,-70.23,0,0,0,0
6743,0,0,5.15,80.02,-71.23,0,0,0,0
6744,0,0,5.2,80.05,-72.23,0,0,0,0
6745,0,0,5.25,80.08,-73.23,0,0,0,0
6746,0,0,5.3,80.12,-74.23,0,0,0,0
6747,0,0,5.35,80.15,-75.23,0,0,0,0
6748,0,0,5.4,80.18,-76.22,0,0,0,0
6749,0,0,5.45,80.21,-77.22,0,0,0,0
6750,0,0,5.5,80.24,-78.12,0,0,0,0
6751,0,0,1.54,76.29,4.42,0,0,0,0
6752,0,0,1.35,74.34,4.29,0,0,0,0
6753,0,0,1.32,73.35,4.25,0,0,0,0
6754,0,0,1.28,72.35,4.21,0,0,0,0
6755,0,0,1.25,71.35,4.17,0,0,0,0
6756,0,0,1.21,70.35,4.13,0,0,0,0
6757,0,0,1.18,69.35,4.09,0,0,0,0
6758,0,0,1.14,68.35,4.05,0,0,0,0
6759,0,0,1.1,67.35,4.01,0,0,0,0
6760,0,0,1.07,66.36,3.97,0,0,0,0
6761,0,0,1.03,65.36,3.93,0,0,0,0
6762,0,0,1,64.36,3.89,0,0,0,0
6763,0,0,0.96,63.36,3.85,0,0,0,0
6764,0,0,0.92,62.36,3.81,0,0,0,0
6765,0,0,0.89,61.36,3.77,0,0,0,0
6766,0,0,0.85,60.36,3.73,0,0,0,0
6767,0,0,0.82,59.37,3.69,0,0,0,0
6768,0,0,0.78,58.37,3.65,0,0,0,0
6769,0,0,0.75,57.37,3.61,0,0,0,0
6770,0,0,0.71,56.37,3.56,0,0,0,0
6771,0,0,0.67,55.37,3.52,0,0,0,0
6772,0,0,0.64,54.37,3.48,0,0,0,0
6773,0,0,0.6,53.37,3.44,0,0,0,0
6774,0,0,0.57,52.38,3.4,0,0,0,0
6775,0,0,0.53,51.38,3.36,0,0,0,0
6776,0,0,0.49,50.38,3.32,0,0,0,0
6777,0,0,0.46,49.38,3.28,0,0,0,0
6778,0,0,0.42,48.38,3.24,0,0,0,0
6779,0,0,0.39,47.38,3.2,0,0,0,0
6780,0,0,0.35,46.38,3.16,0,0,0,0
6781,0,0,0.31,45.39,3.12,0,0,0,0
6782,0,0,0.28,44.39,3.08,0,0,0,0
6783,0,0,0.24,43.39,3.04,0,0,0,0
6784,0,0,0.21,42.39,3,0,0,0,0
6785,0,0,0.17,41.39,2.96,0,0,0,0
6786,0,0,0.14,40.39,2.92,0,0,0,0
6787,0,0,0.1,39.4,2.88,0,0,0,0
6788,0,0,0.06,38.4,2.84,0,0,0,0
6789,0,0,0.03,37.4,2.8,0,0,0,0
6790,0,0,-0.01,36.4,2.76,0,0,0,0
6791,0,0,-0.04,35.4,2.72,0,0,0,0
6792,0,0,-0.08,34.4,2.68,0,0,0,0
6793,0,0,-0.12,33.4,2.64,0,0,0,0
6794,0,0,-0.15,32.41,2.6,0,0,0,0
6795,0,0,-0.19,31.41,2.56,0,0,0,0
6796,0,0,-0.22,30.41,2.52,0,0,0,0
6797,0,0,-0.26,29.41,2.48,0,0,0,0
6798,0,0,-0.29,28.41,2.44,0,0,0,0
6799,0,0,-0.33,27.41,2.4,0,0,0,0
6800,0,0,-0.37,26.41,2.36,0,0,0,0
6801,0,0,-0.4,25.42,2.31,0,0,0,0
6802,0,0,-0.44,24.42,2.27,0,0,0,0
6803,0,0,-0.47,23.42,2.23,0,0,0,0
6804,0,0,-0.51,22.42,2.19,0,0,0,0
6805,0,0,-0.55,21.42,2.15,0,0,0,0
6806,0,0,-0.58,20.42,2.11,0,0,0,0
6807,0,0,-0.62,19.42,2.07,0,0,0,0
6808,0,0,-0.65,18.43,2.03,0,0,0,0
6809,0,0,-0.69,17.43,1.99,0,0,0,0
6810,0,0,-0.73,16.43,1.95,0,0,0,0
6811,0,0,-0.76,15.43,1.91,0,0,0,0
6812,0,0,-0.8,14.43,1.87,0,0,0,0
6813,0,0,-0.83,13.43,1.83,0,0,0,0
6814,0,0,-0.87,12.43,1.79,0,0,0,0
6815,0,0,-0.9,11.44,1.75,0,0,0,0
6816,0,0,-0.94,10.44,1.71,0,0,0,0
6817,0,0,-0.98,9.44,1.67,0,0,0,0
6818,0,0,-1.01,8.44,1.63,0,0,0,0
6819,0,0,-1.05,7.44,1.59,0,0,0,0
6820,0,0,-1.08,6.44,1.55,0,0,0,0
6821,0,0,-1.12,5.44,1.51,0,0,0,0
6822,0,0,-1.16,4.45,1.47,0,0,0,0
6823,0,0,-1.19,3.45,1.43,0,0,0,0
6824,0,0,-1.23,2.45,1.39,0,0,0,0
6825,0,0,-1.26,1.45,1.35,0,0,0,0
6826,0,0,-1.26,0.45,1.32,0,0,0,0
6827,0,0,-1.27,-0.54,1.42,0,0,0,0
6828,0,0,-1.27,-1.46,1.81,0,0,0,0
6829,0,0,-1.27,-2.05,2.62,0,0,0,0
6830,0,0,-1.28,-2.32,3.58,0,0,0,0
6831,0,0,-1.28,-2.44,4.58,0,0,0,0
6832,0,0,-1.28,-2.49,5.58,0,0,0,0
6833,0,0,-1.28,-2.51,6.58,0,0,0,0
6834,0,0,-1.28,-2.5,7.58,0,0,0,0
6835,0,0,-1.28,-2.49,8.58,0,0,0,0
6836,0,0,-1.29,-2.47,9.58,0,0,0,0
6837,0,0,-1.29,-2.46,10.57,0,0,0,0
6838,0,0,-1.29,-2.44,11.57,0,0,0,0
6839,0,0,-1.29,-2.43,12.57,0,0,0,0
6840,0,0,-1.29,-2.42,13.57,0,0,0,0
6841,0,0,-1.29,-2.41,14.57,0,0,0,0
6842,0,0,-1.29,-2.41,15.57,0,0,0,0
6843,0,0,-1.29,-2.41,16.57,0,0,0,0
6844,0,0,-1.29,-2.41,17.57,0,0,0,0
6845,0,0,-1.29,-2.42,18.57,0,0,0,0
6846,0,0,-1.29,-2.44,19.57,0,0,0,0
6847,0,0,-1.29,-2.46,20.57,0,0,0,0
6848,0,0,-1.29,-2.48,21.57,0,0,0,0
6849,0,0,-1.3,-2.51,22.57,0,0,0,0
6850,0,0,-1.3,-2.55,23.57,0,0,0,0
6851,0,0,-1.3,-2.58,24.57,0,0,0,0
6852,0,0,-1.3,-2.63,25.57,0,0,0,0
6853,0,0,-1.3,-2.67,26.57,0,0,0,0
6854,0,0,-1.3,-2.72,27.57,0,0,0,0
6855,0,0,-1.3,-2.78,28.57,0,0,0,0
6856,0,0,-1.3,-2.83,29.57,0,0,0,0
6857,0,0,-1.3,-2.9,30.56,0,0,0,0
6858,0,0,-1.3,-2.96,31.56,0,0,0,0
6859,0,0,-1.3,-3.03,32.56,0,0,0,0
6860,0,0,-1.3,-3.11,33.56,0,0,0,0
6861,0,0,-1.3,-3.15,34.56,0,0,0,0
6862,0,0,-1.3,-3.2,35.55,0,0,0,0
6863,0,0,-1.3,-3.25,36.55,0,0,0,0
6864,0,0,-1.3,-3.3,37.55,0,0,0,0
6865,0,0,-1.3,-3.33,38.16,0,0,0,0
6866,0,0,-1.3,-3.36,39.16,0,0,0,0
6867,0,0,-1.29,-3.39,40.16,0,0,0,0
6868,0,0,-1.29,-3.42,41.16,0,0,0,0
6869,0,0,-1.29,-3.45,42.16,0,0,0,0
6870,0,0,-1.29,-3.48,43.16,0,0,0,0
6871,0,0,-1.29,-3.51,44.16,0,0,0,0
6872,0,0,-1.28,-3.54,45.16,0,0,0,0
6873,0,0,-1.28,-3.58,46.16,0,0,0,0
6874,0,0,-1.28,-3.61,47.16,0,0,0,0
6875,0,0,-1.28,-3.64,48.16,0,0,0,0
6876,0,0,-1.28,-3.67,49.16,0,0,0,0
6877,0,0,-1.27,-3.7,50.16,0,0,0,0
6878,0,0,-1.27,-3.73,51.16,0,0,0,0
6879,0,0,-1.27,-3.76,52.16,0,0,0,0
6880,0,0,-1.27,-3.79,53.16,0,0,0,0
6881,0,0,-1.27,-3.82,54.15,0,0,0,0
6882,0,0,-1.26,-3.85,55.15,0,0,0,0
6883,0,0,-1.26,-3.89,56.15,0,0,0,0
6884,0,0,-1.26,-3.92,57.15,0,0,0,0
6885,0,0,-1.26,-3.95,58.15,0,0,0,0
6886,0,0,-1.25,-3.98,59.15,0,0,0,0
6887,0,0,-1.25,-4.01,60.15,0,0,0,0
6888,0,0,-1.25,-4.04,61.15,0,0,0,0
6889,0,0,-1.25,-4.07,62.15,0,0,0,0
6890,0,0,-1.25,-4.1,63.15,0,0,0,0
6891,0,0,-1.24,-4.13,64.15,0,0,0,0
6892,0,0,-1.24,-4.16,65.15,0,0,0,0
6893,0,0,-1.24,-4.2,66.15,0,0,0,0
6894,0,0,-1.24,-4.23,67.15,0,0,0,0
6895,0,0,-1.24,-4.26,68.15,0,0,0,0
6896,0,0,-1.23,-4.29,69.15,0,0,0,0
6897,0,0,-1.23,-4.32,70.15,0,0,0,0
6898,0,0,-1.23,-4.35,71.15,0,0,0,0
6899,0,0,-1.23,-4.38,72.15,0,0,0,0
6900,0,0,-1.23,-4.41,73.15,0,0,0,0
6901,0,0,-1.22,-4.44,74.15,0,0,0,0
6902,0,0,-1.22,-4.47,75.14,0,0,0,0
6903,0,0,-1.22,-4.51,76.14,0,0,0,0
6904,0,0,-1.22,-4.54,77.14,0,0,0,0
6905,0,0,-1.2,-4.62,78.14,0,0,0,0
6906,0,0,-1.18,-4.54,79.14,0,0,0,0
6907,0,0,-1.15,-4.19,80.08,0,0,0,0
6908,0,0,-1.11,-3.55,80.84,0,0,0,0
6909,0,0,-1.08,-2.75,81.44,0,0,0,0
6910,0,0,-1.07,-2.48,81.64,0,0,0,0
6911,0,0,-1.04,-1.48,81.67,0,0,0,0
6912,0,0,-1.01,-0.48,81.69,0,0,0,0
6913,0,0,-0.97,0.52,81.72,0,0,0,0
6914,0,0,-0.94,1.52,81.75,0,0,0,0
6915,0,0,-0.91,2.52,81.78,0,0,0,0
6916,0,0,-0.88,3.52,81.81,0,0,0,0
6917,0,0,-0.84,4.52,81.84,0,0,0,0
6918,0,0,-0.81,5.51,81.87,0,0,0,0
6919,0,0,-0.78,6.51,81.9,0,0,0,0
6920,0,0,-0.74,7.51,81.93,0,0,0,0
6921,0,0,-0.71,8.51,81.96,0,0,0,0
6922,0,0,-0.68,9.51,81.99,0,0,0,0
6923,0,0,-0.65,10.51,82.01,0,0,0,0
6924,0,0,-0.61,11.51,82.04,0,0,0,0
6925,0,0,-0.58,12.51,82.07,0,0,0,0
6926,0,0,-0.55,13.51,82.1,0,0,0,0
6927,0,0,-0.51,14.51,82.13,0,0,0,0
6928,0,0,-0.48,15.5,82.16,0,0,0,0
6929,0,0,-0.45,16.5,82.19,0,0,0,0
6930,0,0,-0.41,17.5,82.22,0,0,0,0
6931,0,0,-0.38,18.5,82.25,0,0,0,0
6932,0,0,-0.35,19.5,82.28,0,0,0,0
6933,0,0,-0.32,20.5,82.31,0,0,0,0
6934,0,0,-0.28,21.5,82.33,0,0,0,0
6935,0,0,-0.25,22.5,82.36,0,0,0,0
6936,0,0,-0.22,23.5,82.39,0,0,0,0
6937,0,0,-0.18,24.5,82.42,0,0,0,0
6938,0,0,-0.15,25.5,82.45,0,0,0,0
6939,0,0,-0.12,26.49,82.48,0,0,0,0
6940,0,0,-0.08,27.49,82.51,0,0,0,0
6941,0,0,-0.05,28.49,82.54,0,0,0,0
6942,0,0,-0.02,29.49,82.57,0,0,0,0
6943,0,0,0.01,30.49,82.6,0,0,0,0
6944,0,0,0.05,31.49,82.63,0,0,0,0
6945,0,0,0.08,32.49,82.66,0,0,0,0
6946,0,0,0.11,33.49,82.68,0,0,0,0
6947,0,0,0.15,34.49,82.71,0,0,0,0
6948,0,0,0.18,35.49,82.74,0,0,0,0
6949,0,0,0.21,36.48,82.77,0,0,0,0
6950,0,0,0.24,37.48,82.8,0,0,0,0
6951,0,0,0.28,38.48,82.83,0,0,0,0
6952,0,0,0.31,39.48,82.86,0,0,0,0
6953,0,0,0.34,40.48,82.89,0,0,0,0
6954,0,0,0.38,41.48,82.92,0,0,0,0
6955,0,0,0.41,42.48,82.95,0,0,0,0
6956,0,0,0.44,43.48,82.98,0,0,0,0
6957,0,0,0.48,44.48,83,0,0,0,0
6958,0,0,0.51,45.48,83.03,0,0,0,0
6959,0,0,0.54,46.47,83.06,0,0,0,0
6960,0,0,0.57,47.36,83.09,0,0,0,0
6961,0,0,0.6,48.36,83.11,0,0,0,0
6962,0,0,0.64,49.36,83.13,0,0,0,0
6963,0,0,0.67,50.36,83.15,0,0,0,0
6964,0,0,0.7,51.36,83.17,0,0,0,0
6965,0,0,0.73,52.35,83.19,0,0,0,0
6966,0,0,0.77,53.35,83.22,0,0,0,0
6967,0,0,0.8,54.35,83.24,0,0,0,0
6968,0,0,0.83,55.35,83.26,0,0,0,0
6969,0,0,0.86,56.35,83.28,0,0,0,0
6970,0,0,0.9,57.35,83.3,0,0,0,0
6971,0,0,0.93,58.35,83.32,0,0,0,0
6972,0,0,0.96,59.35,83.34,0,0,0,0
6973,0,0,0.99,60.35,83.36,0,0,0,0
6974,0,0,1.03,61.35,83.38,0,0,0,0
6975,0,0,1.06,62.35,83.4,0,0,0,0
6976,0,0,1.09,63.35,83.43,0,0,0,0
6977,0,0,1.13,64.35,83.45,0,0,0,0
6978,0,0,1.16,65.34,83.47,0,0,0,0
6979,0,0,1.19,66.34,83.49,0,0,0,0
6980,0,0,1.22,67.34,83.51,0,0,0,0
6981,0,0,1.26,68.34,83.53,0,0,0,0
6982,0,0,1.29,69.34,83.55,0,0,0,0
6983,0,0,1.32,70.34,83.57,0,0,0,0
6984,0,0,1.35,71.34,83.59,0,0,0,0
6985,0,0,1.38,72.1,83.61,0,0,0,0
6986,0,0,1.38,72.84,83.06,0,0,0,0
6987,0,0,1.38,73.55,82.36,0,0,0,0
6988,0,0,1.39,74.18,81.58,0,0,0,0
6989,0,0,1.39,74.7,80.73,0,0,0,0
6990,0,0,1.39,75.09,79.81,0,0,0,0
6991,0,0,1.39,75.34,78.84,0,0,0,0
6992,0,0,1.39,75.44,77.84,0,0,0,0
6993,0,0,1.39,75.46,77.53,0,0,0,0
6994,0,0,1.39,75.53,76.54,0,0,0,0
6995,0,0,1.39,75.6,75.54,0,0,0,0
6996,0,0,1.39,75.66,74.54,0,0,0,0
6997,0,0,1.39,75.73,73.54,0,0,0,0
6998,0,0,1.39,75.79,72.54,0,0,0,0
6999,0,0,1.39,75.86,71.55,0,0,0,0
7000,0,0,1.39,75.26,70.75,0,0,0,0
7001,0,0,1.39,74.66,69.95,0,0,0,0
7002,0,0,1.39,74.58,69.85,0,0,0,0
7003,0,0,1.39,74.73,68.87,0,0,0,0
7004,0,0,1.39,74.87,67.88,0,0,0,0
7005,0,0,1.39,74.99,66.88,0,0,0,0
7006,0,0,1.39,75.1,65.89,0,0,0,0
7007,0,0,1.39,75.2,64.89,0,0,0,0
7008,0,0,1.39,75.29,63.9,0,0,0,0
7009,0,0,1.4,75.37,62.9,0,0,0,0
7010,0,0,1.4,75.44,61.9,0,0,0,0
7011,0,0,1.4,75.51,60.91,0,0,0,0
7012,0,0,1.4,75.57,59.91,0,0,0,0
7013,0,0,1.4,75.62,58.91,0,0,0,0
7014,0,0,1.4,75.67,57.91,0,0,0,0
7015,0,0,1.4,75.72,56.91,0,0,0,0
7016,0,0,1.4,75.76,55.91,0,0,0,0
7017,0,0,1.4,75.8,54.91,0,0,0,0
7018,0,0,1.4,75.83,53.91,0,0,0,0
7019,0,0,1.4,75.86,52.91,0,0,0,0
7020,0,0,1.4,75.89,51.91,0,0,0,0
7021,0,0,1.4,75.91,50.91,0,0,0,0
7022,0,0,1.41,75.94,49.92,0,0,0,0
7023,0,0,1.41,75.96,48.92,0,0,0,0
7024,0,0,1.41,75.98,47.92,0,0,0,0
7025,0,0,1.41,76,46.92,0,0,0,0
7026,0,0,1.41,76.01,45.92,0,0,0,0
7027,0,0,1.41,76.03,44.92,0,0,0,0
7028,0,0,1.41,76.04,43.92,0,0,0,0
7029,0,0,1.41,76.06,42.92,0,0,0,0
7030,0,0,1.41,76.07,41.92,0,0,0,0
7031,0,0,1.41,76.09,40.92,0,0,0,0
7032,0,0,1.41,76.11,39.92,0,0,0,0
7033,0,0,1.41,76.12,38.92,0,0,0,0
7034,0,0,1.41,76.14,37.92,0,0,0,0
7035,0,0,1.42,76.16,36.92,0,0,0,0
7036,0,0,1.42,76.18,35.92,0,0,0,0
7037,0,0,1.42,76.2,34.92,0,0,0,0
7038,0,0,1.42,76.22,33.92,0,0,0,0
7039,0,0,1.42,76.25,32.92,0,0,0,0
7040,0,0,1.42,76.28,31.92,0,0,0,0
7041,0,0,1.42,76.31,30.92,0,0,0,0
7042,0,0,1.42,76.35,29.92,0,0,0,0
7043,0,0,1.42,76.39,28.92,0,0,0,0
7044,0,0,1.42,76.44,27.92,0,0,0,0
7045,0,0,1.42,76.49,26.92,0,0,0,0
7046,0,0,1.42,76.55,25.92,0,0,0,0
7047,0,0,1.43,76.62,24.93,0,0,0,0
7048,0,0,1.43,76.69,23.93,0,0,0,0
7049,0,0,1.43,76.78,22.93,0,0,0,0
7050,0,0,1.43,76.88,21.94,0,0,0,0
7051,0,0,1.43,77,20.95,0,0,0,0
7052,0,0,1.43,77.14,19.96,0,0,0,0
7053,0,0,1.43,77.19,19.62,0,0,0,0
7054,0,0,1.46,77.22,18.62,0,0,0,0
7055,0,0,1.49,77.26,17.62,0,0,0,0
7056,0,0,1.53,77.29,16.62,0,0,0,0
7057,0,0,1.56,77.33,15.62,0,0,0,0
7058,0,0,1.59,77.36,14.62,0,0,0,0
7059,0,0,1.62,77.4,13.62,0,0,0,0
7060,0,0,1.66,77.43,12.62,0,0,0,0
7061,0,0,1.69,77.47,11.63,0,0,0,0
7062,0,0,1.72,77.5,10.63,0,0,0,0
7063,0,0,1.76,77.54,9.63,0,0,0,0
7064,0,0,1.79,77.57,8.63,0,0,0,0
7065,0,0,1.82,77.61,7.63,0,0,0,0
7066,0,0,1.77,77.63,6.63,0,0,0,0
7067,0,0,1.69,77.45,5.65,0,0,0,0
7068,0,0,1.61,76.94,4.79,0,0,0,0
7069,0,0,1.54,76.29,4.42,0,0,0,0
7070,0,0,2.84,-3.34,-81.33,0,0,0,0
7071,0,0,2.86,-4.33,-81.36,0,0,0,0
7072,0,0,2.88,-5.33,-81.39,0,0,0,0
7073,0,0,2.9,-6.33,-81.42,0,0,0,0
7074,0,0,2.92,-7.33,-81.46,0,0,0,0
7075,0,0,2.94,-8.33,-81.49,0,0,0,0
7076,0,0,2.96,-9.33,-81.52,0,0,0,0
7077,0,0,2.98,-10.33,-81.55,0,0,0,0
7078,0,0,3,-11.33,-81.59,0,0,0,0
7079,0,0,3.01,-12.33,-81.62,0,0,0,0
7080,0,0,3.03,-13.33,-81.65,0,0,0,0
7081,0,0,3.05,-14.33,-81.68,0,0,0,0
7082,0,0,3.07,-15.33,-81.72,0,0,0,0
7083,0,0,3.09,-16.33,-81.75,0,0,0,0
7084,0,0,3.11,-17.33,-81.78,0,0,0,0
7085,0,0,3.13,-18.32,-81.81,0,0,0,0
7086,0,0,3.15,-19.32,-81.85,0,0,0,0
7087,0,0,3.17,-20.32,-81.88,0,0,0,0
7088,0,0,3.19,-21.32,-81.91,0,0,0,0
7089,0,0,3.21,-22.32,-81.94,0,0,0,0
7090,0,0,3.22,-23.32,-81.98,0,0,0,0
7091,0,0,3.24,-24.32,-82.01,0,0,0,0
7092,0,0,3.26,-25.32,-82.04,0,0,0,0
7093,0,0,3.28,-26.32,-82.07,0,0,0,0
7094,0,0,3.3,-27.32,-82.11,0,0,0,0
7095,0,0,3.32,-28.32,-82.14,0,0,0,0
7096,0,0,3.34,-29.32,-82.17,0,0,0,0
7097,0,0,3.36,-30.32,-82.2,0,0,0,0
7098,0,0,3.38,-31.32,-82.24,0,0,0,0
7099,0,0,3.4,-32.31,-82.27,0,0,0,0
7100,0,0,3.42,-33.31,-82.3,0,0,0,0
7101,0,0,3.43,-34.31,-82.33,0,0,0,0
7102,0,0,3.45,-35.31,-82.37,0,0,0,0
7103,0,0,3.47,-36.31,-82.4,0,0,0,0
7104,0,0,3.49,-37.31,-82.43,0,0,0,0
7105,0,0,3.51,-38.31,-82.46,0,0,0,0
7106,0,0,3.53,-39.31,-82.5,0,0,0,0
7107,0,0,3.55,-40.31,-82.53,0,0,0,0
7108,0,0,3.57,-41.31,-82.56,0,0,0,0
7109,0,0,3.59,-42.31,-82.59,0,0,0,0
7110,0,0,3.61,-43.31,-82.63,0,0,0,0
7111,0,0,3.63,-44.31,-82.66,0,0,0,0
7112,0,0,3.64,-45.31,-82.69,0,0,0,0
7113,0,0,3.66,-46.3,-82.72,0,0,0,0
7114,0,0,3.68,-47.3,-82.76,0,0,0,0
7115,0,0,3.7,-48.3,-82.79,0,0,0,0
7116,0,0,3.72,-49.3,-82.82,0,0,0,0
7117,0,0,3.74,-50.3,-82.85,0,0,0,0
7118,0,0,3.76,-51.3,-82.89,0,0,0,0
7119,0,0,3.78,-52.3,-82.92,0,0,0,0
7120,0,0,3.8,-53.3,-82.95,0,0,0,0
7121,0,0,3.82,-54.3,-82.98,0,0,0,0
7122,0,0,3.84,-55.3,-83.02,0,0,0,0
7123,0,0,3.85,-56.3,-83.05,0,0,0,0
7124,0,0,3.87,-57.3,-83.08,0,0,0,0
7125,0,0,3.89,-58.3,-83.11,0,0,0,0
7126,0,0,3.91,-59.3,-83.15,0,0,0,0
7127,0,0,3.93,-60.29,-83.18,0,0,0,0
7128,0,0,3.95,-61.29,-83.21,0,0,0,0
7129,0,0,3.97,-62.29,-83.24,0,0,0,0
7130,0,0,3.88,-63.18,-82.8,0,0,0,0
7131,0,0,3.79,-63.67,-81.93,0,0,0,0
7132,0,0,3.74,-64.25,-81.11,0,0,0,0
7133,0,0,3.69,-64.64,-80.2,0,0,0,0
7134,0,0,3.64,-64.92,-79.24,0,0,0,0
7135,0,0,3.58,-65.09,-78.25,0,0,0,0
7136,0,0,3.53,-65.19,-77.26,0,0,0,0
7137,0,0,3.47,-65.23,-76.26,0,0,0,0
7138,0,0,3.42,-65.21,-75.26,0,0,0,0
7139,0,0,3.36,-65.15,-74.27,0,0,0,0
7140,0,0,3.3,-65.03,-73.28,0,0,0,0
7141,0,0,3.25,-65,-72.28,0,0,0,0
7142,0,0,3.2,-64.92,-71.28,0,0,0,0
7143,0,0,3.15,-64.81,-70.29,0,0,0,0
7144,0,0,3.09,-64.71,-69.3,0,0,0,0
7145,0,0,3.04,-64.62,-68.3,0,0,0,0
7146,0,0,2.99,-64.57,-67.3,0,0,0,0
7147,0,0,2.94,-64.59,-66.3,0,0,0,0
7148,0,0,2.93,-64.62,-66.02,0,0,0,0
7149,0,0,2.89,-64.64,-65.02,0,0,0,0
7150,0,0,2.85,-64.66,-64.02,0,0,0,0
7151,0,0,2.82,-64.68,-63.03,0,0,0,0
7152,0,0,2.78,-64.71,-62.03,0,0,0,0
7153,0,0,2.74,-64.73,-61.03,0,0,0,0
7154,0,0,2.71,-64.75,-60.03,0,0,0,0
7155,0,0,2.67,-64.77,-59.03,0,0,0,0
7156,0,0,2.63,-64.79,-58.03,0,0,0,0
7157,0,0,2.6,-64.82,-57.03,0,0,0,0
7158,0,0,2.56,-64.84,-56.03,0,0,0,0
7159,0,0,2.52,-64.86,-55.03,0,0,0,0
7160,0,0,2.48,-64.88,-54.03,0,0,0,0
7161,0,0,2.45,-64.9,-53.03,0,0,0,0
7162,0,0,2.41,-64.92,-52.04,0,0,0,0
7163,0,0,2.37,-64.95,-51.04,0,0,0,0
7164,0,0,2.34,-64.97,-50.04,0,0,0,0
7165,0,0,2.3,-64.99,-49.04,0,0,0,0
7166,0,0,2.26,-65.01,-48.04,0,0,0,0
7167,0,0,2.23,-65.03,-47.04,0,0,0,0
7168,0,0,2.19,-65.06,-46.04,0,0,0,0
7169,0,0,2.15,-65.08,-45.04,0,0,0,0
7170,0,0,2.12,-65.1,-44.04,0,0,0,0
7171,0,0,2.08,-65.12,-43.04,0,0,0,0
7172,0,0,2.04,-65.14,-42.04,0,0,0,0
7173,0,0,2.01,-65.16,-41.05,0,0,0,0
7174,0,0,1.97,-65.19,-40.05,0,0,0,0
7175,0,0,1.93,-65.21,-39.05,0,0,0,0
7176,0,0,1.9,-65.23,-38.05,0,0,0,0
7177,0,0,1.86,-65.25,-37.05,0,0,0,0
7178,0,0,1.82,-65.27,-36.05,0,0,0,0
7179,0,0,1.79,-65.3,-35.05,0,0,0,0
7180,0,0,1.75,-65.32,-34.05,0,0,0,0
7181,0,0,1.71,-65.34,-33.05,0,0,0,0
7182,0,0,1.67,-65.36,-32.05,0,0,0,0
7183,0,0,1.64,-65.38,-31.06,0,0,0,0
7184,0,0,1.6,-65.4,-30.06,0,0,0,0
7185,0,0,1.56,-65.43,-29.06,0,0,0,0
7186,0,0,1.53,-65.45,-28.06,0,0,0,0
7187,0,0,1.49,-65.47,-27.06,0,0,0,0
7188,0,0,1.45,-65.49,-26.06,0,0,0,0
7189,0,0,1.42,-65.51,-25.06,0,0,0,0
7190,0,0,1.38,-65.54,-24.06,0,0,0,0
7191,0,0,1.34,-65.56,-23.06,0,0,0,0
7192,0,0,1.31,-65.58,-22.06,0,0,0,0
7193,0,0,1.27,-65.6,-21.06,0,0,0,0
7194,0,0,1.23,-65.62,-20.07,0,0,0,0
7195,0,0,1.2,-65.65,-19.07,0,0,0,0
7196,0,0,1.16,-65.67,-18.07,0,0,0,0
7197,0,0,1.12,-65.69,-17.07,0,0,0,0
7198,0,0,1.09,-65.71,-16.07,0,0,0,0
7199,0,0,1.05,-65.73,-15.07,0,0,0,0
7200,0,0,1.01,-65.75,-14.07,0,0,0,0
7201,0,0,0.98,-65.78,-13.07,0,0,0,0
7202,0,0,0.94,-65.8,-12.07,0,0,0,0
7203,0,0,0.9,-65.82,-11.07,0,0,0,0
7204,0,0,0.87,-65.84,-10.07,0,0,0,0
7205,0,0,0.83,-65.86,-9.08,0,0,0,0
7206,0,0,0.79,-65.89,-8.08,0,0,0,0
7207,0,0,0.75,-65.91,-7.08,0,0,0,0
7208,0,0,0.72,-65.93,-6.08,0,0,0,0
7209,0,0,0.72,-65.96,-5.08,0,0,0,0
7210,0,0,0.73,-65.99,-4.08,0,0,0,0
7211,0,0,0.74,-66.03,-3.08,0,0,0,0
7212,0,0,0.74,-66.06,-2.08,0,0,0,0
7213,0,0,0.75,-66.09,-1.08,0,0,0,0
7214,0,0,0.75,-66.13,-0.08,0,0,0,0
7215,0,0,0.76,-66.16,0.92,0,0,0,0
7216,0,0,0.77,-66.19,1.92,0,0,0,0
7217,0,0,0.77,-66.22,2.92,0,0,0,0
7218,0,0,0.78,-66.26,3.92,0,0,0,0
7219,0,0,0.79,-66.29,4.92,0,0,0,0
7220,0,0,0.79,-66.32,5.92,0,0,0,0
7221,0,0,0.8,-66.35,6.91,0,0,0,0
7222,0,0,0.8,-66.39,7.91,0,0,0,0
7223,0,0,0.81,-66.42,8.91,0,0,0,0
7224,0,0,0.82,-66.45,9.91,0,0,0,0
7225,0,0,0.82,-66.48,10.91,0,0,0,0
7226,0,0,0.83,-66.52,11.91,0,0,0,0
7227,0,0,0.83,-66.55,12.91,0,0,0,0
7228,0,0,0.84,-66.58,13.91,0,0,0,0
7229,0,0,0.85,-66.62,14.91,0,0,0,0
7230,0,0,0.85,-66.65,15.91,0,0,0,0
7231,0,0,0.86,-66.68,16.91,0,0,0,0
7232,0,0,0.87,-66.71,17.91,0,0,0,0
7233,0,0,0.87,-66.75,18.91,0,0,0,0
7234,0,0,0.88,-66.78,19.91,0,0,0,0
7235,0,0,0.88,-66.81,20.91,0,0,0,0
7236,0,0,0.89,-66.84,21.91,0,0,0,0
7237,0,0,0.9,-66.88,22.91,0,0,0,0
7238,0,0,0.9,-66.91,23.91,0,0,0,0
7239,0,0,0.91,-66.94,24.9,0,0,0,0
7240,0,0,0.91,-66.97,25.9,0,0,0,0
7241,0,0,0.92,-67.01,26.9,0,0,0,0
7242,0,0,0.93,-67.04,27.9,0,0,0,0
7243,0,0,0.93,-67.07,28.9,0,0,0,0
7244,0,0,0.94,-67.11,29.9,0,0,0,0
7245,0,0,0.95,-67.14,30.9,0,0,0,0
7246,0,0,0.95,-67.17,31.9,0,0,0,0
7247,0,0,0.96,-67.2,32.9,0,0,0,0
7248,0,0,0.96,-67.24,33.9,0,0,0,0
7249,0,0,0.97,-67.27,34.9,0,0,0,0
7250,0,0,0.98,-67.3,35.9,0,0,0,0
7251,0,0,0.98,-67.33,36.9,0,0,0,0
7252,0,0,0.99,-67.37,37.9,0,0,0,0
7253,0,0,0.99,-67.4,38.9,0,0,0,0
7254,0,0,1,-67.43,39.9,0,0,0,0
7255,0,0,1.01,-67.46,40.9,0,0,0,0
7256,0,0,1.01,-67.5,41.9,0,0,0,0
7257,0,0,1.02,-67.53,42.89,0,0,0,0
7258,0,0,1.03,-67.56,43.89,0,0,0,0
7259,0,0,1.03,-67.6,44.89,0,0,0,0
7260,0,0,1.04,-67.63,45.89,0,0,0,0
7261,0,0,1.04,-67.66,46.89,0,0,0,0
7262,0,0,1.05,-67.69,47.89,0,0,0,0
7263,0,0,1.06,-67.73,48.89,0,0,0,0
7264,0,0,1.06,-67.76,49.89,0,0,0,0
7265,0,0,1.07,-67.79,50.89,0,0,0,0
7266,0,0,1.08,-67.82,51.89,0,0,0,0
7267,0,0,1.08,-67.86,52.89,0,0,0,0
7268,0,0,1.09,-67.89,53.89,0,0,0,0
7269,0,0,1.09,-67.92,54.89,0,0,0,0
7270,0,0,1.1,-67.95,55.89,0,0,0,0
7271,0,0,1.11,-67.99,56.89,0,0,0,0
7272,0,0,1.11,-68.02,57.89,0,0,0,0
7273,0,0,1.12,-68.05,58.89,0,0,0,0
7274,0,0,1.12,-68.09,59.89,0,0,0,0
7275,0,0,1.16,-68.12,60.88,0,0,0,0
7276,0,0,1.19,-68.16,61.88,0,0,0,0
7277,0,0,1.23,-68.19,62.88,0,0,0,0
7278,0,0,1.26,-68.23,63.88,0,0,0,0
7279,0,0,1.3,-68.26,64.88,0,0,0,0
7280,0,0,1.33,-68.3,65.88,0,0,0,0
7281,0,0,1.37,-68.33,66.88,0,0,0,0
7282,0,0,1.4,-68.37,67.88,0,0,0,0
7283,0,0,1.44,-68.4,68.87,0,0,0,0
7284,0,0,1.47,-68.44,69.87,0,0,0,0
7285,0,0,1.51,-68.47,70.87,0,0,0,0
7286,0,0,1.54,-68.51,71.87,0,0,0,0
7287,0,0,1.58,-68.55,72.87,0,0,0,0
7288,0,0,1.61,-68.58,73.87,0,0,0,0
7289,0,0,1.65,-68.62,74.87,0,0,0,0
7290,0,0,1.68,-68.65,75.87,0,0,0,0
7291,0,0,1.72,-68.69,76.86,0,0,0,0
7292,0,0,1.75,-68.79,77.86,0,0,0,0
7293,0,0,1.8,-68.49,78.81,0,0,0,0
7294,0,0,1.86,-67.69,79.41,0,0,0,0
7295,0,0,1.92,-66.73,79.66,0,0,0,0
7296,0,0,1.98,-65.73,79.72,0,0,0,0
7297,0,0,2.04,-64.73,79.64,0,0,0,0
7298,0,0,2,-63.74,79.66,0,0,0,0
7299,0,0,1.95,-62.74,79.69,0,0,0,0
7300,0,0,1.91,-61.74,79.73,0,0,0,0
7301,0,0,1.87,-60.74,79.76,0,0,0,0
7302,0,0,1.83,-59.74,79.79,0,0,0,0
7303,0,0,1.78,-58.74,79.83,0,0,0,0
7304,0,0,1.74,-57.74,79.86,0,0,0,0
7305,0,0,1.7,-56.75,79.89,0,0,0,0
7306,0,0,1.65,-55.75,79.93,0,0,0,0
7307,0,0,1.61,-54.75,79.96,0,0,0,0
7308,0,0,1.57,-53.75,80,0,0,0,0
7309,0,0,1.53,-52.75,80.03,0,0,0,0
7310,0,0,1.48,-51.75,80.06,0,0,0,0
7311,0,0,1.44,-50.76,80.1,0,0,0,0
7312,0,0,1.4,-49.76,80.13,0,0,0,0
7313,0,0,1.35,-48.76,80.16,0,0,0,0
7314,0,0,1.31,-47.76,80.2,0,0,0,0
7315,0,0,1.27,-46.76,80.23,0,0,0,0
7316,0,0,1.23,-45.76,80.26,0,0,0,0
7317,0,0,1.18,-44.76,80.3,0,0,0,0
7318,0,0,1.14,-43.77,80.33,0,0,0,0
7319,0,0,1.1,-42.77,80.37,0,0,0,0
7320,0,0,1.05,-41.77,80.4,0,0,0,0
7321,0,0,1.01,-40.77,80.43,0,0,0,0
7322,0,0,0.97,-39.77,80.47,0,0,0,0
7323,0,0,0.93,-38.77,80.5,0,0,0,0
7324,0,0,0.88,-37.77,80.53,0,0,0,0
7325,0,0,0.84,-36.78,80.57,0,0,0,0
7326,0,0,0.8,-35.78,80.6,0,0,0,0
7327,0,0,0.75,-34.78,80.64,0,0,0,0
7328,0,0,0.71,-33.78,80.67,0,0,0,0
7329,0,0,0.67,-32.78,80.7,0,0,0,0
7330,0,0,0.63,-31.78,80.74,0,0,0,0
7331,0,0,0.58,-30.79,80.77,0,0,0,0
7332,0,0,0.54,-29.79,80.8,0,0,0,0
7333,0,0,0.5,-28.79,80.84,0,0,0,0
7334,0,0,0.45,-27.79,80.87,0,0,0,0
7335,0,0,0.41,-26.79,80.9,0,0,0,0
7336,0,0,0.37,-25.79,80.94,0,0,0,0
7337,0,0,0.33,-24.79,80.97,0,0,0,0
7338,0,0,0.28,-23.8,81.01,0,0,0,0
7339,0,0,0.24,-22.8,81.04,0,0,0,0
7340,0,0,0.2,-21.8,81.07,0,0,0,0
7341,0,0,0.15,-20.8,81.11,0,0,0,0
7342,0,0,0.11,-19.8,81.14,0,0,0,0
7343,0,0,0.07,-18.8,81.17,0,0,0,0
7344,0,0,0.03,-17.8,81.21,0,0,0,0
7345,0,0,-0.02,-16.81,81.24,0,0,0,0
7346,0,0,-0.06,-15.81,81.28,0,0,0,0
7347,0,0,-0.1,-14.81,81.31,0,0,0,0
7348,0,0,-0.15,-13.81,81.34,0,0,0,0
7349,0,0,-0.19,-12.81,81.38,0,0,0,0
7350,0,0,-0.23,-11.81,81.41,0,0,0,0
7351,0,0,-0.27,-10.81,81.44,0,0,0,0
7352,0,0,-0.32,-9.82,81.48,0,0,0,0
7353,0,0,-0.39,-8.82,81.45,0,0,0,0
7354,0,0,-0.49,-7.96,80.95,0,0,0,0
7355,0,0,-0.61,-7.53,80.06,0,0,0,0
7356,0,0,-0.71,-7.36,79.08,0,0,0,0
7357,0,0,-0.8,-7.33,78.08,0,0,0,0
7358,0,0,-0.88,-7.37,77.08,0,0,0,0
7359,0,0,-0.96,-7.41,76.09,0,0,0,0
7360,0,0,-0.97,-7.38,75.09,0,0,0,0
7361,0,0,-0.98,-7.36,74.09,0,0,0,0
7362,0,0,-0.99,-7.33,73.09,0,0,0,0
7363,0,0,-1,-7.3,72.09,0,0,0,0
7364,0,0,-1.01,-7.28,71.09,0,0,0,0
7365,0,0,-1.02,-7.25,70.09,0,0,0,0
7366,0,0,-1.02,-7.23,69.09,0,0,0,0
7367,0,0,-1.03,-7.2,68.09,0,0,0,0
7368,0,0,-1.04,-7.17,67.09,0,0,0,0
7369,0,0,-1.05,-7.15,66.09,0,0,0,0
7370,0,0,-1.06,-7.12,65.09,0,0,0,0
7371,0,0,-1.07,-7.1,64.09,0,0,0,0
7372,0,0,-1.08,-7.07,63.09,0,0,0,0
7373,0,0,-1.09,-7.04,62.09,0,0,0,0
7374,0,0,-1.1,-7.02,61.09,0,0,0,0
7375,0,0,-1.11,-6.99,60.09,0,0,0,0
7376,0,0,-1.11,-6.97,59.09,0,0,0,0
7377,0,0,-1.12,-6.94,58.09,0,0,0,0
7378,0,0,-1.13,-6.91,57.1,0,0,0,0
7379,0,0,-1.14,-6.89,56.1,0,0,0,0
7380,0,0,-1.15,-6.86,55.1,0,0,0,0
7381,0,0,-1.16,-6.84,54.1,0,0,0,0
7382,0,0,-1.17,-6.81,53.1,0,0,0,0
7383,0,0,-1.18,-6.78,52.1,0,0,0,0
7384,0,0,-1.19,-6.76,51.1,0,0,0,0
7385,0,0,-1.2,-6.73,50.1,0,0,0,0
7386,0,0,-1.2,-6.71,49.1,0,0,0,0
7387,0,0,-1.21,-6.68,48.1,0,0,0,0
7388,0,0,-1.22,-6.65,47.1,0,0,0,0
7389,0,0,-1.23,-6.63,46.1,0,0,0,0
7390,0,0,-1.24,-6.6,45.1,0,0,0,0
7391,0,0,-1.25,-6.57,44.1,0,0,0,0
7392,0,0,-1.26,-6.55,43.1,0,0,0,0
7393,0,0,-1.27,-6.52,42.1,0,0,0,0
7394,0,0,-1.28,-6.5,41.1,0,0,0,0
7395,0,0,-1.29,-6.47,40.1,0,0,0,0
7396,0,0,-1.29,-6.44,39.1,0,0,0,0
7397,0,0,-1.3,-6.42,38.1,0,0,0,0
7398,0,0,-1.31,-6.39,37.1,0,0,0,0
7399,0,0,-1.32,-6.37,36.1,0,0,0,0
7400,0,0,-1.33,-6.34,35.1,0,0,0,0
7401,0,0,-1.34,-6.31,34.1,0,0,0,0
7402,0,0,-1.35,-6.29,33.1,0,0,0,0
7403,0,0,-1.36,-6.26,32.1,0,0,0,0
7404,0,0,-1.37,-6.24,31.11,0,0,0,0
7405,0,0,-1.38,-6.21,30.11,0,0,0,0
7406,0,0,-1.38,-6.18,29.11,0,0,0,0
7407,0,0,-1.39,-6.16,28.11,0,0,0,0
7408,0,0,-1.4,-6.13,27.11,0,0,0,0
7409,0,0,-1.41,-6.11,26.11,0,0,0,0
7410,0,0,-1.42,-6.08,25.11,0,0,0,0
7411,0,0,-1.43,-6.05,24.11,0,0,0,0
7412,0,0,-1.44,-6.03,23.11,0,0,0,0
7413,0,0,-1.45,-6,22.11,0,0,0,0
7414,0,0,-1.46,-5.98,21.11,0,0,0,0
7415,0,0,-1.47,-5.95,20.11,0,0,0,0
7416,0,0,-1.47,-5.92,19.11,0,0,0,0
7417,0,0,-1.48,-5.9,18.11,0,0,0,0
7418,0,0,-1.49,-5.87,17.11,0,0,0,0
7419,0,0,-1.5,-5.85,16.11,0,0,0,0
7420,0,0,-1.51,-5.82,15.11,0,0,0,0
7421,0,0,-1.52,-5.79,14.11,0,0,0,0
7422,0,0,-1.53,-5.77,13.11,0,0,0,0
7423,0,0,-1.54,-5.74,12.11,0,0,0,0
7424,0,0,-1.51,-5.7,11.11,0,0,0,0
7425,0,0,-1.48,-5.66,10.11,0,0,0,0
7426,0,0,-1.45,-5.62,9.12,0,0,0,0
7427,0,0,-1.42,-5.58,8.12,0,0,0,0
7428,0,0,-1.39,-5.54,7.12,0,0,0,0
7429,0,0,-1.36,-5.5,6.12,0,0,0,0
7430,0,0,-1.33,-5.46,5.12,0,0,0,0
7431,0,0,-1.3,-5.42,4.12,0,0,0,0
7432,0,0,-1.27,-5.38,3.12,0,0,0,0
7433,0,0,-1.24,-5.34,2.12,0,0,0,0
7434,0,0,-1.22,-5.3,1.13,0,0,0,0
7435,0,0,-1.19,-5.26,0.13,0,0,0,0
7436,0,0,-1.16,-5.22,-0.87,0,0,0,0
7437,0,0,-1.13,-5.17,-1.87,0,0,0,0
7438,0,0,-1.1,-5.13,-2.87,0,0,0,0
7439,0,0,-1.07,-5.09,-3.87,0,0,0,0
7440,0,0,-1.04,-5.05,-4.87,0,0,0,0
7441,0,0,-1.01,-5.01,-5.87,0,0,0,0
7442,0,0,-0.98,-4.97,-6.86,0,0,0,0
7443,0,0,-0.95,-4.93,-7.86,0,0,0,0
7444,0,0,-0.92,-4.89,-8.86,0,0,0,0
7445,0,0,-0.89,-4.85,-9.86,0,0,0,0
7446,0,0,-0.86,-4.81,-10.86,0,0,0,0
7447,0,0,-0.83,-4.77,-11.86,0,0,0,0
7448,0,0,-0.8,-4.73,-12.86,0,0,0,0
7449,0,0,-0.77,-4.69,-13.86,0,0,0,0
7450,0,0,-0.75,-4.65,-14.85,0,0,0,0
7451,0,0,-0.72,-4.61,-15.85,0,0,0,0
7452,0,0,-0.69,-4.57,-16.85,0,0,0,0
7453,0,0,-0.66,-4.53,-17.85,0,0,0,0
7454,0,0,-0.63,-4.49,-18.85,0,0,0,0
7455,0,0,-0.6,-4.45,-19.85,0,0,0,0
7456,0,0,-0.57,-4.41,-20.85,0,0,0,0
7457,0,0,-0.54,-4.37,-21.85,0,0,0,0
7458,0,0,-0.51,-4.33,-22.84,0,0,0,0
7459,0,0,-0.48,-4.29,-23.84,0,0,0,0
7460,0,0,-0.45,-4.24,-24.84,0,0,0,0
7461,0,0,-0.42,-4.2,-25.84,0,0,0,0
7462,0,0,-0.39,-4.16,-26.84,0,0,0,0
7463,0,0,-0.36,-4.12,-27.84,0,0,0,0
7464,0,0,-0.33,-4.08,-28.84,0,0,0,0
7465,0,0,-0.31,-4.04,-29.84,0,0,0,0
7466,0,0,-0.28,-4,-30.83,0,0,0,0
7467,0,0,-0.25,-3.96,-31.83,0,0,0,0
7468,0,0,-0.22,-3.92,-32.83,0,0,0,0
7469,0,0,-0.19,-3.88,-33.83,0,0,0,0
7470,0,0,-0.16,-3.84,-34.83,0,0,0,0
7471,0,0,-0.13,-3.8,-35.83,0,0,0,0
7472,0,0,-0.1,-3.76,-36.83,0,0,0,0
7473,0,0,-0.07,-3.72,-37.83,0,0,0,0
7474,0,0,-0.04,-3.68,-38.82,0,0,0,0
7475,0,0,-0.01,-3.64,-39.82,0,0,0,0
7476,0,0,0.02,-3.6,-40.82,0,0,0,0
7477,0,0,0.05,-3.56,-41.82,0,0,0,0
7478,0,0,0.08,-3.52,-42.82,0,0,0,0
7479,0,0,0.11,-3.48,-43.82,0,0,0,0
7480,0,0,0.13,-3.44,-44.82,0,0,0,0
7481,0,0,0.16,-3.4,-45.82,0,0,0,0
7482,0,0,0.19,-3.36,-46.81,0,0,0,0
7483,0,0,0.22,-3.31,-47.81,0,0,0,0
7484,0,0,0.25,-3.27,-48.81,0,0,0,0
7485,0,0,0.28,-3.23,-49.81,0,0,0,0
7486,0,0,0.31,-3.19,-50.81,0,0,0,0
7487,0,0,0.34,-3.15,-51.81,0,0,0,0
7488,0,0,0.37,-3.11,-52.81,0,0,0,0
7489,0,0,0.44,-3.09,-53.8,0,0,0,0
7490,0,0,0.52,-3.07,-54.8,0,0,0,0
7491,0,0,0.6,-3.04,-55.8,0,0,0,0
7492,0,0,0.67,-3.02,-56.79,0,0,0,0
7493,0,0,0.75,-3,-57.79,0,0,0,0
7494,0,0,0.82,-2.98,-58.79,0,0,0,0
7495,0,0,0.9,-2.95,-59.78,0,0,0,0
7496,0,0,0.97,-2.93,-60.78,0,0,0,0
7497,0,0,1.05,-2.91,-61.78,0,0,0,0
7498,0,0,1.12,-2.88,-62.78,0,0,0,0
7499,0,0,1.2,-2.86,-63.77,0,0,0,0
7500,0,0,1.27,-2.84,-64.77,0,0,0,0
7501,0,0,1.35,-2.82,-65.77,0,0,0,0
7502,0,0,1.42,-2.79,-66.76,0,0,0,0
7503,0,0,1.5,-2.77,-67.76,0,0,0,0
7504,0,0,1.57,-2.75,-68.76,0,0,0,0
7505,0,0,1.65,-2.72,-69.75,0,0,0,0
7506,0,0,1.73,-2.7,-70.75,0,0,0,0
7507,0,0,1.8,-2.68,-71.75,0,0,0,0
7508,0,0,1.88,-2.66,-72.74,0,0,0,0
7509,0,0,1.95,-2.63,-73.74,0,0,0,0
7510,0,0,2.03,-2.61,-74.74,0,0,0,0
7511,0,0,2.1,-2.59,-75.74,0,0,0,0
7512,0,0,2.13,-2.52,-76.73,0,0,0,0
7513,0,0,2.27,-2.47,-77.72,0,0,0,0
7514,0,0,2.42,-2.4,-78.71,0,0,0,0
7515,0,0,2.56,-2.43,-79.7,0,0,0,0
7516,0,0,2.71,-2.68,-80.65,0,0,0,0
7517,0,0,2.84,-3.34,-81.33,0,0,0,0
7518,0,0,4.15,-73.24,-83.37,0,0,0,0
7519,0,0,4.2,-74.24,-83.4,0,0,0,0
7520,0,0,4.26,-75.23,-83.43,0,0,0,0
7521,0,0,4.32,-76.23,-83.46,0,0,0,0
7522,0,0,4.37,-77.23,-83.49,0,0,0,0
7523,0,0,4.43,-78.23,-83.51,0,0,0,0
7524,0,0,4.48,-79.23,-83.54,0,0,0,0
7525,0,0,4.54,-80.22,-83.57,0,0,0,0
7526,0,0,4.6,-81.22,-83.6,0,0,0,0
7527,0,0,4.65,-82.22,-83.63,0,0,0,0
7528,0,0,4.71,-83.22,-83.66,0,0,0,0
7529,0,0,4.77,-84.22,-83.68,0,0,0,0
7530,0,0,4.82,-85.21,-83.71,0,0,0,0
7531,0,0,4.88,-86.21,-83.74,0,0,0,0
7532,0,0,4.94,-87.21,-83.77,0,0,0,0
7533,0,0,4.99,-88.21,-83.8,0,0,0,0
7534,0,0,5.05,-89.21,-83.82,0,0,0,0
7535,0,0,5.1,-90.2,-83.85,0,0,0,0
7536,0,0,5.16,-91.2,-83.88,0,0,0,0
7537,0,0,5.22,-92.2,-83.91,0,0,0,0
7538,0,0,5.27,-93.2,-83.94,0,0,0,0
7539,0,0,5.33,-94.2,-83.96,0,0,0,0
7540,0,0,5.39,-95.19,-83.99,0,0,0,0
7541,0,0,5.44,-96.19,-84.02,0,0,0,0
7542,0,0,5.5,-97.19,-84.05,0,0,0,0
7543,0,0,5.56,-98.19,-84.08,0,0,0,0
7544,0,0,5.61,-99.19,-84.11,0,0,0,0
7545,0,0,5.67,-100.18,-84.13,0,0,0,0
7546,0,0,5.72,-101.18,-84.16,0,0,0,0
7547,0,0,5.78,-102.18,-84.19,0,0,0,0
7548,0,0,5.84,-103.18,-84.22,0,0,0,0
7549,0,0,5.89,-104.18,-84.25,0,0,0,0
7550,0,0,5.95,-105.17,-84.27,0,0,0,0
7551,0,0,6.01,-106.17,-84.3,0,0,0,0
7552,0,0,6.06,-107.17,-84.33,0,0,0,0
7553,0,0,6.12,-108.17,-84.36,0,0,0,0
7554,0,0,6.18,-109.17,-84.39,0,0,0,0
7555,0,0,6.23,-110.16,-84.41,0,0,0,0
7556,0,0,6.29,-111.16,-84.44,0,0,0,0
7557,0,0,6.34,-112.16,-84.47,0,0,0,0
7558,0,0,6.4,-113.16,-84.5,0,0,0,0
7559,0,0,6.39,-114.13,-84.26,0,0,0,0
7560,0,0,6.39,-114.87,-83.59,0,0,0,0
7561,0,0,6.38,-115.3,-82.69,0,0,0,0
7562,0,0,6.37,-115.53,-81.72,0,0,0,0
7563,0,0,6.37,-115.62,-80.72,0,0,0,0
7564,0,0,6.36,-115.65,-79.72,0,0,0,0
7565,0,0,6.36,-115.63,-78.72,0,0,0,0
7566,0,0,6.36,-115.58,-77.72,0,0,0,0
7567,0,0,6.3,-115.62,-76.72,0,0,0,0
7568,0,0,6.25,-115.65,-75.73,0,0,0,0
7569,0,0,6.19,-115.68,-74.73,0,0,0,0
7570,0,0,6.13,-115.72,-73.73,0,0,0,0
7571,0,0,6.08,-115.75,-72.73,0,0,0,0
7572,0,0,6.02,-115.78,-71.74,0,0,0,0
7573,0,0,5.96,-115.81,-70.74,0,0,0,0
7574,0,0,5.91,-115.85,-69.74,0,0,0,0
7575,0,0,5.85,-115.88,-68.74,0,0,0,0
7576,0,0,5.79,-115.91,-67.74,0,0,0,0
7577,0,0,5.74,-115.94,-66.75,0,0,0,0
7578,0,0,5.68,-115.98,-65.75,0,0,0,0
7579,0,0,5.63,-116.01,-64.75,0,0,0,0
7580,0,0,5.57,-116.04,-63.75,0,0,0,0
7581,0,0,5.51,-116.08,-62.75,0,0,0,0
7582,0,0,5.46,-116.11,-61.76,0,0,0,0
7583,0,0,5.4,-116.14,-60.76,0,0,0,0
7584,0,0,5.34,-116.17,-59.76,0,0,0,0
7585,0,0,5.29,-116.21,-58.76,0,0,0,0
7586,0,0,5.23,-116.24,-57.76,0,0,0,0
7587,0,0,5.18,-116.27,-56.77,0,0,0,0
7588,0,0,5.12,-116.31,-55.77,0,0,0,0
7589,0,0,5.06,-116.34,-54.77,0,0,0,0
7590,0,0,5.01,-116.37,-53.77,0,0,0,0
7591,0,0,4.95,-116.4,-52.78,0,0,0,0
7592,0,0,4.89,-116.44,-51.78,0,0,0,0
7593,0,0,4.84,-116.47,-50.78,0,0,0,0
7594,0,0,4.78,-116.5,-49.78,0,0,0,0
7595,0,0,4.73,-116.53,-48.78,0,0,0,0
7596,0,0,4.67,-116.57,-47.79,0,0,0,0
7597,0,0,4.61,-116.6,-46.79,0,0,0,0
7598,0,0,4.56,-116.63,-45.79,0,0,0,0
7599,0,0,4.5,-116.67,-44.79,0,0,0,0
7600,0,0,4.44,-116.7,-43.79,0,0,0,0
7601,0,0,4.39,-116.73,-42.8,0,0,0,0
7602,0,0,4.33,-116.76,-41.8,0,0,0,0
7603,0,0,4.28,-116.8,-40.8,0,0,0,0
7604,0,0,4.22,-116.83,-39.8,0,0,0,0
7605,0,0,4.16,-116.86,-38.81,0,0,0,0
7606,0,0,4.11,-116.9,-37.81,0,0,0,0
7607,0,0,4.05,-116.93,-36.81,0,0,0,0
7608,0,0,3.99,-116.96,-35.81,0,0,0,0
7609,0,0,3.94,-116.99,-34.81,0,0,0,0
7610,0,0,3.88,-117.03,-33.82,0,0,0,0
7611,0,0,3.82,-117.06,-32.82,0,0,0,0
7612,0,0,3.77,-117.09,-31.82,0,0,0,0
7613,0,0,3.71,-117.12,-30.82,0,0,0,0
7614,0,0,3.66,-117.16,-29.82,0,0,0,0
7615,0,0,3.61,-117.12,-28.83,0,0,0,0
7616,0,0,3.56,-117.08,-27.83,0,0,0,0
7617,0,0,3.52,-117.04,-26.83,0,0,0,0
7618,0,0,3.47,-117,-25.83,0,0,0,0
7619,0,0,3.43,-116.96,-24.83,0,0,0,0
7620,0,0,3.38,-116.92,-23.84,0,0,0,0
7621,0,0,3.34,-116.88,-22.84,0,0,0,0
7622,0,0,3.29,-116.84,-21.84,0,0,0,0
7623,0,0,3.25,-116.8,-20.84,0,0,0,0
7624,0,0,3.2,-116.76,-19.84,0,0,0,0
7625,0,0,3.18,-115.76,-19.77,0,0,0,0
7626,0,0,3.16,-114.76,-19.71,0,0,0,0
7627,0,0,3.17,-114.79,-18.71,0,0,0,0
7628,0,0,3.18,-114.82,-17.71,0,0,0,0
7629,0,0,3.19,-114.85,-16.71,0,0,0,0
7630,0,0,3.19,-114.88,-15.71,0,0,0,0
7631,0,0,3.2,-114.91,-14.71,0,0,0,0
7632,0,0,3.21,-114.94,-13.71,0,0,0,0
7633,0,0,3.22,-114.96,-12.71,0,0,0,0
7634,0,0,3.23,-114.99,-11.71,0,0,0,0
7635,0,0,3.24,-115.02,-10.71,0,0,0,0
7636,0,0,3.24,-115.05,-9.71,0,0,0,0
7637,0,0,3.25,-115.08,-8.71,0,0,0,0
7638,0,0,3.26,-115.11,-7.71,0,0,0,0
7639,0,0,3.27,-115.13,-6.71,0,0,0,0
7640,0,0,3.28,-115.16,-5.71,0,0,0,0
7641,0,0,3.28,-115.19,-4.71,0,0,0,0
7642,0,0,3.29,-115.22,-3.71,0,0,0,0
7643,0,0,3.3,-115.25,-2.71,0,0,0,0
7644,0,0,3.31,-115.28,-1.71,0,0,0,0
7645,0,0,3.32,-115.3,-0.71,0,0,0,0
7646,0,0,3.33,-115.33,0.29,0,0,0,0
7647,0,0,3.33,-115.36,1.29,0,0,0,0
7648,0,0,3.34,-115.39,2.29,0,0,0,0
7649,0,0,3.35,-115.42,3.28,0,0,0,0
7650,0,0,3.36,-115.45,4.28,0,0,0,0
7651,0,0,3.37,-115.47,5.28,0,0,0,0
7652,0,0,3.38,-115.5,6.28,0,0,0,0
7653,0,0,3.38,-115.53,7.28,0,0,0,0
7654,0,0,3.39,-115.56,8.28,0,0,0,0
7655,0,0,3.4,-115.59,9.28,0,0,0,0
7656,0,0,3.41,-115.62,10.28,0,0,0,0
7657,0,0,3.42,-115.64,11.28,0,0,0,0
7658,0,0,3.43,-115.67,12.28,0,0,0,0
7659,0,0,3.43,-115.7,13.28,0,0,0,0
7660,0,0,3.44,-115.72,14.06,0,0,0,0
7661,0,0,3.44,-116.65,14.43,0,0,0,0
7662,0,0,3.44,-117.59,14.79,0,0,0,0
7663,0,0,3.44,-118.36,15.09,0,0,0,0
7664,0,0,3.43,-118.41,16.09,0,0,0,0
7665,0,0,3.43,-118.46,17.09,0,0,0,0
7666,0,0,3.42,-118.51,18.09,0,0,0,0
7667,0,0,3.42,-118.56,19.08,0,0,0,0
7668,0,0,3.41,-118.61,20.08,0,0,0,0
7669,0,0,3.41,-118.66,21.08,0,0,0,0
7670,0,0,3.4,-118.72,22.08,0,0,0,0
7671,0,0,3.4,-118.77,23.08,0,0,0,0
7672,0,0,3.4,-118.82,24.08,0,0,0,0
7673,0,0,3.39,-118.87,25.08,0,0,0,0
7674,0,0,3.39,-118.92,26.08,0,0,0,0
7675,0,0,3.38,-118.97,27.07,0,0,0,0
7676,0,0,3.38,-119.02,28.07,0,0,0,0
7677,0,0,3.37,-119.07,29.07,0,0,0,0
7678,0,0,3.37,-119.12,30.07,0,0,0,0
7679,0,0,3.36,-119.17,31.07,0,0,0,0
7680,0,0,3.36,-119.22,32.07,0,0,0,0
7681,0,0,3.35,-119.27,33.07,0,0,0,0
7682,0,0,3.35,-119.33,34.07,0,0,0,0
7683,0,0,3.34,-119.38,35.06,0,0,0,0
7684,0,0,3.34,-119.43,36.06,0,0,0,0
7685,0,0,3.33,-119.48,37.06,0,0,0,0
7686,0,0,3.33,-119.53,38.06,0,0,0,0
7687,0,0,3.32,-119.58,39.06,0,0,0,0
7688,0,0,3.32,-119.63,40.06,0,0,0,0
7689,0,0,3.35,-119.65,41.06,0,0,0,0
7690,0,0,3.38,-119.66,42.06,0,0,0,0
7691,0,0,3.41,-119.68,43.06,0,0,0,0
7692,0,0,3.44,-119.7,44.06,0,0,0,0
7693,0,0,3.46,-119.71,45.05,0,0,0,0
7694,0,0,3.49,-119.73,46.05,0,0,0,0
7695,0,0,3.52,-119.75,47.05,0,0,0,0
7696,0,0,3.55,-119.76,48.05,0,0,0,0
7697,0,0,3.58,-119.78,49.05,0,0,0,0
7698,0,0,3.61,-119.8,50.05,0,0,0,0
7699,0,0,3.64,-119.81,51.05,0,0,0,0
7700,0,0,3.67,-119.83,52.05,0,0,0,0
7701,0,0,3.7,-119.84,53.05,0,0,0,0
7702,0,0,3.73,-119.86,54.05,0,0,0,0
7703,0,0,3.76,-119.88,55.05,0,0,0,0
7704,0,0,3.79,-119.89,56.05,0,0,0,0
7705,0,0,3.82,-119.91,57.05,0,0,0,0
7706,0,0,3.85,-119.93,58.05,0,0,0,0
7707,0,0,3.88,-119.94,59.05,0,0,0,0
7708,0,0,3.91,-119.96,60.05,0,0,0,0
7709,0,0,3.93,-119.98,61.05,0,0,0,0
7710,0,0,3.96,-119.99,62.05,0,0,0,0
7711,0,0,3.99,-120.01,63.04,0,0,0,0
7712,0,0,4.02,-120.03,64.04,0,0,0,0
7713,0,0,4.05,-120.04,65.04,0,0,0,0
7714,0,0,4.08,-120.06,66.04,0,0,0,0
7715,0,0,4.11,-120.08,67.04,0,0,0,0
7716,0,0,4.14,-120.09,68.04,0,0,0,0
7717,0,0,4.17,-120.11,69.04,0,0,0,0
7718,0,0,4.2,-120.13,70.04,0,0,0,0
7719,0,0,4.23,-120.14,71.04,0,0,0,0
7720,0,0,4.26,-120.16,72.04,0,0,0,0
7721,0,0,4.29,-120.18,73.04,0,0,0,0
7722,0,0,4.32,-120.19,74.04,0,0,0,0
7723,0,0,4.35,-120.21,75.04,0,0,0,0
7724,0,0,4.33,-120.22,76.04,0,0,0,0
7725,0,0,4.3,-119.96,77,0,0,0,0
7726,0,0,4.27,-119.4,77.83,0,0,0,0
7727,0,0,4.24,-118.62,78.46,0,0,0,0
7728,0,0,4.21,-117.71,78.87,0,0,0,0
7729,0,0,4.18,-116.75,79.14,0,0,0,0
7730,0,0,4.15,-115.76,79.3,0,0,0,0
7731,0,0,4.13,-114.77,79.38,0,0,0,0
7732,0,0,4.1,-113.77,79.4,0,0,0,0
7733,0,0,4.07,-112.77,79.37,0,0,0,0
7734,0,0,4.05,-111.77,79.31,0,0,0,0
7735,0,0,3.99,-110.77,79.34,0,0,0,0
7736,0,0,3.93,-109.77,79.37,0,0,0,0
7737,0,0,3.88,-108.78,79.39,0,0,0,0
7738,0,0,3.82,-107.78,79.42,0,0,0,0
7739,0,0,3.76,-106.78,79.45,0,0,0,0
7740,0,0,3.71,-105.78,79.47,0,0,0,0
7741,0,0,3.65,-104.78,79.5,0,0,0,0
7742,0,0,3.59,-103.79,79.53,0,0,0,0
7743,0,0,3.54,-102.79,79.55,0,0,0,0
7744,0,0,3.5,-101.86,79.19,0,0,0,0
7745,0,0,3.45,-100.89,78.93,0,0,0,0
7746,0,0,3.4,-99.91,78.74,0,0,0,0
7747,0,0,3.35,-98.92,78.64,0,0,0,0
7748,0,0,3.29,-97.92,78.61,0,0,0,0
7749,0,0,3.23,-96.92,78.64,0,0,0,0
7750,0,0,3.17,-95.93,78.74,0,0,0,0
7751,0,0,3.11,-94.94,78.89,0,0,0,0
7752,0,0,3.05,-93.96,79.05,0,0,0,0
7753,0,0,2.99,-92.99,79.28,0,0,0,0
7754,0,0,2.93,-92.02,79.53,0,0,0,0
7755,0,0,2.87,-91.05,79.75,0,0,0,0
7756,0,0,2.82,-90.06,79.89,0,0,0,0
7757,0,0,2.8,-89.81,79.91,0,0,0,0
7758,0,0,2.75,-88.82,79.93,0,0,0,0
7759,0,0,2.69,-87.82,79.96,0,0,0,0
7760,0,0,2.63,-86.82,79.99,0,0,0,0
7761,0,0,2.58,-85.82,80.01,0,0,0,0
7762,0,0,2.52,-84.82,80.04,0,0,0,0
7763,0,0,2.46,-83.83,80.07,0,0,0,0
7764,0,0,2.41,-82.83,80.09,0,0,0,0
7765,0,0,2.35,-81.83,80.12,0,0,0,0
7766,0,0,2.29,-80.83,80.15,0,0,0,0
7767,0,0,2.24,-79.83,80.18,0,0,0,0
7768,0,0,2.18,-78.84,80.2,0,0,0,0
7769,0,0,2.12,-77.84,80.23,0,0,0,0
7770,0,0,2.07,-76.84,80.26,0,0,0,0
7771,0,0,2.06,-75.87,80.01,0,0,0,0
7772,0,0,2.05,-75.12,79.35,0,0,0,0
7773,0,0,2.04,-74.66,78.46,0,0,0,0
7774,0,0,2.03,-74.42,77.49,0,0,0,0
7775,0,0,2.02,-74.3,76.5,0,0,0,0
7776,0,0,2.01,-74.25,75.5,0,0,0,0
7777,0,0,2,-74.25,74.5,0,0,0,0
7778,0,0,1.94,-74.2,73.5,0,0,0,0
7779,0,0,1.89,-74.15,72.51,0,0,0,0
7780,0,0,1.83,-74.1,71.51,0,0,0,0
7781,0,0,1.77,-74.05,70.51,0,0,0,0
7782,0,0,1.71,-74,69.52,0,0,0,0
7783,0,0,1.65,-73.95,68.52,0,0,0,0
7784,0,0,1.59,-73.9,67.52,0,0,0,0
7785,0,0,1.53,-73.85,66.52,0,0,0,0
7786,0,0,1.44,-73.45,65.61,0,0,0,0
7787,0,0,1.31,-73.23,64.64,0,0,0,0
7788,0,0,1.18,-73.26,63.65,0,0,0,0
7789,0,0,1.1,-73.35,62.66,0,0,0,0
7790,0,0,1.05,-73.44,61.66,0,0,0,0
7791,0,0,1.02,-73.49,60.98,0,0,0,0
7792,0,0,0.97,-73.63,60,0,0,0,0
7793,0,0,0.92,-73.69,59,0,0,0,0
7794,0,0,0.89,-73.69,58,0,0,0,0
7795,0,0,0.89,-73.67,57,0,0,0,0
7796,0,0,0.89,-73.64,56,0,0,0,0
7797,0,0,0.88,-73.62,55,0,0,0,0
7798,0,0,0.88,-73.59,54,0,0,0,0
7799,0,0,0.88,-73.57,53,0,0,0,0
7800,0,0,0.88,-73.54,52,0,0,0,0
7801,0,0,0.87,-73.52,51,0,0,0,0
7802,0,0,0.87,-73.49,50,0,0,0,0
7803,0,0,0.87,-73.47,49,0,0,0,0
7804,0,0,0.87,-73.44,48,0,0,0,0
7805,0,0,0.86,-73.42,47,0,0,0,0
7806,0,0,0.86,-73.39,46,0,0,0,0
7807,0,0,0.86,-73.37,45,0,0,0,0
7808,0,0,0.86,-73.34,44,0,0,0,0
7809,0,0,0.85,-73.32,43,0,0,0,0
7810,0,0,0.85,-73.29,42,0,0,0,0
7811,0,0,0.85,-73.27,41,0,0,0,0
7812,0,0,0.85,-73.24,40,0,0,0,0
7813,0,0,0.84,-73.22,39,0,0,0,0
7814,0,0,0.84,-73.19,38.01,0,0,0,0
7815,0,0,0.84,-73.17,37.01,0,0,0,0
7816,0,0,0.84,-73.14,36.01,0,0,0,0
7817,0,0,0.83,-73.12,35.01,0,0,0,0
7818,0,0,0.83,-73.09,34.01,0,0,0,0
7819,0,0,0.83,-73.07,33.01,0,0,0,0
7820,0,0,0.83,-73.04,32.01,0,0,0,0
7821,0,0,0.82,-73.02,31.01,0,0,0,0
7822,0,0,0.82,-72.99,30.01,0,0,0,0
7823,0,0,0.82,-72.97,29.01,0,0,0,0
7824,0,0,0.82,-72.94,28.01,0,0,0,0
7825,0,0,0.82,-72.92,27.01,0,0,0,0
7826,0,0,0.81,-72.9,26.01,0,0,0,0
7827,0,0,0.81,-72.87,25.01,0,0,0,0
7828,0,0,0.81,-72.85,24.01,0,0,0,0
7829,0,0,0.81,-72.82,23.01,0,0,0,0
7830,0,0,0.8,-72.8,22.01,0,0,0,0
7831,0,0,0.8,-72.77,21.01,0,0,0,0
7832,0,0,0.8,-72.75,20.01,0,0,0,0
7833,0,0,0.8,-72.72,19.01,0,0,0,0
7834,0,0,0.79,-72.7,18.01,0,0,0,0
7835,0,0,0.79,-72.67,17.01,0,0,0,0
7836,0,0,0.79,-72.65,16.01,0,0,0,0
7837,0,0,0.79,-72.62,15.01,0,0,0,0
7838,0,0,0.78,-72.6,14.01,0,0,0,0
7839,0,0,0.78,-72.57,13.01,0,0,0,0
7840,0,0,0.78,-72.55,12.01,0,0,0,0
7841,0,0,0.78,-72.52,11.01,0,0,0,0
7842,0,0,0.77,-72.5,10.01,0,0,0,0
7843,0,0,0.77,-72.47,9.01,0,0,0,0
7844,0,0,0.77,-72.45,8.01,0,0,0,0
7845,0,0,0.77,-72.42,7.01,0,0,0,0
7846,0,0,0.76,-72.4,6.02,0,0,0,0
7847,0,0,0.77,-72.44,5.02,0,0,0,0
7848,0,0,0.78,-72.8,4.08,0,0,0,0
7849,0,0,0.78,-73.43,3.3,0,0,0,0
7850,0,0,0.79,-74.16,2.65,0,0,0,0
7851,0,0,0.83,-74.11,1.66,0,0,0,0
7852,0,0,0.87,-74.05,0.66,0,0,0,0
7853,0,0,0.91,-74,-0.34,0,0,0,0
7854,0,0,0.95,-73.95,-1.34,0,0,0,0
7855,0,0,0.99,-73.9,-2.34,0,0,0,0
7856,0,0,1.02,-73.85,-3.33,0,0,0,0
7857,0,0,1.06,-73.79,-4.33,0,0,0,0
7858,0,0,1.1,-73.74,-5.33,0,0,0,0
7859,0,0,1.14,-73.69,-6.33,0,0,0,0
7860,0,0,1.17,-73.65,-7.13,0,0,0,0
7861,0,0,1.18,-72.96,-7.85,0,0,0,0
7862,0,0,1.2,-72.26,-8.57,0,0,0,0
7863,0,0,1.2,-72.01,-8.84,0,0,0,0
7864,0,0,1.23,-71.93,-9.97,0,0,0,0
7865,0,0,1.26,-71.9,-10.97,0,0,0,0
7866,0,0,1.29,-71.88,-11.97,0,0,0,0
7867,0,0,1.32,-71.85,-12.97,0,0,0,0
7868,0,0,1.35,-71.82,-13.97,0,0,0,0
7869,0,0,1.37,-71.79,-14.97,0,0,0,0
7870,0,0,1.4,-71.76,-15.97,0,0,0,0
7871,0,0,1.43,-71.73,-16.97,0,0,0,0
7872,0,0,1.46,-71.7,-17.96,0,0,0,0
7873,0,0,1.49,-71.67,-18.96,0,0,0,0
7874,0,0,1.52,-71.64,-19.96,0,0,0,0
7875,0,0,1.55,-71.61,-20.96,0,0,0,0
7876,0,0,1.58,-71.59,-21.96,0,0,0,0
7877,0,0,1.61,-71.56,-22.96,0,0,0,0
7878,0,0,1.64,-71.53,-23.96,0,0,0,0
7879,0,0,1.67,-71.5,-24.96,0,0,0,0
7880,0,0,1.69,-71.47,-25.96,0,0,0,0
7881,0,0,1.72,-71.44,-26.96,0,0,0,0
7882,0,0,1.75,-71.41,-27.96,0,0,0,0
7883,0,0,1.78,-71.38,-28.96,0,0,0,0
7884,0,0,1.81,-71.35,-29.95,0,0,0,0
7885,0,0,1.84,-71.32,-30.95,0,0,0,0
7886,0,0,1.87,-71.3,-31.95,0,0,0,0
7887,0,0,1.9,-71.27,-32.95,0,0,0,0
7888,0,0,1.93,-71.24,-33.95,0,0,0,0
7889,0,0,1.96,-71.21,-34.95,0,0,0,0
7890,0,0,1.99,-71.18,-35.95,0,0,0,0
7891,0,0,2.01,-71.15,-36.95,0,0,0,0
7892,0,0,2.04,-71.12,-37.95,0,0,0,0
7893,0,0,2.07,-71.09,-38.95,0,0,0,0
7894,0,0,2.1,-71.06,-39.95,0,0,0,0
7895,0,0,2.13,-71.03,-40.95,0,0,0,0
7896,0,0,2.16,-71.01,-41.94,0,0,0,0
7897,0,0,2.19,-70.98,-42.94,0,0,0,0
7898,0,0,2.22,-70.95,-43.94,0,0,0,0
7899,0,0,2.25,-70.92,-44.94,0,0,0,0
7900,0,0,2.28,-70.89,-45.94,0,0,0,0
7901,0,0,2.3,-70.86,-46.94,0,0,0,0
7902,0,0,2.33,-70.83,-47.94,0,0,0,0
7903,0,0,2.36,-70.8,-48.94,0,0,0,0
7904,0,0,2.39,-70.77,-49.94,0,0,0,0
7905,0,0,2.42,-70.74,-50.94,0,0,0,0
7906,0,0,2.45,-70.72,-51.94,0,0,0,0
7907,0,0,2.48,-70.69,-52.94,0,0,0,0
7908,0,0,2.51,-70.66,-53.93,0,0,0,0
7909,0,0,2.54,-70.63,-54.93,0,0,0,0
7910,0,0,2.57,-70.6,-55.93,0,0,0,0
7911,0,0,2.6,-70.57,-56.93,0,0,0,0
7912,0,0,2.62,-70.54,-57.93,0,0,0,0
7913,0,0,2.65,-70.51,-58.93,0,0,0,0
7914,0,0,2.68,-70.48,-59.93,0,0,0,0
7915,0,0,2.71,-70.45,-60.93,0,0,0,0
7916,0,0,2.74,-70.43,-61.93,0,0,0,0
7917,0,0,2.79,-70.1,-62.87,0,0,0,0
7918,0,0,2.86,-69.81,-63.83,0,0,0,0
7919,0,0,2.94,-69.58,-64.8,0,0,0,0
7920,0,0,3.03,-69.41,-65.78,0,0,0,0
7921,0,0,3.13,-69.33,-66.77,0,0,0,0
7922,0,0,3.25,-69.34,-67.76,0,0,0,0
7923,0,0,3.37,-69.41,-68.75,0,0,0,0
7924,0,0,3.49,-69.54,-69.74,0,0,0,0
7925,0,0,3.6,-69.69,-70.72,0,0,0,0
7926,0,0,3.7,-69.83,-71.7,0,0,0,0
7927,0,0,3.79,-69.96,-72.69,0,0,0,0
7928,0,0,3.87,-70.07,-73.68,0,0,0,0
7929,0,0,3.94,-70.15,-74.68,0,0,0,0
7930,0,0,4,-70.2,-75.67,0,0,0,0
7931,0,0,4.06,-70.23,-76.67,0,0,0,0
7932,0,0,4.1,-70.24,-77.67,0,0,0,0
7933,0,0,4.14,-70.22,-78.67,0,0,0,0
7934,0,0,4.14,-70.17,-79.67,0,0,0,0
7935,0,0,4.14,-70.21,-80.67,0,0,0,0
7936,0,0,4.15,-70.38,-81.65,0,0,0,0
7937,0,0,4.15,-70.82,-82.55,0,0,0,0
7938,0,0,4.15,-71.61,-83.16,0,0,0,0
7939,0,0,4.15,-72.58,-83.37,0,0,0,0
7940,0,0,4.15,-73.24,-83.37,0,0,0,0
7941,0,0,7.23,-122.87,-84.8,0,0,0,0
7942,0,0,7.32,-123.87,-84.8,0,0,0,0
7943,0,0,7.41,-124.86,-84.8,0,0,0,0
7944,0,0,7.5,-125.86,-84.8,0,0,0,0
7945,0,0,7.59,-126.86,-84.8,0,0,0,0
7946,0,0,7.68,-127.85,-84.8,0,0,0,0
7947,0,0,7.77,-128.85,-84.8,0,0,0,0
7948,0,0,7.86,-129.84,-84.8,0,0,0,0
7949,0,0,7.95,-130.84,-84.8,0,0,0,0
7950,0,0,8.04,-131.84,-84.8,0,0,0,0
7951,0,0,8.05,-132.84,-84.74,0,0,0,0
7952,0,0,8.06,-133.83,-84.6,0,0,0,0
7953,0,0,8.08,-134.8,-84.38,0,0,0,0
7954,0,0,8.09,-135.75,-84.08,0,0,0,0
7955,0,0,8.11,-136.68,-83.71,0,0,0,0
7956,0,0,8.13,-137.58,-83.27,0,0,0,0
7957,0,0,8.14,-138.45,-82.77,0,0,0,0
7958,0,0,8.16,-139.28,-82.21,0,0,0,0
7959,0,0,8.18,-140.07,-81.6,0,0,0,0
7960,0,0,8.2,-140.82,-80.95,0,0,0,0
7961,0,0,8.22,-141.54,-80.24,0,0,0,0
7962,0,0,8.23,-142.2,-79.5,0,0,0,0
7963,0,0,8.25,-142.83,-78.72,0,0,0,0
7964,0,0,8.27,-143.41,-77.91,0,0,0,0
7965,0,0,8.28,-143.94,-77.06,0,0,0,0
7966,0,0,8.3,-144.42,-76.18,0,0,0,0
7967,0,0,8.32,-144.85,-75.28,0,0,0,0
7968,0,0,8.33,-145.23,-74.35,0,0,0,0
7969,0,0,8.35,-145.55,-73.41,0,0,0,0
7970,0,0,8.36,-145.81,-72.44,0,0,0,0
7971,0,0,8.38,-146.01,-71.46,0,0,0,0
7972,0,0,8.39,-146.16,-70.47,0,0,0,0
7973,0,0,8.4,-146.23,-69.47,0,0,0,0
7974,0,0,8.34,-146.27,-68.48,0,0,0,0
7975,0,0,8.29,-146.32,-67.48,0,0,0,0
7976,0,0,8.23,-146.36,-66.48,0,0,0,0
7977,0,0,8.18,-146.4,-65.48,0,0,0,0
7978,0,0,8.12,-146.45,-64.49,0,0,0,0
7979,0,0,8.06,-146.49,-63.49,0,0,0,0
7980,0,0,8.01,-146.53,-62.49,0,0,0,0
7981,0,0,7.95,-146.57,-61.5,0,0,0,0
7982,0,0,7.89,-146.62,-60.5,0,0,0,0
7983,0,0,7.84,-146.66,-59.5,0,0,0,0
7984,0,0,7.78,-146.7,-58.5,0,0,0,0
7985,0,0,7.72,-146.74,-57.51,0,0,0,0
7986,0,0,7.67,-146.79,-56.51,0,0,0,0
7987,0,0,7.61,-146.83,-55.51,0,0,0,0
7988,0,0,7.55,-146.87,-54.51,0,0,0,0
7989,0,0,7.5,-146.92,-53.52,0,0,0,0
7990,0,0,7.44,-146.96,-52.52,0,0,0,0
7991,0,0,7.39,-147,-51.52,0,0,0,0
7992,0,0,7.33,-147.04,-50.52,0,0,0,0
7993,0,0,7.27,-147.09,-49.53,0,0,0,0
7994,0,0,7.22,-147.13,-48.53,0,0,0,0
7995,0,0,7.16,-147.17,-47.53,0,0,0,0
7996,0,0,7.1,-147.22,-46.53,0,0,0,0
7997,0,0,7.05,-147.26,-45.54,0,0,0,0
7998,0,0,6.99,-147.3,-44.54,0,0,0,0
7999,0,0,6.93,-147.34,-43.54,0,0,0,0
8000,0,0,6.88,-147.39,-42.54,0,0,0,0
8001,0,0,6.82,-147.43,-41.55,0,0,0,0
8002,0,0,6.76,-147.47,-40.55,0,0,0,0
8003,0,0,6.71,-147.51,-39.55,0,0,0,0
8004,0,0,6.65,-147.56,-38.55,0,0,0,0
8005,0,0,6.59,-147.6,-37.56,0,0,0,0
8006,0,0,6.54,-147.64,-36.56,0,0,0,0
8007,0,0,6.48,-147.69,-35.56,0,0,0,0
8008,0,0,6.43,-147.73,-34.56,0,0,0,0
8009,0,0,6.37,-147.77,-33.57,0,0,0,0
8010,0,0,6.31,-147.81,-32.57,0,0,0,0
8011,0,0,6.26,-147.86,-31.57,0,0,0,0
8012,0,0,6.2,-147.9,-30.57,0,0,0,0
8013,0,0,6.18,-147.93,-29.57,0,0,0,0
8014,0,0,6.16,-147.96,-28.57,0,0,0,0
8015,0,0,6.14,-147.99,-27.57,0,0,0,0
8016,0,0,6.11,-148.02,-26.58,0,0,0,0
8017,0,0,6.09,-148.05,-25.58,0,0,0,0
8018,0,0,6.07,-148.08,-24.58,0,0,0,0
8019,0,0,6.05,-148.11,-23.58,0,0,0,0
8020,0,0,6.03,-148.14,-22.58,0,0,0,0
8021,0,0,6.01,-148.17,-21.58,0,0,0,0
8022,0,0,5.99,-148.21,-20.58,0,0,0,0
8023,0,0,5.96,-148.24,-19.58,0,0,0,0
8024,0,0,5.94,-148.27,-18.58,0,0,0,0
8025,0,0,5.92,-148.3,-17.58,0,0,0,0
8026,0,0,5.9,-148.33,-16.58,0,0,0,0
8027,0,0,5.88,-148.36,-15.58,0,0,0,0
8028,0,0,5.86,-148.39,-14.58,0,0,0,0
8029,0,0,5.84,-148.42,-13.58,0,0,0,0
8030,0,0,5.81,-148.45,-12.59,0,0,0,0
8031,0,0,5.79,-148.48,-11.59,0,0,0,0
8032,0,0,5.77,-148.51,-10.59,0,0,0,0
8033,0,0,5.75,-148.54,-9.59,0,0,0,0
8034,0,0,5.73,-148.57,-8.59,0,0,0,0
8035,0,0,5.71,-148.6,-7.59,0,0,0,0
8036,0,0,5.69,-148.63,-6.59,0,0,0,0
8037,0,0,5.66,-148.66,-5.59,0,0,0,0
8038,0,0,5.64,-148.69,-4.59,0,0,0,0
8039,0,0,5.62,-148.73,-3.59,0,0,0,0
8040,0,0,5.6,-148.76,-2.59,0,0,0,0
8041,0,0,5.58,-148.79,-1.59,0,0,0,0
8042,0,0,5.56,-148.82,-0.59,0,0,0,0
8043,0,0,5.54,-148.85,0.41,0,0,0,0
8044,0,0,5.51,-148.88,1.4,0,0,0,0
8045,0,0,5.49,-148.91,2.4,0,0,0,0
8046,0,0,5.47,-148.94,3.4,0,0,0,0
8047,0,0,5.45,-148.97,4.4,0,0,0,0
8048,0,0,5.43,-149,5.4,0,0,0,0
8049,0,0,5.41,-149.03,6.4,0,0,0,0
8050,0,0,5.39,-149.06,7.4,0,0,0,0
8051,0,0,5.36,-149.09,8.4,0,0,0,0
8052,0,0,5.34,-149.12,9.4,0,0,0,0
8053,0,0,5.32,-149.15,10.4,0,0,0,0
8054,0,0,5.3,-149.18,11.4,0,0,0,0
8055,0,0,5.28,-149.21,12.4,0,0,0,0
8056,0,0,5.26,-149.25,13.4,0,0,0,0
8057,0,0,5.24,-149.28,14.4,0,0,0,0
8058,0,0,5.21,-149.31,15.4,0,0,0,0
8059,0,0,5.19,-149.34,16.39,0,0,0,0
8060,0,0,5.17,-149.37,17.39,0,0,0,0
8061,0,0,5.15,-149.4,18.39,0,0,0,0
8062,0,0,5.13,-149.43,19.39,0,0,0,0
8063,0,0,5.17,-149.45,20.39,0,0,0,0
8064,0,0,5.2,-149.47,21.39,0,0,0,0
8065,0,0,5.24,-149.49,22.39,0,0,0,0
8066,0,0,5.28,-149.51,23.39,0,0,0,0
8067,0,0,5.31,-149.53,24.39,0,0,0,0
8068,0,0,5.35,-149.55,25.39,0,0,0,0
8069,0,0,5.39,-149.57,26.39,0,0,0,0
8070,0,0,5.42,-149.59,27.39,0,0,0,0
8071,0,0,5.46,-149.61,28.38,0,0,0,0
8072,0,0,5.5,-149.63,29.38,0,0,0,0
8073,0,0,5.53,-149.65,30.38,0,0,0,0
8074,0,0,5.57,-149.67,31.38,0,0,0,0
8075,0,0,5.61,-149.68,32.38,0,0,0,0
8076,0,0,5.64,-149.7,33.38,0,0,0,0
8077,0,0,5.68,-149.72,34.38,0,0,0,0
8078,0,0,5.72,-149.74,35.38,0,0,0,0
8079,0,0,5.76,-149.76,36.38,0,0,0,0
8080,0,0,5.79,-149.78,37.38,0,0,0,0
8081,0,0,5.83,-149.8,38.38,0,0,0,0
8082,0,0,5.87,-149.82,39.37,0,0,0,0
8083,0,0,5.9,-149.84,40.37,0,0,0,0
8084,0,0,5.94,-149.86,41.37,0,0,0,0
8085,0,0,5.98,-149.88,42.37,0,0,0,0
8086,0,0,6.01,-149.9,43.37,0,0,0,0
8087,0,0,6.05,-149.92,44.37,0,0,0,0
8088,0,0,6.09,-149.94,45.37,0,0,0,0
8089,0,0,6.12,-149.96,46.37,0,0,0,0
8090,0,0,6.16,-149.98,47.37,0,0,0,0
8091,0,0,6.2,-150,48.37,0,0,0,0
8092,0,0,6.23,-150.02,49.37,0,0,0,0
8093,0,0,6.27,-150.04,50.37,0,0,0,0
8094,0,0,6.31,-150.06,51.36,0,0,0,0
8095,0,0,6.34,-150.08,52.36,0,0,0,0
8096,0,0,6.38,-150.1,53.36,0,0,0,0
8097,0,0,6.42,-150.12,54.36,0,0,0,0
8098,0,0,6.46,-150.14,55.36,0,0,0,0
8099,0,0,6.49,-150.16,56.36,0,0,0,0
8100,0,0,6.53,-150.18,57.36,0,0,0,0
8101,0,0,6.57,-150.2,58.36,0,0,0,0
8102,0,0,6.6,-150.22,59.36,0,0,0,0
8103,0,0,6.64,-150.24,60.36,0,0,0,0
8104,0,0,6.68,-150.26,61.36,0,0,0,0
8105,0,0,6.71,-150.28,62.35,0,0,0,0
8106,0,0,6.75,-150.29,63.08,0,0,0,0
8107,0,0,6.73,-150.27,64.08,0,0,0,0
8108,0,0,6.7,-150.17,65.07,0,0,0,0
8109,0,0,6.67,-149.98,66.06,0,0,0,0
8110,0,0,6.64,-149.71,67.02,0,0,0,0
8111,0,0,6.61,-149.36,67.95,0,0,0,0
8112,0,0,6.58,-148.94,68.86,0,0,0,0
8113,0,0,6.55,-148.46,69.74,0,0,0,0
8114,0,0,6.51,-147.92,70.58,0,0,0,0
8115,0,0,6.48,-147.34,71.39,0,0,0,0
8116,0,0,6.44,-146.71,72.17,0,0,0,0
8117,0,0,6.41,-146.04,72.91,0,0,0,0
8118,0,0,6.37,-145.33,73.61,0,0,0,0
8119,0,0,6.34,-144.58,74.27,0,0,0,0
8120,0,0,6.3,-143.8,74.9,0,0,0,0
8121,0,0,6.27,-142.99,75.48,0,0,0,0
8122,0,0,6.23,-142.14,76.01,0,0,0,0
8123,0,0,6.19,-141.26,76.49,0,0,0,0
8124,0,0,6.16,-140.36,76.91,0,0,0,0
8125,0,0,6.12,-139.42,77.25,0,0,0,0
8126,0,0,6.09,-138.45,77.49,0,0,0,0
8127,0,0,6.02,-137.47,77.72,0,0,0,0
8128,0,0,5.95,-136.49,77.88,0,0,0,0
8129,0,0,5.88,-135.5,78.01,0,0,0,0
8130,0,0,5.81,-134.51,78.1,0,0,0,0
8131,0,0,5.74,-133.51,78.16,0,0,0,0
8132,0,0,5.66,-132.52,78.2,0,0,0,0
8133,0,0,5.59,-131.52,78.23,0,0,0,0
8134,0,0,5.52,-130.52,78.24,0,0,0,0
8135,0,0,5.45,-129.52,78.23,0,0,0,0
8136,0,0,5.38,-128.53,78.21,0,0,0,0
8137,0,0,5.31,-127.53,78.16,0,0,0,0
8138,0,0,5.25,-126.57,77.91,0,0,0,0
8139,0,0,5.16,-125.79,77.27,0,0,0,0
8140,0,0,5.08,-125.39,76.36,0,0,0,0
8141,0,0,5,-125.22,75.38,0,0,0,0
8142,0,0,4.93,-125.18,74.38,0,0,0,0
8143,0,0,4.86,-125.19,73.39,0,0,0,0
8144,0,0,4.81,-125.21,72.39,0,0,0,0
8145,0,0,4.75,-125.24,71.39,0,0,0,0
8146,0,0,4.71,-125.24,70.39,0,0,0,0
8147,0,0,4.66,-125.21,69.39,0,0,0,0
8148,0,0,4.62,-125.13,68.4,0,0,0,0
8149,0,0,4.61,-125.1,67.4,0,0,0,0
8150,0,0,4.59,-125.07,66.4,0,0,0,0
8151,0,0,4.57,-125.04,65.4,0,0,0,0
8152,0,0,4.55,-125.01,64.4,0,0,0,0
8153,0,0,4.54,-124.97,63.4,0,0,0,0
8154,0,0,4.52,-124.94,62.4,0,0,0,0
8155,0,0,4.5,-124.91,61.4,0,0,0,0
8156,0,0,4.48,-124.88,60.4,0,0,0,0
8157,0,0,4.46,-124.85,59.4,0,0,0,0
8158,0,0,4.45,-124.82,58.4,0,0,0,0
8159,0,0,4.43,-124.79,57.4,0,0,0,0
8160,0,0,4.41,-124.75,56.4,0,0,0,0
8161,0,0,4.39,-124.72,55.4,0,0,0,0
8162,0,0,4.38,-124.69,54.4,0,0,0,0
8163,0,0,4.36,-124.66,53.41,0,0,0,0
8164,0,0,4.34,-124.63,52.41,0,0,0,0
8165,0,0,4.32,-124.6,51.41,0,0,0,0
8166,0,0,4.31,-124.57,50.41,0,0,0,0
8167,0,0,4.29,-124.53,49.41,0,0,0,0
8168,0,0,4.27,-124.5,48.41,0,0,0,0
8169,0,0,4.25,-124.47,47.41,0,0,0,0
8170,0,0,4.23,-124.44,46.41,0,0,0,0
8171,0,0,4.22,-124.41,45.41,0,0,0,0
8172,0,0,4.2,-124.38,44.41,0,0,0,0
8173,0,0,4.18,-124.35,43.41,0,0,0,0
8174,0,0,4.16,-124.31,42.41,0,0,0,0
8175,0,0,4.15,-124.28,41.41,0,0,0,0
8176,0,0,4.13,-124.25,40.41,0,0,0,0
8177,0,0,4.11,-124.22,39.41,0,0,0,0
8178,0,0,4.09,-124.19,38.42,0,0,0,0
8179,0,0,4.07,-124.16,37.42,0,0,0,0
8180,0,0,4.06,-124.13,36.42,0,0,0,0
8181,0,0,4.04,-124.09,35.42,0,0,0,0
8182,0,0,4.02,-124.06,34.42,0,0,0,0
8183,0,0,4,-124.03,33.42,0,0,0,0
8184,0,0,3.99,-124,32.42,0,0,0,0
8185,0,0,3.97,-123.97,31.42,0,0,0,0
8186,0,0,3.95,-123.94,30.42,0,0,0,0
8187,0,0,3.93,-123.91,29.42,0,0,0,0
8188,0,0,3.91,-123.87,28.42,0,0,0,0
8189,0,0,3.9,-123.84,27.42,0,0,0,0
8190,0,0,3.88,-123.81,26.42,0,0,0,0
8191,0,0,3.86,-123.78,25.42,0,0,0,0
8192,0,0,3.84,-123.75,24.42,0,0,0,0
8193,0,0,3.83,-123.72,23.43,0,0,0,0
8194,0,0,3.81,-123.69,22.43,0,0,0,0
8195,0,0,3.79,-123.65,21.43,0,0,0,0
8196,0,0,3.77,-123.62,20.43,0,0,0,0
8197,0,0,3.77,-123.63,19.43,0,0,0,0
8198,0,0,3.77,-123.63,18.43,0,0,0,0
8199,0,0,3.77,-123.63,17.43,0,0,0,0
8200,0,0,3.77,-123.64,16.43,0,0,0,0
8201,0,0,3.77,-123.64,15.43,0,0,0,0
8202,0,0,3.77,-123.64,14.43,0,0,0,0
8203,0,0,3.77,-123.65,13.43,0,0,0,0
8204,0,0,3.77,-123.65,12.43,0,0,0,0
8205,0,0,3.77,-123.65,11.43,0,0,0,0
8206,0,0,3.77,-123.66,10.43,0,0,0,0
8207,0,0,3.77,-123.66,9.43,0,0,0,0
8208,0,0,3.77,-123.66,8.43,0,0,0,0
8209,0,0,3.77,-123.67,7.43,0,0,0,0
8210,0,0,3.77,-123.67,6.43,0,0,0,0
8211,0,0,3.77,-123.67,5.43,0,0,0,0
8212,0,0,3.77,-123.67,4.43,0,0,0,0
8213,0,0,3.77,-123.67,3.43,0,0,0,0
8214,0,0,3.77,-123.66,2.43,0,0,0,0
8215,0,0,3.77,-123.66,1.43,0,0,0,0
8216,0,0,3.77,-123.65,0.43,0,0,0,0
8217,0,0,3.77,-123.65,-0.57,0,0,0,0
8218,0,0,3.77,-123.65,-1.57,0,0,0,0
8219,0,0,3.77,-123.64,-2.57,0,0,0,0
8220,0,0,3.77,-123.64,-3.57,0,0,0,0
8221,0,0,3.77,-123.63,-4.57,0,0,0,0
8222,0,0,3.77,-123.63,-5.57,0,0,0,0
8223,0,0,3.77,-123.63,-6.57,0,0,0,0
8224,0,0,3.77,-123.62,-7.57,0,0,0,0
8225,0,0,3.77,-123.62,-8.57,0,0,0,0
8226,0,0,3.77,-123.61,-9.57,0,0,0,0
8227,0,0,3.77,-123.61,-10.57,0,0,0,0
8228,0,0,3.77,-123.61,-11.57,0,0,0,0
8229,0,0,3.76,-123.6,-12.57,0,0,0,0
8230,0,0,3.76,-123.6,-13.57,0,0,0,0
8231,0,0,3.76,-123.59,-14.57,0,0,0,0
8232,0,0,3.76,-123.59,-15.57,0,0,0,0
8233,0,0,3.76,-123.59,-16.57,0,0,0,0
8234,0,0,3.76,-123.58,-17.57,0,0,0,0
8235,0,0,3.76,-123.46,-18.57,0,0,0,0
8236,0,0,3.76,-123.34,-19.56,0,0,0,0
8237,0,0,3.76,-123.22,-20.55,0,0,0,0
8238,0,0,3.76,-123.1,-21.54,0,0,0,0
8239,0,0,3.76,-122.98,-22.54,0,0,0,0
8240,0,0,3.76,-122.86,-23.53,0,0,0,0
8241,0,0,3.76,-122.74,-24.52,0,0,0,0
8242,0,0,3.76,-122.62,-25.51,0,0,0,0
8243,0,0,3.81,-122.58,-26.51,0,0,0,0
8244,0,0,3.86,-122.55,-27.51,0,0,0,0
8245,0,0,3.91,-122.52,-28.51,0,0,0,0
8246,0,0,3.96,-122.48,-29.51,0,0,0,0
8247,0,0,4,-122.45,-30.51,0,0,0,0
8248,0,0,4.05,-122.42,-31.5,0,0,0,0
8249,0,0,4.1,-122.38,-32.5,0,0,0,0
8250,0,0,4.15,-122.35,-33.5,0,0,0,0
8251,0,0,4.19,-122.31,-34.5,0,0,0,0
8252,0,0,4.24,-122.28,-35.5,0,0,0,0
8253,0,0,4.29,-122.25,-36.5,0,0,0,0
8254,0,0,4.34,-122.21,-37.49,0,0,0,0
8255,0,0,4.39,-122.18,-38.49,0,0,0,0
8256,0,0,4.43,-122.14,-39.49,0,0,0,0
8257,0,0,4.48,-122.11,-40.49,0,0,0,0
8258,0,0,4.53,-122.08,-41.49,0,0,0,0
8259,0,0,4.58,-122.04,-42.49,0,0,0,0
8260,0,0,4.62,-122.01,-43.48,0,0,0,0
8261,0,0,4.67,-121.97,-44.48,0,0,0,0
8262,0,0,4.72,-121.94,-45.48,0,0,0,0
8263,0,0,4.77,-121.91,-46.48,0,0,0,0
8264,0,0,4.82,-121.87,-47.48,0,0,0,0
8265,0,0,4.86,-121.84,-48.47,0,0,0,0
8266,0,0,4.91,-121.8,-49.47,0,0,0,0
8267,0,0,4.96,-121.77,-50.47,0,0,0,0
8268,0,0,5.01,-121.74,-51.47,0,0,0,0
8269,0,0,5.05,-121.7,-52.47,0,0,0,0
8270,0,0,5.1,-121.67,-53.47,0,0,0,0
8271,0,0,5.15,-121.63,-54.46,0,0,0,0
8272,0,0,5.2,-121.6,-55.46,0,0,0,0
8273,0,0,5.24,-121.57,-56.46,0,0,0,0
8274,0,0,5.29,-121.53,-57.46,0,0,0,0
8275,0,0,5.34,-121.5,-58.46,0,0,0,0
8276,0,0,5.39,-121.47,-59.46,0,0,0,0
8277,0,0,5.44,-121.43,-60.45,0,0,0,0
8278,0,0,5.48,-121.4,-61.45,0,0,0,0
8279,0,0,5.55,-121.36,-62.45,0,0,0,0
8280,0,0,5.63,-121.33,-63.45,0,0,0,0
8281,0,0,5.7,-121.29,-64.44,0,0,0,0
8282,0,0,5.77,-121.25,-65.44,0,0,0,0
8283,0,0,5.84,-121.22,-66.44,0,0,0,0
8284,0,0,5.91,-121.18,-67.43,0,0,0,0
8285,0,0,5.98,-121.15,-68.43,0,0,0,0
8286,0,0,6.05,-121.11,-69.43,0,0,0,0
8287,0,0,6.12,-121.07,-70.42,0,0,0,0
8288,0,0,6.19,-121.04,-71.42,0,0,0,0
8289,0,0,6.26,-121,-72.42,0,0,0,0
8290,0,0,6.33,-120.97,-73.41,0,0,0,0
8291,0,0,6.4,-120.93,-74.41,0,0,0,0
8292,0,0,6.48,-120.89,-75.41,0,0,0,0
8293,0,0,6.55,-120.86,-76.41,0,0,0,0
8294,0,0,6.62,-120.82,-77.4,0,0,0,0
8295,0,0,6.69,-120.79,-78.4,0,0,0,0
8296,0,0,6.76,-120.75,-79.4,0,0,0,0
8297,0,0,6.83,-120.71,-80.39,0,0,0,0
8298,0,0,6.9,-120.68,-81.39,0,0,0,0
8299,0,0,6.97,-120.64,-82.39,0,0,0,0
8300,0,0,7.03,-120.83,-83.37,0,0,0,0
8301,0,0,7.12,-121.37,-84.2,0,0,0,0
8302,0,0,7.2,-122.26,-84.66,0,0,0,0
8303,0,0,7.23,-122.87,-84.8,0,0,0,0
8304,0,0,-0.03,-31.85,87.6,0,0,0,0
8305,0,0,0,-32.85,87.57,0,0,0,0
8306,0,0,0.03,-33.85,87.54,0,0,0,0
8307,0,0,0.06,-34.85,87.5,0,0,0,0
8308,0,0,0.09,-35.85,87.47,0,0,0,0
8309,0,0,0.11,-36.84,87.44,0,0,0,0
8310,0,0,0.14,-37.84,87.41,0,0,0,0
8311,0,0,0.17,-38.84,87.37,0,0,0,0
8312,0,0,0.2,-39.84,87.34,0,0,0,0
8313,0,0,0.23,-40.84,87.31,0,0,0,0
8314,0,0,0.25,-41.84,87.27,0,0,0,0
8315,0,0,0.28,-42.84,87.24,0,0,0,0
8316,0,0,0.31,-43.84,87.21,0,0,0,0
8317,0,0,0.34,-44.84,87.17,0,0,0,0
8318,0,0,0.37,-45.84,87.14,0,0,0,0
8319,0,0,0.43,-46.83,87.12,0,0,0,0
8320,0,0,0.49,-47.83,87.09,0,0,0,0
8321,0,0,0.55,-48.83,87.07,0,0,0,0
8322,0,0,0.61,-49.83,87.04,0,0,0,0
8323,0,0,0.67,-50.82,87.02,0,0,0,0
8324,0,0,0.73,-51.82,86.99,0,0,0,0
8325,0,0,0.79,-52.82,86.97,0,0,0,0
8326,0,0,0.85,-53.82,86.94,0,0,0,0
8327,0,0,0.91,-54.82,86.92,0,0,0,0
8328,0,0,0.98,-55.81,86.89,0,0,0,0
8329,0,0,1.04,-56.81,86.87,0,0,0,0
8330,0,0,1.1,-57.81,86.84,0,0,0,0
8331,0,0,1.16,-58.81,86.82,0,0,0,0
8332,0,0,1.22,-59.81,86.79,0,0,0,0
8333,0,0,1.28,-60.8,86.77,0,0,0,0
8334,0,0,1.34,-61.8,86.74,0,0,0,0
8335,0,0,1.4,-62.8,86.72,0,0,0,0
8336,0,0,1.46,-63.8,86.69,0,0,0,0
8337,0,0,1.52,-64.79,86.67,0,0,0,0
8338,0,0,1.58,-65.79,86.64,0,0,0,0
8339,0,0,1.65,-66.79,86.62,0,0,0,0
8340,0,0,1.71,-67.79,86.59,0,0,0,0
8341,0,0,1.77,-68.79,86.57,0,0,0,0
8342,0,0,1.83,-69.78,86.54,0,0,0,0
8343,0,0,1.89,-70.78,86.52,0,0,0,0
8344,0,0,1.95,-71.78,86.5,0,0,0,0
8345,0,0,2.01,-72.78,86.47,0,0,0,0
8346,0,0,2.07,-73.78,86.45,0,0,0,0
8347,0,0,2.13,-74.77,86.42,0,0,0,0
8348,0,0,2.19,-75.77,86.4,0,0,0,0
8349,0,0,2.26,-76.77,86.37,0,0,0,0
8350,0,0,2.32,-77.77,86.35,0,0,0,0
8351,0,0,2.38,-78.76,86.32,0,0,0,0
8352,0,0,2.44,-79.76,86.3,0,0,0,0
8353,0,0,2.5,-80.76,86.27,0,0,0,0
8354,0,0,2.56,-81.76,86.25,0,0,0,0
8355,0,0,2.62,-82.76,86.22,0,0,0,0
8356,0,0,2.68,-83.75,86.2,0,0,0,0
8357,0,0,2.74,-84.75,86.17,0,0,0,0
8358,0,0,2.8,-85.75,86.15,0,0,0,0
8359,0,0,2.86,-86.75,86.12,0,0,0,0
8360,0,0,2.93,-87.74,86.1,0,0,0,0
8361,0,0,2.98,-88.74,86.09,0,0,0,0
8362,0,0,3.04,-89.74,86.09,0,0,0,0
8363,0,0,3.1,-90.74,86.08,0,0,0,0
8364,0,0,3.16,-91.74,86.07,0,0,0,0
8365,0,0,3.21,-92.74,86.07,0,0,0,0
8366,0,0,3.27,-93.73,86.06,0,0,0,0
8367,0,0,3.33,-94.73,86.05,0,0,0,0
8368,0,0,3.39,-95.73,86.05,0,0,0,0
8369,0,0,3.44,-96.73,86.04,0,0,0,0
8370,0,0,3.5,-97.73,86.04,0,0,0,0
8371,0,0,3.56,-98.73,86.03,0,0,0,0
8372,0,0,3.62,-99.72,86.02,0,0,0,0
8373,0,0,3.68,-100.72,86.02,0,0,0,0
8374,0,0,3.73,-101.72,86.01,0,0,0,0
8375,0,0,3.79,-102.72,86,0,0,0,0
8376,0,0,3.85,-103.72,86,0,0,0,0
8377,0,0,3.91,-104.72,85.99,0,0,0,0
8378,0,0,3.96,-105.71,85.99,0,0,0,0
8379,0,0,4.02,-106.71,85.98,0,0,0,0
8380,0,0,4.08,-107.71,85.97,0,0,0,0
8381,0,0,4.14,-108.71,85.97,0,0,0,0
8382,0,0,4.19,-109.71,85.96,0,0,0,0
8383,0,0,4.25,-110.71,85.95,0,0,0,0
8384,0,0,4.31,-111.7,85.95,0,0,0,0
8385,0,0,4.37,-112.7,85.94,0,0,0,0
8386,0,0,4.42,-113.7,85.94,0,0,0,0
8387,0,0,4.48,-114.7,85.93,0,0,0,0
8388,0,0,4.54,-115.7,85.92,0,0,0,0
8389,0,0,4.6,-116.7,85.92,0,0,0,0
8390,0,0,4.65,-117.69,85.91,0,0,0,0
8391,0,0,4.71,-118.69,85.91,0,0,0,0
8392,0,0,4.75,-118.53,86.89,0,0,0,0
8393,0,0,4.78,-118.36,87.88,0,0,0,0
8394,0,0,4.82,-118.2,88.86,0,0,0,0
8395,0,0,4.85,-118.03,89.85,0,0,0,0
8396,0,0,4.89,-117.86,90.83,0,0,0,0
8397,0,0,4.92,-117.7,91.82,0,0,0,0
8398,0,0,4.95,-117.53,92.8,0,0,0,0
8399,0,0,4.99,-117.37,93.79,0,0,0,0
8400,0,0,5.02,-117.2,94.77,0,0,0,0
8401,0,0,5.06,-117.03,95.76,0,0,0,0
8402,0,0,5.09,-116.87,96.75,0,0,0,0
8403,0,0,5.13,-116.7,97.73,0,0,0,0
8404,0,0,5.16,-116.54,98.72,0,0,0,0
8405,0,0,5.2,-116.37,99.7,0,0,0,0
8406,0,0,5.23,-116.2,100.69,0,0,0,0
8407,0,0,5.27,-116.04,101.67,0,0,0,0
8408,0,0,5.3,-115.87,102.66,0,0,0,0
8409,0,0,5.34,-115.71,103.64,0,0,0,0
8410,0,0,5.37,-115.54,104.63,0,0,0,0
8411,0,0,5.41,-115.38,105.62,0,0,0,0
8412,0,0,5.44,-115.21,106.6,0,0,0,0
8413,0,0,5.48,-115.04,107.59,0,0,0,0
8414,0,0,5.51,-114.88,108.57,0,0,0,0
8415,0,0,5.54,-114.71,109.56,0,0,0,0
8416,0,0,5.58,-114.55,110.54,0,0,0,0
8417,0,0,5.66,-114.59,111.54,0,0,0,0
8418,0,0,5.73,-114.63,112.54,0,0,0,0
8419,0,0,5.81,-114.67,113.53,0,0,0,0
8420,0,0,5.89,-114.71,114.53,0,0,0,0
8421,0,0,5.96,-114.74,115.52,0,0,0,0
8422,0,0,6.04,-114.78,116.52,0,0,0,0
8423,0,0,6.12,-114.82,117.52,0,0,0,0
8424,0,0,6.2,-114.86,118.51,0,0,0,0
8425,0,0,6.27,-114.9,119.51,0,0,0,0
8426,0,0,6.35,-114.94,120.51,0,0,0,0
8427,0,0,6.43,-114.98,121.5,0,0,0,0
8428,0,0,6.5,-115.02,122.5,0,0,0,0
8429,0,0,6.58,-115.06,123.49,0,0,0,0
8430,0,0,6.66,-115.1,124.49,0,0,0,0
8431,0,0,6.74,-115.14,125.49,0,0,0,0
8432,0,0,6.81,-115.18,126.48,0,0,0,0
8433,0,0,6.89,-115.22,127.48,0,0,0,0
8434,0,0,6.97,-115.26,128.48,0,0,0,0
8435,0,0,7.04,-115.3,129.47,0,0,0,0
8436,0,0,7.12,-115.34,130.47,0,0,0,0
8437,0,0,7.2,-115.38,131.46,0,0,0,0
8438,0,0,7.28,-115.42,132.46,0,0,0,0
8439,0,0,7.35,-115.46,133.46,0,0,0,0
8440,0,0,7.43,-115.5,134.45,0,0,0,0
8441,0,0,7.51,-115.54,135.45,0,0,0,0
8442,0,0,7.58,-115.58,136.45,0,0,0,0
8443,0,0,7.66,-115.62,137.44,0,0,0,0
8444,0,0,7.74,-115.66,138.44,0,0,0,0
8445,0,0,7.81,-115.7,139.43,0,0,0,0
8446,0,0,7.89,-115.74,140.43,0,0,0,0
8447,0,0,7.97,-115.78,141.43,0,0,0,0
8448,0,0,8.05,-115.82,142.42,0,0,0,0
8449,0,0,8.12,-115.86,143.42,0,0,0,0
8450,0,0,8.2,-115.9,144.42,0,0,0,0
8451,0,0,8.28,-115.94,145.41,0,0,0,0
8452,0,0,8.35,-115.98,146.41,0,0,0,0
8453,0,0,8.43,-116.02,147.4,0,0,0,0
8454,0,0,8.51,-116.06,148.4,0,0,0,0
8455,0,0,8.59,-116.1,149.4,0,0,0,0
8456,0,0,8.66,-116.14,150.39,0,0,0,0
8457,0,0,8.74,-116.18,151.39,0,0,0,0
8458,0,0,8.82,-116.22,152.39,0,0,0,0
8459,0,0,8.89,-116.26,153.38,0,0,0,0
8460,0,0,8.97,-116.3,154.38,0,0,0,0
8461,0,0,9.05,-116.34,155.37,0,0,0,0
8462,0,0,9.13,-116.37,156.37,0,0,0,0
8463,0,0,9.2,-116.41,157.37,0,0,0,0
8464,0,0,9.28,-116.45,158.36,0,0,0,0
8465,0,0,9.36,-116.49,159.36,0,0,0,0
8466,0,0,9.36,-116.39,160.35,0,0,0,0
8467,0,0,9.36,-116.17,161.33,0,0,0,0
8468,0,0,9.36,-115.81,162.26,0,0,0,0
8469,0,0,9.37,-115.31,163.13,0,0,0,0
8470,0,0,9.37,-114.66,163.89,0,0,0,0
8471,0,0,9.38,-113.9,164.53,0,0,0,0
8472,0,0,9.38,-113.03,165.03,0,0,0,0
8473,0,0,9.38,-112.09,165.37,0,0,0,0
8474,0,0,9.39,-111.1,165.53,0,0,0,0
8475,0,0,9.33,-110.1,165.54,0,0,0,0
8476,0,0,9.28,-109.1,165.55,0,0,0,0
8477,0,0,9.22,-108.1,165.56,0,0,0,0
8478,0,0,9.17,-107.11,165.58,0,0,0,0
8479,0,0,9.11,-106.11,165.59,0,0,0,0
8480,0,0,9.05,-105.11,165.6,0,0,0,0
8481,0,0,9,-104.11,165.62,0,0,0,0
8482,0,0,8.94,-103.11,165.63,0,0,0,0
8483,0,0,8.89,-102.11,165.64,0,0,0,0
8484,0,0,8.83,-101.12,165.66,0,0,0,0
8485,0,0,8.77,-100.12,165.67,0,0,0,0
8486,0,0,8.72,-99.12,165.68,0,0,0,0
8487,0,0,8.66,-98.12,165.7,0,0,0,0
8488,0,0,8.61,-97.12,165.71,0,0,0,0
8489,0,0,8.55,-96.12,165.72,0,0,0,0
8490,0,0,8.49,-95.13,165.73,0,0,0,0
8491,0,0,8.44,-94.13,165.75,0,0,0,0
8492,0,0,8.38,-93.13,165.76,0,0,0,0
8493,0,0,8.33,-92.13,165.77,0,0,0,0
8494,0,0,8.27,-91.13,165.79,0,0,0,0
8495,0,0,8.21,-90.13,165.8,0,0,0,0
8496,0,0,8.16,-89.14,165.81,0,0,0,0
8497,0,0,8.1,-88.14,165.83,0,0,0,0
8498,0,0,8.05,-87.14,165.84,0,0,0,0
8499,0,0,7.99,-86.14,165.85,0,0,0,0
8500,0,0,7.93,-85.14,165.87,0,0,0,0
8501,0,0,7.88,-84.14,165.88,0,0,0,0
8502,0,0,7.82,-83.15,165.89,0,0,0,0
8503,0,0,7.77,-82.15,165.91,0,0,0,0
8504,0,0,7.71,-81.15,165.92,0,0,0,0
8505,0,0,7.66,-80.15,165.93,0,0,0,0
8506,0,0,7.6,-79.15,165.94,0,0,0,0
8507,0,0,7.54,-78.15,165.96,0,0,0,0
8508,0,0,7.49,-77.16,165.97,0,0,0,0
8509,0,0,7.43,-76.16,165.98,0,0,0,0
8510,0,0,7.38,-75.16,166,0,0,0,0
8511,0,0,7.32,-74.16,166.01,0,0,0,0
8512,0,0,7.26,-73.16,166.02,0,0,0,0
8513,0,0,7.21,-72.16,166.04,0,0,0,0
8514,0,0,7.15,-71.17,166.05,0,0,0,0
8515,0,0,7.1,-70.17,166.06,0,0,0,0
8516,0,0,7.04,-69.17,166.08,0,0,0,0
8517,0,0,6.98,-68.17,166.09,0,0,0,0
8518,0,0,6.93,-67.17,166.1,0,0,0,0
8519,0,0,6.87,-66.17,166.11,0,0,0,0
8520,0,0,6.82,-65.18,166.13,0,0,0,0
8521,0,0,6.76,-64.18,166.14,0,0,0,0
8522,0,0,6.7,-63.18,166.15,0,0,0,0
8523,0,0,6.65,-62.18,166.17,0,0,0,0
8524,0,0,6.59,-61.18,166.18,0,0,0,0
8525,0,0,6.54,-60.18,166.19,0,0,0,0
8526,0,0,6.48,-59.19,166.21,0,0,0,0
8527,0,0,6.43,-58.19,166.22,0,0,0,0
8528,0,0,6.37,-57.19,166.23,0,0,0,0
8529,0,0,6.31,-56.19,166.25,0,0,0,0
8530,0,0,6.26,-55.19,166.26,0,0,0,0
8531,0,0,6.2,-54.19,166.27,0,0,0,0
8532,0,0,6.15,-53.2,166.29,0,0,0,0
8533,0,0,6.09,-52.2,166.3,0,0,0,0
8534,0,0,6.03,-51.2,166.31,0,0,0,0
8535,0,0,5.98,-50.2,166.32,0,0,0,0
8536,0,0,5.92,-49.2,166.34,0,0,0,0
8537,0,0,5.87,-48.2,166.35,0,0,0,0
8538,0,0,5.81,-47.21,166.36,0,0,0,0
8539,0,0,5.75,-46.21,166.38,0,0,0,0
8540,0,0,5.7,-45.21,166.39,0,0,0,0
8541,0,0,5.64,-44.21,166.4,0,0,0,0
8542,0,0,5.59,-43.21,166.42,0,0,0,0
8543,0,0,5.53,-42.21,166.43,0,0,0,0
8544,0,0,5.47,-41.22,166.44,0,0,0,0
8545,0,0,5.42,-40.22,166.46,0,0,0,0
8546,0,0,5.36,-39.22,166.47,0,0,0,0
8547,0,0,5.31,-38.22,166.48,0,0,0,0
8548,0,0,5.25,-37.22,166.49,0,0,0,0
8549,0,0,5.22,-36.22,166.52,0,0,0,0
8550,0,0,5.18,-35.24,166.36,0,0,0,0
8551,0,0,5.14,-34.32,165.97,0,0,0,0
8552,0,0,5.09,-33.57,165.3,0,0,0,0
8553,0,0,5.04,-33.1,164.42,0,0,0,0
8554,0,0,5.01,-32.93,163.44,0,0,0,0
8555,0,0,4.98,-32.96,162.44,0,0,0,0
8556,0,0,4.91,-32.94,161.44,0,0,0,0
8557,0,0,4.85,-32.93,160.44,0,0,0,0
8558,0,0,4.78,-32.91,159.45,0,0,0,0
8559,0,0,4.72,-32.9,158.45,0,0,0,0
8560,0,0,4.65,-32.88,157.45,0,0,0,0
8561,0,0,4.59,-32.86,156.45,0,0,0,0
8562,0,0,4.52,-32.84,155.46,0,0,0,0
8563,0,0,4.46,-32.82,154.46,0,0,0,0
8564,0,0,4.39,-32.79,153.46,0,0,0,0
8565,0,0,4.32,-32.77,152.46,0,0,0,0
8566,0,0,4.26,-32.75,151.47,0,0,0,0
8567,0,0,4.19,-32.72,150.47,0,0,0,0
8568,0,0,4.12,-32.7,149.47,0,0,0,0
8569,0,0,4.05,-32.68,148.47,0,0,0,0
8570,0,0,3.99,-32.65,147.48,0,0,0,0
8571,0,0,3.92,-32.62,146.48,0,0,0,0
8572,0,0,3.85,-32.6,145.48,0,0,0,0
8573,0,0,3.78,-32.57,144.48,0,0,0,0
8574,0,0,3.71,-32.54,143.49,0,0,0,0
8575,0,0,3.64,-32.52,142.49,0,0,0,0
8576,0,0,3.57,-32.49,141.49,0,0,0,0
8577,0,0,3.51,-32.46,140.49,0,0,0,0
8578,0,0,3.44,-32.43,139.5,0,0,0,0
8579,0,0,3.37,-32.4,138.5,0,0,0,0
8580,0,0,3.3,-32.38,137.5,0,0,0,0
8581,0,0,3.23,-32.35,136.51,0,0,0,0
8582,0,0,3.16,-32.32,135.51,0,0,0,0
8583,0,0,3.09,-32.29,134.51,0,0,0,0
8584,0,0,3.02,-32.26,133.51,0,0,0,0
8585,0,0,2.95,-32.23,132.52,0,0,0,0
8586,0,0,2.88,-32.2,131.52,0,0,0,0
8587,0,0,2.81,-32.17,130.52,0,0,0,0
8588,0,0,2.74,-32.13,129.53,0,0,0,0
8589,0,0,2.67,-32.1,128.53,0,0,0,0
8590,0,0,2.6,-32.07,127.53,0,0,0,0
8591,0,0,2.53,-32.04,126.54,0,0,0,0
8592,0,0,2.46,-32.01,125.54,0,0,0,0
8593,0,0,2.39,-31.98,124.54,0,0,0,0
8594,0,0,2.32,-31.95,123.54,0,0,0,0
8595,0,0,2.25,-31.91,122.55,0,0,0,0
8596,0,0,2.18,-31.88,121.55,0,0,0,0
8597,0,0,2.11,-31.85,120.55,0,0,0,0
8598,0,0,2.04,-31.82,119.56,0,0,0,0
8599,0,0,1.97,-31.79,118.56,0,0,0,0
8600,0,0,1.9,-31.75,117.56,0,0,0,0
8601,0,0,1.83,-31.72,116.57,0,0,0,0
8602,0,0,1.76,-31.69,115.57,0,0,0,0
8603,0,0,1.69,-31.66,114.57,0,0,0,0
8604,0,0,1.62,-31.62,113.57,0,0,0,0
8605,0,0,1.55,-31.59,112.58,0,0,0,0
8606,0,0,1.47,-31.56,111.58,0,0,0,0
8607,0,0,1.4,-31.53,110.58,0,0,0,0
8608,0,0,1.33,-31.49,109.59,0,0,0,0
8609,0,0,1.26,-31.46,108.59,0,0,0,0
8610,0,0,1.19,-31.43,107.59,0,0,0,0
8611,0,0,1.12,-31.4,106.6,0,0,0,0
8612,0,0,1.05,-31.36,105.6,0,0,0,0
8613,0,0,0.98,-31.33,104.6,0,0,0,0
8614,0,0,0.91,-31.3,103.6,0,0,0,0
8615,0,0,0.84,-31.27,102.61,0,0,0,0
8616,0,0,0.77,-31.23,101.61,0,0,0,0
8617,0,0,0.7,-31.2,100.61,0,0,0,0
8618,0,0,0.63,-31.17,99.62,0,0,0,0
8619,0,0,0.56,-31.14,98.62,0,0,0,0
8620,0,0,0.49,-31.11,97.62,0,0,0,0
8621,0,0,0.42,-31.08,96.63,0,0,0,0
8622,0,0,0.35,-31.05,95.63,0,0,0,0
8623,0,0,0.28,-31.01,94.63,0,0,0,0
8624,0,0,0.21,-30.98,93.63,0,0,0,0
8625,0,0,0.14,-30.96,92.64,0,0,0,0
8626,0,0,0.07,-30.93,91.64,0,0,0,0
8627,0,0,0.05,-30.84,90.64,0,0,0,0
8628,0,0,0.02,-30.9,89.65,0,0,0,0
8629,0,0,0,-31.15,88.68,0,0,0,0
8630,0,0,-0.02,-31.66,87.82,0,0,0,0
8631,0,0,-0.03,-31.85,87.6,0,0,0,0
8632,0,0,3.74,8.52,168.6,0,0,0,0
8633,0,0,3.75,7.58,168.27,0,0,0,0
8634,0,0,3.77,6.61,168,0,0,0,0
8635,0,0,3.78,5.64,167.79,0,0,0,0
8636,0,0,3.8,4.65,167.61,0,0,0,0
8637,0,0,3.82,3.66,167.47,0,0,0,0
8638,0,0,3.84,2.67,167.35,0,0,0,0
8639,0,0,3.85,1.67,167.26,0,0,0,0
8640,0,0,3.87,0.68,167.19,0,0,0,0
8641,0,0,3.89,-0.32,167.13,0,0,0,0
8642,0,0,3.91,-1.32,167.08,0,0,0,0
8643,0,0,3.93,-2.32,167.05,0,0,0,0
8644,0,0,3.95,-3.32,167.02,0,0,0,0
8645,0,0,3.96,-4.32,166.99,0,0,0,0
8646,0,0,3.98,-5.32,166.97,0,0,0,0
8647,0,0,4,-6.32,166.94,0,0,0,0
8648,0,0,4.02,-7.32,166.9,0,0,0,0
8649,0,0,4.04,-8.31,166.85,0,0,0,0
8650,0,0,4.06,-9.31,166.78,0,0,0,0
8651,0,0,4.09,-10.31,166.78,0,0,0,0
8652,0,0,4.13,-11.31,166.77,0,0,0,0
8653,0,0,4.17,-12.31,166.77,0,0,0,0
8654,0,0,4.21,-13.31,166.76,0,0,0,0
8655,0,0,4.25,-14.31,166.76,0,0,0,0
8656,0,0,4.29,-15.31,166.75,0,0,0,0
8657,0,0,4.33,-16.31,166.75,0,0,0,0
8658,0,0,4.36,-17.31,166.74,0,0,0,0
8659,0,0,4.4,-18.3,166.74,0,0,0,0
8660,0,0,4.44,-19.3,166.73,0,0,0,0
8661,0,0,4.48,-20.3,166.73,0,0,0,0
8662,0,0,4.52,-21.3,166.72,0,0,0,0
8663,0,0,4.56,-22.3,166.72,0,0,0,0
8664,0,0,4.6,-23.3,166.71,0,0,0,0
8665,0,0,4.64,-24.3,166.71,0,0,0,0
8666,0,0,4.67,-25.3,166.7,0,0,0,0
8667,0,0,4.65,-26.29,166.59,0,0,0,0
8668,0,0,4.63,-27.19,166.16,0,0,0,0
8669,0,0,4.6,-27.87,165.43,0,0,0,0
8670,0,0,4.57,-28.3,164.52,0,0,0,0
8671,0,0,4.55,-28.57,163.56,0,0,0,0
8672,0,0,4.52,-28.71,162.57,0,0,0,0
8673,0,0,4.5,-28.78,161.57,0,0,0,0
8674,0,0,4.48,-28.79,160.57,0,0,0,0
8675,0,0,4.45,-28.76,159.57,0,0,0,0
8676,0,0,4.43,-28.72,158.58,0,0,0,0
8677,0,0,4.41,-28.65,157.58,0,0,0,0
8678,0,0,4.39,-28.59,156.58,0,0,0,0
8679,0,0,4.36,-28.55,155.58,0,0,0,0
8680,0,0,4.27,-28.53,154.59,0,0,0,0
8681,0,0,4.18,-28.5,153.59,0,0,0,0
8682,0,0,4.09,-28.48,152.6,0,0,0,0
8683,0,0,4,-28.46,151.6,0,0,0,0
8684,0,0,3.9,-28.44,150.6,0,0,0,0
8685,0,0,3.81,-28.42,149.61,0,0,0,0
8686,0,0,3.72,-28.39,148.61,0,0,0,0
8687,0,0,3.63,-28.37,147.62,0,0,0,0
8688,0,0,3.53,-28.35,146.62,0,0,0,0
8689,0,0,3.44,-28.33,145.63,0,0,0,0
8690,0,0,3.35,-28.31,144.63,0,0,0,0
8691,0,0,3.26,-28.28,143.64,0,0,0,0
8692,0,0,3.16,-28.26,142.64,0,0,0,0
8693,0,0,3.07,-28.24,141.64,0,0,0,0
8694,0,0,2.98,-28.22,140.65,0,0,0,0
8695,0,0,2.89,-28.2,139.65,0,0,0,0
8696,0,0,2.78,-27.81,138.74,0,0,0,0
8697,0,0,2.66,-27.42,137.82,0,0,0,0
8698,0,0,2.55,-27.03,136.91,0,0,0,0
8699,0,0,2.45,-26.98,135.92,0,0,0,0
8700,0,0,2.36,-26.93,134.92,0,0,0,0
8701,0,0,2.26,-26.87,133.93,0,0,0,0
8702,0,0,2.17,-26.82,132.93,0,0,0,0
8703,0,0,2.07,-26.77,131.94,0,0,0,0
8704,0,0,1.98,-26.72,130.95,0,0,0,0
8705,0,0,1.88,-26.66,129.95,0,0,0,0
8706,0,0,1.79,-26.61,128.96,0,0,0,0
8707,0,0,1.69,-26.56,127.96,0,0,0,0
8708,0,0,1.6,-26.51,126.97,0,0,0,0
8709,0,0,1.5,-26.45,125.98,0,0,0,0
8710,0,0,1.46,-26.77,125.03,0,0,0,0
8711,0,0,1.42,-27.08,124.08,0,0,0,0
8712,0,0,1.37,-27.39,123.13,0,0,0,0
8713,0,0,1.33,-27.7,122.18,0,0,0,0
8714,0,0,1.28,-27.66,121.18,0,0,0,0
8715,0,0,1.23,-27.63,120.18,0,0,0,0
8716,0,0,1.18,-27.6,119.18,0,0,0,0
8717,0,0,1.13,-27.56,118.18,0,0,0,0
8718,0,0,1.08,-27.53,117.19,0,0,0,0
8719,0,0,1.04,-27.5,116.19,0,0,0,0
8720,0,0,0.99,-27.46,115.19,0,0,0,0
8721,0,0,0.94,-27.43,114.19,0,0,0,0
8722,0,0,0.89,-27.4,113.19,0,0,0,0
8723,0,0,0.84,-27.37,112.19,0,0,0,0
8724,0,0,0.79,-27.33,111.2,0,0,0,0
8725,0,0,0.74,-27.3,110.2,0,0,0,0
8726,0,0,0.69,-27.27,109.2,0,0,0,0
8727,0,0,0.64,-27.23,108.2,0,0,0,0
8728,0,0,0.59,-27.2,107.2,0,0,0,0
8729,0,0,0.54,-27.17,106.2,0,0,0,0
8730,0,0,0.49,-27.13,105.21,0,0,0,0
8731,0,0,0.44,-27.1,104.21,0,0,0,0
8732,0,0,0.4,-27.07,103.21,0,0,0,0
8733,0,0,0.35,-27.03,102.21,0,0,0,0
8734,0,0,0.3,-27,101.21,0,0,0,0
8735,0,0,0.25,-26.97,100.22,0,0,0,0
8736,0,0,0.2,-26.93,99.22,0,0,0,0
8737,0,0,0.15,-26.9,98.22,0,0,0,0
8738,0,0,0.1,-26.87,97.22,0,0,0,0
8739,0,0,0.05,-26.84,96.22,0,0,0,0
8740,0,0,0,-26.8,95.22,0,0,0,0
8741,0,0,-0.05,-26.77,94.23,0,0,0,0
8742,0,0,-0.1,-26.74,93.23,0,0,0,0
8743,0,0,-0.15,-26.7,92.23,0,0,0,0
8744,0,0,-0.2,-26.67,91.23,0,0,0,0
8745,0,0,-0.24,-26.64,90.23,0,0,0,0
8746,0,0,-0.25,-26.7,89.23,0,0,0,0
8747,0,0,-0.25,-26.45,88.27,0,0,0,0
8748,0,0,-0.25,-25.7,87.61,0,0,0,0
8749,0,0,-0.25,-24.72,87.39,0,0,0,0
8750,0,0,-0.26,-23.72,87.43,0,0,0,0
8751,0,0,-0.26,-22.74,87.61,0,0,0,0
8752,0,0,-0.25,-21.74,87.63,0,0,0,0
8753,0,0,-0.24,-20.74,87.65,0,0,0,0
8754,0,0,-0.23,-19.74,87.67,0,0,0,0
8755,0,0,-0.22,-18.74,87.69,0,0,0,0
8756,0,0,-0.21,-17.74,87.71,0,0,0,0
8757,0,0,-0.2,-16.74,87.73,0,0,0,0
8758,0,0,-0.19,-15.74,87.75,0,0,0,0
8759,0,0,-0.18,-14.74,87.77,0,0,0,0
8760,0,0,-0.18,-13.74,87.79,0,0,0,0
8761,0,0,-0.17,-12.74,87.81,0,0,0,0
8762,0,0,-0.16,-11.74,87.83,0,0,0,0
8763,0,0,-0.15,-10.74,87.85,0,0,0,0
8764,0,0,-0.14,-9.74,87.87,0,0,0,0
8765,0,0,-0.13,-8.74,87.89,0,0,0,0
8766,0,0,-0.12,-7.74,87.91,0,0,0,0
8767,0,0,-0.11,-6.74,87.93,0,0,0,0
8768,0,0,-0.1,-5.74,87.95,0,0,0,0
8769,0,0,-0.09,-4.74,87.97,0,0,0,0
8770,0,0,-0.08,-3.74,87.99,0,0,0,0
8771,0,0,-0.08,-2.74,88.01,0,0,0,0
8772,0,0,-0.07,-1.74,88.03,0,0,0,0
8773,0,0,-0.06,-0.74,88.05,0,0,0,0
8774,0,0,-0.05,0.26,88.08,0,0,0,0
8775,0,0,-0.04,1.26,88.1,0,0,0,0
8776,0,0,-0.03,2.26,88.12,0,0,0,0
8777,0,0,-0.02,3.26,88.14,0,0,0,0
8778,0,0,-0.01,4.25,88.16,0,0,0,0
8779,0,0,0,5.25,88.18,0,0,0,0
8780,0,0,0.01,6.25,88.2,0,0,0,0
8781,0,0,0.02,7.25,88.22,0,0,0,0
8782,0,0,0.02,8.25,88.24,0,0,0,0
8783,0,0,0.03,9.25,88.26,0,0,0,0
8784,0,0,0.05,9.75,89.12,0,0,0,0
8785,0,0,0.06,9.81,90.12,0,0,0,0
8786,0,0,0.07,9.86,91.12,0,0,0,0
8787,0,0,0.08,9.92,92.12,0,0,0,0
8788,0,0,0.09,9.97,93.12,0,0,0,0
8789,0,0,0.1,10.03,94.12,0,0,0,0
8790,0,0,0.11,10.08,95.11,0,0,0,0
8791,0,0,0.12,10.14,96.11,0,0,0,0
8792,0,0,0.13,10.19,97.11,0,0,0,0
8793,0,0,0.14,10.25,98.11,0,0,0,0
8794,0,0,0.15,10.3,99.11,0,0,0,0
8795,0,0,0.16,10.36,100.11,0,0,0,0
8796,0,0,0.17,10.41,101.1,0,0,0,0
8797,0,0,0.18,10.47,102.1,0,0,0,0
8798,0,0,0.19,10.53,103.1,0,0,0,0
8799,0,0,0.2,10.58,104.1,0,0,0,0
8800,0,0,0.21,10.64,105.1,0,0,0,0
8801,0,0,0.22,10.69,106.1,0,0,0,0
8802,0,0,0.23,10.75,107.1,0,0,0,0
8803,0,0,0.24,10.8,108.09,0,0,0,0
8804,0,0,0.25,10.86,109.09,0,0,0,0
8805,0,0,0.26,10.91,110.09,0,0,0,0
8806,0,0,0.27,10.97,111.09,0,0,0,0
8807,0,0,0.28,11.02,112.09,0,0,0,0
8808,0,0,0.29,11.08,113.09,0,0,0,0
8809,0,0,0.35,11.03,114.08,0,0,0,0
8810,0,0,0.42,10.99,115.08,0,0,0,0
8811,0,0,0.48,10.95,116.08,0,0,0,0
8812,0,0,0.55,10.91,117.07,0,0,0,0
8813,0,0,0.61,10.87,118.07,0,0,0,0
8814,0,0,0.68,10.82,119.07,0,0,0,0
8815,0,0,0.74,10.78,120.06,0,0,0,0
8816,0,0,0.81,10.74,121.06,0,0,0,0
8817,0,0,0.87,10.7,122.06,0,0,0,0
8818,0,0,0.94,10.66,123.06,0,0,0,0
8819,0,0,1,10.61,124.05,0,0,0,0
8820,0,0,1.07,10.57,125.05,0,0,0,0
8821,0,0,1.13,10.53,126.05,0,0,0,0
8822,0,0,1.2,10.49,127.04,0,0,0,0
8823,0,0,1.26,10.45,128.04,0,0,0,0
8824,0,0,1.33,10.4,129.04,0,0,0,0
8825,0,0,1.39,10.36,130.04,0,0,0,0
8826,0,0,1.46,10.32,131.03,0,0,0,0
8827,0,0,1.52,10.28,132.03,0,0,0,0
8828,0,0,1.59,10.24,133.03,0,0,0,0
8829,0,0,1.65,10.19,134.02,0,0,0,0
8830,0,0,1.72,10.15,135.02,0,0,0,0
8831,0,0,1.78,10.11,136.02,0,0,0,0
8832,0,0,1.84,10.07,137.01,0,0,0,0
8833,0,0,1.91,10.03,138.01,0,0,0,0
8834,0,0,1.97,9.98,139.01,0,0,0,0
8835,0,0,2.04,9.94,140.01,0,0,0,0
8836,0,0,2.1,9.9,141,0,0,0,0
8837,0,0,2.17,9.86,142,0,0,0,0
8838,0,0,2.23,9.82,143,0,0,0,0
8839,0,0,2.3,9.77,143.99,0,0,0,0
8840,0,0,2.36,9.73,144.99,0,0,0,0
8841,0,0,2.43,9.69,145.99,0,0,0,0
8842,0,0,2.49,9.65,146.98,0,0,0,0
8843,0,0,2.56,9.61,147.98,0,0,0,0
8844,0,0,2.62,9.56,148.98,0,0,0,0
8845,0,0,2.69,9.52,149.98,0,0,0,0
8846,0,0,2.75,9.48,150.97,0,0,0,0
8847,0,0,2.82,9.44,151.97,0,0,0,0
8848,0,0,2.88,9.4,152.97,0,0,0,0
8849,0,0,2.95,9.35,153.96,0,0,0,0
8850,0,0,3.01,9.31,154.96,0,0,0,0
8851,0,0,3.08,9.27,155.96,0,0,0,0
8852,0,0,3.14,9.23,156.95,0,0,0,0
8853,0,0,3.21,9.19,157.95,0,0,0,0
8854,0,0,3.27,9.14,158.95,0,0,0,0
8855,0,0,3.34,9.1,159.95,0,0,0,0
8856,0,0,3.4,9.06,160.94,0,0,0,0
8857,0,0,3.47,9.02,161.94,0,0,0,0
8858,0,0,3.53,8.98,162.94,0,0,0,0
8859,0,0,3.59,8.93,163.93,0,0,0,0
8860,0,0,3.66,8.89,164.93,0,0,0,0
8861,0,0,3.72,8.85,165.93,0,0,0,0
8862,0,0,3.79,8.81,166.92,0,0,0,0
8863,0,0,3.85,8.77,167.92,0,0,0,0
8864,0,0,3.89,8.69,168.7,0,0,0,0
8865,0,0,6.59,74.2,-91.52,0,0,0,0
8866,0,0,6.66,74.23,-92.52,0,0,0,0
8867,0,0,6.73,74.26,-93.52,0,0,0,0
8868,0,0,6.8,74.29,-94.51,0,0,0,0
8869,0,0,6.87,74.32,-95.51,0,0,0,0
8870,0,0,6.94,74.34,-96.51,0,0,0,0
8871,0,0,7.01,74.37,-97.5,0,0,0,0
8872,0,0,7.08,74.4,-98.5,0,0,0,0
8873,0,0,7.15,74.43,-99.5,0,0,0,0
8874,0,0,7.22,74.46,-100.5,0,0,0,0
8875,0,0,7.29,74.49,-101.49,0,0,0,0
8876,0,0,7.36,74.52,-102.49,0,0,0,0
8877,0,0,7.43,74.55,-103.49,0,0,0,0
8878,0,0,7.5,74.58,-104.48,0,0,0,0
8879,0,0,7.57,74.61,-105.48,0,0,0,0
8880,0,0,7.64,74.63,-106.48,0,0,0,0
8881,0,0,7.71,74.66,-107.48,0,0,0,0
8882,0,0,7.78,74.69,-108.47,0,0,0,0
8883,0,0,7.85,74.72,-109.47,0,0,0,0
8884,0,0,7.92,74.75,-110.47,0,0,0,0
8885,0,0,7.99,74.78,-111.46,0,0,0,0
8886,0,0,8.06,74.81,-112.46,0,0,0,0
8887,0,0,8.13,74.84,-113.46,0,0,0,0
8888,0,0,8.2,74.87,-114.46,0,0,0,0
8889,0,0,8.28,74.89,-115.45,0,0,0,0
8890,0,0,8.51,74.93,-116.42,0,0,0,0
8891,0,0,8.57,74.94,-116.66,0,0,0,0
8892,0,0,6.76,80.63,-89.91,0,0,0,0
8893,0,0,6.82,80.66,-90.91,0,0,0,0
8894,0,0,6.88,80.7,-91.91,0,0,0,0
8895,0,0,6.94,80.73,-92.9,0,0,0,0
8896,0,0,7,80.77,-93.9,0,0,0,0
8897,0,0,7.06,80.8,-94.9,0,0,0,0
8898,0,0,7.12,80.83,-95.9,0,0,0,0
8899,0,0,7.18,80.87,-96.89,0,0,0,0
8900,0,0,7.25,80.9,-97.89,0,0,0,0
8901,0,0,7.31,80.94,-98.89,0,0,0,0
8902,0,0,7.35,81.94,-98.85,0,0,0,0
8903,0,0,7.39,82.94,-98.8,0,0,0,0
8904,0,0,7.52,83.19,-99.77,0,0,0,0
8905,0,0,7.61,83.43,-100.73,0,0,0,0
8906,0,0,7.7,83.64,-101.7,0,0,0,0
8907,0,0,7.79,83.82,-102.68,0,0,0,0
8908,0,0,7.87,83.95,-103.67,0,0,0,0
8909,0,0,7.95,84.01,-104.67,0,0,0,0
8910,0,0,8.04,83.99,-105.66,0,0,0,0
8911,0,0,8.12,83.85,-106.65,0,0,0,0
8912,0,0,8.21,83.52,-107.59,0,0,0,0
8913,0,0,8.3,82.95,-108.41,0,0,0,0
8914,0,0,8.38,82.15,-108.99,0,0,0,0
8915,0,0,8.41,81.66,-109.17,0,0,0,0
8916,0,0,8.48,82.66,-109.2,0,0,0,0
8917,0,0,8.55,83.65,-109.24,0,0,0,0
8918,0,0,8.58,84.09,-109.25,0,0,0,0
8919,0,0,8.7,84.75,-109.24,0,0,0,0
8920,0,0,8.49,81.56,-111.94,0,0,0,0
8921,0,0,8.77,82.52,-111.88,0,0,0,0
8922,0,0,9.05,83.47,-111.82,0,0,0,0
8923,0,0,9.34,84.43,-111.76,0,0,0,0
8924,0,0,9.38,84.56,-111.75,0,0,0,0
8925,0,0,-0.38,15.64,88.22,0,0,0,0
8926,0,0,-0.33,15.61,89.21,0,0,0,0
8927,0,0,-0.28,15.58,90.21,0,0,0,0
8928,0,0,-0.22,15.55,91.21,0,0,0,0
8929,0,0,-0.17,15.52,92.21,0,0,0,0
8930,0,0,-0.12,15.49,93.21,0,0,0,0
8931,0,0,-0.07,15.46,94.21,0,0,0,0
8932,0,0,-0.02,15.43,95.2,0,0,0,0
8933,0,0,0.04,15.39,96.2,0,0,0,0
8934,0,0,0.09,15.36,97.2,0,0,0,0
8935,0,0,0.14,15.33,98.2,0,0,0,0
8936,0,0,0.19,15.3,99.2,0,0,0,0
8937,0,0,0.25,15.27,100.19,0,0,0,0
8938,0,0,0.3,15.24,101.19,0,0,0,0
8939,0,0,0.35,15.21,102.19,0,0,0,0
8940,0,0,0.4,15.18,103.19,0,0,0,0
8941,0,0,0.45,15.15,104.19,0,0,0,0
8942,0,0,0.51,15.12,105.19,0,0,0,0
8943,0,0,0.56,15.09,106.18,0,0,0,0
8944,0,0,0.61,15.06,107.18,0,0,0,0
8945,0,0,0.66,15.03,108.18,0,0,0,0
8946,0,0,0.71,15,109.18,0,0,0,0
8947,0,0,0.77,14.97,110.18,0,0,0,0
8948,0,0,0.82,14.93,111.17,0,0,0,0
8949,0,0,0.87,14.9,112.17,0,0,0,0
8950,0,0,0.92,14.87,113.17,0,0,0,0
8951,0,0,0.98,14.84,114.17,0,0,0,0
8952,0,0,1.03,14.81,115.17,0,0,0,0
8953,0,0,1.08,14.78,116.17,0,0,0,0
8954,0,0,1.13,14.75,117.16,0,0,0,0
8955,0,0,1.18,14.72,118.16,0,0,0,0
8956,0,0,1.24,14.69,119.16,0,0,0,0
8957,0,0,1.29,14.66,120.16,0,0,0,0
8958,0,0,1.34,14.63,121.16,0,0,0,0
8959,0,0,1.39,14.6,122.15,0,0,0,0
8960,0,0,1.44,14.57,123.15,0,0,0,0
8961,0,0,1.5,14.54,124.15,0,0,0,0
8962,0,0,1.55,14.5,125.15,0,0,0,0
8963,0,0,1.6,14.47,126.15,0,0,0,0
8964,0,0,1.65,14.44,127.15,0,0,0,0
8965,0,0,1.71,14.41,128.14,0,0,0,0
8966,0,0,1.76,14.38,129.14,0,0,0,0
8967,0,0,1.81,14.35,130.14,0,0,0,0
8968,0,0,1.86,14.32,131.14,0,0,0,0
8969,0,0,1.91,14.29,132.14,0,0,0,0
8970,0,0,1.97,14.26,133.13,0,0,0,0
8971,0,0,2.02,14.23,134.13,0,0,0,0
8972,0,0,2.07,14.2,135.13,0,0,0,0
8973,0,0,2.12,14.17,136.13,0,0,0,0
8974,0,0,2.18,14.14,137.13,0,0,0,0
8975,0,0,2.23,14.11,138.12,0,0,0,0
8976,0,0,2.28,14.08,139.12,0,0,0,0
8977,0,0,2.33,14.04,140.12,0,0,0,0
8978,0,0,2.38,14.01,141.12,0,0,0,0
8979,0,0,2.44,13.98,142.12,0,0,0,0
8980,0,0,2.49,13.95,143.12,0,0,0,0
8981,0,0,2.54,13.92,144.11,0,0,0,0
8982,0,0,2.59,13.89,145.11,0,0,0,0
8983,0,0,2.64,13.86,146.11,0,0,0,0
8984,0,0,2.7,13.83,147.11,0,0,0,0
8985,0,0,2.75,13.8,148.11,0,0,0,0
8986,0,0,2.8,13.77,149.1,0,0,0,0
8987,0,0,2.85,13.74,150.1,0,0,0,0
8988,0,0,2.91,13.71,151.1,0,0,0,0
8989,0,0,2.96,13.68,152.1,0,0,0,0
8990,0,0,3.01,13.65,153.1,0,0,0,0
8991,0,0,3.06,13.62,154.1,0,0,0,0
8992,0,0,3.11,13.58,155.09,0,0,0,0
8993,0,0,3.17,13.55,156.09,0,0,0,0
8994,0,0,3.22,13.52,157.09,0,0,0,0
8995,0,0,3.27,13.49,158.09,0,0,0,0
8996,0,0,3.32,13.46,159.09,0,0,0,0
8997,0,0,3.37,13.43,160.08,0,0,0,0
8998,0,0,3.43,13.4,161.08,0,0,0,0
8999,0,0,3.48,13.37,162.08,0,0,0,0
9000,0,0,3.53,13.34,163.08,0,0,0,0
9001,0,0,3.58,13.31,164.08,0,0,0,0
9002,0,0,3.64,13.28,165.08,0,0,0,0
9003,0,0,3.65,13.27,165.35,0,0,0,0
9004,0,0,3.68,13.21,166.35,0,0,0,0
9005,0,0,3.71,13.14,167.35,0,0,0,0
9006,0,0,3.74,13.08,168.35,0,0,0,0
9007,0,0,3.77,13.08,169.35,0,0,0,0
9008,0,0,3.81,13.16,170.34,0,0,0,0
9009,0,0,3.84,13.42,171.31,0,0,0,0
9010,0,0,3.87,14.03,172.1,0,0,0,0
9011,0,0,3.91,14.65,172.88,0,0,0,0
9012,0,0,3.95,15.26,173.67,0,0,0,0
9013,0,0,3.95,15.27,173.67,0,0,0,0
9014,0,0,3.98,15.9,174.45,0,0,0,0
9015,0,0,4.02,16.54,175.21,0,0,0,0
9016,0,0,4.06,17.21,175.96,0,0,0,0
9017,0,0,4.09,17.9,176.68,0,0,0,0
9018,0,0,4.13,18.63,177.36,0,0,0,0
9019,0,0,4.17,19.41,177.98,0,0,0,0
9020,0,0,4.18,20.39,178.18,0,0,0,0
9021,0,0,4.2,21.37,178.38,0,0,0,0
9022,0,0,4.22,22.35,178.59,0,0,0,0
9023,0,0,4.22,22.45,178.61,0,0,0,0
9024,0,0,4.22,23.45,178.63,0,0,0,0
9025,0,0,4.23,24.45,178.65,0,0,0,0
9026,0,0,4.23,25.45,178.68,0,0,0,0
9027,0,0,4.24,26.45,178.7,0,0,0,0
9028,0,0,4.24,27.45,178.72,0,0,0,0
9029,0,0,4.25,28.45,178.75,0,0,0,0
9030,0,0,4.26,29.45,178.77,0,0,0,0
9031,0,0,4.26,30.45,178.8,0,0,0,0
9032,0,0,4.27,31.45,178.82,0,0,0,0
9033,0,0,4.27,32.44,178.84,0,0,0,0
9034,0,0,4.28,33.44,178.87,0,0,0,0
9035,0,0,4.28,34.44,178.89,0,0,0,0
9036,0,0,4.29,35.44,178.92,0,0,0,0
9037,0,0,4.29,36.44,178.94,0,0,0,0
9038,0,0,4.3,37.44,178.96,0,0,0,0
9039,0,0,4.3,38.44,178.99,0,0,0,0
9040,0,0,4.31,39.44,179.01,0,0,0,0
9041,0,0,4.31,40.44,179.04,0,0,0,0
9042,0,0,4.32,41.44,179.06,0,0,0,0
9043,0,0,4.33,42.44,179.08,0,0,0,0
9044,0,0,4.33,43.44,179.11,0,0,0,0
9045,0,0,4.34,44.44,179.13,0,0,0,0
9046,0,0,4.34,45.44,179.16,0,0,0,0
9047,0,0,4.35,46.44,179.18,0,0,0,0
9048,0,0,4.35,47.44,179.2,0,0,0,0
9049,0,0,4.36,48.44,179.23,0,0,0,0
9050,0,0,4.36,49.44,179.25,0,0,0,0
9051,0,0,4.37,50.44,179.28,0,0,0,0
9052,0,0,4.37,51.44,179.3,0,0,0,0
9053,0,0,4.38,52.44,179.32,0,0,0,0
9054,0,0,4.38,53.44,179.35,0,0,0,0
9055,0,0,4.34,54.44,179.4,0,0,0,0
9056,0,0,4.27,55.4,179.16,0,0,0,0
9057,0,0,4.17,56.04,178.39,0,0,0,0
9058,0,0,4.09,56.32,177.44,0,0,0,0
9059,0,0,4.04,56.46,176.45,0,0,0,0
9060,0,0,3.99,56.6,175.46,0,0,0,0
9061,0,0,3.99,56.62,175.34,0,0,0,0
9062,0,0,3.9,56.81,174.36,0,0,0,0
9063,0,0,3.82,56.99,173.39,0,0,0,0
9064,0,0,3.73,57.18,172.41,0,0,0,0
9065,0,0,3.64,57.36,171.43,0,0,0,0
9066,0,0,3.56,57.54,170.45,0,0,0,0
9067,0,0,3.47,57.73,169.47,0,0,0,0
9068,0,0,3.38,57.91,168.49,0,0,0,0
9069,0,0,3.3,58.1,167.51,0,0,0,0
9070,0,0,3.21,58.28,166.53,0,0,0,0
9071,0,0,3.12,58.47,165.55,0,0,0,0
9072,0,0,3.99,56.62,175.34,0,0,0,0
9073,0,0,3.01,58.63,163.95,0,0,0,0
9074,0,0,2.96,58.67,162.95,0,0,0,0
9075,0,0,2.91,58.72,161.95,0,0,0,0
9076,0,0,2.86,58.77,160.95,0,0,0,0
9077,0,0,2.8,58.81,159.96,0,0,0,0
9078,0,0,2.75,58.86,158.96,0,0,0,0
9079,0,0,2.7,58.9,157.96,0,0,0,0
9080,0,0,2.64,58.95,156.96,0,0,0,0
9081,0,0,2.59,59,155.97,0,0,0,0
9082,0,0,2.54,59.04,154.97,0,0,0,0
9083,0,0,2.48,59.09,153.97,0,0,0,0
9084,0,0,2.43,59.13,152.97,0,0,0,0
9085,0,0,2.38,59.18,151.98,0,0,0,0
9086,0,0,2.32,59.22,150.98,0,0,0,0
9087,0,0,2.27,59.27,149.98,0,0,0,0
9088,0,0,2.22,59.32,148.98,0,0,0,0
9089,0,0,2.17,59.36,147.99,0,0,0,0
9090,0,0,2.11,59.41,146.99,0,0,0,0
9091,0,0,2.06,59.45,145.99,0,0,0,0
9092,0,0,2.01,59.5,144.99,0,0,0,0
9093,0,0,1.95,59.55,144,0,0,0,0
9094,0,0,1.91,59.58,143,0,0,0,0
9095,0,0,1.87,59.61,142,0,0,0,0
9096,0,0,1.83,59.64,141,0,0,0,0
9097,0,0,1.79,59.68,140,0,0,0,0
9098,0,0,1.75,59.71,139,0,0,0,0
9099,0,0,1.71,59.74,138,0,0,0,0
9100,0,0,1.67,59.77,137.01,0,0,0,0
9101,0,0,1.63,59.81,136.01,0,0,0,0
9102,0,0,1.59,59.84,135.01,0,0,0,0
9103,0,0,1.55,59.87,134.01,0,0,0,0
9104,0,0,1.51,59.9,133.01,0,0,0,0
9105,0,0,1.47,59.94,132.01,0,0,0,0
9106,0,0,1.43,59.97,131.01,0,0,0,0
9107,0,0,1.39,60,130.02,0,0,0,0
9108,0,0,1.35,60.03,129.02,0,0,0,0
9109,0,0,1.31,60.07,128.02,0,0,0,0
9110,0,0,1.27,60.1,127.02,0,0,0,0
9111,0,0,1.23,60.13,126.02,0,0,0,0
9112,0,0,1.19,60.16,125.02,0,0,0,0
9113,0,0,1.18,60.17,124.78,0,0,0,0
9114,0,0,1.17,60.17,123.78,0,0,0,0
9115,0,0,1.16,60.18,122.78,0,0,0,0
9116,0,0,1.15,60.18,121.78,0,0,0,0
9117,0,0,1.14,60.18,120.78,0,0,0,0
9118,0,0,1.12,60.19,119.78,0,0,0,0
9119,0,0,1.11,60.19,118.78,0,0,0,0
9120,0,0,1.1,60.19,117.78,0,0,0,0
9121,0,0,1.09,60.19,116.78,0,0,0,0
9122,0,0,1.08,60.2,115.78,0,0,0,0
9123,0,0,1.07,60.2,114.78,0,0,0,0
9124,0,0,1.06,60.2,113.78,0,0,0,0
9125,0,0,1.04,60.2,112.78,0,0,0,0
9126,0,0,1.03,60.21,111.78,0,0,0,0
9127,0,0,1.02,60.21,110.78,0,0,0,0
9128,0,0,1.01,60.21,109.78,0,0,0,0
9129,0,0,1,60.22,108.78,0,0,0,0
9130,0,0,0.99,60.22,107.78,0,0,0,0
9131,0,0,0.98,60.22,106.78,0,0,0,0
9132,0,0,0.97,60.22,105.78,0,0,0,0
9133,0,0,0.95,60.23,104.78,0,0,0,0
9134,0,0,0.94,60.23,103.78,0,0,0,0
9135,0,0,0.93,60.23,102.78,0,0,0,0
9136,0,0,0.92,60.23,101.78,0,0,0,0
9137,0,0,0.91,60.24,100.78,0,0,0,0
9138,0,0,1.18,60.17,124.78,0,0,0,0
9139,0,0,0.85,60.36,99.37,0,0,0,0
9140,0,0,0.8,60.48,98.37,0,0,0,0
9141,0,0,0.75,60.59,97.38,0,0,0,0
9142,0,0,0.7,60.65,96.39,0,0,0,0
9143,0,0,0.65,60.66,95.39,0,0,0,0
9144,0,0,0.59,60.59,94.39,0,0,0,0
9145,0,0,0.54,60.42,93.41,0,0,0,0
9146,0,0,0.48,60.09,92.46,0,0,0,0
9147,0,0,0.43,59.59,91.6,0,0,0,0
9148,0,0,0.38,58.91,90.87,0,0,0,0
9149,0,0,0.34,58,90.46,0,0,0,0
9150,0,0,0.31,57.05,90.14,0,0,0,0
9151,0,0,0.28,56.09,89.88,0,0,0,0
9152,0,0,0.25,55.11,89.67,0,0,0,0
9153,0,0,0.22,54.12,89.54,0,0,0,0
9154,0,0,0.21,53.89,89.53,0,0,0,0
9155,0,0,0.19,52.89,89.49,0,0,0,0
9156,0,0,0.18,51.89,89.46,0,0,0,0
9157,0,0,0.16,50.89,89.42,0,0,0,0
9158,0,0,0.14,49.89,89.38,0,0,0,0
9159,0,0,0.13,48.9,89.35,0,0,0,0
9160,0,0,0.11,47.9,89.31,0,0,0,0
9161,0,0,0.09,46.9,89.28,0,0,0,0
9162,0,0,0.08,45.9,89.24,0,0,0,0
9163,0,0,0.06,44.9,89.21,0,0,0,0
9164,0,0,0.04,43.9,89.17,0,0,0,0
9165,0,0,0.03,42.9,89.14,0,0,0,0
9166,0,0,0.01,41.9,89.1,0,0,0,0
9167,0,0,-0.01,40.9,89.06,0,0,0,0
9168,0,0,-0.02,39.9,89.03,0,0,0,0
9169,0,0,-0.04,38.9,88.99,0,0,0,0
9170,0,0,-0.05,37.9,88.96,0,0,0,0
9171,0,0,-0.07,36.9,88.92,0,0,0,0
9172,0,0,-0.09,35.91,88.89,0,0,0,0
9173,0,0,-0.1,34.91,88.85,0,0,0,0
9174,0,0,-0.12,33.91,88.81,0,0,0,0
9175,0,0,-0.14,32.91,88.78,0,0,0,0
9176,0,0,-0.15,31.91,88.74,0,0,0,0
9177,0,0,-0.17,30.91,88.71,0,0,0,0
9178,0,0,-0.19,29.91,88.67,0,0,0,0
9179,0,0,-0.2,28.91,88.64,0,0,0,0
9180,0,0,-0.22,27.91,88.6,0,0,0,0
9181,0,0,-0.24,26.91,88.56,0,0,0,0
9182,0,0,-0.25,25.91,88.53,0,0,0,0
9183,0,0,-0.27,24.91,88.49,0,0,0,0
9184,0,0,-0.29,23.91,88.46,0,0,0,0
9185,0,0,-0.3,22.92,88.42,0,0,0,0
9186,0,0,-0.32,21.92,88.39,0,0,0,0
9187,0,0,-0.34,20.92,88.35,0,0,0,0
9188,0,0,-0.35,19.92,88.31,0,0,0,0
9189,0,0,-0.37,18.92,88.28,0,0,0,0
9190,0,0,-0.38,17.92,88.24,0,0,0,0
9191,0,0,-0.4,16.92,88.21,0,0,0,0
9192,0,0,-0.43,15.93,88.31,0,0,0,0
9193,0,0,-0.44,15.69,88.33,0,0,0,0
9194,0,0,9.65,-126.82,-111.33,0,0,0,0
9195,0,0,9.58,-125.83,-111.3,0,0,0,0
9196,0,0,9.51,-124.83,-111.27,0,0,0,0
9197,0,0,9.44,-123.83,-111.24,0,0,0,0
9198,0,0,9.37,-122.83,-111.2,0,0,0,0
9199,0,0,9.3,-121.84,-111.17,0,0,0,0
9200,0,0,9.23,-120.84,-111.14,0,0,0,0
9201,0,0,9.16,-119.84,-111.11,0,0,0,0
9202,0,0,9.09,-118.85,-111.08,0,0,0,0
9203,0,0,9.02,-117.85,-111.05,0,0,0,0
9204,0,0,8.95,-116.85,-111.02,0,0,0,0
9205,0,0,8.88,-115.85,-110.99,0,0,0,0
9206,0,0,8.81,-114.86,-110.96,0,0,0,0
9207,0,0,8.75,-113.86,-110.92,0,0,0,0
9208,0,0,8.68,-112.86,-110.89,0,0,0,0
9209,0,0,8.61,-111.87,-110.86,0,0,0,0
9210,0,0,8.54,-110.87,-110.83,0,0,0,0
9211,0,0,8.47,-109.87,-110.8,0,0,0,0
9212,0,0,8.4,-108.88,-110.77,0,0,0,0
9213,0,0,8.33,-107.88,-110.74,0,0,0,0
9214,0,0,8.26,-106.88,-110.71,0,0,0,0
9215,0,0,8.19,-105.88,-110.68,0,0,0,0
9216,0,0,8.21,-104.89,-110.61,0,0,0,0
9217,0,0,8.25,-103.89,-110.62,0,0,0,0
9218,0,0,8.29,-102.89,-110.73,0,0,0,0
9219,0,0,8.33,-101.93,-111,0,0,0,0
9220,0,0,8.39,-101.05,-111.46,0,0,0,0
9221,0,0,8.45,-100.31,-112.14,0,0,0,0
9222,0,0,8.52,-99.77,-112.98,0,0,0,0
9223,0,0,8.58,-99.39,-113.9,0,0,0,0
9224,0,0,8.63,-99.12,-114.86,0,0,0,0
9225,0,0,8.68,-98.92,-115.84,0,0,0,0
9226,0,0,8.73,-98.77,-116.83,0,0,0,0
9227,0,0,8.77,-98.65,-117.82,0,0,0,0
9228,0,0,8.81,-98.54,-118.81,0,0,0,0
9229,0,0,8.84,-98.43,-119.8,0,0,0,0
9230,0,0,8.87,-98.31,-120.8,0,0,0,0
9231,0,0,8.9,-98.18,-121.79,0,0,0,0
9232,0,0,8.92,-98.04,-122.78,0,0,0,0
9233,0,0,8.93,-98,-123.02,0,0,0,0
9234,0,0,9.01,-97.94,-124.02,0,0,0,0
9235,0,0,9.1,-97.87,-125.01,0,0,0,0
9236,0,0,9.19,-97.8,-126.01,0,0,0,0
9237,0,0,9.27,-97.73,-127,0,0,0,0
9238,0,0,9.36,-97.67,-127.99,0,0,0,0
9239,0,0,9.45,-97.6,-128.99,0,0,0,0
9240,0,0,9.53,-97.53,-129.98,0,0,0,0
9241,0,0,9.62,-97.47,-130.98,0,0,0,0
9242,0,0,9.71,-97.4,-131.97,0,0,0,0
9243,0,0,9.79,-97.33,-132.96,0,0,0,0
9244,0,0,9.88,-97.26,-133.96,0,0,0,0
9245,0,0,9.97,-97.2,-134.95,0,0,0,0
9246,0,0,10.05,-97.13,-135.95,0,0,0,0
9247,0,0,10.14,-97.06,-136.94,0,0,0,0
9248,0,0,10.22,-97,-137.93,0,0,0,0
9249,0,0,10.31,-96.93,-138.93,0,0,0,0
9250,0,0,10.4,-96.86,-139.92,0,0,0,0
9251,0,0,10.48,-96.79,-140.92,0,0,0,0
9252,0,0,10.57,-96.73,-141.91,0,0,0,0
9253,0,0,10.66,-96.66,-142.9,0,0,0,0
9254,0,0,10.74,-96.59,-143.9,0,0,0,0
9255,0,0,10.83,-96.53,-144.89,0,0,0,0
9256,0,0,10.92,-96.46,-145.89,0,0,0,0
9257,0,0,11,-96.39,-146.88,0,0,0,0
9258,0,0,11.09,-96.33,-147.87,0,0,0,0
9259,0,0,11.18,-96.26,-148.87,0,0,0,0
9260,0,0,11.26,-96.19,-149.86,0,0,0,0
9261,0,0,11.35,-96.12,-150.86,0,0,0,0
9262,0,0,11.44,-96.06,-151.85,0,0,0,0
9263,0,0,11.52,-95.99,-152.84,0,0,0,0
9264,0,0,11.6,-96.14,-153.83,0,0,0,0
9265,0,0,11.71,-96.62,-154.7,0,0,0,0
9266,0,0,11.83,-97.39,-155.33,0,0,0,0
9267,0,0,11.95,-98.3,-155.72,0,0,0,0
9268,0,0,12.07,-99.27,-155.93,0,0,0,0
9269,0,0,12.17,-100.26,-156.02,0,0,0,0
9270,0,0,12.27,-101.26,-156.04,0,0,0,0
9271,0,0,12.35,-102.25,-156.01,0,0,0,0
9272,0,0,12.43,-103.25,-156.06,0,0,0,0
9273,0,0,12.51,-104.24,-156.11,0,0,0,0
9274,0,0,12.58,-105.24,-156.16,0,0,0,0
9275,0,0,12.66,-106.24,-156.22,0,0,0,0
9276,0,0,12.73,-107.23,-156.27,0,0,0,0
9277,0,0,12.81,-108.23,-156.32,0,0,0,0
9278,0,0,12.88,-109.22,-156.37,0,0,0,0
9279,0,0,12.96,-110.22,-156.42,0,0,0,0
9280,0,0,13.04,-111.21,-156.48,0,0,0,0
9281,0,0,13.11,-112.21,-156.53,0,0,0,0
9282,0,0,13.19,-113.21,-156.58,0,0,0,0
9283,0,0,13.26,-114.2,-156.63,0,0,0,0
9284,0,0,13.34,-115.2,-156.68,0,0,0,0
9285,0,0,13.41,-116.19,-156.74,0,0,0,0
9286,0,0,13.49,-117.19,-156.79,0,0,0,0
9287,0,0,13.57,-118.18,-156.84,0,0,0,0
9288,0,0,13.64,-119.18,-156.89,0,0,0,0
9289,0,0,13.72,-120.18,-156.94,0,0,0,0
9290,0,0,13.79,-121.17,-157,0,0,0,0
9291,0,0,13.87,-122.17,-157.05,0,0,0,0
9292,0,0,13.95,-123.16,-157.1,0,0,0,0
9293,0,0,14.02,-124.16,-157.15,0,0,0,0
9294,0,0,14.1,-125.15,-157.2,0,0,0,0
9295,0,0,14.17,-126.15,-157.26,0,0,0,0
9296,0,0,14.25,-127.15,-157.31,0,0,0,0
9297,0,0,14.32,-128.14,-157.36,0,0,0,0
9298,0,0,14.4,-129.14,-157.41,0,0,0,0
9299,0,0,14.48,-130.13,-157.46,0,0,0,0
9300,0,0,14.55,-131.13,-157.52,0,0,0,0
9301,0,0,14.63,-132.13,-157.57,0,0,0,0
9302,0,0,14.7,-133.12,-157.62,0,0,0,0
9303,0,0,14.78,-134.12,-157.67,0,0,0,0
9304,0,0,14.86,-135.11,-157.72,0,0,0,0
9305,0,0,14.93,-136.11,-157.78,0,0,0,0
9306,0,0,15.01,-137.1,-157.83,0,0,0,0
9307,0,0,15.08,-138.1,-157.88,0,0,0,0
9308,0,0,15.16,-139.1,-157.93,0,0,0,0
9309,0,0,15.23,-140.09,-157.98,0,0,0,0
9310,0,0,15.31,-141.09,-158.04,0,0,0,0
9311,0,0,15.39,-142.08,-158.09,0,0,0,0
9312,0,0,15.46,-143.08,-158.14,0,0,0,0
9313,0,0,15.54,-144.07,-158.19,0,0,0,0
9314,0,0,15.61,-145.07,-158.24,0,0,0,0
9315,0,0,15.69,-146.07,-158.3,0,0,0,0
9316,0,0,15.76,-147.06,-158.35,0,0,0,0
9317,0,0,15.84,-148.06,-158.4,0,0,0,0
9318,0,0,15.92,-149.05,-158.45,0,0,0,0
9319,0,0,15.99,-150.05,-158.5,0,0,0,0
9320,0,0,16.07,-151.04,-158.56,0,0,0,0
9321,0,0,16.14,-152.04,-158.61,0,0,0,0
9322,0,0,16.22,-153.04,-158.66,0,0,0,0
9323,0,0,16.3,-154.03,-158.71,0,0,0,0
9324,0,0,16.37,-155.03,-158.76,0,0,0,0
9325,0,0,16.45,-156.02,-158.82,0,0,0,0
9326,0,0,16.52,-157.02,-158.87,0,0,0,0
9327,0,0,16.6,-158.02,-158.92,0,0,0,0
9328,0,0,16.67,-159.01,-158.97,0,0,0,0
9329,0,0,16.75,-160.01,-159.02,0,0,0,0
9330,0,0,16.83,-161,-159.08,0,0,0,0
9331,0,0,16.9,-162,-159.13,0,0,0,0
9332,0,0,16.98,-162.99,-159.18,0,0,0,0
9333,0,0,16.94,-163.98,-159.36,0,0,0,0
9334,0,0,16.88,-164.97,-159.26,0,0,0,0
9335,0,0,16.81,-165.86,-158.81,0,0,0,0
9336,0,0,16.74,-166.53,-158.06,0,0,0,0
9337,0,0,16.67,-166.97,-157.17,0,0,0,0
9338,0,0,16.61,-167.29,-156.23,0,0,0,0
9339,0,0,16.55,-167.5,-155.25,0,0,0,0
9340,0,0,16.49,-167.65,-154.26,0,0,0,0
9341,0,0,16.43,-167.75,-153.27,0,0,0,0
9342,0,0,16.37,-167.82,-152.28,0,0,0,0
9343,0,0,16.31,-167.88,-151.28,0,0,0,0
9344,0,0,16.25,-167.95,-150.28,0,0,0,0
9345,0,0,16.18,-168.07,-149.29,0,0,0,0
9346,0,0,16.1,-168.13,-148.3,0,0,0,0
9347,0,0,16.02,-168.19,-147.3,0,0,0,0
9348,0,0,15.93,-168.25,-146.31,0,0,0,0
9349,0,0,15.85,-168.32,-145.31,0,0,0,0
9350,0,0,15.77,-168.38,-144.32,0,0,0,0
9351,0,0,15.69,-168.44,-143.32,0,0,0,0
9352,0,0,15.6,-168.5,-142.33,0,0,0,0
9353,0,0,15.52,-168.56,-141.33,0,0,0,0
9354,0,0,15.44,-168.62,-140.34,0,0,0,0
9355,0,0,15.36,-168.69,-139.35,0,0,0,0
9356,0,0,15.27,-168.75,-138.35,0,0,0,0
9357,0,0,15.19,-168.81,-137.36,0,0,0,0
9358,0,0,15.11,-168.87,-136.36,0,0,0,0
9359,0,0,15.03,-168.93,-135.37,0,0,0,0
9360,0,0,14.94,-169,-134.37,0,0,0,0
9361,0,0,14.86,-169.06,-133.38,0,0,0,0
9362,0,0,14.78,-169.12,-132.38,0,0,0,0
9363,0,0,14.7,-169.18,-131.39,0,0,0,0
9364,0,0,14.61,-169.24,-130.39,0,0,0,0
9365,0,0,14.53,-169.31,-129.4,0,0,0,0
9366,0,0,14.45,-169.37,-128.4,0,0,0,0
9367,0,0,14.37,-169.43,-127.41,0,0,0,0
9368,0,0,14.28,-169.49,-126.41,0,0,0,0
9369,0,0,14.2,-169.55,-125.42,0,0,0,0
9370,0,0,14.12,-169.61,-124.43,0,0,0,0
9371,0,0,14.04,-169.68,-123.43,0,0,0,0
9372,0,0,13.95,-169.74,-122.44,0,0,0,0
9373,0,0,13.87,-169.8,-121.44,0,0,0,0
9374,0,0,13.79,-169.86,-120.45,0,0,0,0
9375,0,0,13.71,-169.92,-119.45,0,0,0,0
9376,0,0,13.62,-169.96,-118.46,0,0,0,0
9377,0,0,13.5,-169.81,-117.47,0,0,0,0
9378,0,0,13.36,-169.42,-116.57,0,0,0,0
9379,0,0,13.22,-168.78,-115.81,0,0,0,0
9380,0,0,13.08,-167.98,-115.22,0,0,0,0
9381,0,0,12.97,-167.08,-114.8,0,0,0,0
9382,0,0,12.86,-166.14,-114.47,0,0,0,0
9383,0,0,12.77,-165.18,-114.23,0,0,0,0
9384,0,0,12.69,-164.2,-114.04,0,0,0,0
9385,0,0,12.62,-163.21,-113.9,0,0,0,0
9386,0,0,12.57,-162.22,-113.79,0,0,0,0
9387,0,0,12.51,-161.22,-113.7,0,0,0,0
9388,0,0,12.47,-160.23,-113.63,0,0,0,0
9389,0,0,12.38,-159.23,-113.56,0,0,0,0
9390,0,0,12.3,-158.24,-113.49,0,0,0,0
9391,0,0,12.22,-157.25,-113.43,0,0,0,0
9392,0,0,12.13,-156.25,-113.36,0,0,0,0
9393,0,0,12.05,-155.26,-113.29,0,0,0,0
9394,0,0,11.96,-154.26,-113.22,0,0,0,0
9395,0,0,11.88,-153.27,-113.15,0,0,0,0
9396,0,0,11.8,-152.28,-113.08,0,0,0,0
9397,0,0,11.71,-151.28,-113.01,0,0,0,0
9398,0,0,11.63,-150.29,-112.95,0,0,0,0
9399,0,0,11.55,-149.29,-112.88,0,0,0,0
9400,0,0,11.46,-148.3,-112.81,0,0,0,0
9401,0,0,11.38,-147.3,-112.74,0,0,0,0
9402,0,0,11.29,-146.31,-112.67,0,0,0,0
9403,0,0,11.21,-145.32,-112.6,0,0,0,0
9404,0,0,11.13,-144.32,-112.54,0,0,0,0
9405,0,0,11.04,-143.33,-112.47,0,0,0,0
9406,0,0,10.96,-142.33,-112.4,0,0,0,0
9407,0,0,10.87,-141.34,-112.33,0,0,0,0
9408,0,0,10.79,-140.35,-112.26,0,0,0,0
9409,0,0,10.71,-139.35,-112.19,0,0,0,0
9410,0,0,10.62,-138.36,-112.12,0,0,0,0
9411,0,0,10.54,-137.36,-112.06,0,0,0,0
9412,0,0,10.46,-136.37,-111.99,0,0,0,0
9413,0,0,10.37,-135.37,-111.92,0,0,0,0
9414,0,0,10.29,-134.38,-111.85,0,0,0,0
9415,0,0,10.2,-133.39,-111.78,0,0,0,0
9416,0,0,10.12,-132.39,-111.71,0,0,0,0
9417,0,0,10.04,-131.4,-111.64,0,0,0,0
9418,0,0,9.95,-130.4,-111.58,0,0,0,0
9419,0,0,9.87,-129.41,-111.51,0,0,0,0
9420,0,0,9.78,-128.42,-111.44,0,0,0,0
9421,0,0,9.7,-127.42,-111.37,0,0,0,0
9422,0,0,9.65,-126.82,-111.33,0,0,0,0
